[208月2026 18:49:06.753] [main/INFO] [cpw.mods.modlauncher.Launcher/MODLAUNCHER]: ModLauncher running: args [--launchTarget, forgeserver, --fml.forgeVersion, 47.4.13, --fml.mcVersion, 1.20.1, --fml.forgeGroup, net.minecraftforge, --fml.mcpVersion, 20230612.114412, nogui]
[208月2026 18:49:06.761] [main/INFO] [cpw.mods.modlauncher.Launcher/MODLAUNCHER]: ModLauncher 10.0.9+10.0.9+main.dcd20f30 starting: java version 17.0.10 by Oracle Corporation; OS Windows 11 arch amd64 version 10.0
[208月2026 18:49:06.806] [main/DEBUG] [cpw.mods.modlauncher.LaunchServiceHandler/MODLAUNCHER]: Found launch services [fmlclientdev,forgeclient,minecraft,forgegametestserverdev,fmlserveruserdev,fmlclient,fmldatauserdev,forgeserverdev,forgeserveruserdev,forgeclientdev,forgeclientuserdev,forgeserver,forgedatadev,fmlserver,fmlclientuserdev,fmlserverdev,forgedatauserdev,testharness,forgegametestserveruserdev]
[208月2026 18:49:06.831] [main/DEBUG] [cpw.mods.modlauncher.NameMappingServiceHandler/MODLAUNCHER]: Found naming services : [srgtomcp]
[208月2026 18:49:06.854] [main/DEBUG] [cpw.mods.modlauncher.LaunchPluginHandler/MODLAUNCHER]: Found launch plugins: [mixin,eventbus,slf4jfixer,object_holder_definalize,runtime_enum_extender,capability_token_subclass,accesstransformer,runtimedistcleaner]
[208月2026 18:49:06.870] [main/DEBUG] [cpw.mods.modlauncher.TransformationServicesHandler/MODLAUNCHER]: Discovering transformation services
[208月2026 18:49:06.876] [main/DEBUG] [net.minecraftforge.fml.loading.FMLPaths/CORE]: Path GAMEDIR is E:\program\JAVA\touhou little maid - unknow sky area\prod_server
[208月2026 18:49:06.876] [main/DEBUG] [net.minecraftforge.fml.loading.FMLPaths/CORE]: Path MODSDIR is E:\program\JAVA\touhou little maid - unknow sky area\prod_server\mods
[208月2026 18:49:06.876] [main/DEBUG] [net.minecraftforge.fml.loading.FMLPaths/CORE]: Path CONFIGDIR is E:\program\JAVA\touhou little maid - unknow sky area\prod_server\config
[208月2026 18:49:06.876] [main/DEBUG] [net.minecraftforge.fml.loading.FMLPaths/CORE]: Path FMLCONFIG is E:\program\JAVA\touhou little maid - unknow sky area\prod_server\config\fml.toml
[208月2026 18:49:07.439] [main/DEBUG] [cpw.mods.modlauncher.TransformationServicesHandler/MODLAUNCHER]: Found additional transformation services from discovery services: 
[208月2026 18:49:07.447] [main/INFO] [net.minecraftforge.fml.loading.ImmediateWindowHandler/]: ImmediateWindowProvider not loading because launch target is forgeserver
[208月2026 18:49:07.462] [main/DEBUG] [cpw.mods.modlauncher.TransformationServicesHandler/MODLAUNCHER]: Found transformer services : [mixin,fml]
[208月2026 18:49:07.462] [main/DEBUG] [cpw.mods.modlauncher.TransformationServicesHandler/MODLAUNCHER]: Transformation services loading
[208月2026 18:49:07.463] [main/DEBUG] [cpw.mods.modlauncher.TransformationServiceDecorator/MODLAUNCHER]: Loading service mixin
[208月2026 18:49:07.465] [main/DEBUG] [cpw.mods.modlauncher.TransformationServiceDecorator/MODLAUNCHER]: Loaded service mixin
[208月2026 18:49:07.465] [main/DEBUG] [cpw.mods.modlauncher.TransformationServiceDecorator/MODLAUNCHER]: Loading service fml
[208月2026 18:49:07.466] [main/DEBUG] [net.minecraftforge.fml.loading.LauncherVersion/CORE]: Found FMLLauncher version 1.0
[208月2026 18:49:07.466] [main/DEBUG] [net.minecraftforge.fml.loading.FMLLoader/CORE]: FML 1.0 loading
[208月2026 18:49:07.466] [main/DEBUG] [net.minecraftforge.fml.loading.FMLLoader/CORE]: FML found ModLauncher version : 10.0.9+10.0.9+main.dcd20f30
[208月2026 18:49:07.466] [main/DEBUG] [net.minecraftforge.fml.loading.FMLLoader/CORE]: Requesting CoreMods to not apply the fix for ASMAPI.findFirstInstructionBefore by default
[208月2026 18:49:07.467] [main/DEBUG] [net.minecraftforge.fml.loading.FMLLoader/CORE]: FML found AccessTransformer version : 8.0.4+66+master.c09db6d7
[208月2026 18:49:07.468] [main/DEBUG] [net.minecraftforge.fml.loading.FMLLoader/CORE]: FML found EventBus version : 6.0.5+6.0.5+master.eb8e549b
[208月2026 18:49:07.470] [main/DEBUG] [net.minecraftforge.fml.loading.FMLLoader/CORE]: Found Runtime Dist Cleaner
[208月2026 18:49:07.472] [main/DEBUG] [net.minecraftforge.coremod.CoreModEngine/]: CoreMods will preserve legacy behavior of ASMAPI.findFirstInstructionBefore for backwards-compatibility
[208月2026 18:49:07.473] [main/DEBUG] [net.minecraftforge.fml.loading.FMLLoader/CORE]: FML found CoreMod version : 5.2.4
[208月2026 18:49:07.473] [main/DEBUG] [net.minecraftforge.fml.loading.FMLLoader/CORE]: Found ForgeSPI package implementation version 7.0.1+7.0.1+master.d2b38bf6
[208月2026 18:49:07.473] [main/DEBUG] [net.minecraftforge.fml.loading.FMLLoader/CORE]: Found ForgeSPI package specification 5
[208月2026 18:49:07.474] [main/DEBUG] [cpw.mods.modlauncher.TransformationServiceDecorator/MODLAUNCHER]: Loaded service fml
[208月2026 18:49:07.476] [main/DEBUG] [cpw.mods.modlauncher.TransformationServicesHandler/MODLAUNCHER]: Configuring option handling for services
[208月2026 18:49:07.484] [main/DEBUG] [cpw.mods.modlauncher.TransformationServicesHandler/MODLAUNCHER]: Transformation services initializing
[208月2026 18:49:07.486] [main/DEBUG] [cpw.mods.modlauncher.TransformationServiceDecorator/MODLAUNCHER]: Initializing transformation service mixin
[208月2026 18:49:07.513] [main/DEBUG] [mixin/]: MixinService [ModLauncher] was successfully booted in cpw.mods.cl.ModuleClassLoader@543788f3
[208月2026 18:49:07.547] [main/INFO] [mixin/]: SpongePowered MIXIN Subsystem Version=0.8.5 Source=union:/E:/program/JAVA/touhou%20little%20maid%20-%20unknow%20sky%20area/prod_server/libraries/org/spongepowered/mixin/0.8.5/mixin-0.8.5.jar%2365!/ Service=ModLauncher Env=SERVER
[208月2026 18:49:07.554] [main/DEBUG] [mixin/]: Initialising Mixin Platform Manager
[208月2026 18:49:07.554] [main/DEBUG] [mixin/]: Adding mixin platform agents for container ModLauncher Root Container(ModLauncher:4f56a0a2)
[208月2026 18:49:07.555] [main/DEBUG] [mixin/]: Instancing new MixinPlatformAgentMinecraftForge for ModLauncher Root Container(ModLauncher:4f56a0a2)
[208月2026 18:49:07.555] [main/DEBUG] [mixin/]: MixinPlatformAgentMinecraftForge rejected container ModLauncher Root Container(ModLauncher:4f56a0a2)
[208月2026 18:49:07.556] [main/DEBUG] [mixin/]: Instancing new MixinPlatformAgentDefault for ModLauncher Root Container(ModLauncher:4f56a0a2)
[208月2026 18:49:07.557] [main/DEBUG] [mixin/]: MixinPlatformAgentDefault accepted container ModLauncher Root Container(ModLauncher:4f56a0a2)
[208月2026 18:49:07.561] [main/DEBUG] [cpw.mods.modlauncher.TransformationServiceDecorator/MODLAUNCHER]: Initialized transformation service mixin
[208月2026 18:49:07.561] [main/DEBUG] [cpw.mods.modlauncher.TransformationServiceDecorator/MODLAUNCHER]: Initializing transformation service fml
[208月2026 18:49:07.561] [main/DEBUG] [net.minecraftforge.fml.loading.FMLServiceProvider/CORE]: Setting up basic FML game directories
[208月2026 18:49:07.561] [main/DEBUG] [net.minecraftforge.fml.loading.FMLPaths/CORE]: Path GAMEDIR is E:\program\JAVA\touhou little maid - unknow sky area\prod_server
[208月2026 18:49:07.562] [main/DEBUG] [net.minecraftforge.fml.loading.FMLPaths/CORE]: Path MODSDIR is E:\program\JAVA\touhou little maid - unknow sky area\prod_server\mods
[208月2026 18:49:07.562] [main/DEBUG] [net.minecraftforge.fml.loading.FMLPaths/CORE]: Path CONFIGDIR is E:\program\JAVA\touhou little maid - unknow sky area\prod_server\config
[208月2026 18:49:07.562] [main/DEBUG] [net.minecraftforge.fml.loading.FMLPaths/CORE]: Path FMLCONFIG is E:\program\JAVA\touhou little maid - unknow sky area\prod_server\config\fml.toml
[208月2026 18:49:07.562] [main/DEBUG] [net.minecraftforge.fml.loading.FMLServiceProvider/CORE]: Loading configuration
[208月2026 18:49:07.565] [main/DEBUG] [net.minecraftforge.fml.loading.FMLServiceProvider/CORE]: Preparing ModFile
[208月2026 18:49:07.570] [main/DEBUG] [net.minecraftforge.fml.loading.FMLServiceProvider/CORE]: Preparing launch handler
[208月2026 18:49:07.571] [main/DEBUG] [net.minecraftforge.fml.loading.FMLLoader/CORE]: Using forgeserver as launch service
[208月2026 18:49:07.588] [main/DEBUG] [net.minecraftforge.fml.loading.FMLLoader/CORE]: Received command line version data  : VersionInfo[forgeVersion=47.4.13, mcVersion=1.20.1, mcpVersion=20230612.114412, forgeGroup=net.minecraftforge]
[208月2026 18:49:07.589] [main/DEBUG] [cpw.mods.modlauncher.TransformationServiceDecorator/MODLAUNCHER]: Initialized transformation service fml
[208月2026 18:49:07.590] [main/DEBUG] [cpw.mods.modlauncher.NameMappingServiceHandler/MODLAUNCHER]: Current naming domain is 'srg'
[208月2026 18:49:07.591] [main/DEBUG] [cpw.mods.modlauncher.NameMappingServiceHandler/MODLAUNCHER]: Identified name mapping providers {}
[208月2026 18:49:07.591] [main/DEBUG] [cpw.mods.modlauncher.TransformationServicesHandler/MODLAUNCHER]: Transformation services begin scanning
[208月2026 18:49:07.592] [main/DEBUG] [cpw.mods.modlauncher.TransformationServiceDecorator/MODLAUNCHER]: Beginning scan trigger - transformation service mixin
[208月2026 18:49:07.593] [main/DEBUG] [cpw.mods.modlauncher.TransformationServiceDecorator/MODLAUNCHER]: End scan trigger - transformation service mixin
[208月2026 18:49:07.593] [main/DEBUG] [cpw.mods.modlauncher.TransformationServiceDecorator/MODLAUNCHER]: Beginning scan trigger - transformation service fml
[208月2026 18:49:07.593] [main/DEBUG] [net.minecraftforge.fml.loading.FMLServiceProvider/CORE]: Initiating mod scan
[208月2026 18:49:07.608] [main/DEBUG] [net.minecraftforge.fml.loading.moddiscovery.ModListHandler/CORE]: Found mod coordinates from lists: []
[208月2026 18:49:07.613] [main/DEBUG] [net.minecraftforge.fml.loading.moddiscovery.ModDiscoverer/CORE]: Found Mod Locators : (mods folder:null),(maven libs:null),(exploded directory:null),(minecraft:null),(userdev classpath:null)
[208月2026 18:49:07.614] [main/DEBUG] [net.minecraftforge.fml.loading.moddiscovery.ModDiscoverer/CORE]: Found Dependency Locators : (JarInJar:null)
[208月2026 18:49:07.632] [main/DEBUG] [net.minecraftforge.fml.loading.moddiscovery.ModFileParser/LOADING]: Considering mod file candidate E:\program\JAVA\touhou little maid - unknow sky area\prod_server\mods\[史诗战斗] epic-fight-20.14.17-mc1.20.1-forge.jar
[208月2026 18:49:07.697] [main/DEBUG] [net.minecraftforge.fml.loading.moddiscovery.ModFileInfo/LOADING]: Found valid mod file [史诗战斗] epic-fight-20.14.17-mc1.20.1-forge.jar with {epicfight} mods - versions {20.14.17}
[208月2026 18:49:07.706] [main/DEBUG] [net.minecraftforge.fml.loading.moddiscovery.ModFileParser/LOADING]: Considering mod file candidate E:\program\JAVA\touhou little maid - unknow sky area\prod_server\mods\[史诗战斗：冲击之刃] Epicfight-ClashBlade-1.20.1-2.1.jar
[208月2026 18:49:07.707] [main/DEBUG] [net.minecraftforge.fml.loading.moddiscovery.ModFileInfo/LOADING]: Found valid mod file [史诗战斗：冲击之刃] Epicfight-ClashBlade-1.20.1-2.1.jar with {efclash_blade} mods - versions {2.1}
[208月2026 18:49:07.716] [main/DEBUG] [net.minecraftforge.fml.loading.moddiscovery.ModFileParser/LOADING]: Considering mod file candidate E:\program\JAVA\touhou little maid - unknow sky area\prod_server\mods\[史诗战斗：夜幕] EpicFight Nightfall-3.4.0.jar
[208月2026 18:49:07.718] [main/DEBUG] [net.minecraftforge.fml.loading.moddiscovery.ModFileInfo/LOADING]: Found valid mod file [史诗战斗：夜幕] EpicFight Nightfall-3.4.0.jar with {efn} mods - versions {3.4.0}
[208月2026 18:49:07.726] [main/DEBUG] [net.minecraftforge.fml.loading.moddiscovery.ModFileParser/LOADING]: Considering mod file candidate E:\program\JAVA\touhou little maid - unknow sky area\prod_server\mods\[史诗战斗：车万女仆] [史诗战斗：车万女仆]EpicFight_TouhouLittleMaid-1.20.1-1.3.2-all.jar
[208月2026 18:49:07.728] [main/DEBUG] [net.minecraftforge.fml.loading.moddiscovery.ModFileInfo/LOADING]: Found valid mod file [史诗战斗：车万女仆] [史诗战斗：车万女仆]EpicFight_TouhouLittleMaid-1.20.1-1.3.2-all.jar with {ef_tlm} mods - versions {1.3.2}
[208月2026 18:49:07.735] [main/DEBUG] [net.minecraftforge.fml.loading.moddiscovery.ModFileParser/LOADING]: Considering mod file candidate E:\program\JAVA\touhou little maid - unknow sky area\prod_server\mods\[奇迹武器] WeaponsOfMiracles-2.0.164-mc1.20.1-forge.jar
[208月2026 18:49:07.737] [main/DEBUG] [net.minecraftforge.fml.loading.moddiscovery.ModFileInfo/LOADING]: Found valid mod file [奇迹武器] WeaponsOfMiracles-2.0.164-mc1.20.1-forge.jar with {wom} mods - versions {2.0.164}
[208月2026 18:49:07.743] [main/DEBUG] [net.minecraftforge.fml.loading.moddiscovery.ModFileParser/LOADING]: Considering mod file candidate E:\program\JAVA\touhou little maid - unknow sky area\prod_server\mods\[无坚不摧] epic-fight-invincible-lib-20.14.8.2-mc1.20.1-forge.jar
[208月2026 18:49:07.746] [main/DEBUG] [net.minecraftforge.fml.loading.moddiscovery.ModFileInfo/LOADING]: Found valid mod file [无坚不摧] epic-fight-invincible-lib-20.14.8.2-mc1.20.1-forge.jar with {invincible} mods - versions {20.14.8.2}
[208月2026 18:49:07.755] [main/DEBUG] [net.minecraftforge.fml.loading.moddiscovery.ModFileParser/LOADING]: Considering mod file candidate E:\program\JAVA\touhou little maid - unknow sky area\prod_server\mods\[烦人的村民] AnnoyingVillagers-1.20.1-1.4.7.jar
[208月2026 18:49:07.756] [main/DEBUG] [net.minecraftforge.fml.loading.moddiscovery.ModFileInfo/LOADING]: Found valid mod file [烦人的村民] AnnoyingVillagers-1.20.1-1.4.7.jar with {annoyingvillagers} mods - versions {1.4.7}
[208月2026 18:49:07.764] [main/DEBUG] [net.minecraftforge.fml.loading.moddiscovery.ModFileParser/LOADING]: Considering mod file candidate E:\program\JAVA\touhou little maid - unknow sky area\prod_server\mods\[车万女仆] touhoulittlemaid-1.5.3-forge+mc1.20.1.jar
[208月2026 18:49:07.769] [main/DEBUG] [net.minecraftforge.fml.loading.moddiscovery.ModFileInfo/LOADING]: Found valid mod file [车万女仆] touhoulittlemaid-1.5.3-forge+mc1.20.1.jar with {touhou_little_maid} mods - versions {1.5.3-forge+mc1.20.1}
[208月2026 18:49:07.775] [main/DEBUG] [net.minecraftforge.fml.loading.moddiscovery.ModFileParser/LOADING]: Considering mod file candidate E:\program\JAVA\touhou little maid - unknow sky area\prod_server\mods\architectury-9.2.14-forge.jar
[208月2026 18:49:07.776] [main/DEBUG] [net.minecraftforge.fml.loading.moddiscovery.ModFileInfo/LOADING]: Found valid mod file architectury-9.2.14-forge.jar with {architectury} mods - versions {9.2.14}
[208月2026 18:49:07.781] [main/DEBUG] [net.minecraftforge.fml.loading.moddiscovery.ModFileParser/LOADING]: Considering mod file candidate E:\program\JAVA\touhou little maid - unknow sky area\prod_server\mods\CombatEvolution-2.1.10.jar
[208月2026 18:49:07.782] [main/DEBUG] [net.minecraftforge.fml.loading.moddiscovery.ModFileInfo/LOADING]: Found valid mod file CombatEvolution-2.1.10.jar with {combat_evolution} mods - versions {2.1.10}
[208月2026 18:49:07.788] [main/DEBUG] [net.minecraftforge.fml.loading.moddiscovery.ModFileParser/LOADING]: Considering mod file candidate E:\program\JAVA\touhou little maid - unknow sky area\prod_server\mods\eftlm_stylish-1.0.0.jar
[208月2026 18:49:07.788] [main/DEBUG] [net.minecraftforge.fml.loading.moddiscovery.ModFileInfo/LOADING]: Found valid mod file eftlm_stylish-1.0.0.jar with {eftlm_stylish} mods - versions {1.0.0}
[208月2026 18:49:07.793] [main/DEBUG] [net.minecraftforge.fml.loading.moddiscovery.ModFileParser/LOADING]: Considering mod file candidate E:\program\JAVA\touhou little maid - unknow sky area\prod_server\mods\epic_fight_avalon-20.12.6.4.jar
[208月2026 18:49:07.795] [main/DEBUG] [net.minecraftforge.fml.loading.moddiscovery.ModFileInfo/LOADING]: Found valid mod file epic_fight_avalon-20.12.6.4.jar with {epic_fight_avalon} mods - versions {20.12.6.4}
[208月2026 18:49:07.803] [main/DEBUG] [net.minecraftforge.fml.loading.moddiscovery.ModFileParser/LOADING]: Considering mod file candidate E:\program\JAVA\touhou little maid - unknow sky area\prod_server\mods\maid_weapon_refill-1.0.0.jar
[208月2026 18:49:07.804] [main/DEBUG] [net.minecraftforge.fml.loading.moddiscovery.ModFileInfo/LOADING]: Found valid mod file maid_weapon_refill-1.0.0.jar with {maid_weapon_refill} mods - versions {1.0.0}
[208月2026 18:49:07.811] [main/DEBUG] [net.minecraftforge.fml.loading.moddiscovery.ModFileParser/LOADING]: Considering mod file candidate E:\program\JAVA\touhou little maid - unknow sky area\prod_server\mods\PlayerMobs-1.20.1-4.1.0.37.jar
[208月2026 18:49:07.812] [main/DEBUG] [net.minecraftforge.fml.loading.moddiscovery.ModFileInfo/LOADING]: Found valid mod file PlayerMobs-1.20.1-4.1.0.37.jar with {player_mobs} mods - versions {4.1.0.37}
[208月2026 18:49:07.819] [main/DEBUG] [net.minecraftforge.fml.loading.moddiscovery.ModFileParser/LOADING]: Considering mod file candidate E:\program\JAVA\touhou little maid - unknow sky area\prod_server\mods\ywzj_vehicle-1.20.1-0.5.8.jar
[208月2026 18:49:07.819] [main/DEBUG] [net.minecraftforge.fml.loading.moddiscovery.ModFileInfo/LOADING]: Found valid mod file ywzj_vehicle-1.20.1-0.5.8.jar with {ywzj_vehicle} mods - versions {0.5.8}
[208月2026 18:49:07.926] [main/DEBUG] [net.minecraftforge.fml.loading.moddiscovery.ModFileInfo/LOADING]: Found valid mod file server-1.20.1-20230612.114412-srg.jar with {minecraft} mods - versions {1.20.1}
[208月2026 18:49:07.939] [main/DEBUG] [net.minecraftforge.fml.loading.moddiscovery.ModFileParser/LOADING]: Considering mod file candidate E:\program\JAVA\touhou little maid - unknow sky area\prod_server\libraries\net\minecraftforge\fmlcore\1.20.1-47.4.13\fmlcore-1.20.1-47.4.13.jar
[208月2026 18:49:07.939] [main/WARN] [net.minecraftforge.fml.loading.moddiscovery.ModFileParser/LOADING]: Mod file E:\program\JAVA\touhou little maid - unknow sky area\prod_server\libraries\net\minecraftforge\fmlcore\1.20.1-47.4.13\fmlcore-1.20.1-47.4.13.jar is missing mods.toml file
[208月2026 18:49:07.950] [main/DEBUG] [net.minecraftforge.fml.loading.moddiscovery.ModFileParser/LOADING]: Considering mod file candidate E:\program\JAVA\touhou little maid - unknow sky area\prod_server\libraries\net\minecraftforge\javafmllanguage\1.20.1-47.4.13\javafmllanguage-1.20.1-47.4.13.jar
[208月2026 18:49:07.950] [main/WARN] [net.minecraftforge.fml.loading.moddiscovery.ModFileParser/LOADING]: Mod file E:\program\JAVA\touhou little maid - unknow sky area\prod_server\libraries\net\minecraftforge\javafmllanguage\1.20.1-47.4.13\javafmllanguage-1.20.1-47.4.13.jar is missing mods.toml file
[208月2026 18:49:07.961] [main/DEBUG] [net.minecraftforge.fml.loading.moddiscovery.ModFileParser/LOADING]: Considering mod file candidate E:\program\JAVA\touhou little maid - unknow sky area\prod_server\libraries\net\minecraftforge\lowcodelanguage\1.20.1-47.4.13\lowcodelanguage-1.20.1-47.4.13.jar
[208月2026 18:49:07.962] [main/WARN] [net.minecraftforge.fml.loading.moddiscovery.ModFileParser/LOADING]: Mod file E:\program\JAVA\touhou little maid - unknow sky area\prod_server\libraries\net\minecraftforge\lowcodelanguage\1.20.1-47.4.13\lowcodelanguage-1.20.1-47.4.13.jar is missing mods.toml file
[208月2026 18:49:07.970] [main/DEBUG] [net.minecraftforge.fml.loading.moddiscovery.ModFileParser/LOADING]: Considering mod file candidate E:\program\JAVA\touhou little maid - unknow sky area\prod_server\libraries\net\minecraftforge\mclanguage\1.20.1-47.4.13\mclanguage-1.20.1-47.4.13.jar
[208月2026 18:49:07.971] [main/WARN] [net.minecraftforge.fml.loading.moddiscovery.ModFileParser/LOADING]: Mod file E:\program\JAVA\touhou little maid - unknow sky area\prod_server\libraries\net\minecraftforge\mclanguage\1.20.1-47.4.13\mclanguage-1.20.1-47.4.13.jar is missing mods.toml file
[208月2026 18:49:07.984] [main/DEBUG] [net.minecraftforge.fml.loading.moddiscovery.ModFileParser/LOADING]: Considering mod file candidate E:\program\JAVA\touhou little maid - unknow sky area\prod_server\libraries\net\minecraftforge\forge\1.20.1-47.4.13\forge-1.20.1-47.4.13-universal.jar
[208月2026 18:49:07.986] [main/DEBUG] [net.minecraftforge.fml.loading.moddiscovery.ModFileInfo/LOADING]: Found valid mod file forge-1.20.1-47.4.13-universal.jar with {forge} mods - versions {47.4.13}
[208月2026 18:49:08.000] [main/DEBUG] [net.minecraftforge.fml.loading.moddiscovery.AbstractJarFileDependencyLocator/]: Failed to load resource META-INF\jarjar\metadata.json from server-1.20.1-20230612.114412-srg.jar, it does not contain dependency information.
[208月2026 18:49:08.000] [main/DEBUG] [net.minecraftforge.fml.loading.moddiscovery.AbstractJarFileDependencyLocator/]: Failed to load resource META-INF\jarjar\metadata.json from [烦人的村民] AnnoyingVillagers-1.20.1-1.4.7.jar, it does not contain dependency information.
[208月2026 18:49:08.001] [main/DEBUG] [net.minecraftforge.fml.loading.moddiscovery.AbstractJarFileDependencyLocator/]: Failed to load resource META-INF\jarjar\metadata.json from [无坚不摧] epic-fight-invincible-lib-20.14.8.2-mc1.20.1-forge.jar, it does not contain dependency information.
[208月2026 18:49:08.001] [main/DEBUG] [net.minecraftforge.fml.loading.moddiscovery.AbstractJarFileDependencyLocator/]: Failed to load resource META-INF\jarjar\metadata.json from architectury-9.2.14-forge.jar, it does not contain dependency information.
[208月2026 18:49:08.002] [main/DEBUG] [net.minecraftforge.fml.loading.moddiscovery.AbstractJarFileDependencyLocator/]: Failed to load resource META-INF\jarjar\metadata.json from [史诗战斗：冲击之刃] Epicfight-ClashBlade-1.20.1-2.1.jar, it does not contain dependency information.
[208月2026 18:49:08.003] [main/DEBUG] [net.minecraftforge.fml.loading.moddiscovery.AbstractJarFileDependencyLocator/]: Failed to load resource META-INF\jarjar\metadata.json from [奇迹武器] WeaponsOfMiracles-2.0.164-mc1.20.1-forge.jar, it does not contain dependency information.
[208月2026 18:49:08.003] [main/DEBUG] [net.minecraftforge.fml.loading.moddiscovery.AbstractJarFileDependencyLocator/]: Failed to load resource META-INF\jarjar\metadata.json from CombatEvolution-2.1.10.jar, it does not contain dependency information.
[208月2026 18:49:08.003] [main/DEBUG] [net.minecraftforge.fml.loading.moddiscovery.AbstractJarFileDependencyLocator/]: Failed to load resource META-INF\jarjar\metadata.json from forge-1.20.1-47.4.13-universal.jar, it does not contain dependency information.
[208月2026 18:49:08.003] [main/DEBUG] [net.minecraftforge.fml.loading.moddiscovery.AbstractJarFileDependencyLocator/]: Failed to load resource META-INF\jarjar\metadata.json from maid_weapon_refill-1.0.0.jar, it does not contain dependency information.
[208月2026 18:49:08.003] [main/DEBUG] [net.minecraftforge.fml.loading.moddiscovery.AbstractJarFileDependencyLocator/]: Failed to load resource META-INF\jarjar\metadata.json from [车万女仆] touhoulittlemaid-1.5.3-forge+mc1.20.1.jar, it does not contain dependency information.
[208月2026 18:49:08.003] [main/DEBUG] [net.minecraftforge.fml.loading.moddiscovery.AbstractJarFileDependencyLocator/]: Failed to load resource META-INF\jarjar\metadata.json from epic_fight_avalon-20.12.6.4.jar, it does not contain dependency information.
[208月2026 18:49:08.003] [main/DEBUG] [net.minecraftforge.fml.loading.moddiscovery.AbstractJarFileDependencyLocator/]: Failed to load resource META-INF\jarjar\metadata.json from [史诗战斗] epic-fight-20.14.17-mc1.20.1-forge.jar, it does not contain dependency information.
[208月2026 18:49:08.003] [main/DEBUG] [net.minecraftforge.fml.loading.moddiscovery.AbstractJarFileDependencyLocator/]: Failed to load resource META-INF\jarjar\metadata.json from eftlm_stylish-1.0.0.jar, it does not contain dependency information.
[208月2026 18:49:08.003] [main/DEBUG] [net.minecraftforge.fml.loading.moddiscovery.AbstractJarFileDependencyLocator/]: Failed to load resource META-INF\jarjar\metadata.json from mclanguage-1.20.1-47.4.13.jar, it does not contain dependency information.
[208月2026 18:49:08.003] [main/DEBUG] [net.minecraftforge.fml.loading.moddiscovery.AbstractJarFileDependencyLocator/]: Failed to load resource META-INF\jarjar\metadata.json from javafmllanguage-1.20.1-47.4.13.jar, it does not contain dependency information.
[208月2026 18:49:08.003] [main/DEBUG] [net.minecraftforge.fml.loading.moddiscovery.AbstractJarFileDependencyLocator/]: Failed to load resource META-INF\jarjar\metadata.json from fmlcore-1.20.1-47.4.13.jar, it does not contain dependency information.
[208月2026 18:49:08.003] [main/DEBUG] [net.minecraftforge.fml.loading.moddiscovery.AbstractJarFileDependencyLocator/]: Failed to load resource META-INF\jarjar\metadata.json from lowcodelanguage-1.20.1-47.4.13.jar, it does not contain dependency information.
[208月2026 18:49:08.080] [main/DEBUG] [net.minecraftforge.fml.loading.moddiscovery.ModFileParser/LOADING]: Considering mod file candidate 
[208月2026 18:49:08.081] [main/DEBUG] [net.minecraftforge.fml.loading.moddiscovery.ModFileInfo/LOADING]: Found valid mod file geckolib-388172-7025129.jar with {geckolib} mods - versions {4.8.2}
[208月2026 18:49:08.086] [main/DEBUG] [net.minecraftforge.fml.loading.moddiscovery.ModFileParser/LOADING]: Considering mod file candidate 
[208月2026 18:49:08.087] [main/DEBUG] [net.minecraftforge.fml.loading.moddiscovery.ModFileInfo/LOADING]: Found valid mod file guhaos-vix-1531111-8258354.jar with {vix} mods - versions {1.0.9}
[208月2026 18:49:08.090] [main/DEBUG] [net.minecraftforge.fml.loading.moddiscovery.ModFileParser/LOADING]: Considering mod file candidate 
[208月2026 18:49:08.091] [main/DEBUG] [net.minecraftforge.fml.loading.moddiscovery.ModFileInfo/LOADING]: Found valid mod file mixinsquared-forge-0.2.0-beta.6.jar with {mixinsquared} mods - versions {0.2.0-beta.6}
[208月2026 18:49:08.093] [main/DEBUG] [net.minecraftforge.fml.loading.moddiscovery.ModFileParser/LOADING]: Considering mod file candidate 
[208月2026 18:49:08.094] [main/DEBUG] [net.minecraftforge.fml.loading.moddiscovery.ModFileInfo/LOADING]: Found valid mod file mixinextras-forge-0.4.1.jar with {mixinextras} mods - versions {0.4.1}
[208月2026 18:49:08.097] [main/DEBUG] [net.minecraftforge.fml.loading.moddiscovery.ModFileParser/LOADING]: Considering mod file candidate 
[208月2026 18:49:08.097] [main/DEBUG] [net.minecraftforge.fml.loading.moddiscovery.ModFileInfo/LOADING]: Found valid mod file YSM_GEO_Compat.jar with {ysm_geo_compat} mods - versions {1.0.0}
[208月2026 18:49:08.116] [main/DEBUG] [net.minecraftforge.fml.loading.moddiscovery.ModFileParser/LOADING]: Considering mod file candidate 
[208月2026 18:49:08.117] [main/DEBUG] [net.minecraftforge.fml.loading.moddiscovery.ModFileInfo/LOADING]: Found valid mod file simplebedrockmodel-2.5.1-forge-mc1.20.1.jar with {simplebedrockmodel} mods - versions {2.5.1-forge-mc1.20.1}
[208月2026 18:49:08.121] [main/DEBUG] [net.minecraftforge.fml.loading.moddiscovery.ModFileParser/LOADING]: Considering mod file candidate 
[208月2026 18:49:08.122] [main/DEBUG] [net.minecraftforge.fml.loading.moddiscovery.ModFileInfo/LOADING]: Found valid mod file mixinextras-forge-0.3.6.jar with {mixinextras} mods - versions {0.3.6}
[208月2026 18:49:08.159] [main/DEBUG] [net.minecraftforge.fml.loading.moddiscovery.ModFileParser/LOADING]: Considering mod file candidate 
[208月2026 18:49:08.159] [main/DEBUG] [net.minecraftforge.fml.loading.moddiscovery.ModFileInfo/LOADING]: Found valid mod file mixinsquared-forge-0.2.0-beta.6.jar with {mixinsquared} mods - versions {0.2.0-beta.6}
[208月2026 18:49:08.161] [main/DEBUG] [net.minecraftforge.fml.loading.moddiscovery.ModFileParser/LOADING]: Considering mod file candidate 
[208月2026 18:49:08.162] [main/DEBUG] [net.minecraftforge.fml.loading.moddiscovery.ModFileInfo/LOADING]: Found valid mod file mixinextras-forge-0.4.1.jar with {mixinextras} mods - versions {0.4.1}
[208月2026 18:49:08.173] [main/DEBUG] [net.minecraftforge.fml.loading.moddiscovery.AbstractJarFileDependencyLocator/]: Failed to load resource META-INF\jarjar\metadata.json from YSM_GEO_Compat.jar, it does not contain dependency information.
[208月2026 18:49:08.174] [main/DEBUG] [net.minecraftforge.fml.loading.moddiscovery.AbstractJarFileDependencyLocator/]: Failed to load resource META-INF\jarjar\metadata.json from Registrate-MC1.20-1.3.11.jar, it does not contain dependency information.
[208月2026 18:49:08.180] [main/DEBUG] [net.minecraftforge.fml.loading.moddiscovery.ModFileParser/LOADING]: Considering mod file candidate 
[208月2026 18:49:08.181] [main/DEBUG] [net.minecraftforge.fml.loading.moddiscovery.ModFileInfo/LOADING]: Found valid mod file mixinextras-forge-0.3.6.jar with {mixinextras} mods - versions {0.3.6}
[208月2026 18:49:08.186] [main/DEBUG] [net.minecraftforge.fml.loading.moddiscovery.AbstractJarFileDependencyLocator/]: Failed to load resource META-INF\jarjar\metadata.json from rhino-1.8.1.jar, it does not contain dependency information.
[208月2026 18:49:08.186] [main/DEBUG] [net.minecraftforge.fml.loading.moddiscovery.AbstractJarFileDependencyLocator/]: Failed to load resource META-INF\jarjar\metadata.json from mclib-20.jar, it does not contain dependency information.
[208月2026 18:49:08.194] [main/DEBUG] [net.minecraftforge.fml.loading.moddiscovery.AbstractJarFileDependencyLocator/]: Failed to load resource META-INF\jarjar\metadata.json from MixinSquared-0.2.0-beta.6.jar, it does not contain dependency information.
[208月2026 18:49:08.194] [main/DEBUG] [net.minecraftforge.fml.loading.moddiscovery.AbstractJarFileDependencyLocator/]: Failed to load resource META-INF\jarjar\metadata.json from MixinExtras-0.4.1.jar, it does not contain dependency information.
[208月2026 18:49:08.194] [main/DEBUG] [net.minecraftforge.fml.loading.moddiscovery.AbstractJarFileDependencyLocator/]: Failed to load resource META-INF\jarjar\metadata.json from mae-1.1.4.jar, it does not contain dependency information.
[208月2026 18:49:08.199] [main/DEBUG] [net.minecraftforge.fml.loading.moddiscovery.AbstractJarFileDependencyLocator/]: Failed to load resource META-INF\jarjar\metadata.json from MixinExtras-0.3.6.jar, it does not contain dependency information.
[208月2026 18:49:08.199] [main/DEBUG] [net.minecraftforge.fml.loading.moddiscovery.AbstractJarFileDependencyLocator/]: Failed to load resource META-INF\jarjar\metadata.json from MixinSquared-0.2.0-beta.6.jar, it does not contain dependency information.
[208月2026 18:49:08.199] [main/DEBUG] [net.minecraftforge.fml.loading.moddiscovery.AbstractJarFileDependencyLocator/]: Failed to load resource META-INF\jarjar\metadata.json from MixinExtras-0.4.1.jar, it does not contain dependency information.
[208月2026 18:49:08.199] [main/DEBUG] [net.minecraftforge.fml.loading.moddiscovery.AbstractJarFileDependencyLocator/]: Failed to load resource META-INF\jarjar\metadata.json from MixinExtras-0.3.6.jar, it does not contain dependency information.
[208月2026 18:49:08.255] [main/DEBUG] [net.minecraftforge.fml.loading.moddiscovery.ModFileParser/LOADING]: Considering mod file candidate 
[208月2026 18:49:08.256] [main/DEBUG] [net.minecraftforge.fml.loading.moddiscovery.ModFileInfo/LOADING]: Found valid mod file guhaos-vix-1531111-8258354.jar with {vix} mods - versions {1.0.9}
[208月2026 18:49:08.260] [main/DEBUG] [net.minecraftforge.fml.loading.moddiscovery.ModFileParser/LOADING]: Considering mod file candidate 
[208月2026 18:49:08.261] [main/DEBUG] [net.minecraftforge.fml.loading.moddiscovery.ModFileInfo/LOADING]: Found valid mod file YSM_GEO_Compat.jar with {ysm_geo_compat} mods - versions {1.0.0}
[208月2026 18:49:08.263] [main/DEBUG] [net.minecraftforge.fml.loading.moddiscovery.ModFileParser/LOADING]: Considering mod file candidate 
[208月2026 18:49:08.263] [main/DEBUG] [net.minecraftforge.fml.loading.moddiscovery.ModFileInfo/LOADING]: Found valid mod file mixinsquared-forge-0.2.0-beta.6.jar with {mixinsquared} mods - versions {0.2.0-beta.6}
[208月2026 18:49:08.274] [main/DEBUG] [net.minecraftforge.fml.loading.moddiscovery.ModFileParser/LOADING]: Considering mod file candidate 
[208月2026 18:49:08.275] [main/DEBUG] [net.minecraftforge.fml.loading.moddiscovery.ModFileInfo/LOADING]: Found valid mod file geckolib-388172-7025129.jar with {geckolib} mods - versions {4.8.2}
[208月2026 18:49:08.278] [main/DEBUG] [net.minecraftforge.fml.loading.moddiscovery.ModFileParser/LOADING]: Considering mod file candidate 
[208月2026 18:49:08.279] [main/DEBUG] [net.minecraftforge.fml.loading.moddiscovery.ModFileInfo/LOADING]: Found valid mod file mixinextras-forge-0.4.1.jar with {mixinextras} mods - versions {0.4.1}
[208月2026 18:49:08.305] [main/DEBUG] [net.minecraftforge.fml.loading.moddiscovery.ModFileParser/LOADING]: Considering mod file candidate 
[208月2026 18:49:08.306] [main/DEBUG] [net.minecraftforge.fml.loading.moddiscovery.ModFileInfo/LOADING]: Found valid mod file simplebedrockmodel-2.5.1-forge-mc1.20.1.jar with {simplebedrockmodel} mods - versions {2.5.1-forge-mc1.20.1}
[208月2026 18:49:08.310] [main/INFO] [net.minecraftforge.fml.loading.moddiscovery.JarInJarDependencyLocator/]: Found 12 dependencies adding them to mods collection
[208月2026 18:49:08.314] [main/DEBUG] [net.minecraftforge.fml.loading.moddiscovery.ModFileInfo/LOADING]: Found valid mod file server-1.20.1-20230612.114412-srg.jar with {minecraft} mods - versions {1.20.1}
[208月2026 18:49:08.318] [main/DEBUG] [net.minecraftforge.fml.loading.moddiscovery.ModFile/LOADING]: Loading mod file E:\program\JAVA\touhou little maid - unknow sky area\prod_server\libraries\net\minecraft\server\1.20.1-20230612.114412\server-1.20.1-20230612.114412-srg.jar with languages [LanguageSpec[languageName=minecraft, acceptedVersions=1]]
[208月2026 18:49:08.319] [main/DEBUG] [net.minecraftforge.fml.loading.moddiscovery.ModFileParser/LOADING]: Considering mod file candidate E:\program\JAVA\touhou little maid - unknow sky area\prod_server\mods\[无坚不摧] epic-fight-invincible-lib-20.14.8.2-mc1.20.1-forge.jar
[208月2026 18:49:08.321] [main/DEBUG] [net.minecraftforge.fml.loading.moddiscovery.ModFileInfo/LOADING]: Found valid mod file [无坚不摧] epic-fight-invincible-lib-20.14.8.2-mc1.20.1-forge.jar with {invincible} mods - versions {20.14.8.2}
[208月2026 18:49:08.322] [main/DEBUG] [net.minecraftforge.fml.loading.moddiscovery.ModFile/LOADING]: Loading mod file E:\program\JAVA\touhou little maid - unknow sky area\prod_server\mods\[无坚不摧] epic-fight-invincible-lib-20.14.8.2-mc1.20.1-forge.jar with languages [LanguageSpec[languageName=javafml, acceptedVersions=[47,)]]
[208月2026 18:49:08.322] [main/DEBUG] [net.minecraftforge.fml.loading.moddiscovery.ModFileParser/LOADING]: Considering mod file candidate 
[208月2026 18:49:08.323] [main/DEBUG] [net.minecraftforge.fml.loading.moddiscovery.ModFileInfo/LOADING]: Found valid mod file geckolib-388172-7025129.jar with {geckolib} mods - versions {4.8.2}
[208月2026 18:49:08.323] [main/DEBUG] [net.minecraftforge.fml.loading.moddiscovery.ModFile/LOADING]: Loading mod file  with languages [LanguageSpec[languageName=javafml, acceptedVersions=[47,)]]
[208月2026 18:49:08.323] [main/DEBUG] [net.minecraftforge.fml.loading.moddiscovery.ModFileParser/LOADING]: Considering mod file candidate 
[208月2026 18:49:08.324] [main/DEBUG] [net.minecraftforge.fml.loading.moddiscovery.ModFileInfo/LOADING]: Found valid mod file YSM_GEO_Compat.jar with {ysm_geo_compat} mods - versions {1.0.0}
[208月2026 18:49:08.325] [main/DEBUG] [net.minecraftforge.fml.loading.moddiscovery.ModFile/LOADING]: Loading mod file  with languages [LanguageSpec[languageName=javafml, acceptedVersions=[47,)]]
[208月2026 18:49:08.325] [main/DEBUG] [net.minecraftforge.fml.loading.moddiscovery.ModFileParser/LOADING]: Considering mod file candidate E:\program\JAVA\touhou little maid - unknow sky area\prod_server\mods\[奇迹武器] WeaponsOfMiracles-2.0.164-mc1.20.1-forge.jar
[208月2026 18:49:08.325] [main/DEBUG] [net.minecraftforge.fml.loading.moddiscovery.ModFileInfo/LOADING]: Found valid mod file [奇迹武器] WeaponsOfMiracles-2.0.164-mc1.20.1-forge.jar with {wom} mods - versions {2.0.164}
[208月2026 18:49:08.325] [main/DEBUG] [net.minecraftforge.fml.loading.moddiscovery.ModFile/LOADING]: Loading mod file E:\program\JAVA\touhou little maid - unknow sky area\prod_server\mods\[奇迹武器] WeaponsOfMiracles-2.0.164-mc1.20.1-forge.jar with languages [LanguageSpec[languageName=javafml, acceptedVersions=[47,)]]
[208月2026 18:49:08.326] [main/DEBUG] [net.minecraftforge.fml.loading.moddiscovery.ModFileParser/LOADING]: Considering mod file candidate E:\program\JAVA\touhou little maid - unknow sky area\prod_server\mods\CombatEvolution-2.1.10.jar
[208月2026 18:49:08.326] [main/DEBUG] [net.minecraftforge.fml.loading.moddiscovery.ModFileInfo/LOADING]: Found valid mod file CombatEvolution-2.1.10.jar with {combat_evolution} mods - versions {2.1.10}
[208月2026 18:49:08.326] [main/DEBUG] [net.minecraftforge.fml.loading.moddiscovery.ModFile/LOADING]: Loading mod file E:\program\JAVA\touhou little maid - unknow sky area\prod_server\mods\CombatEvolution-2.1.10.jar with languages [LanguageSpec[languageName=javafml, acceptedVersions=[47,)]]
[208月2026 18:49:08.326] [main/DEBUG] [net.minecraftforge.fml.loading.moddiscovery.ModFileParser/LOADING]: Considering mod file candidate E:\program\JAVA\touhou little maid - unknow sky area\prod_server\mods\maid_weapon_refill-1.0.0.jar
[208月2026 18:49:08.327] [main/DEBUG] [net.minecraftforge.fml.loading.moddiscovery.ModFileInfo/LOADING]: Found valid mod file maid_weapon_refill-1.0.0.jar with {maid_weapon_refill} mods - versions {1.0.0}
[208月2026 18:49:08.327] [main/DEBUG] [net.minecraftforge.fml.loading.moddiscovery.ModFile/LOADING]: Loading mod file E:\program\JAVA\touhou little maid - unknow sky area\prod_server\mods\maid_weapon_refill-1.0.0.jar with languages [LanguageSpec[languageName=javafml, acceptedVersions=[47,)]]
[208月2026 18:49:08.327] [main/DEBUG] [net.minecraftforge.fml.loading.moddiscovery.ModFileParser/LOADING]: Considering mod file candidate E:\program\JAVA\touhou little maid - unknow sky area\prod_server\mods\[车万女仆] touhoulittlemaid-1.5.3-forge+mc1.20.1.jar
[208月2026 18:49:08.328] [main/DEBUG] [net.minecraftforge.fml.loading.moddiscovery.ModFileInfo/LOADING]: Found valid mod file [车万女仆] touhoulittlemaid-1.5.3-forge+mc1.20.1.jar with {touhou_little_maid} mods - versions {1.5.3-forge+mc1.20.1}
[208月2026 18:49:08.328] [main/DEBUG] [net.minecraftforge.fml.loading.moddiscovery.ModFile/LOADING]: Loading mod file E:\program\JAVA\touhou little maid - unknow sky area\prod_server\mods\[车万女仆] touhoulittlemaid-1.5.3-forge+mc1.20.1.jar with languages [LanguageSpec[languageName=javafml, acceptedVersions=[46,)]]
[208月2026 18:49:08.328] [main/DEBUG] [net.minecraftforge.fml.loading.moddiscovery.ModFileParser/LOADING]: Considering mod file candidate 
[208月2026 18:49:08.330] [main/DEBUG] [net.minecraftforge.fml.loading.moddiscovery.ModFileInfo/LOADING]: Found valid mod file simplebedrockmodel-2.5.1-forge-mc1.20.1.jar with {simplebedrockmodel} mods - versions {2.5.1-forge-mc1.20.1}
[208月2026 18:49:08.330] [main/DEBUG] [net.minecraftforge.fml.loading.moddiscovery.ModFile/LOADING]: Loading mod file  with languages [LanguageSpec[languageName=javafml, acceptedVersions=[47,)]]
[208月2026 18:49:08.330] [main/DEBUG] [net.minecraftforge.fml.loading.moddiscovery.ModFileParser/LOADING]: Considering mod file candidate E:\program\JAVA\touhou little maid - unknow sky area\prod_server\mods\epic_fight_avalon-20.12.6.4.jar
[208月2026 18:49:08.331] [main/DEBUG] [net.minecraftforge.fml.loading.moddiscovery.ModFileInfo/LOADING]: Found valid mod file epic_fight_avalon-20.12.6.4.jar with {epic_fight_avalon} mods - versions {20.12.6.4}
[208月2026 18:49:08.331] [main/DEBUG] [net.minecraftforge.fml.loading.moddiscovery.ModFile/LOADING]: Loading mod file E:\program\JAVA\touhou little maid - unknow sky area\prod_server\mods\epic_fight_avalon-20.12.6.4.jar with languages [LanguageSpec[languageName=javafml, acceptedVersions=[47,)]]
[208月2026 18:49:08.331] [main/DEBUG] [net.minecraftforge.fml.loading.moddiscovery.ModFileParser/LOADING]: Considering mod file candidate E:\program\JAVA\touhou little maid - unknow sky area\prod_server\mods\[史诗战斗] epic-fight-20.14.17-mc1.20.1-forge.jar
[208月2026 18:49:08.332] [main/DEBUG] [net.minecraftforge.fml.loading.moddiscovery.ModFileInfo/LOADING]: Found valid mod file [史诗战斗] epic-fight-20.14.17-mc1.20.1-forge.jar with {epicfight} mods - versions {20.14.17}
[208月2026 18:49:08.332] [main/DEBUG] [net.minecraftforge.fml.loading.moddiscovery.ModFile/LOADING]: Loading mod file E:\program\JAVA\touhou little maid - unknow sky area\prod_server\mods\[史诗战斗] epic-fight-20.14.17-mc1.20.1-forge.jar with languages [LanguageSpec[languageName=javafml, acceptedVersions=[47,)]]
[208月2026 18:49:08.332] [main/DEBUG] [net.minecraftforge.fml.loading.moddiscovery.ModFileParser/LOADING]: Considering mod file candidate E:\program\JAVA\touhou little maid - unknow sky area\prod_server\mods\PlayerMobs-1.20.1-4.1.0.37.jar
[208月2026 18:49:08.333] [main/DEBUG] [net.minecraftforge.fml.loading.moddiscovery.ModFileInfo/LOADING]: Found valid mod file PlayerMobs-1.20.1-4.1.0.37.jar with {player_mobs} mods - versions {4.1.0.37}
[208月2026 18:49:08.333] [main/DEBUG] [net.minecraftforge.fml.loading.moddiscovery.ModFile/LOADING]: Loading mod file E:\program\JAVA\touhou little maid - unknow sky area\prod_server\mods\PlayerMobs-1.20.1-4.1.0.37.jar with languages [LanguageSpec[languageName=javafml, acceptedVersions=[46,)]]
[208月2026 18:49:08.333] [main/DEBUG] [net.minecraftforge.fml.loading.moddiscovery.ModFileParser/LOADING]: Considering mod file candidate 
[208月2026 18:49:08.334] [main/DEBUG] [net.minecraftforge.fml.loading.moddiscovery.ModFileInfo/LOADING]: Found valid mod file guhaos-vix-1531111-8258354.jar with {vix} mods - versions {1.0.9}
[208月2026 18:49:08.334] [main/DEBUG] [net.minecraftforge.fml.loading.moddiscovery.ModFile/LOADING]: Loading mod file  with languages [LanguageSpec[languageName=javafml, acceptedVersions=[47,)]]
[208月2026 18:49:08.335] [main/DEBUG] [net.minecraftforge.fml.loading.moddiscovery.ModFileParser/LOADING]: Considering mod file candidate E:\program\JAVA\touhou little maid - unknow sky area\prod_server\mods\[烦人的村民] AnnoyingVillagers-1.20.1-1.4.7.jar
[208月2026 18:49:08.335] [main/DEBUG] [net.minecraftforge.fml.loading.moddiscovery.ModFileInfo/LOADING]: Found valid mod file [烦人的村民] AnnoyingVillagers-1.20.1-1.4.7.jar with {annoyingvillagers} mods - versions {1.4.7}
[208月2026 18:49:08.335] [main/DEBUG] [net.minecraftforge.fml.loading.moddiscovery.ModFile/LOADING]: Loading mod file E:\program\JAVA\touhou little maid - unknow sky area\prod_server\mods\[烦人的村民] AnnoyingVillagers-1.20.1-1.4.7.jar with languages [LanguageSpec[languageName=javafml, acceptedVersions=[47,)]]
[208月2026 18:49:08.336] [main/DEBUG] [net.minecraftforge.fml.loading.moddiscovery.ModFileParser/LOADING]: Considering mod file candidate E:\program\JAVA\touhou little maid - unknow sky area\prod_server\mods\architectury-9.2.14-forge.jar
[208月2026 18:49:08.338] [main/DEBUG] [net.minecraftforge.fml.loading.moddiscovery.ModFileInfo/LOADING]: Found valid mod file architectury-9.2.14-forge.jar with {architectury} mods - versions {9.2.14}
[208月2026 18:49:08.338] [main/DEBUG] [net.minecraftforge.fml.loading.moddiscovery.ModFile/LOADING]: Loading mod file E:\program\JAVA\touhou little maid - unknow sky area\prod_server\mods\architectury-9.2.14-forge.jar with languages [LanguageSpec[languageName=javafml, acceptedVersions=[46,)]]
[208月2026 18:49:08.338] [main/DEBUG] [net.minecraftforge.fml.loading.moddiscovery.ModFileParser/LOADING]: Considering mod file candidate E:\program\JAVA\touhou little maid - unknow sky area\prod_server\mods\[史诗战斗：夜幕] EpicFight Nightfall-3.4.0.jar
[208月2026 18:49:08.339] [main/DEBUG] [net.minecraftforge.fml.loading.moddiscovery.ModFileInfo/LOADING]: Found valid mod file [史诗战斗：夜幕] EpicFight Nightfall-3.4.0.jar with {efn} mods - versions {3.4.0}
[208月2026 18:49:08.339] [main/DEBUG] [net.minecraftforge.fml.loading.moddiscovery.ModFile/LOADING]: Loading mod file E:\program\JAVA\touhou little maid - unknow sky area\prod_server\mods\[史诗战斗：夜幕] EpicFight Nightfall-3.4.0.jar with languages [LanguageSpec[languageName=javafml, acceptedVersions=[47,)]]
[208月2026 18:49:08.339] [main/DEBUG] [net.minecraftforge.fml.loading.moddiscovery.ModFileParser/LOADING]: Considering mod file candidate E:\program\JAVA\touhou little maid - unknow sky area\prod_server\mods\[史诗战斗：冲击之刃] Epicfight-ClashBlade-1.20.1-2.1.jar
[208月2026 18:49:08.339] [main/DEBUG] [net.minecraftforge.fml.loading.moddiscovery.ModFileInfo/LOADING]: Found valid mod file [史诗战斗：冲击之刃] Epicfight-ClashBlade-1.20.1-2.1.jar with {efclash_blade} mods - versions {2.1}
[208月2026 18:49:08.341] [main/DEBUG] [net.minecraftforge.fml.loading.moddiscovery.ModFile/LOADING]: Loading mod file E:\program\JAVA\touhou little maid - unknow sky area\prod_server\mods\[史诗战斗：冲击之刃] Epicfight-ClashBlade-1.20.1-2.1.jar with languages [LanguageSpec[languageName=javafml, acceptedVersions=[47,)]]
[208月2026 18:49:08.341] [main/DEBUG] [net.minecraftforge.fml.loading.moddiscovery.ModFileParser/LOADING]: Considering mod file candidate E:\program\JAVA\touhou little maid - unknow sky area\prod_server\mods\[史诗战斗：车万女仆] [史诗战斗：车万女仆]EpicFight_TouhouLittleMaid-1.20.1-1.3.2-all.jar
[208月2026 18:49:08.342] [main/DEBUG] [net.minecraftforge.fml.loading.moddiscovery.ModFileInfo/LOADING]: Found valid mod file [史诗战斗：车万女仆] [史诗战斗：车万女仆]EpicFight_TouhouLittleMaid-1.20.1-1.3.2-all.jar with {ef_tlm} mods - versions {1.3.2}
[208月2026 18:49:08.342] [main/DEBUG] [net.minecraftforge.fml.loading.moddiscovery.ModFile/LOADING]: Loading mod file E:\program\JAVA\touhou little maid - unknow sky area\prod_server\mods\[史诗战斗：车万女仆] [史诗战斗：车万女仆]EpicFight_TouhouLittleMaid-1.20.1-1.3.2-all.jar with languages [LanguageSpec[languageName=javafml, acceptedVersions=[47,)]]
[208月2026 18:49:08.342] [main/DEBUG] [net.minecraftforge.fml.loading.moddiscovery.ModFileParser/LOADING]: Considering mod file candidate E:\program\JAVA\touhou little maid - unknow sky area\prod_server\mods\ywzj_vehicle-1.20.1-0.5.8.jar
[208月2026 18:49:08.343] [main/DEBUG] [net.minecraftforge.fml.loading.moddiscovery.ModFileInfo/LOADING]: Found valid mod file ywzj_vehicle-1.20.1-0.5.8.jar with {ywzj_vehicle} mods - versions {0.5.8}
[208月2026 18:49:08.343] [main/DEBUG] [net.minecraftforge.fml.loading.moddiscovery.ModFile/LOADING]: Loading mod file E:\program\JAVA\touhou little maid - unknow sky area\prod_server\mods\ywzj_vehicle-1.20.1-0.5.8.jar with languages [LanguageSpec[languageName=javafml, acceptedVersions=[47,)]]
[208月2026 18:49:08.344] [main/DEBUG] [net.minecraftforge.fml.loading.moddiscovery.ModFileParser/LOADING]: Considering mod file candidate E:\program\JAVA\touhou little maid - unknow sky area\prod_server\libraries\net\minecraftforge\forge\1.20.1-47.4.13\forge-1.20.1-47.4.13-universal.jar
[208月2026 18:49:08.344] [main/DEBUG] [net.minecraftforge.fml.loading.moddiscovery.ModFileInfo/LOADING]: Found valid mod file forge-1.20.1-47.4.13-universal.jar with {forge} mods - versions {47.4.13}
[208月2026 18:49:08.345] [main/DEBUG] [net.minecraftforge.fml.loading.moddiscovery.ModFile/LOADING]: Loading mod file E:\program\JAVA\touhou little maid - unknow sky area\prod_server\libraries\net\minecraftforge\forge\1.20.1-47.4.13\forge-1.20.1-47.4.13-universal.jar with languages [LanguageSpec[languageName=javafml, acceptedVersions=[24,]]]
[208月2026 18:49:08.347] [main/DEBUG] [net.minecraftforge.fml.loading.moddiscovery.ModFileParser/LOADING]: Found coremod field_to_method with Javascript path coremods/field_to_method.js
[208月2026 18:49:08.347] [main/DEBUG] [net.minecraftforge.fml.loading.moddiscovery.ModFileParser/LOADING]: Found coremod field_to_instanceof with Javascript path coremods/field_to_instanceof.js
[208月2026 18:49:08.348] [main/DEBUG] [net.minecraftforge.fml.loading.moddiscovery.ModFileParser/LOADING]: Found coremod add_bouncer_method with Javascript path coremods/add_bouncer_method.js
[208月2026 18:49:08.348] [main/DEBUG] [net.minecraftforge.fml.loading.moddiscovery.ModFileParser/LOADING]: Found coremod method_redirector with Javascript path coremods/method_redirector.js
[208月2026 18:49:08.348] [main/DEBUG] [net.minecraftforge.fml.loading.moddiscovery.ModFile/LOADING]: Found coremod coremods/field_to_method.js
[208月2026 18:49:08.348] [main/DEBUG] [net.minecraftforge.fml.loading.moddiscovery.ModFile/LOADING]: Found coremod coremods/field_to_instanceof.js
[208月2026 18:49:08.348] [main/DEBUG] [net.minecraftforge.fml.loading.moddiscovery.ModFile/LOADING]: Found coremod coremods/add_bouncer_method.js
[208月2026 18:49:08.348] [main/DEBUG] [net.minecraftforge.fml.loading.moddiscovery.ModFile/LOADING]: Found coremod coremods/method_redirector.js
[208月2026 18:49:08.348] [main/DEBUG] [net.minecraftforge.fml.loading.moddiscovery.ModFileParser/LOADING]: Considering mod file candidate E:\program\JAVA\touhou little maid - unknow sky area\prod_server\mods\eftlm_stylish-1.0.0.jar
[208月2026 18:49:08.349] [main/DEBUG] [net.minecraftforge.fml.loading.moddiscovery.ModFileInfo/LOADING]: Found valid mod file eftlm_stylish-1.0.0.jar with {eftlm_stylish} mods - versions {1.0.0}
[208月2026 18:49:08.349] [main/DEBUG] [net.minecraftforge.fml.loading.moddiscovery.ModFile/LOADING]: Loading mod file E:\program\JAVA\touhou little maid - unknow sky area\prod_server\mods\eftlm_stylish-1.0.0.jar with languages [LanguageSpec[languageName=javafml, acceptedVersions=[47,)]]
[208月2026 18:49:08.350] [main/DEBUG] [net.minecraftforge.fml.loading.moddiscovery.ModFile/LOADING]: Loading mod file  with languages []
[208月2026 18:49:08.350] [main/DEBUG] [net.minecraftforge.fml.loading.moddiscovery.ModFileParser/LOADING]: Considering mod file candidate 
[208月2026 18:49:08.351] [main/DEBUG] [net.minecraftforge.fml.loading.moddiscovery.ModFileInfo/LOADING]: Found valid mod file mixinsquared-forge-0.2.0-beta.6.jar with {mixinsquared} mods - versions {0.2.0-beta.6}
[208月2026 18:49:08.351] [main/DEBUG] [net.minecraftforge.fml.loading.moddiscovery.ModFile/LOADING]: Loading mod file  with languages [LanguageSpec[languageName=javafml, acceptedVersions=*]]
[208月2026 18:49:08.352] [main/DEBUG] [net.minecraftforge.fml.loading.moddiscovery.ModFile/LOADING]: Loading mod file  with languages []
[208月2026 18:49:08.352] [main/DEBUG] [net.minecraftforge.fml.loading.moddiscovery.ModFile/LOADING]: Loading mod file  with languages []
[208月2026 18:49:08.352] [main/DEBUG] [net.minecraftforge.fml.loading.moddiscovery.ModFile/LOADING]: Loading mod file  with languages []
[208月2026 18:49:08.352] [main/DEBUG] [net.minecraftforge.fml.loading.moddiscovery.ModFile/LOADING]: Loading mod file  with languages []
[208月2026 18:49:08.352] [main/DEBUG] [net.minecraftforge.fml.loading.moddiscovery.ModFileParser/LOADING]: Considering mod file candidate 
[208月2026 18:49:08.353] [main/DEBUG] [net.minecraftforge.fml.loading.moddiscovery.ModFileInfo/LOADING]: Found valid mod file mixinextras-forge-0.4.1.jar with {mixinextras} mods - versions {0.4.1}
[208月2026 18:49:08.353] [main/DEBUG] [net.minecraftforge.fml.loading.moddiscovery.ModFile/LOADING]: Loading mod file  with languages [LanguageSpec[languageName=javafml, acceptedVersions=*]]
[208月2026 18:49:08.353] [main/DEBUG] [net.minecraftforge.fml.loading.moddiscovery.ModFile/LOADING]: Loading mod file  with languages []
[208月2026 18:49:08.354] [main/DEBUG] [net.minecraftforge.fml.loading.moddiscovery.ModFile/LOADING]: Loading mod file  with languages []
[208月2026 18:49:08.354] [main/DEBUG] [net.minecraftforge.fml.loading.moddiscovery.ModFileParser/LOADING]: Considering mod file candidate 
[208月2026 18:49:08.354] [main/DEBUG] [net.minecraftforge.fml.loading.moddiscovery.ModFileInfo/LOADING]: Found valid mod file mixinsquared-forge-0.2.0-beta.6.jar with {mixinsquared} mods - versions {0.2.0-beta.6}
[208月2026 18:49:08.356] [main/DEBUG] [net.minecraftforge.fml.loading.moddiscovery.ModFile/LOADING]: Loading mod file  with languages [LanguageSpec[languageName=javafml, acceptedVersions=*]]
[208月2026 18:49:08.356] [main/DEBUG] [net.minecraftforge.fml.loading.moddiscovery.ModFile/LOADING]: Loading mod file  with languages []
[208月2026 18:49:08.356] [main/DEBUG] [net.minecraftforge.fml.loading.moddiscovery.ModFile/LOADING]: Loading mod file  with languages []
[208月2026 18:49:08.356] [main/DEBUG] [net.minecraftforge.fml.loading.moddiscovery.ModFile/LOADING]: Loading mod file  with languages []
[208月2026 18:49:08.356] [main/DEBUG] [net.minecraftforge.fml.loading.moddiscovery.ModFile/LOADING]: Loading mod file  with languages []
[208月2026 18:49:08.356] [main/DEBUG] [net.minecraftforge.fml.loading.moddiscovery.ModFileParser/LOADING]: Considering mod file candidate 
[208月2026 18:49:08.356] [main/DEBUG] [net.minecraftforge.fml.loading.moddiscovery.ModFileInfo/LOADING]: Found valid mod file mixinextras-forge-0.4.1.jar with {mixinextras} mods - versions {0.4.1}
[208月2026 18:49:08.358] [main/DEBUG] [net.minecraftforge.fml.loading.moddiscovery.ModFile/LOADING]: Loading mod file  with languages [LanguageSpec[languageName=javafml, acceptedVersions=*]]
[208月2026 18:49:08.358] [main/DEBUG] [net.minecraftforge.fml.loading.moddiscovery.ModFile/LOADING]: Loading mod file  with languages []
[208月2026 18:49:08.358] [main/DEBUG] [cpw.mods.modlauncher.TransformationServiceDecorator/MODLAUNCHER]: End scan trigger - transformation service fml
[208月2026 18:49:08.370] [main/DEBUG] [net.minecraftforge.fml.loading.LanguageLoadingProvider/CORE]: Found 3 language providers
[208月2026 18:49:08.372] [main/DEBUG] [net.minecraftforge.fml.loading.LanguageLoadingProvider/CORE]: Found language provider minecraft, version 1.0
[208月2026 18:49:08.373] [main/DEBUG] [net.minecraftforge.fml.loading.LanguageLoadingProvider/CORE]: Found language provider lowcodefml, version 47
[208月2026 18:49:08.373] [main/DEBUG] [net.minecraftforge.fml.loading.LanguageLoadingProvider/CORE]: Found language provider javafml, version 47
[208月2026 18:49:08.378] [main/DEBUG] [net.minecraftforge.fml.loading.UniqueModListBuilder/]: Found 2 mods for first modid mclib, selecting most recent based on version data
[208月2026 18:49:08.380] [main/DEBUG] [net.minecraftforge.fml.loading.UniqueModListBuilder/]: Selected file mclib-20.jar for modid mclib with version 0.0NONE
[208月2026 18:49:08.380] [main/DEBUG] [net.minecraftforge.fml.loading.UniqueModListBuilder/]: Found 2 mods for first modid mixinsquared, selecting most recent based on version data
[208月2026 18:49:08.380] [main/DEBUG] [net.minecraftforge.fml.loading.UniqueModListBuilder/]: Selected file mixinsquared-forge-0.2.0-beta.6.jar for modid mixinsquared with version 0.2.0-beta.6
[208月2026 18:49:08.380] [main/DEBUG] [net.minecraftforge.fml.loading.UniqueModListBuilder/]: Found 2 mods for first modid mae, selecting most recent based on version data
[208月2026 18:49:08.380] [main/DEBUG] [net.minecraftforge.fml.loading.UniqueModListBuilder/]: Selected file mae-1.1.4.jar for modid mae with version 0.0NONE
[208月2026 18:49:08.380] [main/DEBUG] [net.minecraftforge.fml.loading.UniqueModListBuilder/]: Found 2 mods for first modid org.mozillaa.rhino, selecting most recent based on version data
[208月2026 18:49:08.380] [main/DEBUG] [net.minecraftforge.fml.loading.UniqueModListBuilder/]: Selected file rhino-1.8.1.jar for modid org.mozillaa.rhino with version 1.8.1-SNAPSHOT
[208月2026 18:49:08.380] [main/DEBUG] [net.minecraftforge.fml.loading.UniqueModListBuilder/]: Found 2 mods for first modid MixinSquared.beta._6, selecting most recent based on version data
[208月2026 18:49:08.380] [main/DEBUG] [net.minecraftforge.fml.loading.UniqueModListBuilder/]: Selected file MixinSquared-0.2.0-beta.6.jar for modid MixinSquared.beta._6 with version 0.0NONE
[208月2026 18:49:08.380] [main/DEBUG] [net.minecraftforge.fml.loading.UniqueModListBuilder/]: Found 2 mods for first modid Registrate.MC1._20, selecting most recent based on version data
[208月2026 18:49:08.381] [main/DEBUG] [net.minecraftforge.fml.loading.UniqueModListBuilder/]: Selected file Registrate-MC1.20-1.3.11.jar for modid Registrate.MC1._20 with version 0.0NONE
[208月2026 18:49:08.381] [main/DEBUG] [net.minecraftforge.fml.loading.UniqueModListBuilder/]: Found 2 mods for first modid mixinextras, selecting most recent based on version data
[208月2026 18:49:08.381] [main/DEBUG] [net.minecraftforge.fml.loading.UniqueModListBuilder/]: Selected file mixinextras-forge-0.4.1.jar for modid mixinextras with version 0.4.1
[208月2026 18:49:08.381] [main/DEBUG] [net.minecraftforge.fml.loading.UniqueModListBuilder/]: Found 2 mods for first modid MixinExtras, selecting most recent based on version data
[208月2026 18:49:08.381] [main/DEBUG] [net.minecraftforge.fml.loading.UniqueModListBuilder/]: Selected file MixinExtras-0.4.1.jar for modid MixinExtras with version 0.0NONE
[208月2026 18:49:08.386] [main/DEBUG] [net.minecraftforge.fml.loading.ModSorter/]: Configured system mods: [minecraft, forge]
[208月2026 18:49:08.386] [main/DEBUG] [net.minecraftforge.fml.loading.ModSorter/]: Found system mod: minecraft
[208月2026 18:49:08.386] [main/DEBUG] [net.minecraftforge.fml.loading.ModSorter/]: Found system mod: forge
[208月2026 18:49:08.389] [main/DEBUG] [net.minecraftforge.fml.loading.ModSorter/LOADING]: Found 66 mod requirements (57 mandatory, 9 optional)
[208月2026 18:49:08.390] [main/DEBUG] [net.minecraftforge.fml.loading.ModSorter/LOADING]: Found 0 mod requirements missing (0 mandatory, 0 optional)
[208月2026 18:49:08.966] [main/DEBUG] [cpw.mods.modlauncher.TransformationServicesHandler/MODLAUNCHER]: Transformation services loading transformers
[208月2026 18:49:08.968] [main/DEBUG] [cpw.mods.modlauncher.TransformationServiceDecorator/MODLAUNCHER]: Initializing transformers for transformation service mixin
[208月2026 18:49:08.970] [main/DEBUG] [cpw.mods.modlauncher.TransformationServiceDecorator/MODLAUNCHER]: Initialized transformers for transformation service mixin
[208月2026 18:49:08.970] [main/DEBUG] [cpw.mods.modlauncher.TransformationServiceDecorator/MODLAUNCHER]: Initializing transformers for transformation service fml
[208月2026 18:49:08.970] [main/DEBUG] [net.minecraftforge.fml.loading.FMLServiceProvider/CORE]: Loading coremod transformers
[208月2026 18:49:08.970] [main/DEBUG] [net.minecraftforge.coremod.CoreModEngine/COREMOD]: Loading CoreMod from coremods/field_to_method.js
[208月2026 18:49:09.318] [main/DEBUG] [net.minecraftforge.coremod.CoreModEngine/COREMOD]: CoreMod loaded successfully
[208月2026 18:49:09.319] [main/DEBUG] [net.minecraftforge.coremod.CoreModEngine/COREMOD]: Loading CoreMod from coremods/field_to_instanceof.js
[208月2026 18:49:09.466] [main/DEBUG] [net.minecraftforge.coremod.CoreModEngine/COREMOD]: CoreMod loaded successfully
[208月2026 18:49:09.466] [main/DEBUG] [net.minecraftforge.coremod.CoreModEngine/COREMOD]: Loading CoreMod from coremods/add_bouncer_method.js
[208月2026 18:49:09.548] [main/DEBUG] [net.minecraftforge.coremod.CoreModEngine/COREMOD]: CoreMod loaded successfully
[208月2026 18:49:09.548] [main/DEBUG] [net.minecraftforge.coremod.CoreModEngine/COREMOD]: Loading CoreMod from coremods/method_redirector.js
[208月2026 18:49:09.652] [main/DEBUG] [net.minecraftforge.coremod.CoreModEngine/COREMOD]: CoreMod loaded successfully
[208月2026 18:49:09.667] [main/DEBUG] [cpw.mods.modlauncher.TransformStore/MODLAUNCHER]: Adding transformer net.minecraftforge.coremod.transformer.CoreModClassTransformer@345cbf40 to Target : CLASS {Lnet/minecraft/world/level/biome/Biome;} {} {V}
[208月2026 18:49:09.669] [main/DEBUG] [cpw.mods.modlauncher.TransformStore/MODLAUNCHER]: Adding transformer net.minecraftforge.coremod.transformer.CoreModClassTransformer@421def93 to Target : CLASS {Lnet/minecraft/world/level/levelgen/structure/Structure;} {} {V}
[208月2026 18:49:09.669] [main/DEBUG] [cpw.mods.modlauncher.TransformStore/MODLAUNCHER]: Adding transformer net.minecraftforge.coremod.transformer.CoreModClassTransformer@58c1da09 to Target : CLASS {Lnet/minecraft/world/effect/MobEffectInstance;} {} {V}
[208月2026 18:49:09.670] [main/DEBUG] [cpw.mods.modlauncher.TransformStore/MODLAUNCHER]: Adding transformer net.minecraftforge.coremod.transformer.CoreModClassTransformer@2b2954e1 to Target : CLASS {Lnet/minecraft/world/level/block/LiquidBlock;} {} {V}
[208月2026 18:49:09.670] [main/DEBUG] [cpw.mods.modlauncher.TransformStore/MODLAUNCHER]: Adding transformer net.minecraftforge.coremod.transformer.CoreModClassTransformer@58d6e55a to Target : CLASS {Lnet/minecraft/world/item/BucketItem;} {} {V}
[208月2026 18:49:09.670] [main/DEBUG] [cpw.mods.modlauncher.TransformStore/MODLAUNCHER]: Adding transformer net.minecraftforge.coremod.transformer.CoreModClassTransformer@751ae8a4 to Target : CLASS {Lnet/minecraft/world/level/block/StairBlock;} {} {V}
[208月2026 18:49:09.670] [main/DEBUG] [cpw.mods.modlauncher.TransformStore/MODLAUNCHER]: Adding transformer net.minecraftforge.coremod.transformer.CoreModClassTransformer@235d659c to Target : CLASS {Lnet/minecraft/world/level/block/FlowerPotBlock;} {} {V}
[208月2026 18:49:09.670] [main/DEBUG] [cpw.mods.modlauncher.TransformStore/MODLAUNCHER]: Adding transformer net.minecraftforge.coremod.transformer.CoreModClassTransformer@4232b34a to Target : CLASS {Lnet/minecraft/world/item/ItemStack;} {} {V}
[208月2026 18:49:09.670] [main/DEBUG] [cpw.mods.modlauncher.TransformStore/MODLAUNCHER]: Adding transformer net.minecraftforge.coremod.transformer.CoreModClassTransformer@2da16263 to Target : CLASS {Lnet/minecraft/network/play/client/CClientSettingsPacket;} {} {V}
[208月2026 18:49:09.670] [main/DEBUG] [cpw.mods.modlauncher.TransformStore/MODLAUNCHER]: Adding transformer net.minecraftforge.coremod.transformer.CoreModClassTransformer@f5ce0bb to Target : CLASS {Lnet/minecraft/world/entity/animal/horse/SkeletonTrapGoal;} {} {V}
[208月2026 18:49:09.670] [main/DEBUG] [cpw.mods.modlauncher.TransformStore/MODLAUNCHER]: Adding transformer net.minecraftforge.coremod.transformer.CoreModClassTransformer@f5ce0bb to Target : CLASS {Lnet/minecraft/world/entity/monster/Evoker$EvokerSummonSpellGoal;} {} {V}
[208月2026 18:49:09.670] [main/DEBUG] [cpw.mods.modlauncher.TransformStore/MODLAUNCHER]: Adding transformer net.minecraftforge.coremod.transformer.CoreModClassTransformer@f5ce0bb to Target : CLASS {Lnet/minecraft/world/level/levelgen/structure/structures/OceanRuinPieces$OceanRuinPiece;} {} {V}
[208月2026 18:49:09.670] [main/DEBUG] [cpw.mods.modlauncher.TransformStore/MODLAUNCHER]: Adding transformer net.minecraftforge.coremod.transformer.CoreModClassTransformer@f5ce0bb to Target : CLASS {Lnet/minecraft/world/entity/monster/ZombieVillager;} {} {V}
[208月2026 18:49:09.670] [main/DEBUG] [cpw.mods.modlauncher.TransformStore/MODLAUNCHER]: Adding transformer net.minecraftforge.coremod.transformer.CoreModClassTransformer@f5ce0bb to Target : CLASS {Lnet/minecraft/world/entity/monster/Spider;} {} {V}
[208月2026 18:49:09.670] [main/DEBUG] [cpw.mods.modlauncher.TransformStore/MODLAUNCHER]: Adding transformer net.minecraftforge.coremod.transformer.CoreModClassTransformer@f5ce0bb to Target : CLASS {Lnet/minecraft/world/entity/npc/CatSpawner;} {} {V}
[208月2026 18:49:09.670] [main/DEBUG] [cpw.mods.modlauncher.TransformStore/MODLAUNCHER]: Adding transformer net.minecraftforge.coremod.transformer.CoreModClassTransformer@f5ce0bb to Target : CLASS {Lnet/minecraft/world/level/levelgen/PhantomSpawner;} {} {V}
[208月2026 18:49:09.670] [main/DEBUG] [cpw.mods.modlauncher.TransformStore/MODLAUNCHER]: Adding transformer net.minecraftforge.coremod.transformer.CoreModClassTransformer@f5ce0bb to Target : CLASS {Lnet/minecraft/world/entity/EntityType;} {} {V}
[208月2026 18:49:09.670] [main/DEBUG] [cpw.mods.modlauncher.TransformStore/MODLAUNCHER]: Adding transformer net.minecraftforge.coremod.transformer.CoreModClassTransformer@f5ce0bb to Target : CLASS {Lnet/minecraft/world/level/levelgen/structure/structures/WoodlandMansionPieces$WoodlandMansionPiece;} {} {V}
[208月2026 18:49:09.671] [main/DEBUG] [cpw.mods.modlauncher.TransformStore/MODLAUNCHER]: Adding transformer net.minecraftforge.coremod.transformer.CoreModClassTransformer@f5ce0bb to Target : CLASS {Lnet/minecraft/server/commands/RaidCommand;} {} {V}
[208月2026 18:49:09.671] [main/DEBUG] [cpw.mods.modlauncher.TransformStore/MODLAUNCHER]: Adding transformer net.minecraftforge.coremod.transformer.CoreModClassTransformer@f5ce0bb to Target : CLASS {Lnet/minecraft/world/level/levelgen/structure/templatesystem/StructureTemplate;} {} {V}
[208月2026 18:49:09.671] [main/DEBUG] [cpw.mods.modlauncher.TransformStore/MODLAUNCHER]: Adding transformer net.minecraftforge.coremod.transformer.CoreModClassTransformer@f5ce0bb to Target : CLASS {Lnet/minecraft/world/level/NaturalSpawner;} {} {V}
[208月2026 18:49:09.671] [main/DEBUG] [cpw.mods.modlauncher.TransformStore/MODLAUNCHER]: Adding transformer net.minecraftforge.coremod.transformer.CoreModClassTransformer@f5ce0bb to Target : CLASS {Lnet/minecraft/world/level/levelgen/structure/structures/OceanMonumentPieces$OceanMonumentPiece;} {} {V}
[208月2026 18:49:09.671] [main/DEBUG] [cpw.mods.modlauncher.TransformStore/MODLAUNCHER]: Adding transformer net.minecraftforge.coremod.transformer.CoreModClassTransformer@f5ce0bb to Target : CLASS {Lnet/minecraft/world/entity/ai/village/VillageSiege;} {} {V}
[208月2026 18:49:09.671] [main/DEBUG] [cpw.mods.modlauncher.TransformStore/MODLAUNCHER]: Adding transformer net.minecraftforge.coremod.transformer.CoreModClassTransformer@f5ce0bb to Target : CLASS {Lnet/minecraft/world/entity/monster/Zombie;} {} {V}
[208月2026 18:49:09.671] [main/DEBUG] [cpw.mods.modlauncher.TransformStore/MODLAUNCHER]: Adding transformer net.minecraftforge.coremod.transformer.CoreModClassTransformer@f5ce0bb to Target : CLASS {Lnet/minecraft/world/level/levelgen/PatrolSpawner;} {} {V}
[208月2026 18:49:09.671] [main/DEBUG] [cpw.mods.modlauncher.TransformStore/MODLAUNCHER]: Adding transformer net.minecraftforge.coremod.transformer.CoreModClassTransformer@f5ce0bb to Target : CLASS {Lnet/minecraft/server/commands/SummonCommand;} {} {V}
[208月2026 18:49:09.671] [main/DEBUG] [cpw.mods.modlauncher.TransformStore/MODLAUNCHER]: Adding transformer net.minecraftforge.coremod.transformer.CoreModClassTransformer@f5ce0bb to Target : CLASS {Lnet/minecraft/world/entity/npc/Villager;} {} {V}
[208月2026 18:49:09.671] [main/DEBUG] [cpw.mods.modlauncher.TransformStore/MODLAUNCHER]: Adding transformer net.minecraftforge.coremod.transformer.CoreModClassTransformer@f5ce0bb to Target : CLASS {Lnet/minecraft/world/entity/raid/Raid;} {} {V}
[208月2026 18:49:09.671] [main/DEBUG] [cpw.mods.modlauncher.TransformStore/MODLAUNCHER]: Adding transformer net.minecraftforge.coremod.transformer.CoreModClassTransformer@f5ce0bb to Target : CLASS {Lnet/minecraft/world/entity/animal/frog/Tadpole;} {} {V}
[208月2026 18:49:09.671] [main/DEBUG] [cpw.mods.modlauncher.TransformStore/MODLAUNCHER]: Adding transformer net.minecraftforge.coremod.transformer.CoreModClassTransformer@f5ce0bb to Target : CLASS {Lnet/minecraft/world/entity/monster/Strider;} {} {V}
[208月2026 18:49:09.671] [main/DEBUG] [cpw.mods.modlauncher.TransformStore/MODLAUNCHER]: Adding transformer net.minecraftforge.coremod.transformer.CoreModClassTransformer@f5ce0bb to Target : CLASS {Lnet/minecraft/world/level/levelgen/structure/structures/SwampHutPiece;} {} {V}
[208月2026 18:49:09.671] [main/DEBUG] [cpw.mods.modlauncher.TransformationServiceDecorator/MODLAUNCHER]: Initialized transformers for transformation service fml
[208月2026 18:49:10.163] [main/DEBUG] [mixin/]: Processing prepare() for PlatformAgent[MixinPlatformAgentDefault:ModLauncher Root Container(ModLauncher:4f56a0a2)]
[208月2026 18:49:10.163] [main/DEBUG] [mixin/]: Processing launch tasks for PlatformAgent[MixinPlatformAgentDefault:ModLauncher Root Container(ModLauncher:4f56a0a2)]
[208月2026 18:49:10.164] [main/DEBUG] [mixin/]: Adding mixin platform agents for container SecureJarResource(minecraft)
[208月2026 18:49:10.164] [main/DEBUG] [mixin/]: Instancing new MixinPlatformAgentMinecraftForge for SecureJarResource(minecraft)
[208月2026 18:49:10.164] [main/DEBUG] [mixin/]: MixinPlatformAgentMinecraftForge rejected container SecureJarResource(minecraft)
[208月2026 18:49:10.164] [main/DEBUG] [mixin/]: Instancing new MixinPlatformAgentDefault for SecureJarResource(minecraft)
[208月2026 18:49:10.164] [main/DEBUG] [mixin/]: MixinPlatformAgentDefault accepted container SecureJarResource(minecraft)
[208月2026 18:49:10.164] [main/DEBUG] [mixin/]: Processing prepare() for PlatformAgent[MixinPlatformAgentDefault:SecureJarResource(minecraft)]
[208月2026 18:49:10.164] [main/DEBUG] [mixin/]: Adding mixin platform agents for container SecureJarResource(invincible)
[208月2026 18:49:10.164] [main/DEBUG] [mixin/]: Instancing new MixinPlatformAgentMinecraftForge for SecureJarResource(invincible)
[208月2026 18:49:10.164] [main/DEBUG] [mixin/]: MixinPlatformAgentMinecraftForge rejected container SecureJarResource(invincible)
[208月2026 18:49:10.164] [main/DEBUG] [mixin/]: Instancing new MixinPlatformAgentDefault for SecureJarResource(invincible)
[208月2026 18:49:10.164] [main/DEBUG] [mixin/]: MixinPlatformAgentDefault accepted container SecureJarResource(invincible)
[208月2026 18:49:10.164] [main/DEBUG] [mixin/]: Processing prepare() for PlatformAgent[MixinPlatformAgentDefault:SecureJarResource(invincible)]
[208月2026 18:49:10.164] [main/DEBUG] [mixin/]: Registering mixin config: invincible.mixins.json
[208月2026 18:49:10.194] [main/DEBUG] [mixin/]: Compatibility level JAVA_17 specified by invincible.mixins.json is higher than the maximum level supported by this version of mixin (JAVA_13).
[208月2026 18:49:10.203] [main/INFO] [mixin/]: Compatibility level set to JAVA_17
[208月2026 18:49:10.204] [main/DEBUG] [mixin/]: Adding mixin platform agents for container SecureJarResource(mixinsquared)
[208月2026 18:49:10.206] [main/DEBUG] [mixin/]: Instancing new MixinPlatformAgentMinecraftForge for SecureJarResource(mixinsquared)
[208月2026 18:49:10.206] [main/DEBUG] [mixin/]: MixinPlatformAgentMinecraftForge rejected container SecureJarResource(mixinsquared)
[208月2026 18:49:10.206] [main/DEBUG] [mixin/]: Instancing new MixinPlatformAgentDefault for SecureJarResource(mixinsquared)
[208月2026 18:49:10.206] [main/DEBUG] [mixin/]: MixinPlatformAgentDefault accepted container SecureJarResource(mixinsquared)
[208月2026 18:49:10.206] [main/DEBUG] [mixin/]: Processing prepare() for PlatformAgent[MixinPlatformAgentDefault:SecureJarResource(mixinsquared)]
[208月2026 18:49:10.207] [main/DEBUG] [mixin/]: Registering mixin config: mixinsquared.init.mixins.json
[208月2026 18:49:10.210] [main/DEBUG] [mixin/]: Adding mixin platform agents for container SecureJarResource(geckolib)
[208月2026 18:49:10.210] [main/DEBUG] [mixin/]: Instancing new MixinPlatformAgentMinecraftForge for SecureJarResource(geckolib)
[208月2026 18:49:10.210] [main/DEBUG] [mixin/]: MixinPlatformAgentMinecraftForge rejected container SecureJarResource(geckolib)
[208月2026 18:49:10.211] [main/DEBUG] [mixin/]: Instancing new MixinPlatformAgentDefault for SecureJarResource(geckolib)
[208月2026 18:49:10.211] [main/DEBUG] [mixin/]: MixinPlatformAgentDefault accepted container SecureJarResource(geckolib)
[208月2026 18:49:10.211] [main/DEBUG] [mixin/]: Processing prepare() for PlatformAgent[MixinPlatformAgentDefault:SecureJarResource(geckolib)]
[208月2026 18:49:10.211] [main/DEBUG] [mixin/]: Registering mixin config: geckolib.mixins.json
[208月2026 18:49:10.213] [main/DEBUG] [mixin/]: Adding mixin platform agents for container SecureJarResource(combat_evolution)
[208月2026 18:49:10.213] [main/DEBUG] [mixin/]: Instancing new MixinPlatformAgentMinecraftForge for SecureJarResource(combat_evolution)
[208月2026 18:49:10.213] [main/DEBUG] [mixin/]: MixinPlatformAgentMinecraftForge rejected container SecureJarResource(combat_evolution)
[208月2026 18:49:10.213] [main/DEBUG] [mixin/]: Instancing new MixinPlatformAgentDefault for SecureJarResource(combat_evolution)
[208月2026 18:49:10.214] [main/DEBUG] [mixin/]: MixinPlatformAgentDefault accepted container SecureJarResource(combat_evolution)
[208月2026 18:49:10.214] [main/DEBUG] [mixin/]: Processing prepare() for PlatformAgent[MixinPlatformAgentDefault:SecureJarResource(combat_evolution)]
[208月2026 18:49:10.214] [main/DEBUG] [mixin/]: Registering mixin config: combat_evolution.mixins.json
[208月2026 18:49:10.218] [main/DEBUG] [mixin/]: Adding mixin platform agents for container SecureJarResource(maid_weapon_refill)
[208月2026 18:49:10.218] [main/DEBUG] [mixin/]: Instancing new MixinPlatformAgentMinecraftForge for SecureJarResource(maid_weapon_refill)
[208月2026 18:49:10.219] [main/DEBUG] [mixin/]: MixinPlatformAgentMinecraftForge rejected container SecureJarResource(maid_weapon_refill)
[208月2026 18:49:10.219] [main/DEBUG] [mixin/]: Instancing new MixinPlatformAgentDefault for SecureJarResource(maid_weapon_refill)
[208月2026 18:49:10.219] [main/DEBUG] [mixin/]: MixinPlatformAgentDefault accepted container SecureJarResource(maid_weapon_refill)
[208月2026 18:49:10.219] [main/DEBUG] [mixin/]: Processing prepare() for PlatformAgent[MixinPlatformAgentDefault:SecureJarResource(maid_weapon_refill)]
[208月2026 18:49:10.219] [main/DEBUG] [mixin/]: Adding mixin platform agents for container SecureJarResource(touhou_little_maid)
[208月2026 18:49:10.219] [main/DEBUG] [mixin/]: Instancing new MixinPlatformAgentMinecraftForge for SecureJarResource(touhou_little_maid)
[208月2026 18:49:10.220] [main/DEBUG] [mixin/]: MixinPlatformAgentMinecraftForge rejected container SecureJarResource(touhou_little_maid)
[208月2026 18:49:10.220] [main/DEBUG] [mixin/]: Instancing new MixinPlatformAgentDefault for SecureJarResource(touhou_little_maid)
[208月2026 18:49:10.220] [main/DEBUG] [mixin/]: MixinPlatformAgentDefault accepted container SecureJarResource(touhou_little_maid)
[208月2026 18:49:10.220] [main/DEBUG] [mixin/]: Processing prepare() for PlatformAgent[MixinPlatformAgentDefault:SecureJarResource(touhou_little_maid)]
[208月2026 18:49:10.220] [main/DEBUG] [mixin/]: Registering mixin config: touhou_little_maid.mixins.json
[208月2026 18:49:10.222] [main/DEBUG] [mixin/]: Adding mixin platform agents for container SecureJarResource(simplebedrockmodel)
[208月2026 18:49:10.222] [main/DEBUG] [mixin/]: Instancing new MixinPlatformAgentMinecraftForge for SecureJarResource(simplebedrockmodel)
[208月2026 18:49:10.222] [main/DEBUG] [mixin/]: MixinPlatformAgentMinecraftForge rejected container SecureJarResource(simplebedrockmodel)
[208月2026 18:49:10.223] [main/DEBUG] [mixin/]: Instancing new MixinPlatformAgentDefault for SecureJarResource(simplebedrockmodel)
[208月2026 18:49:10.223] [main/DEBUG] [mixin/]: MixinPlatformAgentDefault accepted container SecureJarResource(simplebedrockmodel)
[208月2026 18:49:10.223] [main/DEBUG] [mixin/]: Processing prepare() for PlatformAgent[MixinPlatformAgentDefault:SecureJarResource(simplebedrockmodel)]
[208月2026 18:49:10.223] [main/DEBUG] [mixin/]: Registering mixin config: simplebedrockmodel.mixins.json
[208月2026 18:49:10.224] [main/DEBUG] [mixin/]: Compatibility level JAVA_8 specified by simplebedrockmodel.mixins.json is lower than the default level supported by the current mixin service (JAVA_16).
[208月2026 18:49:10.226] [main/DEBUG] [mixin/]: Adding mixin platform agents for container SecureJarResource(epicfight)
[208月2026 18:49:10.226] [main/DEBUG] [mixin/]: Instancing new MixinPlatformAgentMinecraftForge for SecureJarResource(epicfight)
[208月2026 18:49:10.226] [main/DEBUG] [mixin/]: MixinPlatformAgentMinecraftForge rejected container SecureJarResource(epicfight)
[208月2026 18:49:10.226] [main/DEBUG] [mixin/]: Instancing new MixinPlatformAgentDefault for SecureJarResource(epicfight)
[208月2026 18:49:10.226] [main/DEBUG] [mixin/]: MixinPlatformAgentDefault accepted container SecureJarResource(epicfight)
[208月2026 18:49:10.226] [main/DEBUG] [mixin/]: Processing prepare() for PlatformAgent[MixinPlatformAgentDefault:SecureJarResource(epicfight)]
[208月2026 18:49:10.226] [main/DEBUG] [mixin/]: Registering mixin config: mixins.epicfight.json
[208月2026 18:49:10.228] [main/DEBUG] [mixin/]: Adding mixin platform agents for container SecureJarResource(wom)
[208月2026 18:49:10.228] [main/DEBUG] [mixin/]: Instancing new MixinPlatformAgentMinecraftForge for SecureJarResource(wom)
[208月2026 18:49:10.228] [main/DEBUG] [mixin/]: MixinPlatformAgentMinecraftForge rejected container SecureJarResource(wom)
[208月2026 18:49:10.228] [main/DEBUG] [mixin/]: Instancing new MixinPlatformAgentDefault for SecureJarResource(wom)
[208月2026 18:49:10.228] [main/DEBUG] [mixin/]: MixinPlatformAgentDefault accepted container SecureJarResource(wom)
[208月2026 18:49:10.228] [main/DEBUG] [mixin/]: Processing prepare() for PlatformAgent[MixinPlatformAgentDefault:SecureJarResource(wom)]
[208月2026 18:49:10.230] [main/DEBUG] [mixin/]: Registering mixin config: mixins.wom.json
[208月2026 18:49:10.231] [main/DEBUG] [mixin/]: Adding mixin platform agents for container SecureJarResource(epic_fight_avalon)
[208月2026 18:49:10.231] [main/DEBUG] [mixin/]: Instancing new MixinPlatformAgentMinecraftForge for SecureJarResource(epic_fight_avalon)
[208月2026 18:49:10.231] [main/DEBUG] [mixin/]: MixinPlatformAgentMinecraftForge rejected container SecureJarResource(epic_fight_avalon)
[208月2026 18:49:10.231] [main/DEBUG] [mixin/]: Instancing new MixinPlatformAgentDefault for SecureJarResource(epic_fight_avalon)
[208月2026 18:49:10.231] [main/DEBUG] [mixin/]: MixinPlatformAgentDefault accepted container SecureJarResource(epic_fight_avalon)
[208月2026 18:49:10.231] [main/DEBUG] [mixin/]: Processing prepare() for PlatformAgent[MixinPlatformAgentDefault:SecureJarResource(epic_fight_avalon)]
[208月2026 18:49:10.231] [main/DEBUG] [mixin/]: Registering mixin config: epic_fight_avalon.mixins.json
[208月2026 18:49:10.233] [main/DEBUG] [mixin/]: Adding mixin platform agents for container SecureJarResource(player_mobs)
[208月2026 18:49:10.233] [main/DEBUG] [mixin/]: Instancing new MixinPlatformAgentMinecraftForge for SecureJarResource(player_mobs)
[208月2026 18:49:10.233] [main/DEBUG] [mixin/]: MixinPlatformAgentMinecraftForge rejected container SecureJarResource(player_mobs)
[208月2026 18:49:10.233] [main/DEBUG] [mixin/]: Instancing new MixinPlatformAgentDefault for SecureJarResource(player_mobs)
[208月2026 18:49:10.233] [main/DEBUG] [mixin/]: MixinPlatformAgentDefault accepted container SecureJarResource(player_mobs)
[208月2026 18:49:10.233] [main/DEBUG] [mixin/]: Processing prepare() for PlatformAgent[MixinPlatformAgentDefault:SecureJarResource(player_mobs)]
[208月2026 18:49:10.233] [main/DEBUG] [mixin/]: Adding mixin platform agents for container SecureJarResource(mixinextras)
[208月2026 18:49:10.233] [main/DEBUG] [mixin/]: Instancing new MixinPlatformAgentMinecraftForge for SecureJarResource(mixinextras)
[208月2026 18:49:10.233] [main/DEBUG] [mixin/]: MixinPlatformAgentMinecraftForge rejected container SecureJarResource(mixinextras)
[208月2026 18:49:10.233] [main/DEBUG] [mixin/]: Instancing new MixinPlatformAgentDefault for SecureJarResource(mixinextras)
[208月2026 18:49:10.234] [main/DEBUG] [mixin/]: MixinPlatformAgentDefault accepted container SecureJarResource(mixinextras)
[208月2026 18:49:10.234] [main/DEBUG] [mixin/]: Processing prepare() for PlatformAgent[MixinPlatformAgentDefault:SecureJarResource(mixinextras)]
[208月2026 18:49:10.234] [main/DEBUG] [mixin/]: Registering mixin config: mixinextras.init.mixins.json
[208月2026 18:49:10.234] [main/DEBUG] [mixin/]: Adding mixin platform agents for container SecureJarResource(vix)
[208月2026 18:49:10.236] [main/DEBUG] [mixin/]: Instancing new MixinPlatformAgentMinecraftForge for SecureJarResource(vix)
[208月2026 18:49:10.236] [main/DEBUG] [mixin/]: MixinPlatformAgentMinecraftForge rejected container SecureJarResource(vix)
[208月2026 18:49:10.236] [main/DEBUG] [mixin/]: Instancing new MixinPlatformAgentDefault for SecureJarResource(vix)
[208月2026 18:49:10.237] [main/DEBUG] [mixin/]: MixinPlatformAgentDefault accepted container SecureJarResource(vix)
[208月2026 18:49:10.237] [main/DEBUG] [mixin/]: Processing prepare() for PlatformAgent[MixinPlatformAgentDefault:SecureJarResource(vix)]
[208月2026 18:49:10.237] [main/DEBUG] [mixin/]: Registering mixin config: vix.mixins.json
[208月2026 18:49:10.239] [main/DEBUG] [mixin/]: Adding mixin platform agents for container SecureJarResource(architectury)
[208月2026 18:49:10.239] [main/DEBUG] [mixin/]: Instancing new MixinPlatformAgentMinecraftForge for SecureJarResource(architectury)
[208月2026 18:49:10.239] [main/DEBUG] [mixin/]: MixinPlatformAgentMinecraftForge rejected container SecureJarResource(architectury)
[208月2026 18:49:10.239] [main/DEBUG] [mixin/]: Instancing new MixinPlatformAgentDefault for SecureJarResource(architectury)
[208月2026 18:49:10.240] [main/DEBUG] [mixin/]: MixinPlatformAgentDefault accepted container SecureJarResource(architectury)
[208月2026 18:49:10.240] [main/DEBUG] [mixin/]: Processing prepare() for PlatformAgent[MixinPlatformAgentDefault:SecureJarResource(architectury)]
[208月2026 18:49:10.240] [main/DEBUG] [mixin/]: Registering mixin config: architectury.mixins.json
[208月2026 18:49:10.243] [main/DEBUG] [mixin/]: Compatibility level JAVA_16 specified by architectury.mixins.json is higher than the maximum level supported by this version of mixin (JAVA_13).
[208月2026 18:49:10.243] [main/DEBUG] [mixin/]: Registering mixin config: architectury-common.mixins.json
[208月2026 18:49:10.245] [main/DEBUG] [mixin/]: Compatibility level JAVA_16 specified by architectury-common.mixins.json is higher than the maximum level supported by this version of mixin (JAVA_13).
[208月2026 18:49:10.246] [main/DEBUG] [mixin/]: Adding mixin platform agents for container SecureJarResource(efn)
[208月2026 18:49:10.246] [main/DEBUG] [mixin/]: Instancing new MixinPlatformAgentMinecraftForge for SecureJarResource(efn)
[208月2026 18:49:10.246] [main/DEBUG] [mixin/]: MixinPlatformAgentMinecraftForge rejected container SecureJarResource(efn)
[208月2026 18:49:10.246] [main/DEBUG] [mixin/]: Instancing new MixinPlatformAgentDefault for SecureJarResource(efn)
[208月2026 18:49:10.246] [main/DEBUG] [mixin/]: MixinPlatformAgentDefault accepted container SecureJarResource(efn)
[208月2026 18:49:10.246] [main/DEBUG] [mixin/]: Processing prepare() for PlatformAgent[MixinPlatformAgentDefault:SecureJarResource(efn)]
[208月2026 18:49:10.246] [main/DEBUG] [mixin/]: Registering mixin config: efn.mixins.json
[208月2026 18:49:10.248] [main/DEBUG] [mixin/]: Adding mixin platform agents for container SecureJarResource(annoyingvillagers)
[208月2026 18:49:10.248] [main/DEBUG] [mixin/]: Instancing new MixinPlatformAgentMinecraftForge for SecureJarResource(annoyingvillagers)
[208月2026 18:49:10.248] [main/DEBUG] [mixin/]: MixinPlatformAgentMinecraftForge rejected container SecureJarResource(annoyingvillagers)
[208月2026 18:49:10.248] [main/DEBUG] [mixin/]: Instancing new MixinPlatformAgentDefault for SecureJarResource(annoyingvillagers)
[208月2026 18:49:10.248] [main/DEBUG] [mixin/]: MixinPlatformAgentDefault accepted container SecureJarResource(annoyingvillagers)
[208月2026 18:49:10.248] [main/DEBUG] [mixin/]: Processing prepare() for PlatformAgent[MixinPlatformAgentDefault:SecureJarResource(annoyingvillagers)]
[208月2026 18:49:10.248] [main/DEBUG] [mixin/]: Registering mixin config: annoyingvillagers.mixins.json
[208月2026 18:49:10.250] [main/DEBUG] [mixin/]: Adding mixin platform agents for container SecureJarResource(efclash_blade)
[208月2026 18:49:10.250] [main/DEBUG] [mixin/]: Instancing new MixinPlatformAgentMinecraftForge for SecureJarResource(efclash_blade)
[208月2026 18:49:10.250] [main/DEBUG] [mixin/]: MixinPlatformAgentMinecraftForge rejected container SecureJarResource(efclash_blade)
[208月2026 18:49:10.250] [main/DEBUG] [mixin/]: Instancing new MixinPlatformAgentDefault for SecureJarResource(efclash_blade)
[208月2026 18:49:10.250] [main/DEBUG] [mixin/]: MixinPlatformAgentDefault accepted container SecureJarResource(efclash_blade)
[208月2026 18:49:10.250] [main/DEBUG] [mixin/]: Processing prepare() for PlatformAgent[MixinPlatformAgentDefault:SecureJarResource(efclash_blade)]
[208月2026 18:49:10.250] [main/DEBUG] [mixin/]: Adding mixin platform agents for container SecureJarResource(ywzj_vehicle)
[208月2026 18:49:10.250] [main/DEBUG] [mixin/]: Instancing new MixinPlatformAgentMinecraftForge for SecureJarResource(ywzj_vehicle)
[208月2026 18:49:10.250] [main/DEBUG] [mixin/]: MixinPlatformAgentMinecraftForge rejected container SecureJarResource(ywzj_vehicle)
[208月2026 18:49:10.250] [main/DEBUG] [mixin/]: Instancing new MixinPlatformAgentDefault for SecureJarResource(ywzj_vehicle)
[208月2026 18:49:10.250] [main/DEBUG] [mixin/]: MixinPlatformAgentDefault accepted container SecureJarResource(ywzj_vehicle)
[208月2026 18:49:10.250] [main/DEBUG] [mixin/]: Processing prepare() for PlatformAgent[MixinPlatformAgentDefault:SecureJarResource(ywzj_vehicle)]
[208月2026 18:49:10.250] [main/DEBUG] [mixin/]: Registering mixin config: mixins.ywzj_vehicle.json
[208月2026 18:49:10.252] [main/DEBUG] [mixin/]: Adding mixin platform agents for container SecureJarResource(ef_tlm)
[208月2026 18:49:10.252] [main/DEBUG] [mixin/]: Instancing new MixinPlatformAgentMinecraftForge for SecureJarResource(ef_tlm)
[208月2026 18:49:10.253] [main/DEBUG] [mixin/]: MixinPlatformAgentMinecraftForge rejected container SecureJarResource(ef_tlm)
[208月2026 18:49:10.253] [main/DEBUG] [mixin/]: Instancing new MixinPlatformAgentDefault for SecureJarResource(ef_tlm)
[208月2026 18:49:10.253] [main/DEBUG] [mixin/]: MixinPlatformAgentDefault accepted container SecureJarResource(ef_tlm)
[208月2026 18:49:10.253] [main/DEBUG] [mixin/]: Processing prepare() for PlatformAgent[MixinPlatformAgentDefault:SecureJarResource(ef_tlm)]
[208月2026 18:49:10.253] [main/DEBUG] [mixin/]: Registering mixin config: ef_tlm.mixins.json
[208月2026 18:49:10.254] [main/DEBUG] [mixin/]: Adding mixin platform agents for container SecureJarResource(ysm_geo_compat)
[208月2026 18:49:10.254] [main/DEBUG] [mixin/]: Instancing new MixinPlatformAgentMinecraftForge for SecureJarResource(ysm_geo_compat)
[208月2026 18:49:10.254] [main/DEBUG] [mixin/]: MixinPlatformAgentMinecraftForge rejected container SecureJarResource(ysm_geo_compat)
[208月2026 18:49:10.254] [main/DEBUG] [mixin/]: Instancing new MixinPlatformAgentDefault for SecureJarResource(ysm_geo_compat)
[208月2026 18:49:10.254] [main/DEBUG] [mixin/]: MixinPlatformAgentDefault accepted container SecureJarResource(ysm_geo_compat)
[208月2026 18:49:10.254] [main/DEBUG] [mixin/]: Processing prepare() for PlatformAgent[MixinPlatformAgentDefault:SecureJarResource(ysm_geo_compat)]
[208月2026 18:49:10.256] [main/DEBUG] [mixin/]: Registering mixin config: ysm_geo_compat.eftlm.mixins.json
[208月2026 18:49:10.257] [main/DEBUG] [mixin/]: Adding mixin platform agents for container SecureJarResource(forge)
[208月2026 18:49:10.257] [main/DEBUG] [mixin/]: Instancing new MixinPlatformAgentMinecraftForge for SecureJarResource(forge)
[208月2026 18:49:10.258] [main/DEBUG] [mixin/]: MixinPlatformAgentMinecraftForge rejected container SecureJarResource(forge)
[208月2026 18:49:10.258] [main/DEBUG] [mixin/]: Instancing new MixinPlatformAgentDefault for SecureJarResource(forge)
[208月2026 18:49:10.259] [main/DEBUG] [mixin/]: MixinPlatformAgentDefault accepted container SecureJarResource(forge)
[208月2026 18:49:10.259] [main/DEBUG] [mixin/]: Processing prepare() for PlatformAgent[MixinPlatformAgentDefault:SecureJarResource(forge)]
[208月2026 18:49:10.259] [main/DEBUG] [mixin/]: Adding mixin platform agents for container SecureJarResource(eftlm_stylish)
[208月2026 18:49:10.259] [main/DEBUG] [mixin/]: Instancing new MixinPlatformAgentMinecraftForge for SecureJarResource(eftlm_stylish)
[208月2026 18:49:10.259] [main/DEBUG] [mixin/]: MixinPlatformAgentMinecraftForge rejected container SecureJarResource(eftlm_stylish)
[208月2026 18:49:10.259] [main/DEBUG] [mixin/]: Instancing new MixinPlatformAgentDefault for SecureJarResource(eftlm_stylish)
[208月2026 18:49:10.259] [main/DEBUG] [mixin/]: MixinPlatformAgentDefault accepted container SecureJarResource(eftlm_stylish)
[208月2026 18:49:10.259] [main/DEBUG] [mixin/]: Processing prepare() for PlatformAgent[MixinPlatformAgentDefault:SecureJarResource(eftlm_stylish)]
[208月2026 18:49:10.259] [main/DEBUG] [mixin/]: Adding mixin platform agents for container SecureJarResource(mclib)
[208月2026 18:49:10.259] [main/DEBUG] [mixin/]: Instancing new MixinPlatformAgentMinecraftForge for SecureJarResource(mclib)
[208月2026 18:49:10.259] [main/DEBUG] [mixin/]: MixinPlatformAgentMinecraftForge rejected container SecureJarResource(mclib)
[208月2026 18:49:10.259] [main/DEBUG] [mixin/]: Instancing new MixinPlatformAgentDefault for SecureJarResource(mclib)
[208月2026 18:49:10.259] [main/DEBUG] [mixin/]: MixinPlatformAgentDefault accepted container SecureJarResource(mclib)
[208月2026 18:49:10.259] [main/DEBUG] [mixin/]: Processing prepare() for PlatformAgent[MixinPlatformAgentDefault:SecureJarResource(mclib)]
[208月2026 18:49:10.259] [main/DEBUG] [mixin/]: Adding mixin platform agents for container SecureJarResource(mae)
[208月2026 18:49:10.259] [main/DEBUG] [mixin/]: Instancing new MixinPlatformAgentMinecraftForge for SecureJarResource(mae)
[208月2026 18:49:10.259] [main/DEBUG] [mixin/]: MixinPlatformAgentMinecraftForge rejected container SecureJarResource(mae)
[208月2026 18:49:10.259] [main/DEBUG] [mixin/]: Instancing new MixinPlatformAgentDefault for SecureJarResource(mae)
[208月2026 18:49:10.259] [main/DEBUG] [mixin/]: MixinPlatformAgentDefault accepted container SecureJarResource(mae)
[208月2026 18:49:10.259] [main/DEBUG] [mixin/]: Processing prepare() for PlatformAgent[MixinPlatformAgentDefault:SecureJarResource(mae)]
[208月2026 18:49:10.260] [main/DEBUG] [mixin/]: Adding mixin platform agents for container SecureJarResource(org.mozillaa.rhino)
[208月2026 18:49:10.260] [main/DEBUG] [mixin/]: Instancing new MixinPlatformAgentMinecraftForge for SecureJarResource(org.mozillaa.rhino)
[208月2026 18:49:10.260] [main/DEBUG] [mixin/]: MixinPlatformAgentMinecraftForge rejected container SecureJarResource(org.mozillaa.rhino)
[208月2026 18:49:10.260] [main/DEBUG] [mixin/]: Instancing new MixinPlatformAgentDefault for SecureJarResource(org.mozillaa.rhino)
[208月2026 18:49:10.260] [main/DEBUG] [mixin/]: MixinPlatformAgentDefault accepted container SecureJarResource(org.mozillaa.rhino)
[208月2026 18:49:10.260] [main/DEBUG] [mixin/]: Processing prepare() for PlatformAgent[MixinPlatformAgentDefault:SecureJarResource(org.mozillaa.rhino)]
[208月2026 18:49:10.260] [main/DEBUG] [mixin/]: Adding mixin platform agents for container SecureJarResource(MixinSquared.beta._6)
[208月2026 18:49:10.260] [main/DEBUG] [mixin/]: Instancing new MixinPlatformAgentMinecraftForge for SecureJarResource(MixinSquared.beta._6)
[208月2026 18:49:10.260] [main/DEBUG] [mixin/]: MixinPlatformAgentMinecraftForge rejected container SecureJarResource(MixinSquared.beta._6)
[208月2026 18:49:10.260] [main/DEBUG] [mixin/]: Instancing new MixinPlatformAgentDefault for SecureJarResource(MixinSquared.beta._6)
[208月2026 18:49:10.260] [main/DEBUG] [mixin/]: MixinPlatformAgentDefault accepted container SecureJarResource(MixinSquared.beta._6)
[208月2026 18:49:10.260] [main/DEBUG] [mixin/]: Processing prepare() for PlatformAgent[MixinPlatformAgentDefault:SecureJarResource(MixinSquared.beta._6)]
[208月2026 18:49:10.260] [main/DEBUG] [mixin/]: Adding mixin platform agents for container SecureJarResource(Registrate.MC1._20)
[208月2026 18:49:10.260] [main/DEBUG] [mixin/]: Instancing new MixinPlatformAgentMinecraftForge for SecureJarResource(Registrate.MC1._20)
[208月2026 18:49:10.260] [main/DEBUG] [mixin/]: MixinPlatformAgentMinecraftForge rejected container SecureJarResource(Registrate.MC1._20)
[208月2026 18:49:10.260] [main/DEBUG] [mixin/]: Instancing new MixinPlatformAgentDefault for SecureJarResource(Registrate.MC1._20)
[208月2026 18:49:10.260] [main/DEBUG] [mixin/]: MixinPlatformAgentDefault accepted container SecureJarResource(Registrate.MC1._20)
[208月2026 18:49:10.260] [main/DEBUG] [mixin/]: Processing prepare() for PlatformAgent[MixinPlatformAgentDefault:SecureJarResource(Registrate.MC1._20)]
[208月2026 18:49:10.260] [main/DEBUG] [mixin/]: Adding mixin platform agents for container SecureJarResource(MixinExtras)
[208月2026 18:49:10.260] [main/DEBUG] [mixin/]: Instancing new MixinPlatformAgentMinecraftForge for SecureJarResource(MixinExtras)
[208月2026 18:49:10.260] [main/DEBUG] [mixin/]: MixinPlatformAgentMinecraftForge rejected container SecureJarResource(MixinExtras)
[208月2026 18:49:10.260] [main/DEBUG] [mixin/]: Instancing new MixinPlatformAgentDefault for SecureJarResource(MixinExtras)
[208月2026 18:49:10.260] [main/DEBUG] [mixin/]: MixinPlatformAgentDefault accepted container SecureJarResource(MixinExtras)
[208月2026 18:49:10.260] [main/DEBUG] [mixin/]: Processing prepare() for PlatformAgent[MixinPlatformAgentDefault:SecureJarResource(MixinExtras)]
[208月2026 18:49:10.260] [main/DEBUG] [mixin/]: inject() running with 30 agents
[208月2026 18:49:10.260] [main/DEBUG] [mixin/]: Processing inject() for PlatformAgent[MixinPlatformAgentDefault:ModLauncher Root Container(ModLauncher:4f56a0a2)]
[208月2026 18:49:10.260] [main/DEBUG] [mixin/]: Processing inject() for PlatformAgent[MixinPlatformAgentDefault:SecureJarResource(minecraft)]
[208月2026 18:49:10.260] [main/DEBUG] [mixin/]: Processing inject() for PlatformAgent[MixinPlatformAgentDefault:SecureJarResource(invincible)]
[208月2026 18:49:10.260] [main/DEBUG] [mixin/]: Processing inject() for PlatformAgent[MixinPlatformAgentDefault:SecureJarResource(mixinsquared)]
[208月2026 18:49:10.260] [main/DEBUG] [mixin/]: Processing inject() for PlatformAgent[MixinPlatformAgentDefault:SecureJarResource(geckolib)]
[208月2026 18:49:10.260] [main/DEBUG] [mixin/]: Processing inject() for PlatformAgent[MixinPlatformAgentDefault:SecureJarResource(combat_evolution)]
[208月2026 18:49:10.260] [main/DEBUG] [mixin/]: Processing inject() for PlatformAgent[MixinPlatformAgentDefault:SecureJarResource(maid_weapon_refill)]
[208月2026 18:49:10.260] [main/DEBUG] [mixin/]: Processing inject() for PlatformAgent[MixinPlatformAgentDefault:SecureJarResource(touhou_little_maid)]
[208月2026 18:49:10.260] [main/DEBUG] [mixin/]: Processing inject() for PlatformAgent[MixinPlatformAgentDefault:SecureJarResource(simplebedrockmodel)]
[208月2026 18:49:10.260] [main/DEBUG] [mixin/]: Processing inject() for PlatformAgent[MixinPlatformAgentDefault:SecureJarResource(epicfight)]
[208月2026 18:49:10.260] [main/DEBUG] [mixin/]: Processing inject() for PlatformAgent[MixinPlatformAgentDefault:SecureJarResource(wom)]
[208月2026 18:49:10.260] [main/DEBUG] [mixin/]: Processing inject() for PlatformAgent[MixinPlatformAgentDefault:SecureJarResource(epic_fight_avalon)]
[208月2026 18:49:10.260] [main/DEBUG] [mixin/]: Processing inject() for PlatformAgent[MixinPlatformAgentDefault:SecureJarResource(player_mobs)]
[208月2026 18:49:10.261] [main/DEBUG] [mixin/]: Processing inject() for PlatformAgent[MixinPlatformAgentDefault:SecureJarResource(mixinextras)]
[208月2026 18:49:10.261] [main/DEBUG] [mixin/]: Processing inject() for PlatformAgent[MixinPlatformAgentDefault:SecureJarResource(vix)]
[208月2026 18:49:10.261] [main/DEBUG] [mixin/]: Processing inject() for PlatformAgent[MixinPlatformAgentDefault:SecureJarResource(architectury)]
[208月2026 18:49:10.261] [main/DEBUG] [mixin/]: Processing inject() for PlatformAgent[MixinPlatformAgentDefault:SecureJarResource(efn)]
[208月2026 18:49:10.261] [main/DEBUG] [mixin/]: Processing inject() for PlatformAgent[MixinPlatformAgentDefault:SecureJarResource(annoyingvillagers)]
[208月2026 18:49:10.261] [main/DEBUG] [mixin/]: Processing inject() for PlatformAgent[MixinPlatformAgentDefault:SecureJarResource(efclash_blade)]
[208月2026 18:49:10.261] [main/DEBUG] [mixin/]: Processing inject() for PlatformAgent[MixinPlatformAgentDefault:SecureJarResource(ywzj_vehicle)]
[208月2026 18:49:10.261] [main/DEBUG] [mixin/]: Processing inject() for PlatformAgent[MixinPlatformAgentDefault:SecureJarResource(ef_tlm)]
[208月2026 18:49:10.261] [main/DEBUG] [mixin/]: Processing inject() for PlatformAgent[MixinPlatformAgentDefault:SecureJarResource(ysm_geo_compat)]
[208月2026 18:49:10.261] [main/DEBUG] [mixin/]: Processing inject() for PlatformAgent[MixinPlatformAgentDefault:SecureJarResource(forge)]
[208月2026 18:49:10.261] [main/DEBUG] [mixin/]: Processing inject() for PlatformAgent[MixinPlatformAgentDefault:SecureJarResource(eftlm_stylish)]
[208月2026 18:49:10.261] [main/DEBUG] [mixin/]: Processing inject() for PlatformAgent[MixinPlatformAgentDefault:SecureJarResource(mclib)]
[208月2026 18:49:10.261] [main/DEBUG] [mixin/]: Processing inject() for PlatformAgent[MixinPlatformAgentDefault:SecureJarResource(mae)]
[208月2026 18:49:10.261] [main/DEBUG] [mixin/]: Processing inject() for PlatformAgent[MixinPlatformAgentDefault:SecureJarResource(org.mozillaa.rhino)]
[208月2026 18:49:10.261] [main/DEBUG] [mixin/]: Processing inject() for PlatformAgent[MixinPlatformAgentDefault:SecureJarResource(MixinSquared.beta._6)]
[208月2026 18:49:10.261] [main/DEBUG] [mixin/]: Processing inject() for PlatformAgent[MixinPlatformAgentDefault:SecureJarResource(Registrate.MC1._20)]
[208月2026 18:49:10.261] [main/DEBUG] [mixin/]: Processing inject() for PlatformAgent[MixinPlatformAgentDefault:SecureJarResource(MixinExtras)]
[208月2026 18:49:10.261] [main/INFO] [cpw.mods.modlauncher.LaunchServiceHandler/MODLAUNCHER]: Launching target 'forgeserver' with arguments [nogui]
[208月2026 18:49:10.417] [main/DEBUG] [mixin/]: Error cleaning class output directory: .mixin.out
[208月2026 18:49:10.422] [main/DEBUG] [mixin/]: Preparing mixins for MixinEnvironment[DEFAULT]
[208月2026 18:49:10.423] [main/DEBUG] [mixin/]: Selecting config invincible.mixins.json
[208月2026 18:49:10.429] [main/DEBUG] [mixin/]: Selecting config mixinsquared.init.mixins.json
[208月2026 18:49:10.493] [main/DEBUG] [mixin/]: Registering new target selector for @mixinsquared:handler with com.bawnorton.mixinsquared.selector.DynamicSelectorHandler
[208月2026 18:49:10.517] [main/DEBUG] [mixin/]: Selecting config geckolib.mixins.json
[208月2026 18:49:10.519] [main/DEBUG] [mixin/]: Selecting config combat_evolution.mixins.json
[208月2026 18:49:10.520] [main/DEBUG] [mixin/]: Selecting config touhou_little_maid.mixins.json
[208月2026 18:49:10.526] [main/DEBUG] [mixin/]: Selecting config simplebedrockmodel.mixins.json
[208月2026 18:49:10.527] [main/DEBUG] [mixin/]: Selecting config mixins.epicfight.json
[208月2026 18:49:10.529] [main/DEBUG] [mixin/]: Selecting config mixins.wom.json
[208月2026 18:49:10.530] [main/DEBUG] [mixin/]: Selecting config epic_fight_avalon.mixins.json
[208月2026 18:49:10.532] [main/DEBUG] [mixin/]: Selecting config mixinextras.init.mixins.json
[208月2026 18:49:10.590] [main/DEBUG] [MixinExtras|Service/]: com.llamalad7.mixinextras.service.MixinExtrasServiceImpl(version=0.4.1) is taking over from null
[208月2026 18:49:10.657] [main/DEBUG] [mixin/]: Registering new injector for @Inject with org.spongepowered.asm.mixin.injection.struct.CallbackInjectionInfo
[208月2026 18:49:10.661] [main/DEBUG] [mixin/]: Registering new injector for @ModifyArg with org.spongepowered.asm.mixin.injection.struct.ModifyArgInjectionInfo
[208月2026 18:49:10.664] [main/DEBUG] [mixin/]: Registering new injector for @ModifyArgs with org.spongepowered.asm.mixin.injection.struct.ModifyArgsInjectionInfo
[208月2026 18:49:10.667] [main/DEBUG] [mixin/]: Registering new injector for @Redirect with org.spongepowered.asm.mixin.injection.struct.RedirectInjectionInfo
[208月2026 18:49:10.671] [main/DEBUG] [mixin/]: Registering new injector for @ModifyVariable with org.spongepowered.asm.mixin.injection.struct.ModifyVariableInjectionInfo
[208月2026 18:49:10.673] [main/DEBUG] [mixin/]: Registering new injector for @ModifyConstant with org.spongepowered.asm.mixin.injection.struct.ModifyConstantInjectionInfo
[208月2026 18:49:10.697] [main/DEBUG] [mixin/]: Selecting config vix.mixins.json
[208月2026 18:49:10.713] [main/DEBUG] [mixin/]: Selecting config architectury.mixins.json
[208月2026 18:49:10.717] [main/DEBUG] [mixin/]: Selecting config architectury-common.mixins.json
[208月2026 18:49:10.718] [main/DEBUG] [mixin/]: Selecting config efn.mixins.json
[208月2026 18:49:10.743] [main/DEBUG] [mixin/]: Selecting config annoyingvillagers.mixins.json
[208月2026 18:49:10.748] [main/DEBUG] [mixin/]: Selecting config mixins.ywzj_vehicle.json
[208月2026 18:49:10.748] [main/DEBUG] [mixin/]: Selecting config ef_tlm.mixins.json
[208月2026 18:49:10.751] [main/DEBUG] [mixin/]: Selecting config ysm_geo_compat.eftlm.mixins.json
[208月2026 18:49:10.753] [main/DEBUG] [mixin/]: Preparing invincible.mixins.json (8)
[208月2026 18:49:10.868] [main/DEBUG] [mixin/]: Preparing mixinsquared.init.mixins.json (0)
[208月2026 18:49:10.868] [main/DEBUG] [mixin/]: Preparing geckolib.mixins.json (1)
[208月2026 18:49:10.868] [main/DEBUG] [mixin/]: Preparing combat_evolution.mixins.json (11)
[208月2026 18:49:10.916] [main/DEBUG] [mixin/]: Preparing touhou_little_maid.mixins.json (23)
[208月2026 18:49:11.048] [main/DEBUG] [net.minecraftforge.coremod.transformer.CoreModBaseTransformer/COREMOD]: Transforming net/minecraft/world/level/levelgen/structure/templatesystem/StructureTemplate
[208月2026 18:49:11.477] [main/DEBUG] [mixin/]: Preparing simplebedrockmodel.mixins.json (5)
[208月2026 18:49:11.488] [main/DEBUG] [mixin/]: Preparing mixins.epicfight.json (39)
[208月2026 18:49:11.524] [main/DEBUG] [mixin/]: Preparing mixins.wom.json (1)
[208月2026 18:49:11.528] [main/DEBUG] [mixin/]: Preparing epic_fight_avalon.mixins.json (3)
[208月2026 18:49:11.532] [main/DEBUG] [mixin/]: Preparing mixinextras.init.mixins.json (0)
[208月2026 18:49:11.532] [main/DEBUG] [mixin/]: Preparing vix.mixins.json (5)
[208月2026 18:49:11.532] [main/DEBUG] [mixin/]: Preparing architectury.mixins.json (9)
[208月2026 18:49:11.553] [main/DEBUG] [mixin/]: Preparing architectury-common.mixins.json (10)
[208月2026 18:49:11.566] [main/DEBUG] [net.minecraftforge.coremod.transformer.CoreModBaseTransformer/COREMOD]: Transforming net/minecraft/world/item/BucketItem
[208月2026 18:49:11.582] [main/DEBUG] [net.minecraftforge.coremod.transformer.CoreModBaseTransformer/COREMOD]: Transforming net/minecraft/world/entity/EntityType
[208月2026 18:49:11.648] [main/DEBUG] [net.minecraftforge.coremod.transformer.CoreModBaseTransformer/COREMOD]: Transforming net/minecraft/world/level/block/LiquidBlock
[208月2026 18:49:11.656] [main/DEBUG] [mixin/]: Preparing efn.mixins.json (27)
[208月2026 18:49:11.721] [main/DEBUG] [mixin/]: Preparing annoyingvillagers.mixins.json (64)
[208月2026 18:49:11.821] [main/DEBUG] [net.minecraftforge.coremod.transformer.CoreModBaseTransformer/COREMOD]: Transforming net/minecraft/world/entity/monster/Zombie
[208月2026 18:49:11.947] [main/WARN] [mixin/]: Error loading class: net/minecraft/client/renderer/RenderBuffers (java.lang.ClassNotFoundException: net.minecraft.client.renderer.RenderBuffers)
[208月2026 18:49:11.948] [main/WARN] [mixin/]: @Mixin target net.minecraft.client.renderer.RenderBuffers was not found annoyingvillagers.mixins.json:RenderBuffersMixin
[208月2026 18:49:12.014] [main/DEBUG] [mixin/]: Preparing mixins.ywzj_vehicle.json (18)
[208月2026 18:49:12.032] [main/WARN] [mixin/]: Error loading class: com/simibubi/create/content/contraptions/ContraptionCollider (java.lang.ClassNotFoundException: com.simibubi.create.content.contraptions.ContraptionCollider)
[208月2026 18:49:12.032] [main/WARN] [mixin/]: @Mixin target com.simibubi.create.content.contraptions.ContraptionCollider was not found mixins.ywzj_vehicle.json:create.ContraptionColliderMixin
[208月2026 18:49:12.034] [main/WARN] [mixin/]: Error loading class: com/tacz/guns/util/EntityUtil (java.lang.ClassNotFoundException: com.tacz.guns.util.EntityUtil)
[208月2026 18:49:12.034] [main/DEBUG] [mixin/]: Skipping virtual target com.tacz.guns.util.EntityUtil for mixins.ywzj_vehicle.json:tacz.EntityUtilMixin
[208月2026 18:49:12.034] [main/DEBUG] [mixin/]: Preparing ef_tlm.mixins.json (3)
[208月2026 18:49:12.041] [main/DEBUG] [mixin/]: Preparing ysm_geo_compat.eftlm.mixins.json (1)
[208月2026 18:49:12.116] [main/WARN] [mixin/]: Error loading class: com/mojang/blaze3d/platform/InputConstants$Key (java.lang.ClassNotFoundException: com.mojang.blaze3d.platform.InputConstants$Key)
[208月2026 18:49:12.126] [main/WARN] [mixin/]: Error loading class: net/minecraft/client/renderer/entity/EntityRendererProvider$Context (java.lang.ClassNotFoundException: net.minecraft.client.renderer.entity.EntityRendererProvider$Context)
[208月2026 18:49:12.140] [main/WARN] [mixin/]: Error loading class: net/minecraft/client/renderer/entity/EntityRendererProvider$Context (java.lang.ClassNotFoundException: net.minecraft.client.renderer.entity.EntityRendererProvider$Context)
[208月2026 18:49:12.147] [main/DEBUG] [mixin/]: Prepared 140 mixins in 1.721 sec (12.3ms avg) (0ms load, 0ms transform, 0ms plugin)
[208月2026 18:49:12.202] [main/DEBUG] [io.netty.util.internal.logging.InternalLoggerFactory/]: Using SLF4J as the default logging framework
[208月2026 18:49:12.209] [main/DEBUG] [io.netty.util.ResourceLeakDetector/]: -Dio.netty.leakDetection.level: simple
[208月2026 18:49:12.209] [main/DEBUG] [io.netty.util.ResourceLeakDetector/]: -Dio.netty.leakDetection.targetRecords: 4
[208月2026 18:49:12.611] [main/DEBUG] [oshi.util.FileUtil/]: No oshi.properties file found from ClassLoader cpw.mods.modlauncher.TransformingClassLoader@75babb67
[208月2026 18:49:12.613] [main/DEBUG] [oshi.util.FileUtil/]: No oshi.properties file found from ClassLoader jdk.internal.loader.ClassLoaders$AppClassLoader@6e8cf4c6
[208月2026 18:49:13.162] [main/DEBUG] [oshi.util.FileUtil/]: No oshi.architecture.properties file found from ClassLoader cpw.mods.modlauncher.TransformingClassLoader@75babb67
[208月2026 18:49:13.162] [main/DEBUG] [oshi.util.FileUtil/]: No oshi.architecture.properties file found from ClassLoader jdk.internal.loader.ClassLoaders$AppClassLoader@6e8cf4c6
[208月2026 18:49:13.329] [main/WARN] [oshi.driver.windows.perfmon.PerfmonDisabled/]: Invalid registry value type detected for PerfOS counters. Should be REG_DWORD. Ignoring: HKEY_LOCAL_MACHINE\SYSTEM\CurrentControlSet\Services\PerfOS\Performance\Disable Performance Counters.
[208月2026 18:49:14.842] [main/INFO] [MixinExtras|Service/]: Initializing MixinExtras via com.llamalad7.mixinextras.service.MixinExtrasServiceImpl(version=0.4.1).
[208月2026 18:49:14.843] [main/DEBUG] [mixin/]: Registering new injector for @SugarWrapper with com.llamalad7.mixinextras.sugar.impl.SugarWrapperInjectionInfo
[208月2026 18:49:14.844] [main/DEBUG] [mixin/]: Registering new injector for @FactoryRedirectWrapper with com.llamalad7.mixinextras.wrapper.factory.FactoryRedirectWrapperInjectionInfo
[208月2026 18:49:14.870] [main/DEBUG] [mixin/]: Mixing UtilMixin from efn.mixins.json into net.minecraft.Util
[208月2026 18:49:15.116] [main/DEBUG] [mixin/]: Mixing inject.MixinGameEvent from architectury-common.mixins.json into net.minecraft.world.level.gameevent.GameEvent
[208月2026 18:49:15.166] [main/DEBUG] [mixin/]: Mixing BlockBurningCache from touhou_little_maid.mixins.json into net.minecraft.world.level.block.Block
[208月2026 18:49:15.180] [main/DEBUG] [mixin/]: Mixing inject.MixinBlock from architectury-common.mixins.json into net.minecraft.world.level.block.Block
[208月2026 18:49:15.228] [main/DEBUG] [mixin/]: Mixing EntityMixin from touhou_little_maid.mixins.json into net.minecraft.world.entity.Entity
[208月2026 18:49:15.262] [main/DEBUG] [mixin/]: Mixing accessor.EntityAccessor from touhou_little_maid.mixins.json into net.minecraft.world.entity.Entity
[208月2026 18:49:15.274] [main/DEBUG] [mixin/]: Mixing common.MixinEntity from mixins.epicfight.json into net.minecraft.world.entity.Entity
[208月2026 18:49:15.275] [main/DEBUG] [mixin/]: Renaming synthetic method lambda$epicfight$setOnGroundWithKnownMovement$1(Lyesman/epicfight/world/capabilities/entitypatch/LivingEntityPatch;)V to md2eafad$lambda$epicfight$setOnGroundWithKnownMovement$1$0 in mixins.epicfight.json:common.MixinEntity
[208月2026 18:49:15.276] [main/DEBUG] [mixin/]: Renaming synthetic method lambda$lerpMotion$0(Lorg/spongepowered/asm/mixin/injection/callback/CallbackInfo;Lyesman/epicfight/world/capabilities/entitypatch/LivingEntityPatch;)V to md2eafad$lambda$lerpMotion$0$1 in mixins.epicfight.json:common.MixinEntity
[208月2026 18:49:15.294] [main/DEBUG] [mixin/]: Mixing common.EntityMixin from mixins.ywzj_vehicle.json into net.minecraft.world.entity.Entity
[208月2026 18:49:15.393] [main/DEBUG] [mixin/]: Mixing accessor.LivingEntityAccessor from touhou_little_maid.mixins.json into net.minecraft.world.entity.LivingEntity
[208月2026 18:49:15.394] [main/DEBUG] [mixin/]: Mixing common.MixinLivingEntity from mixins.epicfight.json into net.minecraft.world.entity.LivingEntity
[208月2026 18:49:15.394] [main/DEBUG] [mixin/]: Renaming synthetic method lambda$epicfight$constructor$0(Lnet/minecraft/world/entity/LivingEntity;Lyesman/epicfight/world/capabilities/entitypatch/HurtableEntityPatch;)V to md2eafad$lambda$epicfight$constructor$0$0 in mixins.epicfight.json:common.MixinLivingEntity
[208月2026 18:49:15.424] [main/DEBUG] [mixin/]: Mixing common.LivingEntityMixin from mixins.ywzj_vehicle.json into net.minecraft.world.entity.LivingEntity
[208月2026 18:49:15.601] [main/DEBUG] [mixin/]: Mixing PlayerMixin from touhou_little_maid.mixins.json into net.minecraft.world.entity.player.Player
[208月2026 18:49:15.602] [main/DEBUG] [mixin/]: Mixing common.MixinPlayer from mixins.epicfight.json into net.minecraft.world.entity.player.Player
[208月2026 18:49:15.607] [main/DEBUG] [mixin/]: Mixing PlayerMixin from annoyingvillagers.mixins.json into net.minecraft.world.entity.player.Player
[208月2026 18:49:15.608] [main/DEBUG] [mixin/]: Mixing common.PlayerMixin from mixins.ywzj_vehicle.json into net.minecraft.world.entity.player.Player
[208月2026 18:49:15.713] [main/DEBUG] [mixin/]: Mixing inject.MixinFluid from architectury-common.mixins.json into net.minecraft.world.level.material.Fluid
[208月2026 18:49:15.723] [main/DEBUG] [mixin/]: Mixing inject.MixinItem from architectury-common.mixins.json into net.minecraft.world.item.Item
[208月2026 18:49:15.740] [main/DEBUG] [net.minecraftforge.coremod.transformer.CoreModBaseTransformer/COREMOD]: Transforming net/minecraft/world/entity/EntityType
[208月2026 18:49:15.777] [main/DEBUG] [mixin/]: Mixing inject.MixinEntityType from architectury-common.mixins.json into net.minecraft.world.entity.EntityType
[208月2026 18:49:16.196] [main/DEBUG] [net.minecraftforge.coremod.transformer.CoreModBaseTransformer/COREMOD]: Transforming net/minecraft/world/level/block/LiquidBlock
[208月2026 18:49:16.196] [main/DEBUG] [mixin/]: Mixing inject.MixinLiquidBlock from architectury-common.mixins.json into net.minecraft.world.level.block.LiquidBlock
[208月2026 18:49:16.255] [main/DEBUG] [net.minecraftforge.coremod.transformer.CoreModBaseTransformer/COREMOD]: Transforming net/minecraft/world/level/block/StairBlock
[208月2026 18:49:16.270] [main/DEBUG] [mixin/]: Mixing accessor.CropBlockAccessor from touhou_little_maid.mixins.json into net.minecraft.world.level.block.CropBlock
[208月2026 18:49:16.353] [main/DEBUG] [mixin/]: Mixing accessor.FenceGateBlockAccessor from touhou_little_maid.mixins.json into net.minecraft.world.level.block.FenceGateBlock
[208月2026 18:49:16.390] [main/DEBUG] [net.minecraftforge.coremod.transformer.CoreModBaseTransformer/COREMOD]: Transforming net/minecraft/world/level/block/FlowerPotBlock
[208月2026 18:49:16.504] [main/DEBUG] [mixin/]: Mixing SweetBerryBushBlockMixin from touhou_little_maid.mixins.json into net.minecraft.world.level.block.SweetBerryBushBlock
[208月2026 18:49:16.792] [main/DEBUG] [mixin/]: Mixing MixinFallingBlockEntity from architectury.mixins.json into net.minecraft.world.entity.item.FallingBlockEntity
[208月2026 18:49:17.477] [main/DEBUG] [mixin/]: Mixing ArrowMixin from touhou_little_maid.mixins.json into net.minecraft.world.entity.projectile.AbstractArrow
[208月2026 18:49:17.478] [main/DEBUG] [mixin/]: Mixing accessor.ArrowAccessor from touhou_little_maid.mixins.json into net.minecraft.world.entity.projectile.AbstractArrow
[208月2026 18:49:17.478] [main/DEBUG] [mixin/]: Mixing AbstractArrowMixin from annoyingvillagers.mixins.json into net.minecraft.world.entity.projectile.AbstractArrow
[208月2026 18:49:17.488] [main/DEBUG] [mixin/]: Mixing AbstractArrowBreakMixin from annoyingvillagers.mixins.json into net.minecraft.world.entity.projectile.AbstractArrow
[208月2026 18:49:17.522] [main/DEBUG] [mixin/]: Mixing common.MixinProjectile from mixins.epicfight.json into net.minecraft.world.entity.projectile.Projectile
[208月2026 18:49:17.564] [main/DEBUG] [mixin/]: Mixing MobInteractMixin from touhou_little_maid.mixins.json into net.minecraft.world.entity.Mob
[208月2026 18:49:17.569] [main/DEBUG] [mixin/]: Mixing common.MixinMob from mixins.epicfight.json into net.minecraft.world.entity.Mob
[208月2026 18:49:17.569] [main/DEBUG] [mixin/]: Mixing MixinMob from efn.mixins.json into net.minecraft.world.entity.Mob
[208月2026 18:49:17.578] [main/DEBUG] [mixin/]: Mixing MobMixin from annoyingvillagers.mixins.json into net.minecraft.world.entity.Mob
[208月2026 18:49:17.582] [main/DEBUG] [net.minecraftforge.coremod.transformer.CoreModBaseTransformer/COREMOD]: Transforming net/minecraft/world/item/ItemStack
[208月2026 18:49:17.596] [main/DEBUG] [net.minecraftforge.coremod.transformer.CoreModBaseTransformer/COREMOD]: Transforming net/minecraft/world/effect/MobEffectInstance
[208月2026 18:49:17.769] [main/DEBUG] [net.minecraftforge.coremod.transformer.CoreModBaseTransformer/COREMOD]: Transforming net/minecraft/world/item/ItemStack
[208月2026 18:49:17.872] [main/DEBUG] [mixin/]: Mixing common.MixinWitherBoss from mixins.epicfight.json into net.minecraft.world.entity.boss.wither.WitherBoss
[208月2026 18:49:17.874] [main/DEBUG] [mixin/]: Renaming @Unique method m_7515_()Lnet/minecraft/sounds/SoundEvent; to md2eafad$m_7515_$0 in mixins.epicfight.json:common.MixinWitherBoss
[208月2026 18:49:17.951] [main/WARN] [mixin/]: @Final field f_31427_:[I in mixins.epicfight.json:common.MixinWitherBoss should be final
[208月2026 18:49:17.951] [main/WARN] [mixin/]: @Final field f_31428_:[I in mixins.epicfight.json:common.MixinWitherBoss should be final
[208月2026 18:49:18.152] [main/DEBUG] [mixin/]: Mixing ConduitBlockEntityMixin from touhou_little_maid.mixins.json into net.minecraft.world.level.block.entity.ConduitBlockEntity
[208月2026 18:49:18.537] [main/DEBUG] [mixin/]: Mixing MixinLightningBolt from architectury-common.mixins.json into net.minecraft.world.entity.LightningBolt
[208月2026 18:49:18.619] [main/DEBUG] [net.minecraftforge.coremod.transformer.CoreModBaseTransformer/COREMOD]: Transforming net/minecraft/world/entity/animal/frog/Tadpole
[208月2026 18:49:18.683] [main/DEBUG] [mixin/]: Mixing compat.efn.SwordItemMixin from annoyingvillagers.mixins.json into net.minecraft.world.item.SwordItem
[208月2026 18:49:18.685] [main/DEBUG] [mixin/]: Renaming synthetic method lambda$damageEfnWeapons$0(Lnet/minecraft/world/entity/LivingEntity;)V to md2eafad$lambda$damageEfnWeapons$0$0 in annoyingvillagers.mixins.json:compat.efn.SwordItemMixin
[208月2026 18:49:18.717] [main/DEBUG] [net.minecraftforge.coremod.transformer.CoreModBaseTransformer/COREMOD]: Transforming net/minecraft/world/item/BucketItem
[208月2026 18:49:18.717] [main/DEBUG] [mixin/]: Mixing inject.MixinBucketItem from architectury-common.mixins.json into net.minecraft.world.item.BucketItem
[208月2026 18:49:18.817] [main/DEBUG] [mixin/]: Mixing inject.MixinItemProperties from architectury-common.mixins.json into net.minecraft.world.item.Item$Properties
[208月2026 18:49:18.903] [main/DEBUG] [mixin/]: Mixing EpicFightDamageSourceMixin from combat_evolution.mixins.json into yesman.epicfight.world.damagesource.EpicFightDamageSource
[208月2026 18:49:18.919] [main/DEBUG] [mixin/]: Mixing NavigationMixin from touhou_little_maid.mixins.json into net.minecraft.world.entity.ai.navigation.PathNavigation
[208月2026 18:49:19.940] [main/DEBUG] [mixin/]: Mixing NearestAttackableTargetGoalMixin from efn.mixins.json into net.minecraft.world.entity.ai.goal.target.NearestAttackableTargetGoal
[208月2026 18:49:19.956] [main/DEBUG] [mixin/]: Mixing BoatMixin from annoyingvillagers.mixins.json into net.minecraft.world.entity.vehicle.Boat
[208月2026 18:49:20.009] [main/DEBUG] [net.minecraftforge.coremod.transformer.CoreModBaseTransformer/COREMOD]: Transforming net/minecraft/world/entity/monster/Spider
[208月2026 18:49:20.020] [main/DEBUG] [mixin/]: Mixing SkeletonMixin from annoyingvillagers.mixins.json into net.minecraft.world.entity.monster.AbstractSkeleton
[208月2026 18:49:20.095] [main/DEBUG] [net.minecraftforge.coremod.transformer.CoreModBaseTransformer/COREMOD]: Transforming net/minecraft/world/entity/monster/Zombie
[208月2026 18:49:20.119] [main/DEBUG] [mixin/]: Mixing ZombieMixin from annoyingvillagers.mixins.json into net.minecraft.world.entity.monster.Zombie
[208月2026 18:49:20.154] [main/DEBUG] [net.minecraftforge.coremod.transformer.CoreModBaseTransformer/COREMOD]: Transforming net/minecraft/world/entity/monster/ZombieVillager
[208月2026 18:49:20.172] [main/DEBUG] [mixin/]: Mixing common.MixinRangedAttackGoal from mixins.epicfight.json into net.minecraft.world.entity.ai.goal.RangedAttackGoal
[208月2026 18:49:20.172] [main/DEBUG] [mixin/]: Renaming synthetic method lambda$epicfight$tick$0(Lyesman/epicfight/world/capabilities/entitypatch/LivingEntityPatch;)V to md2eafad$lambda$epicfight$tick$0$0 in mixins.epicfight.json:common.MixinRangedAttackGoal
[208月2026 18:49:20.178] [main/DEBUG] [mixin/]: Mixing ThrownTridentMixin from touhou_little_maid.mixins.json into net.minecraft.world.entity.projectile.ThrownTrident
[208月2026 18:49:20.179] [main/DEBUG] [mixin/]: Mixing common.MixinThrownTrident from mixins.epicfight.json into net.minecraft.world.entity.projectile.ThrownTrident
[208月2026 18:49:20.233] [main/DEBUG] [mixin/]: Mixing IllagerMixin from annoyingvillagers.mixins.json into net.minecraft.world.entity.monster.AbstractIllager
[208月2026 18:49:20.237] [main/DEBUG] [mixin/]: Mixing RaiderMixin from annoyingvillagers.mixins.json into net.minecraft.world.entity.raid.Raider
[208月2026 18:49:20.250] [main/DEBUG] [net.minecraftforge.coremod.transformer.CoreModBaseTransformer/COREMOD]: Transforming net/minecraft/world/entity/monster/Evoker$EvokerSummonSpellGoal
[208月2026 18:49:20.351] [main/DEBUG] [mixin/]: Mixing common.MixinRangedBowAttackGoal from mixins.epicfight.json into net.minecraft.world.entity.ai.goal.RangedBowAttackGoal
[208月2026 18:49:20.352] [main/DEBUG] [mixin/]: Renaming synthetic method lambda$epicfight$tick$0(Lyesman/epicfight/world/capabilities/entitypatch/LivingEntityPatch;)V to md2eafad$lambda$epicfight$tick$0$0 in mixins.epicfight.json:common.MixinRangedBowAttackGoal
[208月2026 18:49:20.469] [main/DEBUG] [mixin/]: Mixing common.MixinRangedCrossbowAttackGoal from mixins.epicfight.json into net.minecraft.world.entity.ai.goal.RangedCrossbowAttackGoal
[208月2026 18:49:20.470] [main/DEBUG] [mixin/]: Renaming synthetic method lambda$epicfight$tick$0(Lyesman/epicfight/world/capabilities/entitypatch/LivingEntityPatch;)V to md2eafad$lambda$epicfight$tick$0$0 in mixins.epicfight.json:common.MixinRangedCrossbowAttackGoal
[208月2026 18:49:20.554] [main/DEBUG] [net.minecraftforge.coremod.transformer.CoreModBaseTransformer/COREMOD]: Transforming net/minecraft/world/entity/animal/horse/SkeletonTrapGoal
[208月2026 18:49:20.581] [main/DEBUG] [net.minecraftforge.coremod.transformer.CoreModBaseTransformer/COREMOD]: Transforming net/minecraft/world/entity/monster/Strider
[208月2026 18:49:20.674] [main/DEBUG] [mixin/]: Mixing EFLivingEntityPatchMixin from combat_evolution.mixins.json into yesman.epicfight.world.capabilities.entitypatch.LivingEntityPatch
[208月2026 18:49:20.682] [main/DEBUG] [mixin/]: Mixing LivingEntityPatchMixin from combat_evolution.mixins.json into yesman.epicfight.world.capabilities.entitypatch.LivingEntityPatch
[208月2026 18:49:20.685] [main/DEBUG] [mixin/]: Mixing LivingEntityPatchMixin from epic_fight_avalon.mixins.json into yesman.epicfight.world.capabilities.entitypatch.LivingEntityPatch
[208月2026 18:49:20.687] [main/DEBUG] [mixin/]: Mixing LivingEntityPatchMixin from annoyingvillagers.mixins.json into yesman.epicfight.world.capabilities.entitypatch.LivingEntityPatch
[208月2026 18:49:20.712] [main/WARN] [net.minecraft.network.syncher.SynchedEntityData/]: defineId called for: class net.minecraft.world.entity.LivingEntity from class yesman.epicfight.world.capabilities.entitypatch.LivingEntityPatch
[208月2026 18:49:20.714] [main/WARN] [net.minecraft.network.syncher.SynchedEntityData/]: defineId called for: class net.minecraft.world.entity.LivingEntity from class yesman.epicfight.world.capabilities.entitypatch.LivingEntityPatch
[208月2026 18:49:20.714] [main/WARN] [net.minecraft.network.syncher.SynchedEntityData/]: defineId called for: class net.minecraft.world.entity.LivingEntity from class yesman.epicfight.world.capabilities.entitypatch.LivingEntityPatch
[208月2026 18:49:20.714] [main/WARN] [net.minecraft.network.syncher.SynchedEntityData/]: defineId called for: class net.minecraft.world.entity.LivingEntity from class yesman.epicfight.world.capabilities.entitypatch.LivingEntityPatch
[208月2026 18:49:20.714] [main/WARN] [net.minecraft.network.syncher.SynchedEntityData/]: defineId called for: class net.minecraft.world.entity.LivingEntity from class yesman.epicfight.world.capabilities.entitypatch.LivingEntityPatch
[208月2026 18:49:20.714] [main/WARN] [net.minecraft.network.syncher.SynchedEntityData/]: defineId called for: class net.minecraft.world.entity.LivingEntity from class yesman.epicfight.world.capabilities.entitypatch.LivingEntityPatch
[208月2026 18:49:20.716] [main/WARN] [net.minecraft.network.syncher.SynchedEntityData/]: defineId called for: class net.minecraft.world.entity.LivingEntity from class yesman.epicfight.world.capabilities.entitypatch.LivingEntityPatch
[208月2026 18:49:20.716] [main/WARN] [net.minecraft.network.syncher.SynchedEntityData/]: defineId called for: class net.minecraft.world.entity.LivingEntity from class yesman.epicfight.world.capabilities.entitypatch.LivingEntityPatch
[208月2026 18:49:20.717] [main/WARN] [net.minecraft.network.syncher.SynchedEntityData/]: defineId called for: class net.minecraft.world.entity.LivingEntity from class yesman.epicfight.world.capabilities.entitypatch.LivingEntityPatch
[208月2026 18:49:20.717] [main/WARN] [net.minecraft.network.syncher.SynchedEntityData/]: defineId called for: class net.minecraft.world.entity.LivingEntity from class yesman.epicfight.world.capabilities.entitypatch.LivingEntityPatch
[208月2026 18:49:20.718] [main/WARN] [net.minecraft.network.syncher.SynchedEntityData/]: defineId called for: class net.minecraft.world.entity.LivingEntity from class yesman.epicfight.world.capabilities.entitypatch.LivingEntityPatch
[208月2026 18:49:20.719] [main/WARN] [net.minecraft.network.syncher.SynchedEntityData/]: defineId called for: class net.minecraft.world.entity.LivingEntity from class yesman.epicfight.world.capabilities.entitypatch.LivingEntityPatch
[208月2026 18:49:20.824] [main/DEBUG] [net.minecraftforge.coremod.transformer.CoreModBaseTransformer/COREMOD]: Transforming net/minecraft/world/entity/npc/Villager
[208月2026 18:49:20.877] [main/DEBUG] [mixin/]: Mixing VillagerMixin from annoyingvillagers.mixins.json into net.minecraft.world.entity.npc.AbstractVillager
[208月2026 18:49:20.895] [main/DEBUG] [mixin/]: Mixing VindicatorMixin from annoyingvillagers.mixins.json into net.minecraft.world.entity.monster.Vindicator
[208月2026 18:49:20.935] [main/DEBUG] [mixin/]: Mixing FishingHookAccessor from annoyingvillagers.mixins.json into net.minecraft.world.entity.projectile.FishingHook
[208月2026 18:49:20.935] [main/DEBUG] [mixin/]: Mixing FishingHookReturnMixin from annoyingvillagers.mixins.json into net.minecraft.world.entity.projectile.FishingHook
[208月2026 18:49:20.971] [main/DEBUG] [mixin/]: Mixing inject.MixinFoodPropertiesBuilder from architectury-common.mixins.json into net.minecraft.world.food.FoodProperties$Builder
[208月2026 18:49:20.974] [main/DEBUG] [net.minecraftforge.coremod.transformer.CoreModBaseTransformer/COREMOD]: Transforming net/minecraft/world/effect/MobEffectInstance
[208月2026 18:49:21.011] [main/DEBUG] [mixin/]: Mixing ServerPlayNetHandlerMixin from simplebedrockmodel.mixins.json into net.minecraft.server.network.ServerGamePacketListenerImpl
[208月2026 18:49:21.011] [main/DEBUG] [mixin/]: simplebedrockmodel.mixins.json:ServerPlayNetHandlerMixin: Class version 61 required is higher than the class version supported by the current version of Mixin (JAVA_8 supports class version 52)
[208月2026 18:49:21.021] [main/DEBUG] [mixin/]: Mixing common.MixinServerGamePacketListenerImpl from mixins.epicfight.json into net.minecraft.server.network.ServerGamePacketListenerImpl
[208月2026 18:49:21.023] [main/DEBUG] [mixin/]: Mixing EnsureSafeFlyingVehicleMixin from annoyingvillagers.mixins.json into net.minecraft.server.network.ServerGamePacketListenerImpl
[208月2026 18:49:21.736] [main/DEBUG] [net.minecraftforge.coremod.transformer.CoreModBaseTransformer/COREMOD]: Transforming net/minecraft/world/level/levelgen/structure/Structure
[208月2026 18:49:21.802] [main/DEBUG] [net.minecraftforge.coremod.transformer.CoreModBaseTransformer/COREMOD]: Transforming net/minecraft/world/level/levelgen/structure/structures/OceanRuinPieces$OceanRuinPiece
[208月2026 18:49:21.813] [main/DEBUG] [net.minecraftforge.coremod.transformer.CoreModBaseTransformer/COREMOD]: Transforming net/minecraft/world/level/levelgen/structure/structures/SwampHutPiece
[208月2026 18:49:21.823] [main/DEBUG] [net.minecraftforge.coremod.transformer.CoreModBaseTransformer/COREMOD]: Transforming net/minecraft/world/level/levelgen/structure/structures/OceanMonumentPieces$OceanMonumentPiece
[208月2026 18:49:21.848] [main/DEBUG] [net.minecraftforge.coremod.transformer.CoreModBaseTransformer/COREMOD]: Transforming net/minecraft/world/level/levelgen/structure/structures/WoodlandMansionPieces$WoodlandMansionPiece
[208月2026 18:49:21.995] [main/DEBUG] [net.minecraftforge.coremod.transformer.CoreModBaseTransformer/COREMOD]: Transforming net/minecraft/world/level/biome/Biome
[208月2026 18:49:22.420] [main/DEBUG] [io.netty.util.internal.PlatformDependent0/]: -Dio.netty.noUnsafe: false
[208月2026 18:49:22.420] [main/DEBUG] [io.netty.util.internal.PlatformDependent0/]: Java version: 17
[208月2026 18:49:22.421] [main/DEBUG] [io.netty.util.internal.PlatformDependent0/]: sun.misc.Unsafe.theUnsafe: available
[208月2026 18:49:22.423] [main/DEBUG] [io.netty.util.internal.PlatformDependent0/]: sun.misc.Unsafe.copyMemory: available
[208月2026 18:49:22.424] [main/DEBUG] [io.netty.util.internal.PlatformDependent0/]: sun.misc.Unsafe.storeFence: available
[208月2026 18:49:22.426] [main/DEBUG] [io.netty.util.internal.PlatformDependent0/]: java.nio.Buffer.address: available
[208月2026 18:49:22.427] [main/DEBUG] [io.netty.util.internal.PlatformDependent0/]: direct buffer constructor: unavailable
java.lang.UnsupportedOperationException: Reflective setAccessible(true) disabled
	at io.netty.util.internal.ReflectionUtil.trySetAccessible(ReflectionUtil.java:31) ~[netty-common-4.1.82.Final.jar%2382!/:4.1.82.Final]
	at io.netty.util.internal.PlatformDependent0$5.run(PlatformDependent0.java:288) ~[netty-common-4.1.82.Final.jar%2382!/:4.1.82.Final]
	at java.security.AccessController.doPrivileged(AccessController.java:318) ~[?:?]
	at io.netty.util.internal.PlatformDependent0.<clinit>(PlatformDependent0.java:282) ~[netty-common-4.1.82.Final.jar%2382!/:4.1.82.Final]
	at io.netty.util.internal.PlatformDependent.isAndroid(PlatformDependent.java:333) ~[netty-common-4.1.82.Final.jar%2382!/:4.1.82.Final]
	at io.netty.util.internal.PlatformDependent.<clinit>(PlatformDependent.java:88) ~[netty-common-4.1.82.Final.jar%2382!/:4.1.82.Final]
	at io.netty.util.ConstantPool.<init>(ConstantPool.java:34) ~[netty-common-4.1.82.Final.jar%2382!/:4.1.82.Final]
	at io.netty.util.AttributeKey$1.<init>(AttributeKey.java:27) ~[netty-common-4.1.82.Final.jar%2382!/:4.1.82.Final]
	at io.netty.util.AttributeKey.<clinit>(AttributeKey.java:27) ~[netty-common-4.1.82.Final.jar%2382!/:4.1.82.Final]
	at net.minecraftforge.network.NetworkConstants.<clinit>(NetworkConstants.java:34) ~[forge-1.20.1-47.4.13-universal.jar%23136!/:?]
	at net.minecraftforge.network.NetworkHooks.init(NetworkHooks.java:52) ~[forge-1.20.1-47.4.13-universal.jar%23136!/:?]
	at net.minecraft.server.Bootstrap.m_135870_(Bootstrap.java:62) ~[server-1.20.1-20230612.114412-srg.jar%23131!/:?]
	at net.minecraft.server.Main.main(Main.java:121) ~[server-1.20.1-20230612.114412-srg.jar%23131!/:?]
	at jdk.internal.reflect.NativeMethodAccessorImpl.invoke0(Native Method) ~[?:?]
	at jdk.internal.reflect.NativeMethodAccessorImpl.invoke(NativeMethodAccessorImpl.java:77) ~[?:?]
	at jdk.internal.reflect.DelegatingMethodAccessorImpl.invoke(DelegatingMethodAccessorImpl.java:43) ~[?:?]
	at java.lang.reflect.Method.invoke(Method.java:568) ~[?:?]
	at net.minecraftforge.fml.loading.targets.CommonLaunchHandler.runTarget(CommonLaunchHandler.java:111) ~[fmlloader-1.20.1-47.4.13.jar%2369!/:?]
	at net.minecraftforge.fml.loading.targets.CommonLaunchHandler.serverService(CommonLaunchHandler.java:103) ~[fmlloader-1.20.1-47.4.13.jar%2369!/:?]
	at net.minecraftforge.fml.loading.targets.CommonServerLaunchHandler.lambda$makeService$0(CommonServerLaunchHandler.java:27) ~[fmlloader-1.20.1-47.4.13.jar%2369!/:?]
	at cpw.mods.modlauncher.LaunchServiceHandlerDecorator.launch(LaunchServiceHandlerDecorator.java:30) ~[modlauncher-10.0.9.jar%2355!/:?]
	at cpw.mods.modlauncher.LaunchServiceHandler.launch(LaunchServiceHandler.java:53) ~[modlauncher-10.0.9.jar%2355!/:?]
	at cpw.mods.modlauncher.LaunchServiceHandler.launch(LaunchServiceHandler.java:71) ~[modlauncher-10.0.9.jar%2355!/:?]
	at cpw.mods.modlauncher.Launcher.run(Launcher.java:108) ~[modlauncher-10.0.9.jar%2355!/:?]
	at cpw.mods.modlauncher.Launcher.main(Launcher.java:78) ~[modlauncher-10.0.9.jar%2355!/:?]
	at cpw.mods.modlauncher.BootstrapLaunchConsumer.accept(BootstrapLaunchConsumer.java:26) ~[modlauncher-10.0.9.jar%2355!/:?]
	at cpw.mods.modlauncher.BootstrapLaunchConsumer.accept(BootstrapLaunchConsumer.java:23) ~[modlauncher-10.0.9.jar%2355!/:?]
	at cpw.mods.bootstraplauncher.BootstrapLauncher.main(BootstrapLauncher.java:141) ~[bootstraplauncher-1.1.2.jar:?]
[208月2026 18:49:22.429] [main/DEBUG] [io.netty.util.internal.PlatformDependent0/]: java.nio.Bits.unaligned: available, true
[208月2026 18:49:22.430] [main/DEBUG] [io.netty.util.internal.PlatformDependent0/]: jdk.internal.misc.Unsafe.allocateUninitializedArray(int): unavailable
java.lang.IllegalAccessException: class io.netty.util.internal.PlatformDependent0$7 (in module io.netty.common) cannot access class jdk.internal.misc.Unsafe (in module java.base) because module java.base does not export jdk.internal.misc to module io.netty.common
	at jdk.internal.reflect.Reflection.newIllegalAccessException(Reflection.java:392) ~[?:?]
	at java.lang.reflect.AccessibleObject.checkAccess(AccessibleObject.java:674) ~[?:?]
	at java.lang.reflect.Method.invoke(Method.java:560) ~[?:?]
	at io.netty.util.internal.PlatformDependent0$7.run(PlatformDependent0.java:410) ~[netty-common-4.1.82.Final.jar%2382!/:4.1.82.Final]
	at java.security.AccessController.doPrivileged(AccessController.java:318) ~[?:?]
	at io.netty.util.internal.PlatformDependent0.<clinit>(PlatformDependent0.java:401) ~[netty-common-4.1.82.Final.jar%2382!/:4.1.82.Final]
	at io.netty.util.internal.PlatformDependent.isAndroid(PlatformDependent.java:333) ~[netty-common-4.1.82.Final.jar%2382!/:4.1.82.Final]
	at io.netty.util.internal.PlatformDependent.<clinit>(PlatformDependent.java:88) ~[netty-common-4.1.82.Final.jar%2382!/:4.1.82.Final]
	at io.netty.util.ConstantPool.<init>(ConstantPool.java:34) ~[netty-common-4.1.82.Final.jar%2382!/:4.1.82.Final]
	at io.netty.util.AttributeKey$1.<init>(AttributeKey.java:27) ~[netty-common-4.1.82.Final.jar%2382!/:4.1.82.Final]
	at io.netty.util.AttributeKey.<clinit>(AttributeKey.java:27) ~[netty-common-4.1.82.Final.jar%2382!/:4.1.82.Final]
	at net.minecraftforge.network.NetworkConstants.<clinit>(NetworkConstants.java:34) ~[forge-1.20.1-47.4.13-universal.jar%23136!/:?]
	at net.minecraftforge.network.NetworkHooks.init(NetworkHooks.java:52) ~[forge-1.20.1-47.4.13-universal.jar%23136!/:?]
	at net.minecraft.server.Bootstrap.m_135870_(Bootstrap.java:62) ~[server-1.20.1-20230612.114412-srg.jar%23131!/:?]
	at net.minecraft.server.Main.main(Main.java:121) ~[server-1.20.1-20230612.114412-srg.jar%23131!/:?]
	at jdk.internal.reflect.NativeMethodAccessorImpl.invoke0(Native Method) ~[?:?]
	at jdk.internal.reflect.NativeMethodAccessorImpl.invoke(NativeMethodAccessorImpl.java:77) ~[?:?]
	at jdk.internal.reflect.DelegatingMethodAccessorImpl.invoke(DelegatingMethodAccessorImpl.java:43) ~[?:?]
	at java.lang.reflect.Method.invoke(Method.java:568) ~[?:?]
	at net.minecraftforge.fml.loading.targets.CommonLaunchHandler.runTarget(CommonLaunchHandler.java:111) ~[fmlloader-1.20.1-47.4.13.jar%2369!/:?]
	at net.minecraftforge.fml.loading.targets.CommonLaunchHandler.serverService(CommonLaunchHandler.java:103) ~[fmlloader-1.20.1-47.4.13.jar%2369!/:?]
	at net.minecraftforge.fml.loading.targets.CommonServerLaunchHandler.lambda$makeService$0(CommonServerLaunchHandler.java:27) ~[fmlloader-1.20.1-47.4.13.jar%2369!/:?]
	at cpw.mods.modlauncher.LaunchServiceHandlerDecorator.launch(LaunchServiceHandlerDecorator.java:30) ~[modlauncher-10.0.9.jar%2355!/:?]
	at cpw.mods.modlauncher.LaunchServiceHandler.launch(LaunchServiceHandler.java:53) ~[modlauncher-10.0.9.jar%2355!/:?]
	at cpw.mods.modlauncher.LaunchServiceHandler.launch(LaunchServiceHandler.java:71) ~[modlauncher-10.0.9.jar%2355!/:?]
	at cpw.mods.modlauncher.Launcher.run(Launcher.java:108) ~[modlauncher-10.0.9.jar%2355!/:?]
	at cpw.mods.modlauncher.Launcher.main(Launcher.java:78) ~[modlauncher-10.0.9.jar%2355!/:?]
	at cpw.mods.modlauncher.BootstrapLaunchConsumer.accept(BootstrapLaunchConsumer.java:26) ~[modlauncher-10.0.9.jar%2355!/:?]
	at cpw.mods.modlauncher.BootstrapLaunchConsumer.accept(BootstrapLaunchConsumer.java:23) ~[modlauncher-10.0.9.jar%2355!/:?]
	at cpw.mods.bootstraplauncher.BootstrapLauncher.main(BootstrapLauncher.java:141) ~[bootstraplauncher-1.1.2.jar:?]
[208月2026 18:49:22.432] [main/DEBUG] [io.netty.util.internal.PlatformDependent0/]: java.nio.DirectByteBuffer.<init>(long, int): unavailable
[208月2026 18:49:22.432] [main/DEBUG] [io.netty.util.internal.PlatformDependent/]: sun.misc.Unsafe: available
[208月2026 18:49:22.434] [main/DEBUG] [io.netty.util.internal.PlatformDependent/]: maxDirectMemory: 8434745344 bytes (maybe)
[208月2026 18:49:22.434] [main/DEBUG] [io.netty.util.internal.PlatformDependent/]: -Dio.netty.tmpdir: C:\Users\ASUS\AppData\Local\Temp (java.io.tmpdir)
[208月2026 18:49:22.436] [main/DEBUG] [io.netty.util.internal.PlatformDependent/]: -Dio.netty.bitMode: 64 (sun.arch.data.model)
[208月2026 18:49:22.436] [main/DEBUG] [io.netty.util.internal.PlatformDependent/]: Platform: Windows
[208月2026 18:49:22.437] [main/DEBUG] [io.netty.util.internal.PlatformDependent/]: -Dio.netty.maxDirectMemory: -1 bytes
[208月2026 18:49:22.437] [main/DEBUG] [io.netty.util.internal.PlatformDependent/]: -Dio.netty.uninitializedArrayAllocationThreshold: -1
[208月2026 18:49:22.439] [main/DEBUG] [io.netty.util.internal.CleanerJava9/]: java.nio.ByteBuffer.cleaner(): available
[208月2026 18:49:22.440] [main/DEBUG] [io.netty.util.internal.PlatformDependent/]: -Dio.netty.noPreferDirect: false
[208月2026 18:49:22.531] [main/DEBUG] [net.minecraftforge.network.NetworkHooks/]: Loading Network data for FML net version: FML3
[208月2026 18:49:22.568] [main/DEBUG] [net.minecraftforge.common.ForgeI18n/CORE]: Loading I18N data entries: 6434
[208月2026 18:49:22.614] [main/DEBUG] [net.minecraftforge.fml.ModWorkManager/LOADING]: Using 16 threads for parallel mod-loading
[208月2026 18:49:22.637] [main/DEBUG] [net.minecraftforge.fml.javafmlmod.FMLJavaModLanguageProvider/LOADING]: Loading FMLModContainer from classloader cpw.mods.modlauncher.TransformingClassLoader@75babb67 - got cpw.mods.cl.ModuleClassLoader@198ef2ce
[208月2026 18:49:22.640] [main/DEBUG] [net.minecraftforge.fml.javafmlmod.FMLModContainer/LOADING]: Creating FMLModContainer instance for com.p1nero.invincible.InvincibleMod
[208月2026 18:49:22.644] [main/DEBUG] [net.minecraftforge.fml.javafmlmod.FMLJavaModLanguageProvider/LOADING]: Loading FMLModContainer from classloader cpw.mods.modlauncher.TransformingClassLoader@75babb67 - got cpw.mods.cl.ModuleClassLoader@198ef2ce
[208月2026 18:49:22.645] [main/DEBUG] [net.minecraftforge.fml.javafmlmod.FMLModContainer/LOADING]: Creating FMLModContainer instance for com.bawnorton.mixinsquared.platform.forge.MixinSquaredMod
[208月2026 18:49:22.646] [main/DEBUG] [net.minecraftforge.fml.javafmlmod.FMLJavaModLanguageProvider/LOADING]: Loading FMLModContainer from classloader cpw.mods.modlauncher.TransformingClassLoader@75babb67 - got cpw.mods.cl.ModuleClassLoader@198ef2ce
[208月2026 18:49:22.646] [main/DEBUG] [net.minecraftforge.fml.javafmlmod.FMLModContainer/LOADING]: Creating FMLModContainer instance for software.bernie.example.GeckoLibMod
[208月2026 18:49:22.647] [main/DEBUG] [net.minecraftforge.fml.javafmlmod.FMLJavaModLanguageProvider/LOADING]: Loading FMLModContainer from classloader cpw.mods.modlauncher.TransformingClassLoader@75babb67 - got cpw.mods.cl.ModuleClassLoader@198ef2ce
[208月2026 18:49:22.647] [main/DEBUG] [net.minecraftforge.fml.javafmlmod.FMLModContainer/LOADING]: Creating FMLModContainer instance for net.shelmarow.combat_evolution.CombatEvolution
[208月2026 18:49:22.651] [main/DEBUG] [net.minecraftforge.fml.javafmlmod.FMLJavaModLanguageProvider/LOADING]: Loading FMLModContainer from classloader cpw.mods.modlauncher.TransformingClassLoader@75babb67 - got cpw.mods.cl.ModuleClassLoader@198ef2ce
[208月2026 18:49:22.651] [main/DEBUG] [net.minecraftforge.fml.javafmlmod.FMLModContainer/LOADING]: Creating FMLModContainer instance for com.maidweapon.refill.MaidWeaponRefill
[208月2026 18:49:22.652] [main/DEBUG] [net.minecraftforge.fml.javafmlmod.FMLJavaModLanguageProvider/LOADING]: Loading FMLModContainer from classloader cpw.mods.modlauncher.TransformingClassLoader@75babb67 - got cpw.mods.cl.ModuleClassLoader@198ef2ce
[208月2026 18:49:22.653] [main/DEBUG] [net.minecraftforge.fml.javafmlmod.FMLModContainer/LOADING]: Creating FMLModContainer instance for com.github.tartaricacid.touhoulittlemaid.TouhouLittleMaid
[208月2026 18:49:22.654] [main/DEBUG] [net.minecraftforge.fml.javafmlmod.FMLJavaModLanguageProvider/LOADING]: Loading FMLModContainer from classloader cpw.mods.modlauncher.TransformingClassLoader@75babb67 - got cpw.mods.cl.ModuleClassLoader@198ef2ce
[208月2026 18:49:22.654] [main/DEBUG] [net.minecraftforge.fml.javafmlmod.FMLModContainer/LOADING]: Creating FMLModContainer instance for com.github.mcmodderanchor.simplebedrockmodel.SimpleBedrockModel
[208月2026 18:49:22.656] [main/DEBUG] [net.minecraftforge.fml.javafmlmod.FMLJavaModLanguageProvider/LOADING]: Loading FMLModContainer from classloader cpw.mods.modlauncher.TransformingClassLoader@75babb67 - got cpw.mods.cl.ModuleClassLoader@198ef2ce
[208月2026 18:49:22.657] [main/DEBUG] [net.minecraftforge.fml.javafmlmod.FMLModContainer/LOADING]: Creating FMLModContainer instance for yesman.epicfight.main.EpicFightMod
[208月2026 18:49:22.658] [main/DEBUG] [mixin/]: Mixing EpicFightModMixin from invincible.mixins.json into yesman.epicfight.main.EpicFightMod
[208月2026 18:49:22.658] [main/DEBUG] [mixin/]: Renaming synthetic method lambda$invincible$constructMod$1()V to md2eafad$lambda$invincible$constructMod$1$0 in invincible.mixins.json:EpicFightModMixin
[208月2026 18:49:22.658] [main/DEBUG] [mixin/]: Renaming synthetic method lambda$invincible$constructMod$0(Lcom/p1nero/invincible/api/forgeevent/DuplicateAnimationRegistryEvent$DuplicateAnimationBuilder;)V to md2eafad$lambda$invincible$constructMod$0$1 in invincible.mixins.json:EpicFightModMixin
[208月2026 18:49:22.676] [main/DEBUG] [net.minecraftforge.fml.javafmlmod.FMLJavaModLanguageProvider/LOADING]: Loading FMLModContainer from classloader cpw.mods.modlauncher.TransformingClassLoader@75babb67 - got cpw.mods.cl.ModuleClassLoader@198ef2ce
[208月2026 18:49:22.676] [main/DEBUG] [net.minecraftforge.fml.javafmlmod.FMLModContainer/LOADING]: Creating FMLModContainer instance for reascer.wom.main.WeaponsOfMinecraft
[208月2026 18:49:22.678] [main/DEBUG] [net.minecraftforge.fml.javafmlmod.FMLJavaModLanguageProvider/LOADING]: Loading FMLModContainer from classloader cpw.mods.modlauncher.TransformingClassLoader@75babb67 - got cpw.mods.cl.ModuleClassLoader@198ef2ce
[208月2026 18:49:22.678] [main/DEBUG] [net.minecraftforge.fml.javafmlmod.FMLModContainer/LOADING]: Creating FMLModContainer instance for com.merlin204.avalon.main.AvalonMOD
[208月2026 18:49:22.679] [main/DEBUG] [net.minecraftforge.fml.javafmlmod.FMLJavaModLanguageProvider/LOADING]: Loading FMLModContainer from classloader cpw.mods.modlauncher.TransformingClassLoader@75babb67 - got cpw.mods.cl.ModuleClassLoader@198ef2ce
[208月2026 18:49:22.679] [main/DEBUG] [net.minecraftforge.fml.javafmlmod.FMLModContainer/LOADING]: Creating FMLModContainer instance for se.gory_moon.player_mobs.PlayerMobs
[208月2026 18:49:22.680] [main/DEBUG] [net.minecraftforge.fml.javafmlmod.FMLJavaModLanguageProvider/LOADING]: Loading FMLModContainer from classloader cpw.mods.modlauncher.TransformingClassLoader@75babb67 - got cpw.mods.cl.ModuleClassLoader@198ef2ce
[208月2026 18:49:22.683] [main/DEBUG] [net.minecraftforge.fml.javafmlmod.FMLModContainer/LOADING]: Creating FMLModContainer instance for com.llamalad7.mixinextras.platform.forge.MixinExtrasMod
[208月2026 18:49:22.684] [main/DEBUG] [net.minecraftforge.fml.javafmlmod.FMLJavaModLanguageProvider/LOADING]: Loading FMLModContainer from classloader cpw.mods.modlauncher.TransformingClassLoader@75babb67 - got cpw.mods.cl.ModuleClassLoader@198ef2ce
[208月2026 18:49:22.684] [main/DEBUG] [net.minecraftforge.fml.javafmlmod.FMLModContainer/LOADING]: Creating FMLModContainer instance for com.guhao.vix.VIX
[208月2026 18:49:22.687] [main/DEBUG] [net.minecraftforge.fml.javafmlmod.FMLJavaModLanguageProvider/LOADING]: Loading FMLModContainer from classloader cpw.mods.modlauncher.TransformingClassLoader@75babb67 - got cpw.mods.cl.ModuleClassLoader@198ef2ce
[208月2026 18:49:22.687] [main/DEBUG] [net.minecraftforge.fml.javafmlmod.FMLModContainer/LOADING]: Creating FMLModContainer instance for dev.architectury.forge.ArchitecturyForge
[208月2026 18:49:22.691] [main/DEBUG] [net.minecraftforge.fml.javafmlmod.FMLJavaModLanguageProvider/LOADING]: Loading FMLModContainer from classloader cpw.mods.modlauncher.TransformingClassLoader@75babb67 - got cpw.mods.cl.ModuleClassLoader@198ef2ce
[208月2026 18:49:22.692] [main/DEBUG] [net.minecraftforge.fml.javafmlmod.FMLModContainer/LOADING]: Creating FMLModContainer instance for com.hm.efn.EFN
[208月2026 18:49:22.694] [main/DEBUG] [net.minecraftforge.fml.javafmlmod.FMLJavaModLanguageProvider/LOADING]: Loading FMLModContainer from classloader cpw.mods.modlauncher.TransformingClassLoader@75babb67 - got cpw.mods.cl.ModuleClassLoader@198ef2ce
[208月2026 18:49:22.696] [main/DEBUG] [net.minecraftforge.fml.javafmlmod.FMLModContainer/LOADING]: Creating FMLModContainer instance for com.pla.annoyingvillagers.AnnoyingVillagers
[208月2026 18:49:22.698] [main/DEBUG] [net.minecraftforge.fml.javafmlmod.FMLJavaModLanguageProvider/LOADING]: Loading FMLModContainer from classloader cpw.mods.modlauncher.TransformingClassLoader@75babb67 - got cpw.mods.cl.ModuleClassLoader@198ef2ce
[208月2026 18:49:22.698] [main/DEBUG] [net.minecraftforge.fml.javafmlmod.FMLModContainer/LOADING]: Creating FMLModContainer instance for com.pla.efclash_blade.EFClashBlade
[208月2026 18:49:22.700] [main/DEBUG] [net.minecraftforge.fml.javafmlmod.FMLJavaModLanguageProvider/LOADING]: Loading FMLModContainer from classloader cpw.mods.modlauncher.TransformingClassLoader@75babb67 - got cpw.mods.cl.ModuleClassLoader@198ef2ce
[208月2026 18:49:22.700] [main/DEBUG] [net.minecraftforge.fml.javafmlmod.FMLModContainer/LOADING]: Creating FMLModContainer instance for org.ywzj.vehicle.YwzjVehicle
[208月2026 18:49:22.702] [main/DEBUG] [net.minecraftforge.fml.javafmlmod.FMLJavaModLanguageProvider/LOADING]: Loading FMLModContainer from classloader cpw.mods.modlauncher.TransformingClassLoader@75babb67 - got cpw.mods.cl.ModuleClassLoader@198ef2ce
[208月2026 18:49:22.702] [main/DEBUG] [net.minecraftforge.fml.javafmlmod.FMLModContainer/LOADING]: Creating FMLModContainer instance for net.EFTLM.EFTLM
[208月2026 18:49:22.704] [main/DEBUG] [net.minecraftforge.fml.javafmlmod.FMLJavaModLanguageProvider/LOADING]: Loading FMLModContainer from classloader cpw.mods.modlauncher.TransformingClassLoader@75babb67 - got cpw.mods.cl.ModuleClassLoader@198ef2ce
[208月2026 18:49:22.704] [main/DEBUG] [net.minecraftforge.fml.javafmlmod.FMLModContainer/LOADING]: Creating FMLModContainer instance for com.ysmef.geomodel.YSMGeoCompat
[208月2026 18:49:22.707] [main/DEBUG] [net.minecraftforge.fml.javafmlmod.FMLJavaModLanguageProvider/LOADING]: Loading FMLModContainer from classloader cpw.mods.modlauncher.TransformingClassLoader@75babb67 - got cpw.mods.cl.ModuleClassLoader@198ef2ce
[208月2026 18:49:22.707] [main/DEBUG] [net.minecraftforge.fml.javafmlmod.FMLModContainer/LOADING]: Creating FMLModContainer instance for net.minecraftforge.common.ForgeMod
[208月2026 18:49:22.713] [main/DEBUG] [net.minecraftforge.fml.javafmlmod.FMLJavaModLanguageProvider/LOADING]: Loading FMLModContainer from classloader cpw.mods.modlauncher.TransformingClassLoader@75babb67 - got cpw.mods.cl.ModuleClassLoader@198ef2ce
[208月2026 18:49:22.713] [main/DEBUG] [net.minecraftforge.fml.javafmlmod.FMLModContainer/LOADING]: Creating FMLModContainer instance for org.eftlm.stylish.EFTLMStylish
[208月2026 18:49:22.748] [modloading-worker-0/DEBUG] [net.minecraftforge.fml.javafmlmod.AutomaticEventSubscriber/LOADING]: Attempting to inject @EventBusSubscriber classes into the eventbus for mixinsquared
[208月2026 18:49:22.777] [modloading-worker-0/DEBUG] [net.minecraftforge.fml.javafmlmod.AutomaticEventSubscriber/LOADING]: Attempting to inject @EventBusSubscriber classes into the eventbus for mixinextras
[208月2026 18:49:22.796] [modloading-worker-0/DEBUG] [net.minecraftforge.fml.javafmlmod.AutomaticEventSubscriber/LOADING]: Attempting to inject @EventBusSubscriber classes into the eventbus for vix
[208月2026 18:49:22.844] [modloading-worker-0/DEBUG] [net.minecraftforge.fml.javafmlmod.AutomaticEventSubscriber/LOADING]: Attempting to inject @EventBusSubscriber classes into the eventbus for simplebedrockmodel
[208月2026 18:49:22.859] [modloading-worker-0/DEBUG] [mixin/]: Mixing common.PathPackResourcesMixin from mixins.ywzj_vehicle.json into net.minecraftforge.resource.PathPackResources
[208月2026 18:49:22.862] [modloading-worker-0/DEBUG] [mixin/]: Renaming synthetic method lambda$ywzj_vehicle$getNamespacesFromCommon$6(Ljava/lang/String;)Z to md2eafad$lambda$ywzj_vehicle$getNamespacesFromCommon$6$0 in mixins.ywzj_vehicle.json:common.PathPackResourcesMixin
[208月2026 18:49:22.863] [modloading-worker-0/DEBUG] [mixin/]: Renaming synthetic method lambda$ywzj_vehicle$getNamespacesFromCommon$5(Ljava/nio/file/Path;)Ljava/lang/String; to md2eafad$lambda$ywzj_vehicle$getNamespacesFromCommon$5$1 in mixins.ywzj_vehicle.json:common.PathPackResourcesMixin
[208月2026 18:49:22.864] [modloading-worker-0/DEBUG] [mixin/]: Renaming synthetic method lambda$ywzj_vehicle$getNamespacesFromCommon$4(Ljava/nio/file/Path;)Z to md2eafad$lambda$ywzj_vehicle$getNamespacesFromCommon$4$2 in mixins.ywzj_vehicle.json:common.PathPackResourcesMixin
[208月2026 18:49:22.864] [modloading-worker-0/DEBUG] [mixin/]: Renaming synthetic method lambda$ywzj_vehicle$getNamespacesFromCommon$3(Ljava/nio/file/Path;)Z to md2eafad$lambda$ywzj_vehicle$getNamespacesFromCommon$3$3 in mixins.ywzj_vehicle.json:common.PathPackResourcesMixin
[208月2026 18:49:22.864] [modloading-worker-0/DEBUG] [mixin/]: Renaming synthetic method lambda$listResourcesMerged$2(Ljava/lang/String;Lcom/mojang/serialization/DataResult$PartialResult;)V to md2eafad$lambda$listResourcesMerged$2$4 in mixins.ywzj_vehicle.json:common.PathPackResourcesMixin
[208月2026 18:49:22.864] [modloading-worker-0/DEBUG] [mixin/]: Renaming synthetic method lambda$listResourcesMerged$1(Lnet/minecraft/server/packs/PackType;Ljava/lang/String;Lnet/minecraft/server/packs/PackResources$ResourceOutput;Ljava/util/List;)V to md2eafad$lambda$listResourcesMerged$1$5 in mixins.ywzj_vehicle.json:common.PathPackResourcesMixin
[208月2026 18:49:22.864] [modloading-worker-0/DEBUG] [mixin/]: Renaming synthetic method lambda$listResourcesMerged$0(Ljava/nio/file/Path;Lnet/minecraft/server/packs/PackResources$ResourceOutput;Lnet/minecraft/resources/ResourceLocation;Lnet/minecraft/server/packs/resources/IoSupplier;)V to md2eafad$lambda$listResourcesMerged$0$6 in mixins.ywzj_vehicle.json:common.PathPackResourcesMixin
[208月2026 18:49:22.959] [modloading-worker-0/DEBUG] [net.minecraftforge.fml.javafmlmod.AutomaticEventSubscriber/LOADING]: Auto-subscribing com.github.mcmodderanchor.simplebedrockmodel.v1.resource.ReloadListenersRegister$BedrockModelServerRegister to FORGE
[208月2026 18:49:22.964] [modloading-worker-0/DEBUG] [net.minecraftforge.fml.javafmlmod.AutomaticEventSubscriber/LOADING]: Attempting to inject @EventBusSubscriber classes into the eventbus for maid_weapon_refill
[208月2026 18:49:23.010] [modloading-worker-0/DEBUG] [mixin/]: Mixing SkillMixin from efn.mixins.json into yesman.epicfight.skill.Skill
[208月2026 18:49:23.016] [modloading-worker-0/INFO] [com.merlin204.avalon.main.AvalonMOD/]: 自动注册实体: SHAKE_WAVE -> shake_wave
[208月2026 18:49:23.020] [modloading-worker-0/INFO] [com.merlin204.avalon.main.AvalonMOD/]: 自动注册实体: VFX -> vfx
[208月2026 18:49:23.021] [modloading-worker-0/INFO] [com.merlin204.avalon.main.AvalonMOD/]: 自动注册实体: ANIMATION_TEXTURE_VFX -> animation_texture_vfx
[208月2026 18:49:23.034] [modloading-worker-0/DEBUG] [net.minecraftforge.fml.config.ConfigTracker/CONFIG]: Config file ysm_geo_compat-client.toml for ysm_geo_compat tracking
[208月2026 18:49:23.034] [modloading-worker-0/DEBUG] [net.minecraftforge.fml.config.ConfigTracker/CONFIG]: Config file efclash_blade-server.toml for efclash_blade tracking
[208月2026 18:49:23.034] [modloading-worker-0/DEBUG] [net.minecraftforge.fml.config.ConfigTracker/CONFIG]: Config file epicfight-server.toml for epicfight tracking
[208月2026 18:49:23.035] [modloading-worker-0/DEBUG] [mixin/]: Mixing compat.efn.HfMuramasaItemMixin from annoyingvillagers.mixins.json into com.hm.efn.item.custom.HfMurasamaItem
[208月2026 18:49:23.035] [modloading-worker-0/INFO] [YSM-GEO Compat/]: YSM-GEO Compat: Initialized successfully
[208月2026 18:49:23.035] [modloading-worker-0/DEBUG] [net.minecraftforge.fml.javafmlmod.AutomaticEventSubscriber/LOADING]: Attempting to inject @EventBusSubscriber classes into the eventbus for ysm_geo_compat
[208月2026 18:49:23.037] [modloading-worker-0/INFO] [org.eftlm.stylish.EFTLMStylish/]: EFTLM Stylish Combat loaded!
[208月2026 18:49:23.039] [modloading-worker-0/DEBUG] [mixin/]: Mixing compat.efn.YamatoItemMixin from annoyingvillagers.mixins.json into com.hm.efn.item.custom.YamatoItem
[208月2026 18:49:23.046] [modloading-worker-0/DEBUG] [mixin/]: Mixing compat.efn.CoTachiItemMixin from annoyingvillagers.mixins.json into com.hm.efn.item.custom.CoTachiItem
[208月2026 18:49:23.047] [modloading-worker-0/INFO] [eftlm_stylish/]: [DIAG] ===== EFTLM Stylish environment =====
[208月2026 18:49:23.049] [modloading-worker-0/INFO] [eftlm_stylish/]: [DIAG] ef_tlm version: 1.3.2
[208月2026 18:49:23.050] [modloading-worker-0/INFO] [eftlm_stylish/]: [DIAG] epicfight version: 20.14.17
[208月2026 18:49:23.050] [modloading-worker-0/DEBUG] [mixin/]: Mixing compat.efn.BroadBladeItemMixin from annoyingvillagers.mixins.json into com.hm.efn.item.custom.BroadBladeItem
[208月2026 18:49:23.050] [modloading-worker-0/INFO] [eftlm_stylish/]: [DIAG] touhou_little_maid version: 1.5.3-forge+mc1.20.1
[208月2026 18:49:23.051] [modloading-worker-0/INFO] [eftlm_stylish/]: [DIAG] wom loaded: true version: 2.0.164
[208月2026 18:49:23.052] [modloading-worker-0/INFO] [eftlm_stylish/]: [DIAG] =======================================
[208月2026 18:49:23.052] [modloading-worker-0/DEBUG] [net.minecraftforge.fml.javafmlmod.AutomaticEventSubscriber/LOADING]: Attempting to inject @EventBusSubscriber classes into the eventbus for eftlm_stylish
[208月2026 18:49:23.052] [modloading-worker-0/DEBUG] [net.minecraftforge.fml.javafmlmod.AutomaticEventSubscriber/LOADING]: Auto-subscribing org.eftlm.stylish.rl.RlMemoryCleanup to FORGE
[208月2026 18:49:23.054] [modloading-worker-0/DEBUG] [mixin/]: Mixing compat.efn.KusabimaruItemMixin from annoyingvillagers.mixins.json into com.hm.efn.item.custom.KusabimaruItem
[208月2026 18:49:23.059] [modloading-worker-0/DEBUG] [mixin/]: Mixing compat.efn.NFShortSwordTwoItemMixin from annoyingvillagers.mixins.json into com.hm.efn.item.custom.NFShortSwordTwoItem
[208月2026 18:49:23.062] [modloading-worker-0/DEBUG] [net.minecraftforge.fml.javafmlmod.AutomaticEventSubscriber/LOADING]: Auto-subscribing org.eftlm.stylish.rl.RlFeedback to FORGE
[208月2026 18:49:23.062] [modloading-worker-0/DEBUG] [mixin/]: Mixing compat.efn.AetherialDuskDualSword_MainHandItemMixin from annoyingvillagers.mixins.json into com.hm.efn.item.custom.AetherialDuskDualSword_MainHandItem
[208月2026 18:49:23.066] [modloading-worker-0/DEBUG] [mixin/]: Mixing compat.efn.ThornWheelItemMixin from annoyingvillagers.mixins.json into com.hm.efn.item.custom.ThornWheelItem
[208月2026 18:49:23.068] [modloading-worker-0/DEBUG] [epicfight/]: Registered Extendable Enum class com.pla.efclash_blade.gameasset.EFClashBladeSkillSlots in skill_slot
[208月2026 18:49:23.072] [modloading-worker-0/DEBUG] [mixin/]: Mixing compat.efn.CrescentMoonItemMixin from annoyingvillagers.mixins.json into com.hm.efn.item.custom.CrescentMoonItem
[208月2026 18:49:23.072] [modloading-worker-0/DEBUG] [epicfight/]: Registered Extendable Enum class net.EFTLM.EF.Animation.EFTLM_LivingMotions in living_motion
[208月2026 18:49:23.075] [modloading-worker-0/DEBUG] [epicfight/]: Registered Extendable Enum class com.pla.efclash_blade.gameasset.EFClashBladeSkillCategories in skill_category
[208月2026 18:49:23.075] [modloading-worker-0/DEBUG] [net.minecraftforge.fml.javafmlmod.AutomaticEventSubscriber/LOADING]: Attempting to inject @EventBusSubscriber classes into the eventbus for efclash_blade
[208月2026 18:49:23.076] [modloading-worker-0/DEBUG] [net.minecraftforge.fml.javafmlmod.AutomaticEventSubscriber/LOADING]: Auto-subscribing com.pla.efclash_blade.gameasset.EFClashBladeSkills to MOD
[208月2026 18:49:23.076] [modloading-worker-0/DEBUG] [mixin/]: Mixing compat.efn.ExcaliburItemMixin from annoyingvillagers.mixins.json into com.hm.efn.item.geo.ExcaliburItem
[208月2026 18:49:23.079] [modloading-worker-0/DEBUG] [net.minecraftforge.fml.config.ConfigTracker/CONFIG]: Config file player_mobs-common.toml for player_mobs tracking
[208月2026 18:49:23.080] [modloading-worker-0/DEBUG] [epicfight/]: Registered Extendable Enum class com.merlin204.avalon.epicfight.gameassets.AvalonCategories in weapon_category
[208月2026 18:49:23.080] [modloading-worker-0/DEBUG] [net.minecraftforge.fml.javafmlmod.AutomaticEventSubscriber/LOADING]: Attempting to inject @EventBusSubscriber classes into the eventbus for geckolib
[208月2026 18:49:23.080] [modloading-worker-0/DEBUG] [net.minecraftforge.fml.javafmlmod.AutomaticEventSubscriber/LOADING]: Auto-subscribing software.bernie.example.GeckoLibMod to FORGE
[208月2026 18:49:23.080] [modloading-worker-0/DEBUG] [net.minecraftforge.fml.javafmlmod.AutomaticEventSubscriber/LOADING]: Auto-subscribing software.bernie.example.CommonListener to MOD
[208月2026 18:49:23.084] [modloading-worker-0/DEBUG] [net.minecraftforge.fml.config.ConfigTracker/CONFIG]: Config file wom-client.toml for wom tracking
[208月2026 18:49:23.086] [modloading-worker-0/DEBUG] [net.minecraftforge.fml.javafmlmod.AutomaticEventSubscriber/LOADING]: Auto-subscribing com.pla.efclash_blade.event.MobClashBladeEvent to FORGE
[208月2026 18:49:23.087] [modloading-worker-0/DEBUG] [mixin/]: Mixing compat.efn.NFShortSwordItemMixin from annoyingvillagers.mixins.json into com.hm.efn.item.custom.NFShortSwordItem
[208月2026 18:49:23.089] [modloading-worker-0/DEBUG] [net.minecraftforge.fml.javafmlmod.AutomaticEventSubscriber/LOADING]: Auto-subscribing org.eftlm.stylish.rl.RlCommand to FORGE
[208月2026 18:49:23.090] [modloading-worker-0/DEBUG] [mixin/]: Mixing MobClashBladeMixin from annoyingvillagers.mixins.json into com.pla.efclash_blade.event.MobClashBladeEvent
[208月2026 18:49:23.090] [modloading-worker-0/DEBUG] [mixin/]: Renaming synthetic method lambda$moreLogicAfterClashing$1(Lnet/minecraft/server/level/ServerPlayer;)V to md2eafad$lambda$moreLogicAfterClashing$1$0 in annoyingvillagers.mixins.json:MobClashBladeMixin
[208月2026 18:49:23.091] [modloading-worker-0/DEBUG] [mixin/]: Renaming synthetic method lambda$moreLogicAfterClashing$0(Lnet/minecraft/server/level/ServerPlayer;)V to md2eafad$lambda$moreLogicAfterClashing$0$1 in annoyingvillagers.mixins.json:MobClashBladeMixin
[208月2026 18:49:23.154] [modloading-worker-0/DEBUG] [mixin/]: Mixing compat.efn.FireExsiliumgladiusItemMixin from annoyingvillagers.mixins.json into com.hm.efn.item.custom.FireExsiliumgladiusItem
[208月2026 18:49:23.154] [modloading-worker-0/DEBUG] [net.minecraftforge.fml.config.ConfigTracker/CONFIG]: Config file combat_evolution-common.toml for combat_evolution tracking
[208月2026 18:49:23.160] [modloading-worker-0/DEBUG] [mixin/]: Mixing compat.efn.Meen_SpearItemMixin from annoyingvillagers.mixins.json into com.hm.efn.item.custom.Meen_SpearItem
[208月2026 18:49:23.166] [modloading-worker-0/DEBUG] [mixin/]: Mixing compat.efn.ExsiliumgladiusItemMixin from annoyingvillagers.mixins.json into com.hm.efn.item.custom.ExsiliumgladiusItem
[208月2026 18:49:23.167] [modloading-worker-0/DEBUG] [net.minecraftforge.fml.javafmlmod.AutomaticEventSubscriber/LOADING]: Auto-subscribing com.pla.efclash_blade.event.AddStarterSkillEvent to FORGE
[208月2026 18:49:23.170] [modloading-worker-0/DEBUG] [mixin/]: Mixing compat.efn.AirTachiItemMixin from annoyingvillagers.mixins.json into com.hm.efn.item.custom.AirTachiItem
[208月2026 18:49:23.173] [modloading-worker-0/DEBUG] [mixin/]: Mixing compat.efn.PioneerItemMixin from annoyingvillagers.mixins.json into com.hm.efn.item.custom.PioneerItem
[208月2026 18:49:23.177] [modloading-worker-0/DEBUG] [mixin/]: Mixing compat.efn.ScytheItemMixin from annoyingvillagers.mixins.json into com.hm.efn.item.custom.ScytheItem
[208月2026 18:49:23.180] [modloading-worker-0/DEBUG] [mixin/]: Mixing compat.efn.NfClawItemMixin from annoyingvillagers.mixins.json into com.hm.efn.item.custom.NfClawItem
[208月2026 18:49:23.180] [modloading-worker-0/DEBUG] [net.minecraftforge.fml.javafmlmod.AutomaticEventSubscriber/LOADING]: Auto-subscribing org.eftlm.stylish.rl.RlActHandler to FORGE
[208月2026 18:49:23.191] [modloading-worker-0/DEBUG] [net.minecraftforge.fml.javafmlmod.AutomaticEventSubscriber/LOADING]: Attempting to inject @EventBusSubscriber classes into the eventbus for epic_fight_avalon
[208月2026 18:49:23.191] [modloading-worker-0/DEBUG] [net.minecraftforge.fml.javafmlmod.AutomaticEventSubscriber/LOADING]: Auto-subscribing com.merlin204.avalon.event.ForgeEvents to FORGE
[208月2026 18:49:23.197] [modloading-worker-0/DEBUG] [net.minecraftforge.fml.javafmlmod.AutomaticEventSubscriber/LOADING]: Auto-subscribing com.pla.efclash_blade.EFClashBlade$initer to MOD
[208月2026 18:49:23.200] [modloading-worker-0/DEBUG] [net.minecraftforge.versions.forge.ForgeVersion/CORE]: Forge Version package package net.minecraftforge.versions.forge, Forge, version 47.4 from cpw.mods.modlauncher.TransformingClassLoader@75babb67
[208月2026 18:49:23.200] [modloading-worker-0/DEBUG] [net.minecraftforge.versions.forge.ForgeVersion/CORE]: Found Forge version 47.4.13
[208月2026 18:49:23.200] [modloading-worker-0/DEBUG] [net.minecraftforge.versions.forge.ForgeVersion/CORE]: Found Forge spec 47.4
[208月2026 18:49:23.200] [modloading-worker-0/DEBUG] [net.minecraftforge.versions.forge.ForgeVersion/CORE]: Found Forge group net.minecraftforge
[208月2026 18:49:23.201] [modloading-worker-0/DEBUG] [net.minecraftforge.fml.javafmlmod.AutomaticEventSubscriber/LOADING]: Auto-subscribing org.eftlm.stylish.compat.wom.SolarModelHandler to FORGE
[208月2026 18:49:23.205] [modloading-worker-0/DEBUG] [net.minecraftforge.fml.javafmlmod.AutomaticEventSubscriber/LOADING]: Auto-subscribing com.merlin204.avalon.event.AvalonEntityEventHandler to MOD
[208月2026 18:49:23.207] [modloading-worker-0/DEBUG] [net.minecraftforge.fml.javafmlmod.AutomaticEventSubscriber/LOADING]: Attempting to inject @EventBusSubscriber classes into the eventbus for ef_tlm
[208月2026 18:49:23.207] [modloading-worker-0/DEBUG] [net.minecraftforge.fml.javafmlmod.AutomaticEventSubscriber/LOADING]: Auto-subscribing net.EFTLM.EF.Event.EventBus$ModEvents to MOD
[208月2026 18:49:23.212] [modloading-worker-0/DEBUG] [net.minecraftforge.fml.javafmlmod.AutomaticEventSubscriber/LOADING]: Auto-subscribing com.merlin204.avalon.epicfight.AvalonAnimations to MOD
[208月2026 18:49:23.212] [modloading-worker-0/DEBUG] [net.minecraftforge.versions.mcp.MCPVersion/CORE]: MCP Version package package net.minecraftforge.versions.mcp, Minecraft, version 1.20.1 from cpw.mods.modlauncher.TransformingClassLoader@75babb67
[208月2026 18:49:23.212] [modloading-worker-0/DEBUG] [net.minecraftforge.versions.mcp.MCPVersion/CORE]: Found MC version information 1.20.1
[208月2026 18:49:23.212] [modloading-worker-0/DEBUG] [net.minecraftforge.versions.mcp.MCPVersion/CORE]: Found MCP version information 20230612.114412
[208月2026 18:49:23.212] [modloading-worker-0/INFO] [net.minecraftforge.common.ForgeMod/FORGEMOD]: Forge mod loading, version 47.4.13, for MC 1.20.1 with MCP 20230612.114412
[208月2026 18:49:23.213] [modloading-worker-0/INFO] [org.ywzj.vehicle.YwzjVehicle/VehiclePackFinder]: Start scanning for vehicle packs in E:\program\JAVA\touhou little maid - unknow sky area\prod_server\limitless_vehicle
[208月2026 18:49:23.214] [modloading-worker-0/INFO] [net.minecraftforge.common.MinecraftForge/FORGE]: MinecraftForge v47.4.13 Initialized
[208月2026 18:49:23.245] [modloading-worker-0/DEBUG] [mixin/]: Mixing AnimationManagerAccessor from invincible.mixins.json into yesman.epicfight.api.animation.AnimationManager
[208月2026 18:49:23.254] [modloading-worker-0/DEBUG] [net.minecraftforge.fml.javafmlmod.AutomaticEventSubscriber/LOADING]: Auto-subscribing org.eftlm.stylish.compat.efn.EfnSkillCommand to FORGE
[208月2026 18:49:23.269] [modloading-worker-0/INFO] [org.ywzj.vehicle.YwzjVehicle/VehiclePackFinder]: - default_vehicle, Main namespace: ywzj_vehicle
[208月2026 18:49:23.270] [modloading-worker-0/INFO] [org.ywzj.vehicle.YwzjVehicle/VehiclePackFinder]: Found 1 possible vehicle pack(s)
[208月2026 18:49:23.317] [modloading-worker-0/DEBUG] [net.minecraftforge.fml.javafmlmod.AutomaticEventSubscriber/LOADING]: Auto-subscribing org.eftlm.stylish.arena.AutoArena to FORGE
[208月2026 18:49:23.364] [modloading-worker-0/DEBUG] [net.minecraftforge.fml.config.ConfigTracker/CONFIG]: Config file ywzj_vehicle-common.toml for ywzj_vehicle tracking
[208月2026 18:49:23.371] [modloading-worker-0/DEBUG] [mixin/]: Mixing MixinLevelEvent from architectury.mixins.json into net.minecraftforge.event.level.LevelEvent
[208月2026 18:49:23.379] [modloading-worker-0/DEBUG] [net.minecraftforge.fml.config.ConfigTracker/CONFIG]: Config file ywzj_vehicle-server.toml for ywzj_vehicle tracking
[208月2026 18:49:23.386] [modloading-worker-0/DEBUG] [net.minecraftforge.fml.javafmlmod.AutomaticEventSubscriber/LOADING]: Auto-subscribing net.EFTLM.EF.Event.EventBus$ForgeEvents to FORGE
[208月2026 18:49:23.400] [modloading-worker-0/DEBUG] [net.minecraftforge.fml.javafmlmod.AutomaticEventSubscriber/LOADING]: Auto-subscribing com.merlin204.avalon.api.AvalonEntityRegistryManager to MOD
[208月2026 18:49:23.407] [modloading-worker-0/DEBUG] [net.minecraftforge.fml.javafmlmod.AutomaticEventSubscriber/LOADING]: Auto-subscribing org.eftlm.stylish.EF.Event.StylishBehaviorRegister to FORGE
[208月2026 18:49:23.475] [modloading-worker-0/DEBUG] [net.minecraftforge.fml.javafmlmod.AutomaticEventSubscriber/LOADING]: Auto-subscribing org.eftlm.stylish.EF.Event.ModEventBus to MOD
[208月2026 18:49:23.491] [modloading-worker-0/DEBUG] [net.minecraftforge.fml.javafmlmod.AutomaticEventSubscriber/LOADING]: Auto-subscribing org.eftlm.stylish.EF.Event.Diagnose to FORGE
[208月2026 18:49:23.526] [modloading-worker-0/DEBUG] [net.minecraftforge.fml.javafmlmod.AutomaticEventSubscriber/LOADING]: Auto-subscribing org.eftlm.stylish.EF.Event.ChaseBoost to FORGE
[208月2026 18:49:23.548] [modloading-worker-0/DEBUG] [net.minecraftforge.fml.config.ConfigTracker/CONFIG]: Config file epicfight-common.toml for epicfight tracking
[208月2026 18:49:23.577] [modloading-worker-0/DEBUG] [net.minecraftforge.fml.javafmlmod.AutomaticEventSubscriber/LOADING]: Attempting to inject @EventBusSubscriber classes into the eventbus for combat_evolution
[208月2026 18:49:23.577] [modloading-worker-0/DEBUG] [net.minecraftforge.fml.javafmlmod.AutomaticEventSubscriber/LOADING]: Auto-subscribing net.shelmarow.combat_evolution.tickTask.TickTaskHandler to FORGE
[208月2026 18:49:23.583] [modloading-worker-0/DEBUG] [net.minecraftforge.fml.javafmlmod.AutomaticEventSubscriber/LOADING]: Auto-subscribing net.shelmarow.combat_evolution.skill.CESkills to MOD
[208月2026 18:49:23.592] [modloading-worker-0/DEBUG] [net.minecraftforge.fml.javafmlmod.AutomaticEventSubscriber/LOADING]: Auto-subscribing net.shelmarow.combat_evolution.gameassets.CEAnimationBuilder to MOD
[208月2026 18:49:23.599] [modloading-worker-0/DEBUG] [net.minecraftforge.fml.javafmlmod.AutomaticEventSubscriber/LOADING]: Auto-subscribing net.shelmarow.combat_evolution.execution.ExecutionHandler to FORGE
[208月2026 18:49:23.601] [modloading-worker-0/DEBUG] [mixin/]: Mixing ExecutionHandlerMixin from annoyingvillagers.mixins.json into net.shelmarow.combat_evolution.execution.ExecutionHandler
[208月2026 18:49:23.658] [modloading-worker-0/DEBUG] [epicfight/]: Registered Extendable Enum class com.p1nero.invincible.api.skill.ComboNode$ComboTypes in combo_type
[208月2026 18:49:23.663] [modloading-worker-0/DEBUG] [net.minecraftforge.fml.config.ConfigTracker/CONFIG]: Config file invincible-common.toml for invincible tracking
[208月2026 18:49:23.663] [modloading-worker-0/DEBUG] [net.minecraftforge.fml.javafmlmod.AutomaticEventSubscriber/LOADING]: Attempting to inject @EventBusSubscriber classes into the eventbus for invincible
[208月2026 18:49:23.664] [modloading-worker-0/DEBUG] [net.minecraftforge.fml.javafmlmod.AutomaticEventSubscriber/LOADING]: Auto-subscribing com.p1nero.invincible.gameassets.InvincibleDuplicateDemoAnimations to MOD
[208月2026 18:49:23.667] [modloading-worker-0/DEBUG] [mixin/]: Mixing ServerPlayerPatchMixin from invincible.mixins.json into yesman.epicfight.world.capabilities.entitypatch.player.ServerPlayerPatch
[208月2026 18:49:23.671] [modloading-worker-0/DEBUG] [mixin/]: Mixing ServerPlayerPatchMixin from efn.mixins.json into yesman.epicfight.world.capabilities.entitypatch.player.ServerPlayerPatch
[208月2026 18:49:23.673] [modloading-worker-0/DEBUG] [mixin/]: Mixing ServerPlayerPatchMixin from ef_tlm.mixins.json into yesman.epicfight.world.capabilities.entitypatch.player.ServerPlayerPatch
[208月2026 18:49:23.706] [modloading-worker-0/DEBUG] [mixin/]: Mixing ExecutionTaskMixin from annoyingvillagers.mixins.json into net.shelmarow.combat_evolution.execution.ExecutionTask
[208月2026 18:49:23.753] [modloading-worker-0/DEBUG] [net.minecraftforge.fml.javafmlmod.AutomaticEventSubscriber/LOADING]: Auto-subscribing com.p1nero.invincible.gameassets.InvincibleDemoWeaponCapabilityPresets to MOD
[208月2026 18:49:23.803] [modloading-worker-0/DEBUG] [net.minecraftforge.fml.config.ConfigTracker/CONFIG]: Config file forge-client.toml for forge tracking
[208月2026 18:49:23.804] [modloading-worker-0/DEBUG] [net.minecraftforge.fml.config.ConfigTracker/CONFIG]: Config file forge-server.toml for forge tracking
[208月2026 18:49:23.804] [modloading-worker-0/DEBUG] [net.minecraftforge.fml.ModLoadingContext/]: Attempted to register an empty config for type COMMON on mod forge
[208月2026 18:49:23.840] [modloading-worker-0/DEBUG] [net.minecraftforge.fml.javafmlmod.AutomaticEventSubscriber/LOADING]: Auto-subscribing com.p1nero.invincible.gameassets.InvincibleDemoSkills to MOD
[208月2026 18:49:23.875] [modloading-worker-0/DEBUG] [net.minecraftforge.fml.javafmlmod.AutomaticEventSubscriber/LOADING]: Auto-subscribing com.p1nero.invincible.command.InvincibleCommands to FORGE
[208月2026 18:49:23.888] [modloading-worker-0/DEBUG] [net.minecraftforge.fml.javafmlmod.AutomaticEventSubscriber/LOADING]: Auto-subscribing com.p1nero.invincible.capability.InvinciblePlayerCapabilityProvider to FORGE
[208月2026 18:49:23.907] [modloading-worker-0/DEBUG] [net.minecraftforge.fml.javafmlmod.AutomaticEventSubscriber/LOADING]: Auto-subscribing net.shelmarow.combat_evolution.example.event.ModEvent to MOD
[208月2026 18:49:23.926] [modloading-worker-0/DEBUG] [net.minecraftforge.fml.javafmlmod.AutomaticEventSubscriber/LOADING]: Auto-subscribing net.EFTLM.EF.Animation.EFTLM_Animations to MOD
[208月2026 18:49:23.929] [modloading-worker-0/DEBUG] [net.minecraftforge.fml.javafmlmod.AutomaticEventSubscriber/LOADING]: Auto-subscribing net.shelmarow.combat_evolution.event.ModEvent to MOD
[208月2026 18:49:23.938] [modloading-worker-0/DEBUG] [net.minecraftforge.fml.javafmlmod.AutomaticEventSubscriber/LOADING]: Auto-subscribing net.shelmarow.combat_evolution.event.ForgeEvent to FORGE
[208月2026 18:49:23.958] [modloading-worker-0/DEBUG] [mixin/]: Mixing ExplosionMixin from annoyingvillagers.mixins.json into net.minecraft.world.level.Explosion
[208月2026 18:49:23.966] [modloading-worker-0/DEBUG] [mixin/]: Mixing common.ExplosionAccessor from mixins.ywzj_vehicle.json into net.minecraft.world.level.Explosion
[208月2026 18:49:24.028] [modloading-worker-0/DEBUG] [net.minecraftforge.fml.javafmlmod.AutomaticEventSubscriber/LOADING]: Auto-subscribing com.p1nero.invincible.capability.InvincibleEntityCapabilityProvider to FORGE
[208月2026 18:49:24.030] [modloading-worker-0/DEBUG] [epicfight/]: Registered Extendable Enum class yesman.epicfight.api.animation.LivingMotions in living_motion
[208月2026 18:49:24.034] [modloading-worker-0/DEBUG] [epicfight/]: Registered Extendable Enum class yesman.epicfight.skill.SkillCategories in skill_category
[208月2026 18:49:24.040] [modloading-worker-0/DEBUG] [epicfight/]: Registered Extendable Enum class yesman.epicfight.skill.SkillSlots in skill_slot
[208月2026 18:49:24.045] [modloading-worker-0/DEBUG] [net.minecraftforge.fml.javafmlmod.AutomaticEventSubscriber/LOADING]: Auto-subscribing com.p1nero.invincible.capability.InvincibleCapabilities to FORGE
[208月2026 18:49:24.046] [modloading-worker-0/DEBUG] [epicfight/]: Registered Extendable Enum class yesman.epicfight.world.capabilities.item.CapabilityItem$Styles in style
[208月2026 18:49:24.046] [modloading-worker-0/DEBUG] [epicfight/]: Registered Extendable Enum class yesman.epicfight.world.capabilities.item.CapabilityItem$WeaponCategories in weapon_category
[208月2026 18:49:24.056] [modloading-worker-0/DEBUG] [net.minecraftforge.fml.javafmlmod.AutomaticEventSubscriber/LOADING]: Attempting to inject @EventBusSubscriber classes into the eventbus for forge
[208月2026 18:49:24.057] [modloading-worker-0/DEBUG] [net.minecraftforge.fml.javafmlmod.AutomaticEventSubscriber/LOADING]: Auto-subscribing net.minecraftforge.common.ForgeSpawnEggItem$CommonHandler to MOD
[208月2026 18:49:24.058] [modloading-worker-0/DEBUG] [epicfight/]: Registered Extendable Enum class yesman.epicfight.world.capabilities.entitypatch.Factions in faction
[208月2026 18:49:24.067] [modloading-worker-0/DEBUG] [epicfight/]: Registered Extendable Enum class yesman.epicfight.network.EntityPairingPacketTypes in entity_pairing_packet_type
[208月2026 18:49:24.068] [modloading-worker-0/DEBUG] [net.minecraftforge.fml.javafmlmod.AutomaticEventSubscriber/LOADING]: Auto-subscribing com.p1nero.invincible.InvincibleConfig to MOD
[208月2026 18:49:24.076] [modloading-worker-0/DEBUG] [net.minecraftforge.fml.javafmlmod.AutomaticEventSubscriber/LOADING]: Auto-subscribing net.shelmarow.combat_evolution.ai.attribute.CEAttributes to MOD
[208月2026 18:49:24.098] [modloading-worker-0/DEBUG] [net.minecraftforge.fml.javafmlmod.AutomaticEventSubscriber/LOADING]: Attempting to inject @EventBusSubscriber classes into the eventbus for architectury
[208月2026 18:49:24.098] [modloading-worker-0/DEBUG] [net.minecraftforge.fml.javafmlmod.AutomaticEventSubscriber/LOADING]: Auto-subscribing dev.architectury.registry.level.entity.trade.forge.TradeRegistryImpl to FORGE
[208月2026 18:49:24.107] [modloading-worker-0/DEBUG] [net.minecraftforge.fml.javafmlmod.AutomaticEventSubscriber/LOADING]: Auto-subscribing dev.architectury.registry.forge.ReloadListenerRegistryImpl to FORGE
[208月2026 18:49:24.114] [modloading-worker-0/DEBUG] [net.minecraftforge.fml.javafmlmod.AutomaticEventSubscriber/LOADING]: Auto-subscribing dev.architectury.networking.forge.NetworkManagerImpl to FORGE
[208月2026 18:49:24.146] [modloading-worker-0/INFO] [dev.architectury.networking.forge.NetworkManagerImpl/]: Registering C2S receiver with id architectury:sync_ids
[208月2026 18:49:24.170] [modloading-worker-0/DEBUG] [mixin/]: Mixing PlayerMobMixin from annoyingvillagers.mixins.json into se.gory_moon.player_mobs.entity.PlayerMobEntity
[208月2026 18:49:24.171] [modloading-worker-0/DEBUG] [mixin/]: Mixing PlayerMobMixin2 from annoyingvillagers.mixins.json into se.gory_moon.player_mobs.entity.PlayerMobEntity
[208月2026 18:49:24.231] [modloading-worker-0/DEBUG] [net.minecraftforge.fml.javafmlmod.AutomaticEventSubscriber/LOADING]: Attempting to inject @EventBusSubscriber classes into the eventbus for wom
[208月2026 18:49:24.231] [modloading-worker-0/DEBUG] [net.minecraftforge.fml.javafmlmod.AutomaticEventSubscriber/LOADING]: Auto-subscribing reascer.wom.world.loot.WOMLootDropTables to MOD
[208月2026 18:49:24.242] [modloading-worker-0/DEBUG] [net.minecraftforge.fml.javafmlmod.AutomaticEventSubscriber/LOADING]: Auto-subscribing reascer.wom.world.loot.WOMChestLootTables to FORGE
[208月2026 18:49:24.246] [modloading-worker-0/DEBUG] [net.minecraftforge.fml.javafmlmod.AutomaticEventSubscriber/LOADING]: Auto-subscribing reascer.wom.world.capabilities.item.WOMWeaponCapabilityPresets to MOD
[208月2026 18:49:24.273] [modloading-worker-0/INFO] [epicfight/]: Loaded mod compat: GeckolibCompat
[208月2026 18:49:24.275] [modloading-worker-0/DEBUG] [net.minecraftforge.fml.javafmlmod.AutomaticEventSubscriber/LOADING]: Attempting to inject @EventBusSubscriber classes into the eventbus for epicfight
[208月2026 18:49:24.275] [modloading-worker-0/DEBUG] [net.minecraftforge.fml.javafmlmod.AutomaticEventSubscriber/LOADING]: Auto-subscribing yesman.epicfight.world.entity.ai.attribute.EpicFightAttributes to MOD
[208月2026 18:49:24.278] [modloading-worker-0/DEBUG] [net.minecraftforge.fml.javafmlmod.AutomaticEventSubscriber/LOADING]: Auto-subscribing yesman.epicfight.main.EpicFightMod$ServerForgeEvents to FORGE
[208月2026 18:49:24.280] [modloading-worker-0/DEBUG] [net.minecraftforge.fml.javafmlmod.AutomaticEventSubscriber/LOADING]: Auto-subscribing yesman.epicfight.gameasset.EpicFightSkills to MOD
[208月2026 18:49:24.281] [modloading-worker-0/DEBUG] [com.tterrag.registrate.AbstractRegistrate/REGISTRATE.REGISTER]: Captured registration for entry player_mobs:player_mob of type minecraft:entity_type
[208月2026 18:49:24.290] [modloading-worker-0/DEBUG] [net.minecraftforge.fml.javafmlmod.AutomaticEventSubscriber/LOADING]: Auto-subscribing reascer.wom.gameasset.animations.weapons.AnimsSolar to MOD
[208月2026 18:49:24.294] [modloading-worker-0/DEBUG] [net.minecraftforge.fml.javafmlmod.AutomaticEventSubscriber/LOADING]: Auto-subscribing yesman.epicfight.gameasset.Animations to MOD
[208月2026 18:49:24.304] [modloading-worker-0/DEBUG] [com.tterrag.registrate.AbstractRegistrate/REGISTRATE.REGISTER]: Captured registration for entry player_mobs:player_mob_spawn_egg of type minecraft:item
[208月2026 18:49:24.306] [modloading-worker-0/DEBUG] [net.minecraftforge.fml.javafmlmod.AutomaticEventSubscriber/LOADING]: Auto-subscribing reascer.wom.gameasset.animations.weapons.AnimsSatsujin to MOD
[208月2026 18:49:24.306] [modloading-worker-0/DEBUG] [mixin/]: Mixing compat.efn.StopEffectMixin from annoyingvillagers.mixins.json into com.hm.efn.mobeffects.StopEffect
[208月2026 18:49:24.320] [modloading-worker-0/DEBUG] [com.tterrag.registrate.AbstractRegistrate/REGISTRATE.REGISTER]: Captured registration for entry player_mobs:player_mob.ambient of type minecraft:sound_event
[208月2026 18:49:24.321] [modloading-worker-0/DEBUG] [net.minecraftforge.fml.javafmlmod.AutomaticEventSubscriber/LOADING]: Auto-subscribing reascer.wom.gameasset.animations.weapons.AnimsRuine to MOD
[208月2026 18:49:24.323] [modloading-worker-0/DEBUG] [com.tterrag.registrate.AbstractRegistrate/REGISTRATE.REGISTER]: Captured registration for entry player_mobs:player_mob.hurt of type minecraft:sound_event
[208月2026 18:49:24.326] [modloading-worker-0/DEBUG] [com.tterrag.registrate.AbstractRegistrate/REGISTRATE.REGISTER]: Captured registration for entry player_mobs:player_mob.death of type minecraft:sound_event
[208月2026 18:49:24.330] [modloading-worker-0/DEBUG] [net.minecraftforge.fml.javafmlmod.AutomaticEventSubscriber/LOADING]: Attempting to inject @EventBusSubscriber classes into the eventbus for player_mobs
[208月2026 18:49:24.330] [modloading-worker-0/DEBUG] [net.minecraftforge.fml.javafmlmod.AutomaticEventSubscriber/LOADING]: Auto-subscribing se.gory_moon.player_mobs.utils.SpawnHandler to FORGE
[208月2026 18:49:24.333] [modloading-worker-0/DEBUG] [net.minecraftforge.fml.javafmlmod.AutomaticEventSubscriber/LOADING]: Auto-subscribing se.gory_moon.player_mobs.utils.DeathHandler to FORGE
[208月2026 18:49:24.334] [modloading-worker-0/DEBUG] [mixin/]: Mixing EnderHandMixin from annoyingvillagers.mixins.json into reascer.wom.world.entity.mob.EnderHand
[208月2026 18:49:24.362] [modloading-worker-0/DEBUG] [mixin/]: Mixing StaticAnimationMixin from invincible.mixins.json into yesman.epicfight.api.animation.types.StaticAnimation
[208月2026 18:49:24.363] [modloading-worker-0/DEBUG] [net.minecraftforge.fml.javafmlmod.AutomaticEventSubscriber/LOADING]: Auto-subscribing reascer.wom.gameasset.animations.weapons.AnimsOrbit to MOD
[208月2026 18:49:24.366] [modloading-worker-0/DEBUG] [mixin/]: Mixing StaticAnimationsMixin from combat_evolution.mixins.json into yesman.epicfight.api.animation.types.StaticAnimation
[208月2026 18:49:24.407] [modloading-worker-0/DEBUG] [net.minecraftforge.fml.javafmlmod.AutomaticEventSubscriber/LOADING]: Auto-subscribing reascer.wom.gameasset.animations.weapons.AnimsNova to MOD
[208月2026 18:49:24.415] [modloading-worker-0/DEBUG] [net.minecraftforge.fml.javafmlmod.AutomaticEventSubscriber/LOADING]: Auto-subscribing reascer.wom.gameasset.animations.weapons.AnimsNapoleon to MOD
[208月2026 18:49:24.432] [modloading-worker-0/DEBUG] [net.minecraftforge.fml.javafmlmod.AutomaticEventSubscriber/LOADING]: Auto-subscribing reascer.wom.gameasset.animations.weapons.AnimsMoonless to MOD
[208月2026 18:49:24.451] [modloading-worker-0/DEBUG] [net.minecraftforge.fml.javafmlmod.AutomaticEventSubscriber/LOADING]: Auto-subscribing reascer.wom.gameasset.animations.weapons.AnimsHerrscher to MOD
[208月2026 18:49:24.458] [modloading-worker-0/DEBUG] [net.minecraftforge.fml.javafmlmod.AutomaticEventSubscriber/LOADING]: Auto-subscribing reascer.wom.gameasset.animations.weapons.AnimsEnderblaster to MOD
[208月2026 18:49:24.466] [modloading-worker-0/DEBUG] [net.minecraftforge.fml.javafmlmod.AutomaticEventSubscriber/LOADING]: Auto-subscribing yesman.epicfight.events.WorldEvents to FORGE
[208月2026 18:49:24.467] [modloading-worker-0/DEBUG] [net.minecraftforge.fml.javafmlmod.AutomaticEventSubscriber/LOADING]: Auto-subscribing reascer.wom.gameasset.animations.weapons.AnimsAgony to MOD
[208月2026 18:49:24.470] [modloading-worker-0/DEBUG] [net.minecraftforge.fml.javafmlmod.AutomaticEventSubscriber/LOADING]: Auto-subscribing yesman.epicfight.events.PlayerEvents to FORGE
[208月2026 18:49:24.474] [modloading-worker-0/DEBUG] [net.minecraftforge.fml.javafmlmod.AutomaticEventSubscriber/LOADING]: Auto-subscribing reascer.wom.gameasset.WOMSkills to MOD
[208月2026 18:49:24.478] [modloading-worker-0/DEBUG] [net.minecraftforge.fml.javafmlmod.AutomaticEventSubscriber/LOADING]: Auto-subscribing reascer.wom.gameasset.WOMAnimations to MOD
[208月2026 18:49:24.491] [modloading-worker-0/DEBUG] [net.minecraftforge.fml.javafmlmod.AutomaticEventSubscriber/LOADING]: Auto-subscribing yesman.epicfight.events.EntityEvents to FORGE
[208月2026 18:49:24.501] [modloading-worker-0/DEBUG] [net.minecraftforge.fml.javafmlmod.AutomaticEventSubscriber/LOADING]: Auto-subscribing reascer.wom.events.WOMLivingEntityEvents to FORGE
[208月2026 18:49:24.510] [modloading-worker-0/DEBUG] [epicfight/]: Registered Extendable Enum class com.hm.efn.gameasset.EFNSkillSlots in skill_slot
[208月2026 18:49:24.511] [modloading-worker-0/DEBUG] [epicfight/]: Registered Extendable Enum class com.hm.efn.gameasset.EFNSkillCategories in skill_category
[208月2026 18:49:24.543] [modloading-worker-0/DEBUG] [net.minecraftforge.fml.javafmlmod.AutomaticEventSubscriber/LOADING]: Auto-subscribing reascer.wom.events.PatchedRegisterModBusEvents to MOD
[208月2026 18:49:24.543] [modloading-worker-0/DEBUG] [net.minecraftforge.fml.javafmlmod.AutomaticEventSubscriber/LOADING]: Auto-subscribing yesman.epicfight.events.CapabilityEvents to FORGE
[208月2026 18:49:24.547] [modloading-worker-0/DEBUG] [net.minecraftforge.fml.javafmlmod.AutomaticEventSubscriber/LOADING]: Auto-subscribing yesman.epicfight.data.loot.EpicFightLootTables to FORGE
[208月2026 18:49:24.548] [modloading-worker-0/DEBUG] [net.minecraftforge.fml.javafmlmod.AutomaticEventSubscriber/LOADING]: Auto-subscribing yesman.epicfight.config.ServerConfig to MOD
[208月2026 18:49:24.549] [modloading-worker-0/DEBUG] [net.minecraftforge.fml.javafmlmod.AutomaticEventSubscriber/LOADING]: Auto-subscribing yesman.epicfight.config.CommonConfig to MOD
[208月2026 18:49:24.555] [modloading-worker-0/DEBUG] [net.minecraftforge.fml.config.ConfigTracker/CONFIG]: Config file efn-common.toml for efn tracking
[208月2026 18:49:24.559] [modloading-worker-0/DEBUG] [net.minecraftforge.fml.config.ConfigTracker/CONFIG]: Config file efn-client.toml for efn tracking
[208月2026 18:49:24.559] [modloading-worker-0/DEBUG] [net.minecraftforge.fml.javafmlmod.AutomaticEventSubscriber/LOADING]: Attempting to inject @EventBusSubscriber classes into the eventbus for efn
[208月2026 18:49:24.560] [modloading-worker-0/DEBUG] [net.minecraftforge.fml.javafmlmod.AutomaticEventSubscriber/LOADING]: Auto-subscribing com.hm.efn.skill.weapon_passive.YamatoPassive to FORGE
[208月2026 18:49:24.571] [modloading-worker-0/DEBUG] [mixin/]: Mixing SkillContainerMixin from invincible.mixins.json into yesman.epicfight.skill.SkillContainer
[208月2026 18:49:24.584] [modloading-worker-0/DEBUG] [net.minecraftforge.fml.javafmlmod.AutomaticEventSubscriber/LOADING]: Auto-subscribing com.hm.efn.skill.passive.ParryMasterPassive$AnimationHandler to FORGE
[208月2026 18:49:24.586] [modloading-worker-0/DEBUG] [net.minecraftforge.fml.javafmlmod.AutomaticEventSubscriber/LOADING]: Attempting to inject @EventBusSubscriber classes into the eventbus for ywzj_vehicle
[208月2026 18:49:24.587] [modloading-worker-0/DEBUG] [net.minecraftforge.fml.javafmlmod.AutomaticEventSubscriber/LOADING]: Auto-subscribing org.ywzj.vehicle.resource.BedrockModelLoader to MOD
[208月2026 18:49:24.588] [modloading-worker-0/DEBUG] [net.minecraftforge.fml.javafmlmod.AutomaticEventSubscriber/LOADING]: Auto-subscribing com.hm.efn.skill.ExclusiveSkillHandler to FORGE
[208月2026 18:49:24.592] [modloading-worker-0/DEBUG] [net.minecraftforge.fml.javafmlmod.AutomaticEventSubscriber/LOADING]: Auto-subscribing com.hm.efn.registries.EFNLootModifier to MOD
[208月2026 18:49:24.592] [modloading-worker-0/DEBUG] [net.minecraftforge.fml.javafmlmod.AutomaticEventSubscriber/LOADING]: Auto-subscribing com.hm.efn.mobeffects.Yamato to FORGE
[208月2026 18:49:24.594] [modloading-worker-0/DEBUG] [net.minecraftforge.fml.javafmlmod.AutomaticEventSubscriber/LOADING]: Auto-subscribing org.ywzj.vehicle.handler.HitboxHelperEvent to FORGE
[208月2026 18:49:24.596] [modloading-worker-0/DEBUG] [net.minecraftforge.fml.javafmlmod.AutomaticEventSubscriber/LOADING]: Auto-subscribing com.hm.efn.mobeffects.VulnerabilityEffect to FORGE
[208月2026 18:49:24.596] [modloading-worker-0/DEBUG] [net.minecraftforge.fml.javafmlmod.AutomaticEventSubscriber/LOADING]: Auto-subscribing org.ywzj.vehicle.custom.sync.SyncDataManager to FORGE
[208月2026 18:49:24.601] [modloading-worker-0/DEBUG] [net.minecraftforge.fml.javafmlmod.AutomaticEventSubscriber/LOADING]: Auto-subscribing com.hm.efn.mobeffects.StaminaEnhance to FORGE
[208月2026 18:49:24.604] [modloading-worker-0/DEBUG] [net.minecraftforge.fml.javafmlmod.AutomaticEventSubscriber/LOADING]: Auto-subscribing com.hm.efn.mobeffects.SinStunImmunity to FORGE
[208月2026 18:49:24.608] [modloading-worker-0/DEBUG] [net.minecraftforge.fml.javafmlmod.AutomaticEventSubscriber/LOADING]: Auto-subscribing com.hm.efn.mobeffects.MeenLance to FORGE
[208月2026 18:49:24.611] [modloading-worker-0/DEBUG] [net.minecraftforge.fml.javafmlmod.AutomaticEventSubscriber/LOADING]: Auto-subscribing org.ywzj.vehicle.custom.sync.SyncDataManager$Setup to MOD
[208月2026 18:49:24.611] [modloading-worker-0/DEBUG] [net.minecraftforge.fml.javafmlmod.AutomaticEventSubscriber/LOADING]: Auto-subscribing com.hm.efn.mobeffects.KnockBackResistanceEffect to FORGE
[208月2026 18:49:24.612] [modloading-worker-0/DEBUG] [net.minecraftforge.fml.javafmlmod.AutomaticEventSubscriber/LOADING]: Auto-subscribing org.ywzj.vehicle.custom.VehicleWeaponManager to FORGE
[208月2026 18:49:24.615] [modloading-worker-0/DEBUG] [net.minecraftforge.fml.javafmlmod.AutomaticEventSubscriber/LOADING]: Auto-subscribing com.hm.efn.mobeffects.InvincibilityEffect to FORGE
[208月2026 18:49:24.620] [modloading-worker-0/DEBUG] [net.minecraftforge.fml.javafmlmod.AutomaticEventSubscriber/LOADING]: Auto-subscribing org.ywzj.vehicle.custom.VehicleDataManager to FORGE
[208月2026 18:49:24.624] [modloading-worker-0/DEBUG] [net.minecraftforge.fml.javafmlmod.AutomaticEventSubscriber/LOADING]: Auto-subscribing com.hm.efn.mobeffects.HeavyRainStunEffect to FORGE
[208月2026 18:49:24.624] [modloading-worker-0/DEBUG] [net.minecraftforge.fml.javafmlmod.AutomaticEventSubscriber/LOADING]: Auto-subscribing org.ywzj.vehicle.custom.CommonAssetsManager to FORGE
[208月2026 18:49:24.628] [modloading-worker-0/DEBUG] [net.minecraftforge.fml.javafmlmod.AutomaticEventSubscriber/LOADING]: Auto-subscribing com.hm.efn.mobeffects.GradualHeal$EffectEvents to FORGE
[208月2026 18:49:24.631] [modloading-worker-0/DEBUG] [net.minecraftforge.fml.javafmlmod.AutomaticEventSubscriber/LOADING]: Auto-subscribing org.ywzj.vehicle.compat.ValkyrienSkiesCompat to FORGE
[208月2026 18:49:24.631] [modloading-worker-0/DEBUG] [net.minecraftforge.fml.javafmlmod.AutomaticEventSubscriber/LOADING]: Auto-subscribing com.hm.efn.mobeffects.FalchionBless to FORGE
[208月2026 18:49:24.632] [modloading-worker-0/DEBUG] [net.minecraftforge.fml.config.ConfigTracker/CONFIG]: Config file touhou_little_maid-common.toml for touhou_little_maid tracking
[208月2026 18:49:24.633] [modloading-worker-0/DEBUG] [net.minecraftforge.fml.javafmlmod.AutomaticEventSubscriber/LOADING]: Auto-subscribing com.hm.efn.mobeffects.ClawEnhance to FORGE
[208月2026 18:49:24.634] [modloading-worker-0/DEBUG] [net.minecraftforge.fml.javafmlmod.AutomaticEventSubscriber/LOADING]: Auto-subscribing org.ywzj.vehicle.compat.CreateCompat to FORGE
[208月2026 18:49:24.634] [modloading-worker-0/DEBUG] [net.minecraftforge.fml.config.ConfigTracker/CONFIG]: Config file touhou_little_maid-server.toml for touhou_little_maid tracking
[208月2026 18:49:24.636] [modloading-worker-0/DEBUG] [net.minecraftforge.fml.javafmlmod.AutomaticEventSubscriber/LOADING]: Auto-subscribing org.ywzj.vehicle.all.ModRegistries to MOD
[208月2026 18:49:24.636] [modloading-worker-0/DEBUG] [net.minecraftforge.fml.javafmlmod.AutomaticEventSubscriber/LOADING]: Auto-subscribing org.ywzj.vehicle.all.AllEvents$AllModEvents to MOD
[208月2026 18:49:24.636] [modloading-worker-0/INFO] [touhou_little_maid/]: common default pack init start...
[208月2026 18:49:24.638] [modloading-worker-0/DEBUG] [net.minecraftforge.fml.javafmlmod.AutomaticEventSubscriber/LOADING]: Auto-subscribing com.hm.efn.mobeffects.BloodlustEnhance to FORGE
[208月2026 18:49:24.639] [modloading-worker-0/DEBUG] [net.minecraftforge.fml.javafmlmod.AutomaticEventSubscriber/LOADING]: Auto-subscribing org.ywzj.vehicle.all.AllEvents$AllForgeEvents to FORGE
[208月2026 18:49:24.642] [modloading-worker-0/DEBUG] [net.minecraftforge.fml.javafmlmod.AutomaticEventSubscriber/LOADING]: Auto-subscribing com.hm.efn.mobeffects.BattleContinuationEffect to FORGE
[208月2026 18:49:24.648] [modloading-worker-0/DEBUG] [net.minecraftforge.fml.javafmlmod.AutomaticEventSubscriber/LOADING]: Auto-subscribing org.ywzj.vehicle.all.AllConfigs to MOD
[208月2026 18:49:24.653] [modloading-worker-0/DEBUG] [net.minecraftforge.fml.javafmlmod.AutomaticEventSubscriber/LOADING]: Auto-subscribing com.hm.efn.item.custom.YamatoItem to FORGE
[208月2026 18:49:24.667] [modloading-worker-0/DEBUG] [net.minecraftforge.fml.javafmlmod.AutomaticEventSubscriber/LOADING]: Auto-subscribing com.hm.efn.item.custom.Meen_SpearItem to FORGE
[208月2026 18:49:24.670] [modloading-worker-0/DEBUG] [net.minecraftforge.fml.javafmlmod.AutomaticEventSubscriber/LOADING]: Auto-subscribing com.hm.efn.item.custom.HfMurasamaItem to FORGE
[208月2026 18:49:24.674] [modloading-worker-0/DEBUG] [net.minecraftforge.fml.javafmlmod.AutomaticEventSubscriber/LOADING]: Auto-subscribing com.hm.efn.item.custom.HfBladeItem to FORGE
[208月2026 18:49:24.686] [modloading-worker-0/DEBUG] [net.minecraftforge.fml.javafmlmod.AutomaticEventSubscriber/LOADING]: Auto-subscribing com.hm.efn.item.custom.BroadBladeItem to FORGE
[208月2026 18:49:24.688] [modloading-worker-0/DEBUG] [mixin/]: Mixing ArmaturesAccessor from efn.mixins.json into yesman.epicfight.gameasset.Armatures
[208月2026 18:49:24.690] [modloading-worker-0/DEBUG] [mixin/]: Renaming @Accessor method getEntityTypeArmatureMapper()Ljava/util/Map; to getEntityTypeArmatureMapper_$md$2eafad$0 in efn.mixins.json:ArmaturesAccessor
[208月2026 18:49:24.726] [modloading-worker-0/DEBUG] [net.minecraftforge.fml.javafmlmod.AutomaticEventSubscriber/LOADING]: Auto-subscribing com.hm.efn.gameasset.combos.Yamato to MOD
[208月2026 18:49:24.729] [modloading-worker-0/DEBUG] [net.minecraftforge.fml.javafmlmod.AutomaticEventSubscriber/LOADING]: Auto-subscribing com.hm.efn.gameasset.combos.Shortsword to MOD
[208月2026 18:49:24.731] [modloading-worker-0/DEBUG] [net.minecraftforge.fml.javafmlmod.AutomaticEventSubscriber/LOADING]: Auto-subscribing com.hm.efn.gameasset.combos.Ruinsgreatsword to MOD
[208月2026 18:49:24.733] [modloading-worker-0/DEBUG] [net.minecraftforge.fml.javafmlmod.AutomaticEventSubscriber/LOADING]: Auto-subscribing com.hm.efn.gameasset.combos.Pioneer to MOD
[208月2026 18:49:24.736] [modloading-worker-0/DEBUG] [net.minecraftforge.fml.javafmlmod.AutomaticEventSubscriber/LOADING]: Auto-subscribing com.hm.efn.gameasset.combos.Murasama to MOD
[208月2026 18:49:24.738] [modloading-worker-0/DEBUG] [net.minecraftforge.fml.javafmlmod.AutomaticEventSubscriber/LOADING]: Auto-subscribing com.hm.efn.gameasset.combos.Meenlance to MOD
[208月2026 18:49:24.741] [modloading-worker-0/DEBUG] [net.minecraftforge.fml.javafmlmod.AutomaticEventSubscriber/LOADING]: Auto-subscribing com.hm.efn.gameasset.combos.Kusabimaru_Enhance to MOD
[208月2026 18:49:24.743] [modloading-worker-0/DEBUG] [net.minecraftforge.fml.javafmlmod.AutomaticEventSubscriber/LOADING]: Auto-subscribing com.hm.efn.gameasset.combos.Kusabimaru to MOD
[208月2026 18:49:24.746] [modloading-worker-0/DEBUG] [net.minecraftforge.fml.javafmlmod.AutomaticEventSubscriber/LOADING]: Auto-subscribing com.hm.efn.gameasset.combos.HfBlade to MOD
[208月2026 18:49:24.749] [modloading-worker-0/DEBUG] [net.minecraftforge.fml.javafmlmod.AutomaticEventSubscriber/LOADING]: Auto-subscribing com.hm.efn.gameasset.combos.Exsiliumgladius to MOD
[208月2026 18:49:24.751] [modloading-worker-0/DEBUG] [net.minecraftforge.fml.javafmlmod.AutomaticEventSubscriber/LOADING]: Auto-subscribing com.hm.efn.gameasset.combos.ExampleCombo to MOD
[208月2026 18:49:24.753] [modloading-worker-0/DEBUG] [net.minecraftforge.fml.javafmlmod.AutomaticEventSubscriber/LOADING]: Auto-subscribing com.hm.efn.gameasset.combos.CrescentMoon to MOD
[208月2026 18:49:24.756] [modloading-worker-0/DEBUG] [net.minecraftforge.fml.javafmlmod.AutomaticEventSubscriber/LOADING]: Auto-subscribing com.hm.efn.gameasset.combos.BroadBlade to MOD
[208月2026 18:49:24.759] [modloading-worker-0/DEBUG] [net.minecraftforge.fml.javafmlmod.AutomaticEventSubscriber/LOADING]: Auto-subscribing com.hm.efn.gameasset.combos.Bloodlust to MOD
[208月2026 18:49:24.763] [modloading-worker-0/DEBUG] [net.minecraftforge.fml.javafmlmod.AutomaticEventSubscriber/LOADING]: Auto-subscribing com.hm.efn.gameasset.combos.Beastclaw to MOD
[208月2026 18:49:24.765] [modloading-worker-0/DEBUG] [net.minecraftforge.fml.javafmlmod.AutomaticEventSubscriber/LOADING]: Auto-subscribing com.hm.efn.gameasset.combos.Aetherialdusk to MOD
[208月2026 18:49:24.768] [modloading-worker-0/DEBUG] [net.minecraftforge.fml.javafmlmod.AutomaticEventSubscriber/LOADING]: Auto-subscribing com.hm.efn.gameasset.animations.EFNZansetsuAnimations_B to MOD
[208月2026 18:49:24.787] [modloading-worker-0/DEBUG] [mixin/]: Mixing EFAttackAnimationMixin from combat_evolution.mixins.json into yesman.epicfight.api.animation.types.AttackAnimation
[208月2026 18:49:24.790] [modloading-worker-0/DEBUG] [mixin/]: Mixing AttackAnimationMixin from annoyingvillagers.mixins.json into yesman.epicfight.api.animation.types.AttackAnimation
[208月2026 18:49:24.856] [modloading-worker-0/DEBUG] [mixin/]: Mixing ActionAnimationMixin from efn.mixins.json into yesman.epicfight.api.animation.types.ActionAnimation
[208月2026 18:49:24.871] [modloading-worker-0/DEBUG] [net.minecraftforge.fml.javafmlmod.AutomaticEventSubscriber/LOADING]: Auto-subscribing com.hm.efn.gameasset.animations.EFNZansetsuAnimations to MOD
[208月2026 18:49:24.874] [modloading-worker-0/DEBUG] [net.minecraftforge.fml.javafmlmod.AutomaticEventSubscriber/LOADING]: Auto-subscribing com.hm.efn.gameasset.animations.EFNYamatoAnimations to MOD
[208月2026 18:49:24.898] [modloading-worker-0/DEBUG] [net.minecraftforge.fml.javafmlmod.AutomaticEventSubscriber/LOADING]: Auto-subscribing com.hm.efn.gameasset.animations.EFNThornWheelAnimations to MOD
[208月2026 18:49:24.908] [modloading-worker-0/DEBUG] [mixin/]: Mixing OpenMatrix4fInvertFixMixin from annoyingvillagers.mixins.json into yesman.epicfight.api.utils.math.OpenMatrix4f
[208月2026 18:49:25.007] [modloading-worker-0/DEBUG] [net.minecraftforge.fml.javafmlmod.AutomaticEventSubscriber/LOADING]: Auto-subscribing com.hm.efn.gameasset.animations.EFNTachiAnimations to MOD
[208月2026 18:49:25.010] [modloading-worker-0/DEBUG] [net.minecraftforge.fml.javafmlmod.AutomaticEventSubscriber/LOADING]: Auto-subscribing com.hm.efn.gameasset.animations.EFNSwordAnimations to MOD
[208月2026 18:49:25.011] [modloading-worker-0/DEBUG] [net.minecraftforge.fml.javafmlmod.AutomaticEventSubscriber/LOADING]: Auto-subscribing com.hm.efn.gameasset.animations.EFNStunAnimations to MOD
[208月2026 18:49:25.013] [modloading-worker-0/DEBUG] [net.minecraftforge.fml.javafmlmod.AutomaticEventSubscriber/LOADING]: Auto-subscribing com.hm.efn.gameasset.animations.EFNSkillAnimations to MOD
[208月2026 18:49:25.020] [modloading-worker-0/DEBUG] [net.minecraftforge.fml.javafmlmod.AutomaticEventSubscriber/LOADING]: Auto-subscribing com.hm.efn.gameasset.animations.EFNShortSwordAnimations to MOD
[208月2026 18:49:25.021] [modloading-worker-0/DEBUG] [net.minecraftforge.fml.javafmlmod.AutomaticEventSubscriber/LOADING]: Auto-subscribing com.hm.efn.gameasset.animations.EFNSekiroAnimations to MOD
[208月2026 18:49:25.058] [modloading-worker-0/DEBUG] [net.minecraftforge.fml.javafmlmod.AutomaticEventSubscriber/LOADING]: Auto-subscribing com.hm.efn.gameasset.animations.EFNScytheAnimations to MOD
[208月2026 18:49:25.064] [modloading-worker-0/DEBUG] [net.minecraftforge.fml.javafmlmod.AutomaticEventSubscriber/LOADING]: Auto-subscribing com.hm.efn.gameasset.animations.EFNMurasamaAnimations to MOD
[208月2026 18:49:25.083] [modloading-worker-0/DEBUG] [net.minecraftforge.fml.javafmlmod.AutomaticEventSubscriber/LOADING]: Auto-subscribing com.hm.efn.gameasset.animations.EFNLanceAnimations to MOD
[208月2026 18:49:25.092] [modloading-worker-0/DEBUG] [net.minecraftforge.fml.javafmlmod.AutomaticEventSubscriber/LOADING]: Auto-subscribing com.hm.efn.gameasset.animations.EFNHfBladeAnimations to MOD
[208月2026 18:49:25.105] [modloading-worker-0/DEBUG] [net.minecraftforge.fml.javafmlmod.AutomaticEventSubscriber/LOADING]: Auto-subscribing com.hm.efn.gameasset.animations.EFNGreatSwordAnimations to MOD
[208月2026 18:49:25.109] [modloading-worker-0/DEBUG] [net.minecraftforge.fml.javafmlmod.AutomaticEventSubscriber/LOADING]: Auto-subscribing com.hm.efn.gameasset.animations.EFNFalchionAnimations to MOD
[208月2026 18:49:25.116] [modloading-worker-0/DEBUG] [net.minecraftforge.fml.javafmlmod.AutomaticEventSubscriber/LOADING]: Auto-subscribing com.hm.efn.gameasset.animations.EFNExsiliumgladiusAnimations to MOD
[208月2026 18:49:25.120] [modloading-worker-0/DEBUG] [net.minecraftforge.fml.javafmlmod.AutomaticEventSubscriber/LOADING]: Auto-subscribing com.hm.efn.gameasset.animations.EFNDualSwordAnimations to MOD
[208月2026 18:49:25.121] [modloading-worker-0/DEBUG] [net.minecraftforge.fml.javafmlmod.AutomaticEventSubscriber/LOADING]: Auto-subscribing com.hm.efn.gameasset.animations.EFNDodgeAnimations to MOD
[208月2026 18:49:25.128] [modloading-worker-0/DEBUG] [net.minecraftforge.fml.javafmlmod.AutomaticEventSubscriber/LOADING]: Auto-subscribing com.hm.efn.gameasset.animations.EFNClawAnimations_N to MOD
[208月2026 18:49:25.132] [modloading-worker-0/DEBUG] [net.minecraftforge.fml.javafmlmod.AutomaticEventSubscriber/LOADING]: Auto-subscribing com.hm.efn.gameasset.animations.EFNClawAnimations to MOD
[208月2026 18:49:25.136] [modloading-worker-0/DEBUG] [net.minecraftforge.fml.javafmlmod.AutomaticEventSubscriber/LOADING]: Auto-subscribing com.hm.efn.gameasset.animations.EFNBroadBladeAnimations to MOD
[208月2026 18:49:25.139] [modloading-worker-0/DEBUG] [net.minecraftforge.fml.javafmlmod.AutomaticEventSubscriber/LOADING]: Auto-subscribing com.hm.efn.gameasset.ExampleWeaponCapabilityPresets to MOD
[208月2026 18:49:25.142] [modloading-worker-0/DEBUG] [net.minecraftforge.fml.javafmlmod.AutomaticEventSubscriber/LOADING]: Auto-subscribing com.hm.efn.gameasset.EFNWeaponsGuardSkillCompat to MOD
[208月2026 18:49:25.144] [modloading-worker-0/DEBUG] [net.minecraftforge.fml.config.ConfigTracker/CONFIG]: Config file annoyingvillagers-server.toml for annoyingvillagers tracking
[208月2026 18:49:25.149] [modloading-worker-0/DEBUG] [net.minecraftforge.fml.javafmlmod.AutomaticEventSubscriber/LOADING]: Auto-subscribing com.hm.efn.gameasset.EFNWeaponCapabilityPresets to MOD
[208月2026 18:49:25.153] [modloading-worker-0/DEBUG] [net.minecraftforge.fml.config.ConfigTracker/CONFIG]: Config file annoyingvillagers-spawns.toml for annoyingvillagers tracking
[208月2026 18:49:25.156] [modloading-worker-0/DEBUG] [net.minecraftforge.fml.javafmlmod.AutomaticEventSubscriber/LOADING]: Attempting to inject @EventBusSubscriber classes into the eventbus for annoyingvillagers
[208月2026 18:49:25.156] [modloading-worker-0/DEBUG] [net.minecraftforge.fml.javafmlmod.AutomaticEventSubscriber/LOADING]: Auto-subscribing com.pla.annoyingvillagers.task.TaskScheduler to FORGE
[208月2026 18:49:25.158] [modloading-worker-0/DEBUG] [net.minecraftforge.fml.javafmlmod.AutomaticEventSubscriber/LOADING]: Auto-subscribing com.pla.annoyingvillagers.network.ThrowingEnderPearlMessage to MOD
[208月2026 18:49:25.159] [modloading-worker-0/DEBUG] [net.minecraftforge.fml.javafmlmod.AutomaticEventSubscriber/LOADING]: Auto-subscribing com.hm.efn.gameasset.EFNSkills to MOD
[208月2026 18:49:25.161] [modloading-worker-0/DEBUG] [net.minecraftforge.fml.javafmlmod.AutomaticEventSubscriber/LOADING]: Auto-subscribing com.pla.annoyingvillagers.network.SpecialAttackMessage to MOD
[208月2026 18:49:25.164] [modloading-worker-0/DEBUG] [net.minecraftforge.fml.javafmlmod.AutomaticEventSubscriber/LOADING]: Auto-subscribing com.pla.annoyingvillagers.item.HookGunItem$Events to FORGE
[208月2026 18:49:25.166] [modloading-worker-0/DEBUG] [net.minecraftforge.fml.javafmlmod.AutomaticEventSubscriber/LOADING]: Auto-subscribing com.pla.annoyingvillagers.init.AnnoyingVillagersModTrades to FORGE
[208月2026 18:49:25.168] [modloading-worker-0/DEBUG] [net.minecraftforge.fml.javafmlmod.AutomaticEventSubscriber/LOADING]: Auto-subscribing com.hm.efn.gameasset.EFNAnimations to MOD
[208月2026 18:49:25.168] [modloading-worker-0/DEBUG] [net.minecraftforge.fml.javafmlmod.AutomaticEventSubscriber/LOADING]: Auto-subscribing com.pla.annoyingvillagers.init.AnnoyingVillagersModEntities to MOD
[208月2026 18:49:25.171] [modloading-worker-0/DEBUG] [net.minecraftforge.fml.javafmlmod.AutomaticEventSubscriber/LOADING]: Auto-subscribing com.pla.annoyingvillagers.gameasset.AnimsYonchiChikito to MOD
[208月2026 18:49:25.175] [modloading-worker-0/DEBUG] [net.minecraftforge.fml.javafmlmod.AutomaticEventSubscriber/LOADING]: Auto-subscribing com.pla.annoyingvillagers.gameasset.AnimsWom to MOD
[208月2026 18:49:25.181] [modloading-worker-0/DEBUG] [net.minecraftforge.fml.javafmlmod.AutomaticEventSubscriber/LOADING]: Auto-subscribing com.hm.efn.event.PlayerRandomFireworksServerEvent to FORGE
[208月2026 18:49:25.188] [modloading-worker-0/DEBUG] [net.minecraftforge.fml.javafmlmod.AutomaticEventSubscriber/LOADING]: Auto-subscribing com.hm.efn.event.EntityEvent to FORGE
[208月2026 18:49:25.189] [modloading-worker-0/DEBUG] [net.minecraftforge.fml.javafmlmod.AutomaticEventSubscriber/LOADING]: Auto-subscribing com.pla.annoyingvillagers.gameasset.AnimsTacticalImbuements to MOD
[208月2026 18:49:25.191] [modloading-worker-0/DEBUG] [net.minecraftforge.fml.javafmlmod.AutomaticEventSubscriber/LOADING]: Auto-subscribing com.pla.annoyingvillagers.gameasset.AnimsSculkSteve to MOD
[208月2026 18:49:25.192] [modloading-worker-0/DEBUG] [net.minecraftforge.fml.javafmlmod.AutomaticEventSubscriber/LOADING]: Auto-subscribing com.hm.efn.event.DuskFireArmorEffectListener to FORGE
[208月2026 18:49:25.192] [modloading-worker-0/DEBUG] [net.minecraftforge.fml.javafmlmod.AutomaticEventSubscriber/LOADING]: Auto-subscribing com.pla.annoyingvillagers.gameasset.AnimsPugilistSteve to MOD
[208月2026 18:49:25.195] [modloading-worker-0/DEBUG] [net.minecraftforge.fml.javafmlmod.AutomaticEventSubscriber/LOADING]: Auto-subscribing com.hm.efn.event.BroadBladeEffectManager$CleanupHandler to FORGE
[208月2026 18:49:25.198] [modloading-worker-0/DEBUG] [net.minecraftforge.fml.javafmlmod.AutomaticEventSubscriber/LOADING]: Auto-subscribing com.hm.efn.entity.EFNEntityHandler to MOD
[208月2026 18:49:25.204] [modloading-worker-0/DEBUG] [net.minecraftforge.fml.javafmlmod.AutomaticEventSubscriber/LOADING]: Auto-subscribing com.pla.annoyingvillagers.gameasset.AnimsEpicFightValourGuard to MOD
[208月2026 18:49:25.204] [modloading-worker-0/DEBUG] [net.minecraftforge.fml.javafmlmod.AutomaticEventSubscriber/LOADING]: Auto-subscribing com.hm.efn.datagen.loot.EFNLootTables to FORGE
[208月2026 18:49:25.206] [modloading-worker-0/DEBUG] [net.minecraftforge.fml.javafmlmod.AutomaticEventSubscriber/LOADING]: Auto-subscribing com.pla.annoyingvillagers.gameasset.AnimsEpicFightSanji to MOD
[208月2026 18:49:25.207] [modloading-worker-0/DEBUG] [net.minecraftforge.fml.javafmlmod.AutomaticEventSubscriber/LOADING]: Auto-subscribing com.hm.efn.datagen.EFNDataGenerators to MOD
[208月2026 18:49:25.207] [modloading-worker-0/DEBUG] [net.minecraftforge.fml.javafmlmod.AutomaticEventSubscriber/LOADING]: Auto-subscribing com.pla.annoyingvillagers.gameasset.AnimsEpicFightIronSpell to MOD
[208月2026 18:49:25.208] [modloading-worker-0/DEBUG] [net.minecraftforge.fml.javafmlmod.AutomaticEventSubscriber/LOADING]: Auto-subscribing com.hm.efn.data.DataEvents to MOD
[208月2026 18:49:25.208] [modloading-worker-0/DEBUG] [net.minecraftforge.fml.javafmlmod.AutomaticEventSubscriber/LOADING]: Auto-subscribing com.pla.annoyingvillagers.gameasset.AnimsEpicFightInfernalGainer to MOD
[208月2026 18:49:25.211] [modloading-worker-0/DEBUG] [net.minecraftforge.fml.javafmlmod.AutomaticEventSubscriber/LOADING]: Auto-subscribing com.pla.annoyingvillagers.gameasset.AnimsEpicFightGuandao to MOD
[208月2026 18:49:25.211] [modloading-worker-0/DEBUG] [net.minecraftforge.fml.javafmlmod.AutomaticEventSubscriber/LOADING]: Auto-subscribing com.hm.efn.client.events.AddTriggerEvent to FORGE
[208月2026 18:49:25.212] [modloading-worker-0/DEBUG] [net.minecraftforge.fml.javafmlmod.AutomaticEventSubscriber/LOADING]: Auto-subscribing com.pla.annoyingvillagers.gameasset.AnimsEpicFightDualGreatsword to MOD
[208月2026 18:49:25.215] [modloading-worker-0/DEBUG] [net.minecraftforge.fml.javafmlmod.AutomaticEventSubscriber/LOADING]: Auto-subscribing com.pla.annoyingvillagers.gameasset.AnimsEpicFightBattleArts to MOD
[208月2026 18:49:25.220] [modloading-worker-0/DEBUG] [net.minecraftforge.fml.javafmlmod.AutomaticEventSubscriber/LOADING]: Auto-subscribing com.pla.annoyingvillagers.gameasset.AnimsEpicFightAwaken to MOD
[208月2026 18:49:25.224] [modloading-worker-0/DEBUG] [net.minecraftforge.fml.javafmlmod.AutomaticEventSubscriber/LOADING]: Auto-subscribing com.hm.efn.client.command.EFNCommands to FORGE
[208月2026 18:49:25.226] [modloading-worker-0/DEBUG] [net.minecraftforge.fml.javafmlmod.AutomaticEventSubscriber/LOADING]: Auto-subscribing com.pla.annoyingvillagers.gameasset.AnimsEpicFightACG to MOD
[208月2026 18:49:25.226] [modloading-worker-0/DEBUG] [net.minecraftforge.fml.javafmlmod.AutomaticEventSubscriber/LOADING]: Auto-subscribing com.hm.efn.capability.OriginalSkillEvents to FORGE
[208月2026 18:49:25.228] [modloading-worker-0/DEBUG] [net.minecraftforge.fml.javafmlmod.AutomaticEventSubscriber/LOADING]: Auto-subscribing com.pla.annoyingvillagers.gameasset.AnimsEpicFight to MOD
[208月2026 18:49:25.229] [modloading-worker-0/DEBUG] [net.minecraftforge.fml.javafmlmod.AutomaticEventSubscriber/LOADING]: Auto-subscribing com.hm.efn.capability.OriginalSkillEvents$ModBusEvents to MOD
[208月2026 18:49:25.231] [modloading-worker-0/DEBUG] [net.minecraftforge.fml.javafmlmod.AutomaticEventSubscriber/LOADING]: Auto-subscribing com.pla.annoyingvillagers.gameasset.AVSkills to MOD
[208月2026 18:49:25.232] [modloading-worker-0/DEBUG] [net.minecraftforge.fml.javafmlmod.AutomaticEventSubscriber/LOADING]: Auto-subscribing com.hm.efn.EFNCommonConfig$EFNModLoadingContext to MOD
[208月2026 18:49:25.234] [modloading-worker-0/DEBUG] [net.minecraftforge.fml.javafmlmod.AutomaticEventSubscriber/LOADING]: Auto-subscribing com.hm.efn.EFNClientConfig$EFNClientModLoadingContext to MOD
[208月2026 18:49:25.234] [modloading-worker-0/DEBUG] [net.minecraftforge.fml.javafmlmod.AutomaticEventSubscriber/LOADING]: Auto-subscribing com.pla.annoyingvillagers.gameasset.AVAnimations to MOD
[208月2026 18:49:25.238] [modloading-worker-0/DEBUG] [net.minecraftforge.fml.javafmlmod.AutomaticEventSubscriber/LOADING]: Auto-subscribing com.pla.annoyingvillagers.event.WomFixEvent to FORGE
[208月2026 18:49:25.244] [modloading-worker-0/DEBUG] [net.minecraftforge.fml.javafmlmod.AutomaticEventSubscriber/LOADING]: Auto-subscribing com.pla.annoyingvillagers.event.VillagerHeadSetEvent to FORGE
[208月2026 18:49:25.247] [modloading-worker-0/DEBUG] [net.minecraftforge.fml.javafmlmod.AutomaticEventSubscriber/LOADING]: Auto-subscribing com.pla.annoyingvillagers.event.TotemUsingEvent to FORGE
[208月2026 18:49:25.249] [modloading-worker-0/DEBUG] [net.minecraftforge.fml.javafmlmod.AutomaticEventSubscriber/LOADING]: Auto-subscribing com.pla.annoyingvillagers.event.SnakeBladeCleanupEvent to FORGE
[208月2026 18:49:25.252] [modloading-worker-0/DEBUG] [net.minecraftforge.fml.javafmlmod.AutomaticEventSubscriber/LOADING]: Auto-subscribing com.pla.annoyingvillagers.event.SleepPreventEvent to FORGE
[208月2026 18:49:25.254] [modloading-worker-0/DEBUG] [net.minecraftforge.fml.javafmlmod.AutomaticEventSubscriber/LOADING]: Auto-subscribing com.pla.annoyingvillagers.event.RiseFromGroundEvent to FORGE
[208月2026 18:49:25.256] [modloading-worker-0/DEBUG] [net.minecraftforge.fml.javafmlmod.AutomaticEventSubscriber/LOADING]: Auto-subscribing com.pla.annoyingvillagers.event.PlayerNpcDeadEvent to FORGE
[208月2026 18:49:25.258] [modloading-worker-0/DEBUG] [net.minecraftforge.fml.javafmlmod.AutomaticEventSubscriber/LOADING]: Auto-subscribing com.pla.annoyingvillagers.event.NullWeaponCleanupEvent to FORGE
[208月2026 18:49:25.260] [modloading-worker-0/DEBUG] [net.minecraftforge.fml.javafmlmod.AutomaticEventSubscriber/LOADING]: Auto-subscribing com.pla.annoyingvillagers.event.NpcGearLoadEvent to FORGE
[208月2026 18:49:25.260] [modloading-worker-0/DEBUG] [net.minecraftforge.fml.javafmlmod.AutomaticEventSubscriber/LOADING]: Auto-subscribing com.pla.annoyingvillagers.event.MonsterHealingEvent to FORGE
[208月2026 18:49:25.262] [modloading-worker-0/DEBUG] [net.minecraftforge.fml.javafmlmod.AutomaticEventSubscriber/LOADING]: Auto-subscribing com.pla.annoyingvillagers.event.MobTargetRedirectEvent to FORGE
[208月2026 18:49:25.264] [modloading-worker-0/DEBUG] [net.minecraftforge.fml.javafmlmod.AutomaticEventSubscriber/LOADING]: Auto-subscribing com.pla.annoyingvillagers.event.MobPlaceBlockEvent to FORGE
[208月2026 18:49:25.267] [modloading-worker-0/DEBUG] [net.minecraftforge.fml.javafmlmod.AutomaticEventSubscriber/LOADING]: Auto-subscribing com.pla.annoyingvillagers.event.KnockdownEvent to FORGE
[208月2026 18:49:25.269] [modloading-worker-0/DEBUG] [net.minecraftforge.fml.javafmlmod.AutomaticEventSubscriber/LOADING]: Auto-subscribing com.pla.annoyingvillagers.event.HookSwordEvent to FORGE
[208月2026 18:49:25.271] [modloading-worker-0/DEBUG] [net.minecraftforge.fml.javafmlmod.AutomaticEventSubscriber/LOADING]: Auto-subscribing com.pla.annoyingvillagers.event.HerobrineDragonDismountEvent to FORGE
[208月2026 18:49:25.272] [modloading-worker-0/DEBUG] [net.minecraftforge.fml.javafmlmod.AutomaticEventSubscriber/LOADING]: Auto-subscribing com.pla.annoyingvillagers.event.FireworkUseEvent to FORGE
[208月2026 18:49:25.274] [modloading-worker-0/DEBUG] [net.minecraftforge.fml.javafmlmod.AutomaticEventSubscriber/LOADING]: Auto-subscribing com.pla.annoyingvillagers.event.ExplosionDamageEvent to FORGE
[208月2026 18:49:25.279] [modloading-worker-0/DEBUG] [net.minecraftforge.fml.javafmlmod.AutomaticEventSubscriber/LOADING]: Auto-subscribing com.pla.annoyingvillagers.event.ExecuteEvent to MOD
[208月2026 18:49:25.282] [modloading-worker-0/DEBUG] [net.minecraftforge.fml.javafmlmod.AutomaticEventSubscriber/LOADING]: Auto-subscribing com.pla.annoyingvillagers.event.EnchantBedDeathEvent to FORGE
[208月2026 18:49:25.284] [modloading-worker-0/DEBUG] [net.minecraftforge.fml.javafmlmod.AutomaticEventSubscriber/LOADING]: Auto-subscribing com.pla.annoyingvillagers.event.BlueDemonTridentOnPlayerHandEvent to FORGE
[208月2026 18:49:25.291] [modloading-worker-0/DEBUG] [net.minecraftforge.fml.javafmlmod.AutomaticEventSubscriber/LOADING]: Auto-subscribing com.pla.annoyingvillagers.event.BlueDemonChestplateEvent to FORGE
[208月2026 18:49:25.294] [modloading-worker-0/DEBUG] [net.minecraftforge.fml.javafmlmod.AutomaticEventSubscriber/LOADING]: Auto-subscribing com.pla.annoyingvillagers.event.AnimationDamageEvent to FORGE
[208月2026 18:49:25.296] [modloading-worker-0/DEBUG] [net.minecraftforge.fml.javafmlmod.AutomaticEventSubscriber/LOADING]: Auto-subscribing com.pla.annoyingvillagers.event.AddStarterSkillEvent to FORGE
[208月2026 18:49:25.299] [modloading-worker-0/DEBUG] [net.minecraftforge.fml.javafmlmod.AutomaticEventSubscriber/LOADING]: Auto-subscribing com.pla.annoyingvillagers.compat.p1nero_bow.AnimsP1neroEpicBow to MOD
[208月2026 18:49:25.301] [modloading-worker-0/DEBUG] [net.minecraftforge.fml.javafmlmod.AutomaticEventSubscriber/LOADING]: Auto-subscribing com.pla.annoyingvillagers.AnnoyingVillagers$initer to MOD
[208月2026 18:49:28.976] [modloading-worker-0/INFO] [touhou_little_maid/]: common default pack init finished, cost time: 4336.536 ms
[208月2026 18:49:28.978] [modloading-worker-0/DEBUG] [net.minecraftforge.fml.javafmlmod.AutomaticEventSubscriber/LOADING]: Attempting to inject @EventBusSubscriber classes into the eventbus for touhou_little_maid
[208月2026 18:49:28.978] [modloading-worker-0/DEBUG] [net.minecraftforge.fml.javafmlmod.AutomaticEventSubscriber/LOADING]: Auto-subscribing com.github.tartaricacid.touhoulittlemaid.item.ItemSubstituteJizo to FORGE
[208月2026 18:49:28.979] [modloading-worker-0/DEBUG] [net.minecraftforge.fml.javafmlmod.AutomaticEventSubscriber/LOADING]: Auto-subscribing com.github.tartaricacid.touhoulittlemaid.init.registry.MobSpawnInfoRegistry to FORGE
[208月2026 18:49:28.982] [modloading-worker-0/DEBUG] [net.minecraftforge.fml.javafmlmod.AutomaticEventSubscriber/LOADING]: Auto-subscribing com.github.tartaricacid.touhoulittlemaid.init.registry.DatapackRegistry to FORGE
[208月2026 18:49:28.983] [modloading-worker-0/DEBUG] [net.minecraftforge.fml.javafmlmod.AutomaticEventSubscriber/LOADING]: Auto-subscribing com.github.tartaricacid.touhoulittlemaid.init.registry.CompatRegistry to MOD
[208月2026 18:49:28.984] [modloading-worker-0/DEBUG] [net.minecraftforge.fml.javafmlmod.AutomaticEventSubscriber/LOADING]: Auto-subscribing com.github.tartaricacid.touhoulittlemaid.init.registry.CommonRegistry to MOD
[208月2026 18:49:28.985] [modloading-worker-0/DEBUG] [net.minecraftforge.fml.javafmlmod.AutomaticEventSubscriber/LOADING]: Auto-subscribing com.github.tartaricacid.touhoulittlemaid.init.registry.CommandRegistry to FORGE
[208月2026 18:49:28.985] [modloading-worker-0/DEBUG] [net.minecraftforge.fml.javafmlmod.AutomaticEventSubscriber/LOADING]: Auto-subscribing com.github.tartaricacid.touhoulittlemaid.init.registry.CapabilityRegistry to MOD
[208月2026 18:49:28.986] [modloading-worker-0/DEBUG] [net.minecraftforge.fml.javafmlmod.AutomaticEventSubscriber/LOADING]: Auto-subscribing com.github.tartaricacid.touhoulittlemaid.init.InitRecipes to MOD
[208月2026 18:49:28.986] [modloading-worker-0/DEBUG] [net.minecraftforge.fml.javafmlmod.AutomaticEventSubscriber/LOADING]: Auto-subscribing com.github.tartaricacid.touhoulittlemaid.init.InitLootModifier to MOD
[208月2026 18:49:28.987] [modloading-worker-0/DEBUG] [net.minecraftforge.fml.javafmlmod.AutomaticEventSubscriber/LOADING]: Auto-subscribing com.github.tartaricacid.touhoulittlemaid.init.InitEntities to MOD
[208月2026 18:49:28.989] [modloading-worker-0/DEBUG] [net.minecraftforge.fml.javafmlmod.AutomaticEventSubscriber/LOADING]: Auto-subscribing com.github.tartaricacid.touhoulittlemaid.event.maid.UseNameTagEvent to FORGE
[208月2026 18:49:28.991] [modloading-worker-0/DEBUG] [net.minecraftforge.fml.javafmlmod.AutomaticEventSubscriber/LOADING]: Auto-subscribing com.github.tartaricacid.touhoulittlemaid.event.maid.UseFavorabilityToolEvent to FORGE
[208月2026 18:49:28.991] [modloading-worker-0/DEBUG] [net.minecraftforge.fml.javafmlmod.AutomaticEventSubscriber/LOADING]: Auto-subscribing com.github.tartaricacid.touhoulittlemaid.event.maid.SwitchSittingEvent to FORGE
[208月2026 18:49:28.993] [modloading-worker-0/DEBUG] [net.minecraftforge.fml.javafmlmod.AutomaticEventSubscriber/LOADING]: Auto-subscribing com.github.tartaricacid.touhoulittlemaid.event.maid.SlabClickEvent to FORGE
[208月2026 18:49:28.994] [modloading-worker-0/DEBUG] [net.minecraftforge.fml.javafmlmod.AutomaticEventSubscriber/LOADING]: Auto-subscribing com.github.tartaricacid.touhoulittlemaid.event.maid.SaddleMaidEvent to FORGE
[208月2026 18:49:28.996] [modloading-worker-0/DEBUG] [net.minecraftforge.fml.javafmlmod.AutomaticEventSubscriber/LOADING]: Auto-subscribing com.github.tartaricacid.touhoulittlemaid.event.maid.PotionItemUse to FORGE
[208月2026 18:49:28.997] [modloading-worker-0/DEBUG] [net.minecraftforge.fml.javafmlmod.AutomaticEventSubscriber/LOADING]: Auto-subscribing com.github.tartaricacid.touhoulittlemaid.event.maid.MaidMountEvent to FORGE
[208月2026 18:49:28.997] [modloading-worker-0/DEBUG] [net.minecraftforge.fml.javafmlmod.AutomaticEventSubscriber/LOADING]: Auto-subscribing com.github.tartaricacid.touhoulittlemaid.event.maid.MaidFarmlandTrample to FORGE
[208月2026 18:49:28.998] [modloading-worker-0/DEBUG] [net.minecraftforge.fml.javafmlmod.AutomaticEventSubscriber/LOADING]: Auto-subscribing com.github.tartaricacid.touhoulittlemaid.event.maid.MaidDropBaubleEvent to FORGE
[208月2026 18:49:28.999] [modloading-worker-0/DEBUG] [net.minecraftforge.fml.javafmlmod.AutomaticEventSubscriber/LOADING]: Auto-subscribing com.github.tartaricacid.touhoulittlemaid.event.maid.MaidDeathFavorability to FORGE
[208月2026 18:49:29.001] [modloading-worker-0/DEBUG] [net.minecraftforge.fml.javafmlmod.AutomaticEventSubscriber/LOADING]: Auto-subscribing com.github.tartaricacid.touhoulittlemaid.event.maid.MaidAreaClickEvent to FORGE
[208月2026 18:49:29.002] [modloading-worker-0/DEBUG] [net.minecraftforge.fml.javafmlmod.AutomaticEventSubscriber/LOADING]: Auto-subscribing com.github.tartaricacid.touhoulittlemaid.event.maid.HandleBackpackEvent to FORGE
[208月2026 18:49:29.003] [modloading-worker-0/DEBUG] [net.minecraftforge.fml.javafmlmod.AutomaticEventSubscriber/LOADING]: Auto-subscribing com.github.tartaricacid.touhoulittlemaid.event.maid.GetExpBottleEvent to FORGE
[208月2026 18:49:29.004] [modloading-worker-0/DEBUG] [net.minecraftforge.fml.javafmlmod.AutomaticEventSubscriber/LOADING]: Auto-subscribing com.github.tartaricacid.touhoulittlemaid.event.maid.DismountMaidEvent to FORGE
[208月2026 18:49:29.006] [modloading-worker-0/DEBUG] [net.minecraftforge.fml.javafmlmod.AutomaticEventSubscriber/LOADING]: Auto-subscribing com.github.tartaricacid.touhoulittlemaid.event.maid.ApplyPotionEffectEvent to FORGE
[208月2026 18:49:29.008] [modloading-worker-0/DEBUG] [net.minecraftforge.fml.javafmlmod.AutomaticEventSubscriber/LOADING]: Auto-subscribing com.github.tartaricacid.touhoulittlemaid.event.maid.ApplyGoldenAppleEvent to FORGE
[208月2026 18:49:29.009] [modloading-worker-0/DEBUG] [net.minecraftforge.fml.javafmlmod.AutomaticEventSubscriber/LOADING]: Auto-subscribing com.github.tartaricacid.touhoulittlemaid.event.food.DefaultEatenEvent to FORGE
[208月2026 18:49:29.011] [modloading-worker-0/DEBUG] [net.minecraftforge.fml.javafmlmod.AutomaticEventSubscriber/LOADING]: Auto-subscribing com.github.tartaricacid.touhoulittlemaid.event.food.BowlFoodEvent to FORGE
[208月2026 18:49:29.012] [modloading-worker-0/DEBUG] [net.minecraftforge.fml.javafmlmod.AutomaticEventSubscriber/LOADING]: Auto-subscribing com.github.tartaricacid.touhoulittlemaid.event.MaidTrackEvent to FORGE
[208月2026 18:49:29.014] [modloading-worker-0/DEBUG] [net.minecraftforge.fml.javafmlmod.AutomaticEventSubscriber/LOADING]: Auto-subscribing com.github.tartaricacid.touhoulittlemaid.event.MaidMealRegConfigEvent to MOD
[208月2026 18:49:29.015] [modloading-worker-0/DEBUG] [net.minecraftforge.fml.javafmlmod.AutomaticEventSubscriber/LOADING]: Auto-subscribing com.github.tartaricacid.touhoulittlemaid.event.MaidLivingEntityEvent to FORGE
[208月2026 18:49:29.017] [modloading-worker-0/DEBUG] [net.minecraftforge.fml.javafmlmod.AutomaticEventSubscriber/LOADING]: Auto-subscribing com.github.tartaricacid.touhoulittlemaid.event.InstallChairEvent to FORGE
[208月2026 18:49:29.017] [modloading-worker-0/DEBUG] [net.minecraftforge.fml.javafmlmod.AutomaticEventSubscriber/LOADING]: Auto-subscribing com.github.tartaricacid.touhoulittlemaid.event.EntityJoinWorldEvent to FORGE
[208月2026 18:49:29.020] [modloading-worker-0/DEBUG] [net.minecraftforge.fml.javafmlmod.AutomaticEventSubscriber/LOADING]: Auto-subscribing com.github.tartaricacid.touhoulittlemaid.event.EntityHurtEvent to FORGE
[208月2026 18:49:29.021] [modloading-worker-0/DEBUG] [net.minecraftforge.fml.javafmlmod.AutomaticEventSubscriber/LOADING]: Auto-subscribing com.github.tartaricacid.touhoulittlemaid.event.EntityDeathEvent to FORGE
[208月2026 18:49:29.023] [modloading-worker-0/DEBUG] [net.minecraftforge.fml.javafmlmod.AutomaticEventSubscriber/LOADING]: Auto-subscribing com.github.tartaricacid.touhoulittlemaid.event.EnterServerEvent to FORGE
[208月2026 18:49:29.024] [modloading-worker-0/DEBUG] [net.minecraftforge.fml.javafmlmod.AutomaticEventSubscriber/LOADING]: Auto-subscribing com.github.tartaricacid.touhoulittlemaid.event.CopyEntityIdEvent to FORGE
[208月2026 18:49:29.024] [modloading-worker-0/DEBUG] [net.minecraftforge.fml.javafmlmod.AutomaticEventSubscriber/LOADING]: Auto-subscribing com.github.tartaricacid.touhoulittlemaid.event.CapabilityEvent to FORGE
[208月2026 18:49:29.027] [modloading-worker-0/DEBUG] [net.minecraftforge.fml.javafmlmod.AutomaticEventSubscriber/LOADING]: Auto-subscribing com.github.tartaricacid.touhoulittlemaid.event.CancelSaddleMaidEvent to FORGE
[208月2026 18:49:29.028] [modloading-worker-0/DEBUG] [net.minecraftforge.fml.javafmlmod.AutomaticEventSubscriber/LOADING]: Auto-subscribing com.github.tartaricacid.touhoulittlemaid.entity.chatbubble.RandomEmoji to FORGE
[208月2026 18:49:29.030] [modloading-worker-0/DEBUG] [net.minecraftforge.fml.javafmlmod.AutomaticEventSubscriber/LOADING]: Auto-subscribing com.github.tartaricacid.touhoulittlemaid.debug.target.SendMaidDebugDataEvent to FORGE
[208月2026 18:49:29.032] [modloading-worker-0/DEBUG] [net.minecraftforge.fml.javafmlmod.AutomaticEventSubscriber/LOADING]: Auto-subscribing com.github.tartaricacid.touhoulittlemaid.debug.event.DebugStickClickEvent to FORGE
[208月2026 18:49:29.033] [modloading-worker-0/DEBUG] [net.minecraftforge.fml.javafmlmod.AutomaticEventSubscriber/LOADING]: Auto-subscribing com.github.tartaricacid.touhoulittlemaid.datagen.MaidDataGenerator to MOD
[208月2026 18:49:29.034] [modloading-worker-0/DEBUG] [net.minecraftforge.fml.javafmlmod.AutomaticEventSubscriber/LOADING]: Auto-subscribing com.github.tartaricacid.touhoulittlemaid.compat.domesticationinnovation.EnchantmentRefuse to FORGE
[208月2026 18:49:29.037] [main/DEBUG] [net.minecraftforge.fml.DeferredWorkQueue/LOADING]: Dispatching synchronous work for work queue CONSTRUCT: 10 jobs
[208月2026 18:49:29.039] [main/DEBUG] [epicfight/]: Loaded enums in class net.EFTLM.EF.Animation.EFTLM_LivingMotions
[208月2026 18:49:29.039] [main/DEBUG] [epicfight/]: Loaded enums in class yesman.epicfight.api.animation.LivingMotions
[208月2026 18:49:29.041] [main/DEBUG] [epicfight/]: All enums are loaded: living_motion [HUG, HUG_WALK, HUG_RUN, HUG_KNEEL, HUG_SNEAK, ALL, INACTION, IDLE, CONFRONT, ANGRY, FLOAT, WALK, RUN, SWIM, FLY, SNEAK, KNEEL, FALL, SIT, MOUNT, DEATH, CHASE, SPELLCAST, JUMP, CELEBRATE, LANDING_RECOVERY, CREATIVE_FLY, CREATIVE_IDLE, SLEEP, DIGGING, ADMIRE, CLIMB, DRINK, EAT, NONE, AIM, BLOCK, BLOCK_SHIELD, RELOAD, SHOT, SPECTATE]
[208月2026 18:49:29.041] [main/DEBUG] [epicfight/]: Loaded enums in class com.pla.efclash_blade.gameasset.EFClashBladeSkillCategories
[208月2026 18:49:29.041] [main/DEBUG] [epicfight/]: Loaded enums in class com.hm.efn.gameasset.EFNSkillCategories
[208月2026 18:49:29.041] [main/DEBUG] [epicfight/]: Loaded enums in class yesman.epicfight.skill.SkillCategories
[208月2026 18:49:29.041] [main/DEBUG] [epicfight/]: All enums are loaded: skill_category [CLASH_BLADE, EFN_ARTS, EFN_SEKIRO, EFN_ZANSETSU, JUDGMENTCUT_END, BASIC_ATTACK, DODGE, PASSIVE, WEAPON_PASSIVE, WEAPON_INNATE, GUARD, KNOCKDOWN_WAKEUP, MOVER, IDENTITY]
[208月2026 18:49:29.041] [main/DEBUG] [epicfight/]: Loaded enums in class com.pla.efclash_blade.gameasset.EFClashBladeSkillSlots
[208月2026 18:49:29.042] [main/DEBUG] [epicfight/]: Loaded enums in class com.hm.efn.gameasset.EFNSkillSlots
[208月2026 18:49:29.042] [main/DEBUG] [epicfight/]: Loaded enums in class yesman.epicfight.skill.SkillSlots
[208月2026 18:49:29.042] [main/DEBUG] [epicfight/]: All enums are loaded: skill_slot [CLASH_BLADE, EFN_ARTS, EFN_SEKIRO, EFN_ZANSETSU, JUDGMENTCUT_END, BASIC_ATTACK, DODGE, PASSIVE1, PASSIVE2, PASSIVE3, WEAPON_PASSIVE, WEAPON_INNATE, GUARD, KNOCKDOWN_WAKEUP, MOVER, IDENTITY]
[208月2026 18:49:29.042] [main/DEBUG] [epicfight/]: Loaded enums in class yesman.epicfight.world.capabilities.item.CapabilityItem$Styles
[208月2026 18:49:29.042] [main/DEBUG] [epicfight/]: All enums are loaded: style [COMMON, ONE_HAND, TWO_HAND, MOUNT, RANGED, SHEATH, OCHS]
[208月2026 18:49:29.043] [main/DEBUG] [epicfight/]: Loaded enums in class com.merlin204.avalon.epicfight.gameassets.AvalonCategories
[208月2026 18:49:29.043] [main/DEBUG] [epicfight/]: Loaded enums in class yesman.epicfight.world.capabilities.item.CapabilityItem$WeaponCategories
[208月2026 18:49:29.043] [main/DEBUG] [epicfight/]: All enums are loaded: weapon_category [ANIMATION_ITEM, NOT_WEAPON, AXE, FIST, GREATSWORD, HOE, PICKAXE, SHOVEL, SWORD, UCHIGATANA, SPEAR, TACHI, TRIDENT, LONGSWORD, DAGGER, SHIELD, CROSSBOW, BOW]
[208月2026 18:49:29.068] [main/DEBUG] [epicfight/]: Loaded enums in class yesman.epicfight.world.capabilities.entitypatch.Factions
[208月2026 18:49:29.068] [main/DEBUG] [epicfight/]: All enums are loaded: faction [NEUTRAL, UNDEAD, BLAZE, ENDERMAN, ILLAGER, PIGLINS, WITHER, VILLAGER, ZOMBIFIED_PIGLIN]
[208月2026 18:49:29.068] [main/DEBUG] [epicfight/]: Loaded enums in class yesman.epicfight.network.EntityPairingPacketTypes
[208月2026 18:49:29.069] [main/DEBUG] [epicfight/]: All enums are loaded: entity_pairing_packet_type [ADRENALINE_ACTIVATED, BONEBREAKER_BEGIN, BONEBREAKER_MAX_STACK, BONEBREAKER_CLEAR, STAMINA_PILLAGER_BODY_ASHES, EMERGENCY_ESCAPE_ACTIVATED, ENDERMAN_RAGE, FLASH_WHITE, PIGLIN_BABY_SPAWN, SET_BOSS_EVENT_OWNER, TECHNICIAN_ACTIVATED, TRIDENT_THROWN, VENGEANCE_OVERLAY, VENGEANCE_TARGET_CANCEL, ZOMBIE_SPAWN]
[208月2026 18:49:29.495] [main/DEBUG] [net.minecraftforge.fml.DeferredWorkQueue/LOADING]: Synchronous work queue completed in 455.6 ms
[208月2026 18:49:29.578] [main/DEBUG] [net.minecraftforge.common.capabilities.CapabilityManager/CAPABILITIES]: Attempting to automatically register: Lnet/minecraftforge/energy/IEnergyStorage;
[208月2026 18:49:29.578] [main/DEBUG] [net.minecraftforge.common.capabilities.CapabilityManager/CAPABILITIES]: Attempting to automatically register: Lnet/minecraftforge/fluids/capability/IFluidHandler;
[208月2026 18:49:29.578] [main/DEBUG] [net.minecraftforge.common.capabilities.CapabilityManager/CAPABILITIES]: Attempting to automatically register: Lnet/minecraftforge/fluids/capability/IFluidHandlerItem;
[208月2026 18:49:29.578] [main/DEBUG] [net.minecraftforge.common.capabilities.CapabilityManager/CAPABILITIES]: Attempting to automatically register: Lnet/minecraftforge/items/IItemHandler;
[208月2026 18:49:29.590] [main/DEBUG] [com.tterrag.registrate.AbstractRegistrate/REGISTRATE.REGISTER]: (player_mobs) Registering 3 known objects of type minecraft:sound_event
[208月2026 18:49:29.593] [main/DEBUG] [com.tterrag.registrate.AbstractRegistrate/REGISTRATE.REGISTER]: Registered player_mobs:player_mob.ambient to registry minecraft:sound_event
[208月2026 18:49:29.594] [main/DEBUG] [com.tterrag.registrate.AbstractRegistrate/REGISTRATE.REGISTER]: Registered player_mobs:player_mob.hurt to registry minecraft:sound_event
[208月2026 18:49:29.594] [main/DEBUG] [com.tterrag.registrate.AbstractRegistrate/REGISTRATE.REGISTER]: Registered player_mobs:player_mob.death to registry minecraft:sound_event
[208月2026 18:49:29.784] [main/DEBUG] [com.tterrag.registrate.AbstractRegistrate/REGISTRATE.REGISTER]: (player_mobs) Registering 1 known objects of type minecraft:item
[208月2026 18:49:29.786] [main/DEBUG] [com.tterrag.registrate.AbstractRegistrate/REGISTRATE.REGISTER]: Registered player_mobs:player_mob_spawn_egg to registry minecraft:item
[208月2026 18:49:29.798] [main/DEBUG] [software.bernie.geckolib.GeckoLib/]: Registered SyncedAnimatable for class com.hm.efn.item.geo.ExcaliburItem
[208月2026 18:49:29.946] [main/DEBUG] [com.tterrag.registrate.AbstractRegistrate/REGISTRATE.REGISTER]: (player_mobs) Registering 1 known objects of type minecraft:entity_type
[208月2026 18:49:29.955] [main/DEBUG] [com.tterrag.registrate.AbstractRegistrate/REGISTRATE.REGISTER]: Registered player_mobs:player_mob to registry minecraft:entity_type
[208月2026 18:49:30.254] [main/DEBUG] [mixin/]: Mixing BasicAttackMixin from annoyingvillagers.mixins.json into yesman.epicfight.skill.BasicAttack
[208月2026 18:49:30.266] [main/DEBUG] [mixin/]: Mixing GuardSkillInvoker from combat_evolution.mixins.json into yesman.epicfight.skill.guard.GuardSkill
[208月2026 18:49:30.267] [main/DEBUG] [mixin/]: Mixing GuardSkillMixin from combat_evolution.mixins.json into yesman.epicfight.skill.guard.GuardSkill
[208月2026 18:49:30.268] [main/DEBUG] [mixin/]: Mixing GuardSkillMixin from efn.mixins.json into yesman.epicfight.skill.guard.GuardSkill
[208月2026 18:49:30.269] [main/DEBUG] [mixin/]: Mixing GuardSkillMixin from annoyingvillagers.mixins.json into yesman.epicfight.skill.guard.GuardSkill
[208月2026 18:49:30.292] [main/DEBUG] [mixin/]: Mixing ImpactGuardSkillMixin from annoyingvillagers.mixins.json into yesman.epicfight.skill.guard.ImpactGuardSkill
[208月2026 18:49:30.783] [main/DEBUG] [mixin/]: Mixing ClashBladeMixin from annoyingvillagers.mixins.json into com.pla.efclash_blade.skill.ClashBladeSkill
[208月2026 18:49:30.926] [main/DEBUG] [mixin/]: Mixing AttributeInstanceMixin from ef_tlm.mixins.json into net.minecraft.world.entity.ai.attributes.AttributeInstance
[208月2026 18:49:30.955] [main/WARN] [net.minecraft.network.syncher.SynchedEntityData/]: defineId called for: class net.minecraft.world.entity.player.Player from class yesman.epicfight.world.capabilities.entitypatch.player.PlayerPatch
[208月2026 18:49:30.963] [main/WARN] [net.minecraft.network.syncher.SynchedEntityData/]: defineId called for: class net.minecraft.world.entity.TamableAnimal from class reascer.wom.world.entity.mob.EnderHand
[208月2026 18:49:30.963] [main/WARN] [net.minecraft.network.syncher.SynchedEntityData/]: defineId called for: class net.minecraft.world.entity.TamableAnimal from class reascer.wom.world.entity.mob.TargetingHelper
[208月2026 18:49:30.964] [main/DEBUG] [mixin/]: Mixing common.MixinDamageSources from mixins.epicfight.json into net.minecraft.world.damagesource.DamageSources
[208月2026 18:49:30.996] [main/DEBUG] [com.merlin204.avalon.main.AvalonMOD/]: 成功注册实体属性: epic_fight_avalon:animation_texture_vfx
[208月2026 18:49:30.996] [main/DEBUG] [com.merlin204.avalon.main.AvalonMOD/]: 成功注册实体属性: epic_fight_avalon:shake_wave
[208月2026 18:49:30.996] [main/DEBUG] [com.merlin204.avalon.main.AvalonMOD/]: 成功注册实体属性: epic_fight_avalon:vfx
[208月2026 18:49:31.024] [main/WARN] [net.minecraft.network.syncher.SynchedEntityData/]: defineId called for: class net.minecraft.world.entity.boss.wither.WitherBoss from class yesman.epicfight.world.capabilities.entitypatch.boss.WitherPatch
[208月2026 18:49:31.024] [main/WARN] [net.minecraft.network.syncher.SynchedEntityData/]: defineId called for: class net.minecraft.world.entity.boss.wither.WitherBoss from class yesman.epicfight.world.capabilities.entitypatch.boss.WitherPatch
[208月2026 18:49:31.025] [main/WARN] [net.minecraft.network.syncher.SynchedEntityData/]: defineId called for: class net.minecraft.world.entity.boss.wither.WitherBoss from class yesman.epicfight.world.capabilities.entitypatch.boss.WitherPatch
[208月2026 18:49:31.026] [main/WARN] [net.minecraft.network.syncher.SynchedEntityData/]: defineId called for: class net.minecraft.world.entity.boss.wither.WitherBoss from class yesman.epicfight.world.capabilities.entitypatch.boss.WitherPatch
[208月2026 18:49:31.026] [main/WARN] [net.minecraft.network.syncher.SynchedEntityData/]: defineId called for: class net.minecraft.world.entity.boss.wither.WitherBoss from class yesman.epicfight.world.capabilities.entitypatch.boss.WitherPatch
[208月2026 18:49:31.026] [main/WARN] [net.minecraft.network.syncher.SynchedEntityData/]: defineId called for: class net.minecraft.world.entity.boss.wither.WitherBoss from class yesman.epicfight.world.capabilities.entitypatch.boss.WitherPatch
[208月2026 18:49:31.027] [main/WARN] [net.minecraft.network.syncher.SynchedEntityData/]: defineId called for: class net.minecraft.world.entity.boss.wither.WitherBoss from class yesman.epicfight.world.capabilities.entitypatch.boss.WitherPatch
[208月2026 18:49:31.027] [main/WARN] [net.minecraft.network.syncher.SynchedEntityData/]: defineId called for: class net.minecraft.world.entity.boss.wither.WitherBoss from class yesman.epicfight.world.capabilities.entitypatch.boss.WitherPatch
[208月2026 18:49:31.027] [main/WARN] [net.minecraft.network.syncher.SynchedEntityData/]: defineId called for: class net.minecraft.world.entity.boss.wither.WitherBoss from class yesman.epicfight.world.capabilities.entitypatch.boss.WitherPatch
[208月2026 18:49:31.033] [main/WARN] [net.minecraft.network.syncher.SynchedEntityData/]: defineId called for: class com.github.tartaricacid.touhoulittlemaid.entity.passive.EntityMaid from class net.EFTLM.EF.Capability.MaidPatch
[208月2026 18:49:31.046] [main/DEBUG] [net.minecraftforge.fml.config.ConfigTracker/CONFIG]: Loading configs type COMMON
[208月2026 18:49:31.046] [main/DEBUG] [net.minecraftforge.fml.config.ConfigFileTypeHandler/CONFIG]: Built TOML config for E:\program\JAVA\touhou little maid - unknow sky area\prod_server\config\efclash_blade-server.toml
[208月2026 18:49:31.047] [main/DEBUG] [net.minecraftforge.fml.config.ConfigFileTypeHandler/CONFIG]: Loaded TOML config file E:\program\JAVA\touhou little maid - unknow sky area\prod_server\config\efclash_blade-server.toml
[208月2026 18:49:31.057] [main/DEBUG] [net.minecraftforge.fml.config.ConfigFileTypeHandler/CONFIG]: Watching TOML config file E:\program\JAVA\touhou little maid - unknow sky area\prod_server\config\efclash_blade-server.toml for changes
[208月2026 18:49:31.061] [main/DEBUG] [net.minecraftforge.fml.config.ConfigFileTypeHandler/CONFIG]: Built TOML config for E:\program\JAVA\touhou little maid - unknow sky area\prod_server\config\player_mobs-common.toml
[208月2026 18:49:31.061] [Thread-1/DEBUG] [net.minecraftforge.fml.config.ConfigFileTypeHandler/CONFIG]: Config file efclash_blade-server.toml changed, sending notifies
[208月2026 18:49:31.063] [main/DEBUG] [net.minecraftforge.fml.config.ConfigFileTypeHandler/CONFIG]: Loaded TOML config file E:\program\JAVA\touhou little maid - unknow sky area\prod_server\config\player_mobs-common.toml
[208月2026 18:49:31.063] [Thread-1/DEBUG] [net.minecraftforge.fml.config.ConfigFileTypeHandler/CONFIG]: Config file efclash_blade-server.toml changed, sending notifies
[208月2026 18:49:31.064] [main/DEBUG] [net.minecraftforge.fml.config.ConfigFileTypeHandler/CONFIG]: Watching TOML config file E:\program\JAVA\touhou little maid - unknow sky area\prod_server\config\player_mobs-common.toml for changes
[208月2026 18:49:31.079] [main/DEBUG] [net.minecraftforge.fml.config.ConfigFileTypeHandler/CONFIG]: Built TOML config for E:\program\JAVA\touhou little maid - unknow sky area\prod_server\config\combat_evolution-common.toml
[208月2026 18:49:31.080] [main/DEBUG] [net.minecraftforge.fml.config.ConfigFileTypeHandler/CONFIG]: Loaded TOML config file E:\program\JAVA\touhou little maid - unknow sky area\prod_server\config\combat_evolution-common.toml
[208月2026 18:49:31.082] [Thread-1/DEBUG] [net.minecraftforge.fml.config.ConfigFileTypeHandler/CONFIG]: Config file player_mobs-common.toml changed, sending notifies
[208月2026 18:49:31.082] [main/DEBUG] [net.minecraftforge.fml.config.ConfigFileTypeHandler/CONFIG]: Watching TOML config file E:\program\JAVA\touhou little maid - unknow sky area\prod_server\config\combat_evolution-common.toml for changes
[208月2026 18:49:31.083] [main/DEBUG] [net.minecraftforge.fml.config.ConfigFileTypeHandler/CONFIG]: Built TOML config for E:\program\JAVA\touhou little maid - unknow sky area\prod_server\config\ywzj_vehicle-common.toml
[208月2026 18:49:31.086] [main/DEBUG] [net.minecraftforge.fml.config.ConfigFileTypeHandler/CONFIG]: Loaded TOML config file E:\program\JAVA\touhou little maid - unknow sky area\prod_server\config\ywzj_vehicle-common.toml
[208月2026 18:49:31.087] [main/DEBUG] [net.minecraftforge.fml.config.ConfigFileTypeHandler/CONFIG]: Watching TOML config file E:\program\JAVA\touhou little maid - unknow sky area\prod_server\config\ywzj_vehicle-common.toml for changes
[208月2026 18:49:31.089] [main/DEBUG] [net.minecraftforge.fml.config.ConfigFileTypeHandler/CONFIG]: Built TOML config for E:\program\JAVA\touhou little maid - unknow sky area\prod_server\config\epicfight-common.toml
[208月2026 18:49:31.090] [main/DEBUG] [net.minecraftforge.fml.config.ConfigFileTypeHandler/CONFIG]: Loaded TOML config file E:\program\JAVA\touhou little maid - unknow sky area\prod_server\config\epicfight-common.toml
[208月2026 18:49:31.091] [main/DEBUG] [net.minecraftforge.fml.config.ConfigFileTypeHandler/CONFIG]: Watching TOML config file E:\program\JAVA\touhou little maid - unknow sky area\prod_server\config\epicfight-common.toml for changes
[208月2026 18:49:31.094] [main/DEBUG] [net.minecraftforge.fml.config.ConfigFileTypeHandler/CONFIG]: Built TOML config for E:\program\JAVA\touhou little maid - unknow sky area\prod_server\config\invincible-common.toml
[208月2026 18:49:31.094] [main/DEBUG] [net.minecraftforge.fml.config.ConfigFileTypeHandler/CONFIG]: Loaded TOML config file E:\program\JAVA\touhou little maid - unknow sky area\prod_server\config\invincible-common.toml
[208月2026 18:49:31.096] [main/DEBUG] [net.minecraftforge.fml.config.ConfigFileTypeHandler/CONFIG]: Watching TOML config file E:\program\JAVA\touhou little maid - unknow sky area\prod_server\config\invincible-common.toml for changes
[208月2026 18:49:31.097] [main/DEBUG] [net.minecraftforge.fml.config.ConfigFileTypeHandler/CONFIG]: Built TOML config for E:\program\JAVA\touhou little maid - unknow sky area\prod_server\config\efn-common.toml
[208月2026 18:49:31.100] [main/DEBUG] [net.minecraftforge.fml.config.ConfigFileTypeHandler/CONFIG]: Loaded TOML config file E:\program\JAVA\touhou little maid - unknow sky area\prod_server\config\efn-common.toml
[208月2026 18:49:31.100] [main/DEBUG] [net.minecraftforge.fml.config.ConfigFileTypeHandler/CONFIG]: Watching TOML config file E:\program\JAVA\touhou little maid - unknow sky area\prod_server\config\efn-common.toml for changes
[208月2026 18:49:31.102] [main/DEBUG] [net.minecraftforge.fml.config.ConfigFileTypeHandler/CONFIG]: Built TOML config for E:\program\JAVA\touhou little maid - unknow sky area\prod_server\config\touhou_little_maid-common.toml
[208月2026 18:49:31.104] [Thread-1/DEBUG] [net.minecraftforge.fml.config.ConfigFileTypeHandler/CONFIG]: Config file efn-common.toml changed, sending notifies
[208月2026 18:49:31.104] [main/DEBUG] [net.minecraftforge.fml.config.ConfigFileTypeHandler/CONFIG]: Loaded TOML config file E:\program\JAVA\touhou little maid - unknow sky area\prod_server\config\touhou_little_maid-common.toml
[208月2026 18:49:31.106] [main/DEBUG] [net.minecraftforge.fml.config.ConfigFileTypeHandler/CONFIG]: Watching TOML config file E:\program\JAVA\touhou little maid - unknow sky area\prod_server\config\touhou_little_maid-common.toml for changes
[208月2026 18:49:31.110] [main/DEBUG] [net.minecraftforge.fml.config.ConfigFileTypeHandler/CONFIG]: Built TOML config for E:\program\JAVA\touhou little maid - unknow sky area\prod_server\config\annoyingvillagers-server.toml
[208月2026 18:49:31.113] [main/DEBUG] [net.minecraftforge.fml.config.ConfigFileTypeHandler/CONFIG]: Loaded TOML config file E:\program\JAVA\touhou little maid - unknow sky area\prod_server\config\annoyingvillagers-server.toml
[208月2026 18:49:31.114] [Thread-1/DEBUG] [net.minecraftforge.fml.config.ConfigFileTypeHandler/CONFIG]: Config file touhou_little_maid-common.toml changed, sending notifies
[208月2026 18:49:31.114] [main/DEBUG] [net.minecraftforge.fml.config.ConfigFileTypeHandler/CONFIG]: Watching TOML config file E:\program\JAVA\touhou little maid - unknow sky area\prod_server\config\annoyingvillagers-server.toml for changes
[208月2026 18:49:31.117] [main/DEBUG] [net.minecraftforge.fml.config.ConfigFileTypeHandler/CONFIG]: Built TOML config for E:\program\JAVA\touhou little maid - unknow sky area\prod_server\config\annoyingvillagers-spawns.toml
[208月2026 18:49:31.118] [main/DEBUG] [net.minecraftforge.fml.config.ConfigFileTypeHandler/CONFIG]: Loaded TOML config file E:\program\JAVA\touhou little maid - unknow sky area\prod_server\config\annoyingvillagers-spawns.toml
[208月2026 18:49:31.119] [main/DEBUG] [net.minecraftforge.fml.config.ConfigFileTypeHandler/CONFIG]: Watching TOML config file E:\program\JAVA\touhou little maid - unknow sky area\prod_server\config\annoyingvillagers-spawns.toml for changes
[208月2026 18:49:31.119] [Thread-1/DEBUG] [net.minecraftforge.fml.config.ConfigFileTypeHandler/CONFIG]: Config file annoyingvillagers-server.toml changed, sending notifies
[208月2026 18:49:31.123] [Thread-1/DEBUG] [net.minecraftforge.fml.config.ConfigFileTypeHandler/CONFIG]: Config file annoyingvillagers-spawns.toml changed, sending notifies
[208月2026 18:49:31.137] [modloading-worker-0/DEBUG] [mixin/]: Mixing EntityPatchProviderAccessor from invincible.mixins.json into yesman.epicfight.world.capabilities.provider.EntityPatchProvider
[208月2026 18:49:31.137] [modloading-worker-0/DEBUG] [mixin/]: Renaming @Accessor method getCapabilities()Ljava/util/Map; to getCapabilities_$md$2eafad$0 in invincible.mixins.json:EntityPatchProviderAccessor
[208月2026 18:49:31.138] [modloading-worker-0/DEBUG] [mixin/]: Renaming @Accessor method getCustomCapabilities()Ljava/util/Map; to getCustomCapabilities_$md$2eafad$1 in invincible.mixins.json:EntityPatchProviderAccessor
[208月2026 18:49:31.198] [main/DEBUG] [net.minecraftforge.fml.DeferredWorkQueue/LOADING]: Dispatching synchronous work for work queue COMMON_SETUP: 23 jobs
[208月2026 18:49:31.214] [main/DEBUG] [touhou_little_maid/ServerCustomPackLoader]: Touhou little maid mod's model is loading...
[208月2026 18:49:31.224] [main/DEBUG] [touhou_little_maid/ServerCustomPackLoader]: Loaded model info: authors_and_credits:wine_fox_maid
[208月2026 18:49:31.224] [main/DEBUG] [touhou_little_maid/ServerCustomPackLoader]: Loaded model info: authors_and_credits:wine_fox_taisho
[208月2026 18:49:31.224] [main/DEBUG] [touhou_little_maid/ServerCustomPackLoader]: Loaded model info: authors_and_credits:sazuki
[208月2026 18:49:31.224] [main/DEBUG] [touhou_little_maid/ServerCustomPackLoader]: Loaded model info: authors_and_credits:pajinyi
[208月2026 18:49:31.224] [main/DEBUG] [touhou_little_maid/ServerCustomPackLoader]: Loaded model info: authors_and_credits:fledge
[208月2026 18:49:31.224] [main/DEBUG] [touhou_little_maid/ServerCustomPackLoader]: Loaded model info: authors_and_credits:clocklalier
[208月2026 18:49:31.224] [main/DEBUG] [touhou_little_maid/ServerCustomPackLoader]: Loaded model info: authors_and_credits:cyra
[208月2026 18:49:31.224] [main/DEBUG] [touhou_little_maid/ServerCustomPackLoader]: Loaded model info: authors_and_credits:cyra_b2eb6fe570df68d353aa9d07b127b902
[208月2026 18:49:31.224] [main/DEBUG] [touhou_little_maid/ServerCustomPackLoader]: Loaded model info: authors_and_credits:cyra_pow_wow
[208月2026 18:49:31.224] [main/DEBUG] [touhou_little_maid/ServerCustomPackLoader]: Loaded model info: authors_and_credits:mory_chan
[208月2026 18:49:31.224] [main/DEBUG] [touhou_little_maid/ServerCustomPackLoader]: Loaded model info: authors_and_credits:flower_candy
[208月2026 18:49:31.224] [main/DEBUG] [touhou_little_maid/ServerCustomPackLoader]: Touhou little maid mod's model is loaded
[208月2026 18:49:31.224] [main/DEBUG] [touhou_little_maid/ServerCustomPackLoader]: Touhou little maid mod's model is loading...
[208月2026 18:49:31.224] [main/DEBUG] [touhou_little_maid/ServerCustomPackLoader]: Touhou little maid mod's model is loading...
[208月2026 18:49:31.226] [main/DEBUG] [touhou_little_maid/ServerCustomPackLoader]: Loaded model info: geckolib:winefox
[208月2026 18:49:31.226] [main/DEBUG] [touhou_little_maid/ServerCustomPackLoader]: Loaded model info: geckolib:winefox_blue
[208月2026 18:49:31.226] [main/DEBUG] [touhou_little_maid/ServerCustomPackLoader]: Loaded model info: geckolib:winefox_nine_tailed
[208月2026 18:49:31.226] [main/DEBUG] [touhou_little_maid/ServerCustomPackLoader]: Loaded model info: geckolib:winefox_nine_tailed_f609258f13252f11c3f44051b51f93c4
[208月2026 18:49:31.226] [main/DEBUG] [touhou_little_maid/ServerCustomPackLoader]: Loaded model info: geckolib:winefox_hanfu
[208月2026 18:49:31.226] [main/DEBUG] [touhou_little_maid/ServerCustomPackLoader]: Loaded model info: geckolib:winefox_new_year
[208月2026 18:49:31.226] [main/DEBUG] [touhou_little_maid/ServerCustomPackLoader]: Loaded model info: geckolib:winefox_jk
[208月2026 18:49:31.226] [main/DEBUG] [touhou_little_maid/ServerCustomPackLoader]: Loaded model info: geckolib:winefox_astronaut
[208月2026 18:49:31.226] [main/DEBUG] [touhou_little_maid/ServerCustomPackLoader]: Loaded model info: geckolib:winefox_kongfu
[208月2026 18:49:31.226] [main/DEBUG] [touhou_little_maid/ServerCustomPackLoader]: Loaded model info: geckolib:winefox_kongfu_163d46bab6d00d2e2910d32b83c7de53
[208月2026 18:49:31.226] [main/DEBUG] [touhou_little_maid/ServerCustomPackLoader]: Loaded model info: geckolib:winefox_kongfu_9dcb55de5689ffa419d9009d3eb82cac
[208月2026 18:49:31.226] [main/DEBUG] [touhou_little_maid/ServerCustomPackLoader]: Loaded model info: geckolib:winefox_kongfu_a4dbe4e83a24193e1005a40204c415ac
[208月2026 18:49:31.226] [main/DEBUG] [touhou_little_maid/ServerCustomPackLoader]: Loaded model info: geckolib:winefox_kongfu_538780bcc09da2d92795797b65aefe87
[208月2026 18:49:31.226] [main/DEBUG] [touhou_little_maid/ServerCustomPackLoader]: Loaded model info: geckolib:winefox_kongfu_15030e12f688c8163573af95dc4c6728
[208月2026 18:49:31.226] [main/DEBUG] [touhou_little_maid/ServerCustomPackLoader]: Loaded model info: geckolib:winefox_magical
[208月2026 18:49:31.226] [main/DEBUG] [touhou_little_maid/ServerCustomPackLoader]: Loaded model info: geckolib:winefox_magical_a12dc19190c076d8d24aff8714515c8e
[208月2026 18:49:31.226] [main/DEBUG] [touhou_little_maid/ServerCustomPackLoader]: Loaded model info: geckolib:winefox_magical_b073380075f0d30ea8bbcde8566f825e
[208月2026 18:49:31.226] [main/DEBUG] [touhou_little_maid/ServerCustomPackLoader]: Loaded model info: geckolib:winefox_magical_3b7aba412b5ededbab0780e258207bf0
[208月2026 18:49:31.226] [main/DEBUG] [touhou_little_maid/ServerCustomPackLoader]: Loaded model info: geckolib:winefox_magical_38ffa7d8d6f062b86c6bf88ac47a4c73
[208月2026 18:49:31.226] [main/DEBUG] [touhou_little_maid/ServerCustomPackLoader]: Loaded model info: geckolib:winefox_magical_7952f4718991f317b2f11926a90cbd10
[208月2026 18:49:31.226] [main/DEBUG] [touhou_little_maid/ServerCustomPackLoader]: Loaded model info: geckolib:winefox_saint
[208月2026 18:49:31.226] [main/DEBUG] [touhou_little_maid/ServerCustomPackLoader]: Loaded model info: geckolib:winefox_saint_c4f14815c46c13e6eb3d82ba88ed2f96
[208月2026 18:49:31.226] [main/DEBUG] [touhou_little_maid/ServerCustomPackLoader]: Loaded model info: geckolib:winefox_elf
[208月2026 18:49:31.226] [main/DEBUG] [touhou_little_maid/ServerCustomPackLoader]: Loaded model info: geckolib:winefox_salesperson
[208月2026 18:49:31.226] [main/DEBUG] [touhou_little_maid/ServerCustomPackLoader]: Loaded model info: geckolib:winefox_salesperson_84961723c2751ef4c6b9a0f8596f95cc
[208月2026 18:49:31.226] [main/DEBUG] [touhou_little_maid/ServerCustomPackLoader]: Loaded model info: geckolib:winefox_little
[208月2026 18:49:31.226] [main/DEBUG] [touhou_little_maid/ServerCustomPackLoader]: Loaded model info: geckolib:winefox_matured
[208月2026 18:49:31.226] [main/DEBUG] [touhou_little_maid/ServerCustomPackLoader]: Loaded model info: geckolib:winefox_momo
[208月2026 18:49:31.226] [main/DEBUG] [touhou_little_maid/ServerCustomPackLoader]: Loaded model info: geckolib:winefox_momo_897c13175aa632e673b32ed45ffd4961
[208月2026 18:49:31.226] [main/DEBUG] [touhou_little_maid/ServerCustomPackLoader]: Loaded model info: geckolib:winefox_wedding
[208月2026 18:49:31.226] [main/DEBUG] [touhou_little_maid/ServerCustomPackLoader]: Loaded model info: geckolib:winefox_tactics
[208月2026 18:49:31.226] [main/DEBUG] [touhou_little_maid/ServerCustomPackLoader]: Loaded model info: geckolib:winefox_mini
[208月2026 18:49:31.226] [main/DEBUG] [touhou_little_maid/ServerCustomPackLoader]: Loaded model info: geckolib:winefox_survivor
[208月2026 18:49:31.226] [main/DEBUG] [touhou_little_maid/ServerCustomPackLoader]: Loaded model info: geckolib:sta
[208月2026 18:49:31.226] [main/DEBUG] [touhou_little_maid/ServerCustomPackLoader]: Loaded model info: geckolib:zhiban
[208月2026 18:49:31.226] [main/DEBUG] [touhou_little_maid/ServerCustomPackLoader]: Loaded model info: geckolib:zhiban_hanfu
[208月2026 18:49:31.226] [main/DEBUG] [touhou_little_maid/ServerCustomPackLoader]: Loaded model info: geckolib:zhiban_new_year
[208月2026 18:49:31.226] [main/DEBUG] [touhou_little_maid/ServerCustomPackLoader]: Loaded model info: geckolib:hailuo_new_year
[208月2026 18:49:31.226] [main/DEBUG] [touhou_little_maid/ServerCustomPackLoader]: Loaded model info: geckolib:kluonoa
[208月2026 18:49:31.226] [main/DEBUG] [touhou_little_maid/ServerCustomPackLoader]: Loaded model info: geckolib:foxmaid
[208月2026 18:49:31.226] [main/DEBUG] [touhou_little_maid/ServerCustomPackLoader]: Loaded model info: geckolib:rice_cake_fox
[208月2026 18:49:31.227] [main/DEBUG] [touhou_little_maid/ServerCustomPackLoader]: Touhou little maid mod's model is loaded
[208月2026 18:49:31.369] [main/DEBUG] [touhou_little_maid/ServerCustomPackLoader]: Touhou little maid mod's model is loading...
[208月2026 18:49:31.372] [main/DEBUG] [touhou_little_maid/ServerCustomPackLoader]: Loaded model info: geckolib:qingluka
[208月2026 18:49:31.372] [main/DEBUG] [touhou_little_maid/ServerCustomPackLoader]: Touhou little maid mod's model is loaded
[208月2026 18:49:31.372] [main/DEBUG] [touhou_little_maid/ServerCustomPackLoader]: Touhou little maid mod's model is loading...
[208月2026 18:49:31.372] [main/DEBUG] [touhou_little_maid/ServerCustomPackLoader]: Touhou little maid mod's model is loading...
[208月2026 18:49:31.372] [main/DEBUG] [touhou_little_maid/ServerCustomPackLoader]: Touhou little maid mod's model is loading...
[208月2026 18:49:31.373] [main/DEBUG] [touhou_little_maid/ServerCustomPackLoader]: Loaded model info: minecraft_15th:alex
[208月2026 18:49:31.373] [main/DEBUG] [touhou_little_maid/ServerCustomPackLoader]: Loaded model info: minecraft_15th:rana
[208月2026 18:49:31.373] [main/DEBUG] [touhou_little_maid/ServerCustomPackLoader]: Loaded model info: minecraft_15th:natalie
[208月2026 18:49:31.373] [main/DEBUG] [touhou_little_maid/ServerCustomPackLoader]: Loaded model info: minecraft_15th:dawn
[208月2026 18:49:31.374] [main/DEBUG] [touhou_little_maid/ServerCustomPackLoader]: Touhou little maid mod's model is loaded
[208月2026 18:49:31.374] [main/DEBUG] [touhou_little_maid/ServerCustomPackLoader]: Touhou little maid mod's model is loading...
[208月2026 18:49:31.374] [main/DEBUG] [touhou_little_maid/ServerCustomPackLoader]: Touhou little maid mod's model is loading...
[208月2026 18:49:31.374] [main/DEBUG] [touhou_little_maid/ServerCustomPackLoader]: Touhou little maid mod's model is loading...
[208月2026 18:49:31.377] [main/DEBUG] [touhou_little_maid/ServerCustomPackLoader]: Loaded model info: next_update_model:stage
[208月2026 18:49:31.377] [main/DEBUG] [touhou_little_maid/ServerCustomPackLoader]: Loaded model info: next_update_model:japanese_lottery_machine
[208月2026 18:49:31.377] [main/DEBUG] [touhou_little_maid/ServerCustomPackLoader]: Loaded model info: next_update_model:fishpond
[208月2026 18:49:31.377] [main/DEBUG] [touhou_little_maid/ServerCustomPackLoader]: Loaded model info: next_update_model:mine
[208月2026 18:49:31.377] [main/DEBUG] [touhou_little_maid/ServerCustomPackLoader]: Loaded model info: next_update_model:logging_hut
[208月2026 18:49:31.377] [main/DEBUG] [touhou_little_maid/ServerCustomPackLoader]: Loaded model info: next_update_model:kitchen
[208月2026 18:49:31.377] [main/DEBUG] [touhou_little_maid/ServerCustomPackLoader]: Loaded model info: next_update_model:dining_table_default
[208月2026 18:49:31.377] [main/DEBUG] [touhou_little_maid/ServerCustomPackLoader]: Loaded model info: next_update_model:dining_table_spring
[208月2026 18:49:31.377] [main/DEBUG] [touhou_little_maid/ServerCustomPackLoader]: Loaded model info: next_update_model:dining_table_summer
[208月2026 18:49:31.377] [main/DEBUG] [touhou_little_maid/ServerCustomPackLoader]: Loaded model info: next_update_model:dining_table_autumn
[208月2026 18:49:31.377] [main/DEBUG] [touhou_little_maid/ServerCustomPackLoader]: Loaded model info: next_update_model:dining_table_winter
[208月2026 18:49:31.377] [main/DEBUG] [touhou_little_maid/ServerCustomPackLoader]: Loaded model info: next_update_model:cumin_lamb_chop
[208月2026 18:49:31.377] [main/DEBUG] [touhou_little_maid/ServerCustomPackLoader]: Loaded model info: next_update_model:hot_spring
[208月2026 18:49:31.377] [main/DEBUG] [touhou_little_maid/ServerCustomPackLoader]: Loaded model info: next_update_model:picnic_cloth
[208月2026 18:49:31.377] [main/DEBUG] [touhou_little_maid/ServerCustomPackLoader]: Loaded model info: next_update_model:elite_slime
[208月2026 18:49:31.377] [main/DEBUG] [touhou_little_maid/ServerCustomPackLoader]: Loaded model info: next_update_model:slime
[208月2026 18:49:31.377] [main/DEBUG] [touhou_little_maid/ServerCustomPackLoader]: Loaded model info: next_update_model:flip_phone
[208月2026 18:49:31.377] [main/DEBUG] [touhou_little_maid/ServerCustomPackLoader]: Loaded model info: next_update_model:fox_demon_statue
[208月2026 18:49:31.377] [main/DEBUG] [touhou_little_maid/ServerCustomPackLoader]: Loaded model info: next_update_model:fox_demon_statue_1
[208月2026 18:49:31.377] [main/DEBUG] [touhou_little_maid/ServerCustomPackLoader]: Loaded model info: next_update_model:bathroom
[208月2026 18:49:31.377] [main/DEBUG] [touhou_little_maid/ServerCustomPackLoader]: Loaded model info: next_update_model:backpack
[208月2026 18:49:31.377] [main/DEBUG] [touhou_little_maid/ServerCustomPackLoader]: Loaded model info: next_update_model:cabinet
[208月2026 18:49:31.377] [main/DEBUG] [touhou_little_maid/ServerCustomPackLoader]: Loaded model info: next_update_model:single_bed
[208月2026 18:49:31.377] [main/DEBUG] [touhou_little_maid/ServerCustomPackLoader]: Loaded model info: next_update_model:double_bed
[208月2026 18:49:31.377] [main/DEBUG] [touhou_little_maid/ServerCustomPackLoader]: Loaded model info: next_update_model:shrine
[208月2026 18:49:31.377] [main/DEBUG] [touhou_little_maid/ServerCustomPackLoader]: Loaded model info: next_update_model:3d_printer
[208月2026 18:49:31.377] [main/DEBUG] [touhou_little_maid/ServerCustomPackLoader]: Loaded model info: next_update_model:doorbell_ground
[208月2026 18:49:31.377] [main/DEBUG] [touhou_little_maid/ServerCustomPackLoader]: Loaded model info: next_update_model:doorbell_wall
[208月2026 18:49:31.377] [main/DEBUG] [touhou_little_maid/ServerCustomPackLoader]: Loaded model info: next_update_model:exchange_machine
[208月2026 18:49:31.377] [main/DEBUG] [touhou_little_maid/ServerCustomPackLoader]: Touhou little maid mod's model is loaded
[208月2026 18:49:31.377] [main/DEBUG] [touhou_little_maid/ServerCustomPackLoader]: Touhou little maid mod's model is loading...
[208月2026 18:49:31.381] [main/DEBUG] [touhou_little_maid/ServerCustomPackLoader]: Loaded model info: touhou_little_maid:hakurei_reimu
[208月2026 18:49:31.381] [main/DEBUG] [touhou_little_maid/ServerCustomPackLoader]: Loaded model info: touhou_little_maid:hakurei_reimu_2
[208月2026 18:49:31.381] [main/DEBUG] [touhou_little_maid/ServerCustomPackLoader]: Loaded model info: touhou_little_maid:hakurei_reimu_type_b
[208月2026 18:49:31.381] [main/DEBUG] [touhou_little_maid/ServerCustomPackLoader]: Loaded model info: touhou_little_maid:hakurei_reimu_type_b_716c27087f2716348835e7775121532f
[208月2026 18:49:31.381] [main/DEBUG] [touhou_little_maid/ServerCustomPackLoader]: Loaded model info: touhou_little_maid:hakurei_reimu_type_b_1720614ea46709023787aae005df1134
[208月2026 18:49:31.381] [main/DEBUG] [touhou_little_maid/ServerCustomPackLoader]: Loaded model info: touhou_little_maid:hakurei_reimu_type_b_9cc0af67a94bdbb6dbae8056ab30c2bc
[208月2026 18:49:31.381] [main/DEBUG] [touhou_little_maid/ServerCustomPackLoader]: Loaded model info: touhou_little_maid:kirisame_marisa
[208月2026 18:49:31.381] [main/DEBUG] [touhou_little_maid/ServerCustomPackLoader]: Loaded model info: touhou_little_maid:kirisame_marisa_2
[208月2026 18:49:31.381] [main/DEBUG] [touhou_little_maid/ServerCustomPackLoader]: Loaded model info: touhou_little_maid:rumia
[208月2026 18:49:31.381] [main/DEBUG] [touhou_little_maid/ServerCustomPackLoader]: Loaded model info: touhou_little_maid:daiyousei
[208月2026 18:49:31.381] [main/DEBUG] [touhou_little_maid/ServerCustomPackLoader]: Loaded model info: touhou_little_maid:cirno
[208月2026 18:49:31.381] [main/DEBUG] [touhou_little_maid/ServerCustomPackLoader]: Loaded model info: touhou_little_maid:cirno_maid
[208月2026 18:49:31.381] [main/DEBUG] [touhou_little_maid/ServerCustomPackLoader]: Loaded model info: touhou_little_maid:cirno_tan
[208月2026 18:49:31.381] [main/DEBUG] [touhou_little_maid/ServerCustomPackLoader]: Loaded model info: touhou_little_maid:cirno_slim
[208月2026 18:49:31.381] [main/DEBUG] [touhou_little_maid/ServerCustomPackLoader]: Loaded model info: touhou_little_maid:cirno_slim_43e8d943f0564065031ec0efc405edbb
[208月2026 18:49:31.381] [main/DEBUG] [touhou_little_maid/ServerCustomPackLoader]: Loaded model info: touhou_little_maid:cirno_slim_af6bc1a4e6e95433d0d72fe108ec09b7
[208月2026 18:49:31.381] [main/DEBUG] [touhou_little_maid/ServerCustomPackLoader]: Loaded model info: touhou_little_maid:hong_meiling
[208月2026 18:49:31.381] [main/DEBUG] [touhou_little_maid/ServerCustomPackLoader]: Loaded model info: touhou_little_maid:koakuma
[208月2026 18:49:31.381] [main/DEBUG] [touhou_little_maid/ServerCustomPackLoader]: Loaded model info: touhou_little_maid:patchouli_knowledge
[208月2026 18:49:31.381] [main/DEBUG] [touhou_little_maid/ServerCustomPackLoader]: Loaded model info: touhou_little_maid:patchouli_knowledge_2
[208月2026 18:49:31.381] [main/DEBUG] [touhou_little_maid/ServerCustomPackLoader]: Loaded model info: touhou_little_maid:izayoi_sakuya
[208月2026 18:49:31.381] [main/DEBUG] [touhou_little_maid/ServerCustomPackLoader]: Loaded model info: touhou_little_maid:remilia_scarlet
[208月2026 18:49:31.382] [main/DEBUG] [touhou_little_maid/ServerCustomPackLoader]: Loaded model info: touhou_little_maid:remilia_scarlet_2
[208月2026 18:49:31.382] [main/DEBUG] [touhou_little_maid/ServerCustomPackLoader]: Loaded model info: touhou_little_maid:flandre_scarlet
[208月2026 18:49:31.382] [main/DEBUG] [touhou_little_maid/ServerCustomPackLoader]: Loaded model info: touhou_little_maid:letty_whiterock
[208月2026 18:49:31.382] [main/DEBUG] [touhou_little_maid/ServerCustomPackLoader]: Loaded model info: touhou_little_maid:chen
[208月2026 18:49:31.382] [main/DEBUG] [touhou_little_maid/ServerCustomPackLoader]: Loaded model info: touhou_little_maid:alice_margatroid
[208月2026 18:49:31.382] [main/DEBUG] [touhou_little_maid/ServerCustomPackLoader]: Loaded model info: touhou_little_maid:shanghai_doll
[208月2026 18:49:31.382] [main/DEBUG] [touhou_little_maid/ServerCustomPackLoader]: Loaded model info: touhou_little_maid:hourai_doll
[208月2026 18:49:31.382] [main/DEBUG] [touhou_little_maid/ServerCustomPackLoader]: Loaded model info: touhou_little_maid:goliath_doll
[208月2026 18:49:31.382] [main/DEBUG] [touhou_little_maid/ServerCustomPackLoader]: Loaded model info: touhou_little_maid:lily_white
[208月2026 18:49:31.382] [main/DEBUG] [touhou_little_maid/ServerCustomPackLoader]: Loaded model info: touhou_little_maid:lily_black
[208月2026 18:49:31.382] [main/DEBUG] [touhou_little_maid/ServerCustomPackLoader]: Loaded model info: touhou_little_maid:lunasa_prismriver
[208月2026 18:49:31.382] [main/DEBUG] [touhou_little_maid/ServerCustomPackLoader]: Loaded model info: touhou_little_maid:merlin_prismriver
[208月2026 18:49:31.382] [main/DEBUG] [touhou_little_maid/ServerCustomPackLoader]: Loaded model info: touhou_little_maid:lyrica_prismriver
[208月2026 18:49:31.382] [main/DEBUG] [touhou_little_maid/ServerCustomPackLoader]: Loaded model info: touhou_little_maid:konpaku_youmu
[208月2026 18:49:31.382] [main/DEBUG] [touhou_little_maid/ServerCustomPackLoader]: Loaded model info: touhou_little_maid:saigyouji_yuyuko
[208月2026 18:49:31.382] [main/DEBUG] [touhou_little_maid/ServerCustomPackLoader]: Loaded model info: touhou_little_maid:yakumo_ran
[208月2026 18:49:31.382] [main/DEBUG] [touhou_little_maid/ServerCustomPackLoader]: Loaded model info: touhou_little_maid:yukari_yakumo
[208月2026 18:49:31.382] [main/DEBUG] [touhou_little_maid/ServerCustomPackLoader]: Loaded model info: touhou_little_maid:ibuki_suika
[208月2026 18:49:31.382] [main/DEBUG] [touhou_little_maid/ServerCustomPackLoader]: Loaded model info: touhou_little_maid:wriggle_nightbug
[208月2026 18:49:31.382] [main/DEBUG] [touhou_little_maid/ServerCustomPackLoader]: Loaded model info: touhou_little_maid:mystia_lorelei
[208月2026 18:49:31.382] [main/DEBUG] [touhou_little_maid/ServerCustomPackLoader]: Loaded model info: touhou_little_maid:keine_kamishirasawa
[208月2026 18:49:31.382] [main/DEBUG] [touhou_little_maid/ServerCustomPackLoader]: Loaded model info: touhou_little_maid:keine_kamishirasawa_2
[208月2026 18:49:31.382] [main/DEBUG] [touhou_little_maid/ServerCustomPackLoader]: Loaded model info: touhou_little_maid:tewi_inaba
[208月2026 18:49:31.382] [main/DEBUG] [touhou_little_maid/ServerCustomPackLoader]: Loaded model info: touhou_little_maid:reisen_udongein_inaba
[208月2026 18:49:31.382] [main/DEBUG] [touhou_little_maid/ServerCustomPackLoader]: Loaded model info: touhou_little_maid:yagokoro_eirin
[208月2026 18:49:31.382] [main/DEBUG] [touhou_little_maid/ServerCustomPackLoader]: Loaded model info: touhou_little_maid:houraisan_kaguya
[208月2026 18:49:31.382] [main/DEBUG] [touhou_little_maid/ServerCustomPackLoader]: Loaded model info: touhou_little_maid:fujiwara_no_mokou
[208月2026 18:49:31.382] [main/DEBUG] [touhou_little_maid/ServerCustomPackLoader]: Loaded model info: touhou_little_maid:syameimaru_aya
[208月2026 18:49:31.382] [main/DEBUG] [touhou_little_maid/ServerCustomPackLoader]: Loaded model info: touhou_little_maid:medicine_melancholy
[208月2026 18:49:31.382] [main/DEBUG] [touhou_little_maid/ServerCustomPackLoader]: Loaded model info: touhou_little_maid:kazami_yuka
[208月2026 18:49:31.382] [main/DEBUG] [touhou_little_maid/ServerCustomPackLoader]: Loaded model info: touhou_little_maid:onozuka_komachi
[208月2026 18:49:31.382] [main/DEBUG] [touhou_little_maid/ServerCustomPackLoader]: Loaded model info: touhou_little_maid:shikieiki_yamaxanadu
[208月2026 18:49:31.382] [main/DEBUG] [touhou_little_maid/ServerCustomPackLoader]: Loaded model info: touhou_little_maid:aki_sizuha
[208月2026 18:49:31.382] [main/DEBUG] [touhou_little_maid/ServerCustomPackLoader]: Loaded model info: touhou_little_maid:minoriko_aki
[208月2026 18:49:31.382] [main/DEBUG] [touhou_little_maid/ServerCustomPackLoader]: Loaded model info: touhou_little_maid:kagiyama_hina
[208月2026 18:49:31.382] [main/DEBUG] [touhou_little_maid/ServerCustomPackLoader]: Loaded model info: touhou_little_maid:kawasiro_nitori
[208月2026 18:49:31.382] [main/DEBUG] [touhou_little_maid/ServerCustomPackLoader]: Loaded model info: touhou_little_maid:inubashiri_momizi
[208月2026 18:49:31.382] [main/DEBUG] [touhou_little_maid/ServerCustomPackLoader]: Loaded model info: touhou_little_maid:kochiya_sanae
[208月2026 18:49:31.382] [main/DEBUG] [touhou_little_maid/ServerCustomPackLoader]: Loaded model info: touhou_little_maid:yasaka_kanako
[208月2026 18:49:31.382] [main/DEBUG] [touhou_little_maid/ServerCustomPackLoader]: Loaded model info: touhou_little_maid:moriya_suwako
[208月2026 18:49:31.382] [main/DEBUG] [touhou_little_maid/ServerCustomPackLoader]: Loaded model info: touhou_little_maid:nagae_iku
[208月2026 18:49:31.382] [main/DEBUG] [touhou_little_maid/ServerCustomPackLoader]: Loaded model info: touhou_little_maid:hinanawi_tenshi
[208月2026 18:49:31.382] [main/DEBUG] [touhou_little_maid/ServerCustomPackLoader]: Loaded model info: touhou_little_maid:kisume
[208月2026 18:49:31.382] [main/DEBUG] [touhou_little_maid/ServerCustomPackLoader]: Loaded model info: touhou_little_maid:kurodani_yamame
[208月2026 18:49:31.382] [main/DEBUG] [touhou_little_maid/ServerCustomPackLoader]: Loaded model info: touhou_little_maid:mizuhashi_parsee
[208月2026 18:49:31.382] [main/DEBUG] [touhou_little_maid/ServerCustomPackLoader]: Loaded model info: touhou_little_maid:hoshiguma_yugi
[208月2026 18:49:31.382] [main/DEBUG] [touhou_little_maid/ServerCustomPackLoader]: Loaded model info: touhou_little_maid:komeiji_satori
[208月2026 18:49:31.382] [main/DEBUG] [touhou_little_maid/ServerCustomPackLoader]: Loaded model info: touhou_little_maid:kaenbyou_rin
[208月2026 18:49:31.382] [main/DEBUG] [touhou_little_maid/ServerCustomPackLoader]: Loaded model info: touhou_little_maid:reiuji_utsuho
[208月2026 18:49:31.382] [main/DEBUG] [touhou_little_maid/ServerCustomPackLoader]: Loaded model info: touhou_little_maid:komeiji_koishi
[208月2026 18:49:31.383] [main/DEBUG] [touhou_little_maid/ServerCustomPackLoader]: Loaded model info: touhou_little_maid:komeiji_koishi_2
[208月2026 18:49:31.383] [main/DEBUG] [touhou_little_maid/ServerCustomPackLoader]: Loaded model info: touhou_little_maid:nazrin
[208月2026 18:49:31.383] [main/DEBUG] [touhou_little_maid/ServerCustomPackLoader]: Loaded model info: touhou_little_maid:tatara_kogasa
[208月2026 18:49:31.383] [main/DEBUG] [touhou_little_maid/ServerCustomPackLoader]: Loaded model info: touhou_little_maid:kumoi_ichirin
[208月2026 18:49:31.383] [main/DEBUG] [touhou_little_maid/ServerCustomPackLoader]: Loaded model info: touhou_little_maid:murasa_minamitsu
[208月2026 18:49:31.383] [main/DEBUG] [touhou_little_maid/ServerCustomPackLoader]: Loaded model info: touhou_little_maid:toramaru_shou
[208月2026 18:49:31.383] [main/DEBUG] [touhou_little_maid/ServerCustomPackLoader]: Loaded model info: touhou_little_maid:hijiri_byakuren
[208月2026 18:49:31.383] [main/DEBUG] [touhou_little_maid/ServerCustomPackLoader]: Loaded model info: touhou_little_maid:houjuu_nue
[208月2026 18:49:31.383] [main/DEBUG] [touhou_little_maid/ServerCustomPackLoader]: Loaded model info: touhou_little_maid:himekaidou_hatate
[208月2026 18:49:31.383] [main/DEBUG] [touhou_little_maid/ServerCustomPackLoader]: Loaded model info: touhou_little_maid:kasodani_kyouko
[208月2026 18:49:31.383] [main/DEBUG] [touhou_little_maid/ServerCustomPackLoader]: Loaded model info: touhou_little_maid:miyako_yoshika
[208月2026 18:49:31.383] [main/DEBUG] [touhou_little_maid/ServerCustomPackLoader]: Loaded model info: touhou_little_maid:kaku_seiga
[208月2026 18:49:31.383] [main/DEBUG] [touhou_little_maid/ServerCustomPackLoader]: Loaded model info: touhou_little_maid:mononobe_no_futo
[208月2026 18:49:31.383] [main/DEBUG] [touhou_little_maid/ServerCustomPackLoader]: Loaded model info: touhou_little_maid:toyosatomimi_no_miko
[208月2026 18:49:31.383] [main/DEBUG] [touhou_little_maid/ServerCustomPackLoader]: Loaded model info: touhou_little_maid:soga_no_toziko
[208月2026 18:49:31.383] [main/DEBUG] [touhou_little_maid/ServerCustomPackLoader]: Loaded model info: touhou_little_maid:hata_no_kokoro
[208月2026 18:49:31.383] [main/DEBUG] [touhou_little_maid/ServerCustomPackLoader]: Loaded model info: touhou_little_maid:hutatsuiwa_mamizou
[208月2026 18:49:31.383] [main/DEBUG] [touhou_little_maid/ServerCustomPackLoader]: Loaded model info: touhou_little_maid:wakasagihime
[208月2026 18:49:31.383] [main/DEBUG] [touhou_little_maid/ServerCustomPackLoader]: Loaded model info: touhou_little_maid:sekibanki
[208月2026 18:49:31.383] [main/DEBUG] [touhou_little_maid/ServerCustomPackLoader]: Loaded model info: touhou_little_maid:imaizumi_kagerou
[208月2026 18:49:31.383] [main/DEBUG] [touhou_little_maid/ServerCustomPackLoader]: Loaded model info: touhou_little_maid:tsukumo_yatsuhashi
[208月2026 18:49:31.383] [main/DEBUG] [touhou_little_maid/ServerCustomPackLoader]: Loaded model info: touhou_little_maid:tsukumo_benben
[208月2026 18:49:31.383] [main/DEBUG] [touhou_little_maid/ServerCustomPackLoader]: Loaded model info: touhou_little_maid:kijin_seija
[208月2026 18:49:31.383] [main/DEBUG] [touhou_little_maid/ServerCustomPackLoader]: Loaded model info: touhou_little_maid:sukuna_shinmyoumaru
[208月2026 18:49:31.383] [main/DEBUG] [touhou_little_maid/ServerCustomPackLoader]: Loaded model info: touhou_little_maid:horikawa_raiko
[208月2026 18:49:31.383] [main/DEBUG] [touhou_little_maid/ServerCustomPackLoader]: Loaded model info: touhou_little_maid:usami_sumireko
[208月2026 18:49:31.383] [main/DEBUG] [touhou_little_maid/ServerCustomPackLoader]: Loaded model info: touhou_little_maid:seiran
[208月2026 18:49:31.383] [main/DEBUG] [touhou_little_maid/ServerCustomPackLoader]: Loaded model info: touhou_little_maid:ringo
[208月2026 18:49:31.383] [main/DEBUG] [touhou_little_maid/ServerCustomPackLoader]: Loaded model info: touhou_little_maid:doremy_sweet
[208月2026 18:49:31.383] [main/DEBUG] [touhou_little_maid/ServerCustomPackLoader]: Loaded model info: touhou_little_maid:kisin_sagume
[208月2026 18:49:31.383] [main/DEBUG] [touhou_little_maid/ServerCustomPackLoader]: Loaded model info: touhou_little_maid:clownpiece
[208月2026 18:49:31.383] [main/DEBUG] [touhou_little_maid/ServerCustomPackLoader]: Loaded model info: touhou_little_maid:junko
[208月2026 18:49:31.383] [main/DEBUG] [touhou_little_maid/ServerCustomPackLoader]: Loaded model info: touhou_little_maid:hecatia_lapislazuli
[208月2026 18:49:31.383] [main/DEBUG] [touhou_little_maid/ServerCustomPackLoader]: Loaded model info: touhou_little_maid:yorigami_jyoon
[208月2026 18:49:31.383] [main/DEBUG] [touhou_little_maid/ServerCustomPackLoader]: Loaded model info: touhou_little_maid:yorigami_shion
[208月2026 18:49:31.383] [main/DEBUG] [touhou_little_maid/ServerCustomPackLoader]: Loaded model info: touhou_little_maid:eternity_larva
[208月2026 18:49:31.383] [main/DEBUG] [touhou_little_maid/ServerCustomPackLoader]: Loaded model info: touhou_little_maid:sakata_nemuno
[208月2026 18:49:31.383] [main/DEBUG] [touhou_little_maid/ServerCustomPackLoader]: Loaded model info: touhou_little_maid:komano_aunn
[208月2026 18:49:31.383] [main/DEBUG] [touhou_little_maid/ServerCustomPackLoader]: Loaded model info: touhou_little_maid:yatadera_narumi
[208月2026 18:49:31.383] [main/DEBUG] [touhou_little_maid/ServerCustomPackLoader]: Loaded model info: touhou_little_maid:nishida_satono
[208月2026 18:49:31.383] [main/DEBUG] [touhou_little_maid/ServerCustomPackLoader]: Loaded model info: touhou_little_maid:teireid_mai
[208月2026 18:49:31.383] [main/DEBUG] [touhou_little_maid/ServerCustomPackLoader]: Loaded model info: touhou_little_maid:matara_okina
[208月2026 18:49:31.383] [main/DEBUG] [touhou_little_maid/ServerCustomPackLoader]: Loaded model info: touhou_little_maid:ebisu_eika
[208月2026 18:49:31.383] [main/DEBUG] [touhou_little_maid/ServerCustomPackLoader]: Loaded model info: touhou_little_maid:ushizaki_urumi
[208月2026 18:49:31.383] [main/DEBUG] [touhou_little_maid/ServerCustomPackLoader]: Loaded model info: touhou_little_maid:niwatari_kutaka
[208月2026 18:49:31.383] [main/DEBUG] [touhou_little_maid/ServerCustomPackLoader]: Loaded model info: touhou_little_maid:kitcho_yachie
[208月2026 18:49:31.383] [main/DEBUG] [touhou_little_maid/ServerCustomPackLoader]: Loaded model info: touhou_little_maid:joutougu_mayumi
[208月2026 18:49:31.383] [main/DEBUG] [touhou_little_maid/ServerCustomPackLoader]: Loaded model info: touhou_little_maid:haniyasushin_keiki
[208月2026 18:49:31.383] [main/DEBUG] [touhou_little_maid/ServerCustomPackLoader]: Loaded model info: touhou_little_maid:kurokoma_saki
[208月2026 18:49:31.383] [main/DEBUG] [touhou_little_maid/ServerCustomPackLoader]: Loaded model info: touhou_little_maid:toutetsu_yuma
[208月2026 18:49:31.383] [main/DEBUG] [touhou_little_maid/ServerCustomPackLoader]: Loaded model info: touhou_little_maid:goutokuzi_mike
[208月2026 18:49:31.383] [main/DEBUG] [touhou_little_maid/ServerCustomPackLoader]: Loaded model info: touhou_little_maid:yamashiro_takane
[208月2026 18:49:31.383] [main/DEBUG] [touhou_little_maid/ServerCustomPackLoader]: Loaded model info: touhou_little_maid:komakusa_sannyo
[208月2026 18:49:31.383] [main/DEBUG] [touhou_little_maid/ServerCustomPackLoader]: Loaded model info: touhou_little_maid:tamatsukuri_misumaru
[208月2026 18:49:31.383] [main/DEBUG] [touhou_little_maid/ServerCustomPackLoader]: Loaded model info: touhou_little_maid:kudamaki_tsukasa
[208月2026 18:49:31.383] [main/DEBUG] [touhou_little_maid/ServerCustomPackLoader]: Loaded model info: touhou_little_maid:iizunamaru_megumu
[208月2026 18:49:31.383] [main/DEBUG] [touhou_little_maid/ServerCustomPackLoader]: Loaded model info: touhou_little_maid:tenkyu_chimata
[208月2026 18:49:31.383] [main/DEBUG] [touhou_little_maid/ServerCustomPackLoader]: Loaded model info: touhou_little_maid:himemushi_momoyo
[208月2026 18:49:31.383] [main/DEBUG] [touhou_little_maid/ServerCustomPackLoader]: Loaded model info: touhou_little_maid:son_biten
[208月2026 18:49:31.383] [main/DEBUG] [touhou_little_maid/ServerCustomPackLoader]: Loaded model info: touhou_little_maid:mitsugashira_enoko
[208月2026 18:49:31.383] [main/DEBUG] [touhou_little_maid/ServerCustomPackLoader]: Loaded model info: touhou_little_maid:tenkajin_chiyari
[208月2026 18:49:31.383] [main/DEBUG] [touhou_little_maid/ServerCustomPackLoader]: Loaded model info: touhou_little_maid:yomotsu_hisami
[208月2026 18:49:31.383] [main/DEBUG] [touhou_little_maid/ServerCustomPackLoader]: Loaded model info: touhou_little_maid:nippaku_zanmu
[208月2026 18:49:31.384] [main/DEBUG] [touhou_little_maid/ServerCustomPackLoader]: Loaded model info: touhou_little_maid:ubame_chirizuka
[208月2026 18:49:31.384] [main/DEBUG] [touhou_little_maid/ServerCustomPackLoader]: Loaded model info: touhou_little_maid:chimi_houjuu
[208月2026 18:49:31.384] [main/DEBUG] [touhou_little_maid/ServerCustomPackLoader]: Loaded model info: touhou_little_maid:nareko_michigami
[208月2026 18:49:31.384] [main/DEBUG] [touhou_little_maid/ServerCustomPackLoader]: Loaded model info: touhou_little_maid:yuiman_asama
[208月2026 18:49:31.384] [main/DEBUG] [touhou_little_maid/ServerCustomPackLoader]: Loaded model info: touhou_little_maid:ariya_iwanaga
[208月2026 18:49:31.384] [main/DEBUG] [touhou_little_maid/ServerCustomPackLoader]: Loaded model info: touhou_little_maid:watari_nina
[208月2026 18:49:31.384] [main/DEBUG] [touhou_little_maid/ServerCustomPackLoader]: Loaded model info: touhou_little_maid:morichika_rinnosuke
[208月2026 18:49:31.384] [main/DEBUG] [touhou_little_maid/ServerCustomPackLoader]: Loaded model info: touhou_little_maid:tokiko
[208月2026 18:49:31.384] [main/DEBUG] [touhou_little_maid/ServerCustomPackLoader]: Loaded model info: touhou_little_maid:sunny_milk
[208月2026 18:49:31.384] [main/DEBUG] [touhou_little_maid/ServerCustomPackLoader]: Loaded model info: touhou_little_maid:luna_child
[208月2026 18:49:31.384] [main/DEBUG] [touhou_little_maid/ServerCustomPackLoader]: Loaded model info: touhou_little_maid:star_sapphire
[208月2026 18:49:31.384] [main/DEBUG] [touhou_little_maid/ServerCustomPackLoader]: Loaded model info: touhou_little_maid:watatsuki_no_toyohime
[208月2026 18:49:31.384] [main/DEBUG] [touhou_little_maid/ServerCustomPackLoader]: Loaded model info: touhou_little_maid:watatsuki_no_yorihime
[208月2026 18:49:31.384] [main/DEBUG] [touhou_little_maid/ServerCustomPackLoader]: Loaded model info: touhou_little_maid:reisen
[208月2026 18:49:31.384] [main/DEBUG] [touhou_little_maid/ServerCustomPackLoader]: Loaded model info: touhou_little_maid:hieda_no_akyuu
[208月2026 18:49:31.384] [main/DEBUG] [touhou_little_maid/ServerCustomPackLoader]: Loaded model info: touhou_little_maid:ibaraki_kasen
[208月2026 18:49:31.384] [main/DEBUG] [touhou_little_maid/ServerCustomPackLoader]: Loaded model info: touhou_little_maid:ibaraki_kasen_2
[208月2026 18:49:31.384] [main/DEBUG] [touhou_little_maid/ServerCustomPackLoader]: Loaded model info: touhou_little_maid:motoori_kosuzu
[208月2026 18:49:31.384] [main/DEBUG] [touhou_little_maid/ServerCustomPackLoader]: Loaded model info: touhou_little_maid:miyadeguchi_mizuchi
[208月2026 18:49:31.384] [main/DEBUG] [touhou_little_maid/ServerCustomPackLoader]: Loaded model info: touhou_little_maid:miyoi_okunoda
[208月2026 18:49:31.384] [main/DEBUG] [touhou_little_maid/ServerCustomPackLoader]: Loaded model info: touhou_little_maid:usami_renko
[208月2026 18:49:31.384] [main/DEBUG] [touhou_little_maid/ServerCustomPackLoader]: Loaded model info: touhou_little_maid:maribel_hearn
[208月2026 18:49:31.384] [main/DEBUG] [touhou_little_maid/ServerCustomPackLoader]: Loaded model info: touhou_little_maid:satsuki_rin
[208月2026 18:49:31.384] [main/DEBUG] [touhou_little_maid/ServerCustomPackLoader]: Touhou little maid mod's model is loaded
[208月2026 18:49:31.384] [main/DEBUG] [touhou_little_maid/ServerCustomPackLoader]: Touhou little maid mod's model is loading...
[208月2026 18:49:31.387] [main/DEBUG] [touhou_little_maid/ServerCustomPackLoader]: Loaded model info: touhou_little_maid:cushion
[208月2026 18:49:31.387] [main/DEBUG] [touhou_little_maid/ServerCustomPackLoader]: Loaded model info: touhou_little_maid:class_desk
[208月2026 18:49:31.387] [main/DEBUG] [touhou_little_maid/ServerCustomPackLoader]: Loaded model info: touhou_little_maid:class_chair
[208月2026 18:49:31.387] [main/DEBUG] [touhou_little_maid/ServerCustomPackLoader]: Loaded model info: touhou_little_maid:kotatsu
[208月2026 18:49:31.387] [main/DEBUG] [touhou_little_maid/ServerCustomPackLoader]: Loaded model info: touhou_little_maid:play_station
[208月2026 18:49:31.387] [main/DEBUG] [touhou_little_maid/ServerCustomPackLoader]: Loaded model info: touhou_little_maid:tall_stool
[208月2026 18:49:31.387] [main/DEBUG] [touhou_little_maid/ServerCustomPackLoader]: Loaded model info: touhou_little_maid:low_stool
[208月2026 18:49:31.387] [main/DEBUG] [touhou_little_maid/ServerCustomPackLoader]: Loaded model info: touhou_little_maid:barbecue_booth
[208月2026 18:49:31.387] [main/DEBUG] [touhou_little_maid/ServerCustomPackLoader]: Loaded model info: touhou_little_maid:barbecue_booth_2
[208月2026 18:49:31.387] [main/DEBUG] [touhou_little_maid/ServerCustomPackLoader]: Loaded model info: touhou_little_maid:long_stool
[208月2026 18:49:31.387] [main/DEBUG] [touhou_little_maid/ServerCustomPackLoader]: Loaded model info: touhou_little_maid:square_table
[208月2026 18:49:31.387] [main/DEBUG] [touhou_little_maid/ServerCustomPackLoader]: Loaded model info: touhou_little_maid:mahjong_table
[208月2026 18:49:31.387] [main/DEBUG] [touhou_little_maid/ServerCustomPackLoader]: Loaded model info: touhou_little_maid:beach_chair
[208月2026 18:49:31.387] [main/DEBUG] [touhou_little_maid/ServerCustomPackLoader]: Loaded model info: touhou_little_maid:parasol
[208月2026 18:49:31.387] [main/DEBUG] [touhou_little_maid/ServerCustomPackLoader]: Loaded model info: touhou_little_maid:water_wheel
[208月2026 18:49:31.387] [main/DEBUG] [touhou_little_maid/ServerCustomPackLoader]: Loaded model info: touhou_little_maid:saisen_bako
[208月2026 18:49:31.387] [main/DEBUG] [touhou_little_maid/ServerCustomPackLoader]: Loaded model info: touhou_little_maid:well
[208月2026 18:49:31.387] [main/DEBUG] [touhou_little_maid/ServerCustomPackLoader]: Loaded model info: touhou_little_maid:torii
[208月2026 18:49:31.387] [main/DEBUG] [touhou_little_maid/ServerCustomPackLoader]: Loaded model info: touhou_little_maid:torii_2
[208月2026 18:49:31.387] [main/DEBUG] [touhou_little_maid/ServerCustomPackLoader]: Loaded model info: touhou_little_maid:torii_3
[208月2026 18:49:31.387] [main/DEBUG] [touhou_little_maid/ServerCustomPackLoader]: Loaded model info: touhou_little_maid:ema
[208月2026 18:49:31.387] [main/DEBUG] [touhou_little_maid/ServerCustomPackLoader]: Loaded model info: touhou_little_maid:anti_collision_bucket
[208月2026 18:49:31.387] [main/DEBUG] [touhou_little_maid/ServerCustomPackLoader]: Loaded model info: touhou_little_maid:park_bench
[208月2026 18:49:31.387] [main/DEBUG] [touhou_little_maid/ServerCustomPackLoader]: Loaded model info: touhou_little_maid:rinnosuke_children_toys
[208月2026 18:49:31.387] [main/DEBUG] [touhou_little_maid/ServerCustomPackLoader]: Loaded model info: touhou_little_maid:moto
[208月2026 18:49:31.387] [main/DEBUG] [touhou_little_maid/ServerCustomPackLoader]: Loaded model info: touhou_little_maid:bowl
[208月2026 18:49:31.387] [main/DEBUG] [touhou_little_maid/ServerCustomPackLoader]: Loaded model info: touhou_little_maid:lucky_cat_2m
[208月2026 18:49:31.387] [main/DEBUG] [touhou_little_maid/ServerCustomPackLoader]: Loaded model info: touhou_little_maid:yumemi_strawberry_milk
[208月2026 18:49:31.387] [main/DEBUG] [touhou_little_maid/ServerCustomPackLoader]: Loaded model info: touhou_little_maid:crystalizedsuns_moms_tombstone
[208月2026 18:49:31.387] [main/DEBUG] [touhou_little_maid/ServerCustomPackLoader]: Loaded model info: touhou_little_maid:legendary_pig_man
[208月2026 18:49:31.387] [main/DEBUG] [touhou_little_maid/ServerCustomPackLoader]: Loaded model info: touhou_little_maid:head_of_academycraft
[208月2026 18:49:31.387] [main/DEBUG] [touhou_little_maid/ServerCustomPackLoader]: Loaded model info: touhou_little_maid:fogg05
[208月2026 18:49:31.387] [main/DEBUG] [touhou_little_maid/ServerCustomPackLoader]: Loaded model info: touhou_little_maid:native_drum
[208月2026 18:49:31.387] [main/DEBUG] [touhou_little_maid/ServerCustomPackLoader]: Touhou little maid mod's model is loaded
[208月2026 18:49:31.387] [main/DEBUG] [touhou_little_maid/ServerCustomPackLoader]: Touhou little maid mod's model is loading...
[208月2026 18:49:31.388] [main/DEBUG] [touhou_little_maid/ServerCustomPackLoader]: Loaded model info: touhou_little_maid_old:reimu_hakurei
[208月2026 18:49:31.388] [main/DEBUG] [touhou_little_maid/ServerCustomPackLoader]: Loaded model info: touhou_little_maid_old:singyoku2
[208月2026 18:49:31.388] [main/DEBUG] [touhou_little_maid/ServerCustomPackLoader]: Loaded model info: touhou_little_maid_old:singyoku3
[208月2026 18:49:31.388] [main/DEBUG] [touhou_little_maid/ServerCustomPackLoader]: Loaded model info: touhou_little_maid_old:mima
[208月2026 18:49:31.388] [main/DEBUG] [touhou_little_maid/ServerCustomPackLoader]: Loaded model info: touhou_little_maid_old:kikuri
[208月2026 18:49:31.388] [main/DEBUG] [touhou_little_maid/ServerCustomPackLoader]: Loaded model info: touhou_little_maid_old:konngara
[208月2026 18:49:31.388] [main/DEBUG] [touhou_little_maid/ServerCustomPackLoader]: Loaded model info: touhou_little_maid_old:yuugen_magan
[208月2026 18:49:31.388] [main/DEBUG] [touhou_little_maid/ServerCustomPackLoader]: Loaded model info: touhou_little_maid_old:elis
[208月2026 18:49:31.388] [main/DEBUG] [touhou_little_maid/ServerCustomPackLoader]: Loaded model info: touhou_little_maid_old:sariel
[208月2026 18:49:31.388] [main/DEBUG] [touhou_little_maid/ServerCustomPackLoader]: Loaded model info: touhou_little_maid_old:genjii
[208月2026 18:49:31.388] [main/DEBUG] [touhou_little_maid/ServerCustomPackLoader]: Loaded model info: touhou_little_maid_old:rika
[208月2026 18:49:31.388] [main/DEBUG] [touhou_little_maid/ServerCustomPackLoader]: Loaded model info: touhou_little_maid_old:meira
[208月2026 18:49:31.388] [main/DEBUG] [touhou_little_maid/ServerCustomPackLoader]: Loaded model info: touhou_little_maid_old:kirisame_marisa
[208月2026 18:49:31.388] [main/DEBUG] [touhou_little_maid/ServerCustomPackLoader]: Loaded model info: touhou_little_maid_old:ellen
[208月2026 18:49:31.388] [main/DEBUG] [touhou_little_maid/ServerCustomPackLoader]: Loaded model info: touhou_little_maid_old:kotohime
[208月2026 18:49:31.388] [main/DEBUG] [touhou_little_maid/ServerCustomPackLoader]: Loaded model info: touhou_little_maid_old:kana_anaberal
[208月2026 18:49:31.388] [main/DEBUG] [touhou_little_maid/ServerCustomPackLoader]: Loaded model info: touhou_little_maid_old:rikako_asakura
[208月2026 18:49:31.388] [main/DEBUG] [touhou_little_maid/ServerCustomPackLoader]: Loaded model info: touhou_little_maid_old:chiyuri_kitashirakawa
[208月2026 18:49:31.388] [main/DEBUG] [touhou_little_maid/ServerCustomPackLoader]: Loaded model info: touhou_little_maid_old:yumemi_okazaki
[208月2026 18:49:31.388] [main/DEBUG] [touhou_little_maid/ServerCustomPackLoader]: Loaded model info: touhou_little_maid_old:orange
[208月2026 18:49:31.388] [main/DEBUG] [touhou_little_maid/ServerCustomPackLoader]: Loaded model info: touhou_little_maid_old:kurumi
[208月2026 18:49:31.388] [main/DEBUG] [touhou_little_maid/ServerCustomPackLoader]: Loaded model info: touhou_little_maid_old:elly
[208月2026 18:49:31.388] [main/DEBUG] [touhou_little_maid/ServerCustomPackLoader]: Loaded model info: touhou_little_maid_old:yuuka_old
[208月2026 18:49:31.388] [main/DEBUG] [touhou_little_maid/ServerCustomPackLoader]: Loaded model info: touhou_little_maid_old:mugetsu
[208月2026 18:49:31.388] [main/DEBUG] [touhou_little_maid/ServerCustomPackLoader]: Loaded model info: touhou_little_maid_old:gengetsu
[208月2026 18:49:31.388] [main/DEBUG] [touhou_little_maid/ServerCustomPackLoader]: Loaded model info: touhou_little_maid_old:sara
[208月2026 18:49:31.388] [main/DEBUG] [touhou_little_maid/ServerCustomPackLoader]: Loaded model info: touhou_little_maid_old:louise
[208月2026 18:49:31.388] [main/DEBUG] [touhou_little_maid/ServerCustomPackLoader]: Loaded model info: touhou_little_maid_old:alice
[208月2026 18:49:31.388] [main/DEBUG] [touhou_little_maid/ServerCustomPackLoader]: Loaded model info: touhou_little_maid_old:yuki
[208月2026 18:49:31.388] [main/DEBUG] [touhou_little_maid/ServerCustomPackLoader]: Loaded model info: touhou_little_maid_old:mai
[208月2026 18:49:31.388] [main/DEBUG] [touhou_little_maid/ServerCustomPackLoader]: Loaded model info: touhou_little_maid_old:yumeko
[208月2026 18:49:31.388] [main/DEBUG] [touhou_little_maid/ServerCustomPackLoader]: Loaded model info: touhou_little_maid_old:shinki
[208月2026 18:49:31.388] [main/DEBUG] [touhou_little_maid/ServerCustomPackLoader]: Loaded model info: touhou_little_maid_old:ruukoto
[208月2026 18:49:31.388] [main/DEBUG] [touhou_little_maid/ServerCustomPackLoader]: Loaded model info: touhou_little_maid_old:trump_king
[208月2026 18:49:31.388] [main/DEBUG] [touhou_little_maid/ServerCustomPackLoader]: Touhou little maid mod's model is loaded
[208月2026 18:49:31.388] [main/DEBUG] [touhou_little_maid/ServerCustomPackLoader]: Touhou little maid mod's model is loading...
[208月2026 18:49:31.388] [main/DEBUG] [touhou_little_maid/ServerCustomPackLoader]: Touhou little maid mod's model is loading...
[208月2026 18:49:31.390] [main/DEBUG] [touhou_little_maid/ServerCustomPackLoader]: Loaded model info: touhou_little_maid_seihou:vivit
[208月2026 18:49:31.390] [main/DEBUG] [touhou_little_maid/ServerCustomPackLoader]: Loaded model info: touhou_little_maid_seihou:vivit_2
[208月2026 18:49:31.390] [main/DEBUG] [touhou_little_maid/ServerCustomPackLoader]: Loaded model info: touhou_little_maid_seihou:milia
[208月2026 18:49:31.390] [main/DEBUG] [touhou_little_maid/ServerCustomPackLoader]: Loaded model info: touhou_little_maid_seihou:mei
[208月2026 18:49:31.390] [main/DEBUG] [touhou_little_maid/ServerCustomPackLoader]: Loaded model info: touhou_little_maid_seihou:mai
[208月2026 18:49:31.390] [main/DEBUG] [touhou_little_maid/ServerCustomPackLoader]: Touhou little maid mod's model is loaded
[208月2026 18:49:31.390] [main/DEBUG] [touhou_little_maid/ServerCustomPackLoader]: Touhou little maid mod's model is loading...
[208月2026 18:49:31.416] [main/INFO] [eftlm_stylish/]: [DIAG] MaidSkillBuildEvent registered: stylish_combat (tab=ef_tlm:skills)
[208月2026 18:49:31.427] [Forge Version Check/INFO] [net.minecraftforge.fml.VersionChecker/]: [player_mobs] Starting version check at https://raw.githubusercontent.com/GoryMoon/PlayerMobs/update/versions.json
[208月2026 18:49:31.675] [Forge Version Check/WARN] [net.minecraftforge.fml.VersionChecker/]: Failed to process update information
javax.net.ssl.SSLHandshakeException: PKIX path building failed: sun.security.provider.certpath.SunCertPathBuilderException: unable to find valid certification path to requested target
	at jdk.internal.net.http.HttpClientImpl.send(HttpClientImpl.java:578) ~[java.net.http:?]
	at jdk.internal.net.http.HttpClientFacade.send(HttpClientFacade.java:123) ~[java.net.http:?]
	at net.minecraftforge.fml.VersionChecker$1.openUrlString(VersionChecker.java:142) ~[fmlcore-1.20.1-47.4.13.jar%23132!/:?]
	at net.minecraftforge.fml.VersionChecker$1.process(VersionChecker.java:180) ~[fmlcore-1.20.1-47.4.13.jar%23132!/:?]
	at java.lang.Iterable.forEach(Iterable.java:75) ~[?:?]
	at net.minecraftforge.fml.VersionChecker$1.run(VersionChecker.java:117) ~[fmlcore-1.20.1-47.4.13.jar%23132!/:?]
Caused by: javax.net.ssl.SSLHandshakeException: PKIX path building failed: sun.security.provider.certpath.SunCertPathBuilderException: unable to find valid certification path to requested target
	at sun.security.ssl.Alert.createSSLException(Alert.java:131) ~[?:?]
	at sun.security.ssl.TransportContext.fatal(TransportContext.java:378) ~[?:?]
	at sun.security.ssl.TransportContext.fatal(TransportContext.java:321) ~[?:?]
	at sun.security.ssl.TransportContext.fatal(TransportContext.java:316) ~[?:?]
	at sun.security.ssl.CertificateMessage$T13CertificateConsumer.checkServerCerts(CertificateMessage.java:1351) ~[?:?]
	at sun.security.ssl.CertificateMessage$T13CertificateConsumer.onConsumeCertificate(CertificateMessage.java:1226) ~[?:?]
	at sun.security.ssl.CertificateMessage$T13CertificateConsumer.consume(CertificateMessage.java:1169) ~[?:?]
	at sun.security.ssl.SSLHandshake.consume(SSLHandshake.java:396) ~[?:?]
	at sun.security.ssl.HandshakeContext.dispatch(HandshakeContext.java:480) ~[?:?]
	at sun.security.ssl.SSLEngineImpl$DelegatedTask$DelegatedAction.run(SSLEngineImpl.java:1277) ~[?:?]
	at sun.security.ssl.SSLEngineImpl$DelegatedTask$DelegatedAction.run(SSLEngineImpl.java:1264) ~[?:?]
	at java.security.AccessController.doPrivileged(AccessController.java:712) ~[?:?]
	at sun.security.ssl.SSLEngineImpl$DelegatedTask.run(SSLEngineImpl.java:1209) ~[?:?]
	at java.util.ArrayList.forEach(ArrayList.java:1511) ~[?:?]
	at jdk.internal.net.http.common.SSLFlowDelegate.lambda$executeTasks$3(SSLFlowDelegate.java:1118) ~[java.net.http:?]
	at jdk.internal.net.http.HttpClientImpl$DelegatingExecutor.execute(HttpClientImpl.java:157) ~[java.net.http:?]
	at jdk.internal.net.http.common.SSLFlowDelegate.executeTasks(SSLFlowDelegate.java:1113) ~[java.net.http:?]
	at jdk.internal.net.http.common.SSLFlowDelegate.doHandshake(SSLFlowDelegate.java:1079) ~[java.net.http:?]
	at jdk.internal.net.http.common.SSLFlowDelegate$Reader.processData(SSLFlowDelegate.java:484) ~[java.net.http:?]
	at jdk.internal.net.http.common.SSLFlowDelegate$Reader$ReaderDownstreamPusher.run(SSLFlowDelegate.java:268) ~[java.net.http:?]
	at jdk.internal.net.http.common.SequentialScheduler$LockingRestartableTask.run(SequentialScheduler.java:205) ~[java.net.http:?]
	at jdk.internal.net.http.common.SequentialScheduler$CompleteRestartableTask.run(SequentialScheduler.java:149) ~[java.net.http:?]
	at jdk.internal.net.http.common.SequentialScheduler$TryEndDeferredCompleter.complete(SequentialScheduler.java:347) ~[java.net.http:?]
	at jdk.internal.net.http.common.SequentialScheduler$CompleteRestartableTask.run(SequentialScheduler.java:151) ~[java.net.http:?]
	at jdk.internal.net.http.common.SequentialScheduler$SchedulableTask.run(SequentialScheduler.java:230) ~[java.net.http:?]
	at java.util.concurrent.ThreadPoolExecutor.runWorker(ThreadPoolExecutor.java:1136) ~[?:?]
	at java.util.concurrent.ThreadPoolExecutor$Worker.run(ThreadPoolExecutor.java:635) ~[?:?]
	at java.lang.Thread.run(Thread.java:842) ~[?:?]
Caused by: sun.security.validator.ValidatorException: PKIX path building failed: sun.security.provider.certpath.SunCertPathBuilderException: unable to find valid certification path to requested target
	at sun.security.validator.PKIXValidator.doBuild(PKIXValidator.java:439) ~[?:?]
	at sun.security.validator.PKIXValidator.engineValidate(PKIXValidator.java:306) ~[?:?]
	at sun.security.validator.Validator.validate(Validator.java:264) ~[?:?]
	at sun.security.ssl.X509TrustManagerImpl.checkTrusted(X509TrustManagerImpl.java:285) ~[?:?]
	at sun.security.ssl.X509TrustManagerImpl.checkServerTrusted(X509TrustManagerImpl.java:144) ~[?:?]
	at sun.security.ssl.CertificateMessage$T13CertificateConsumer.checkServerCerts(CertificateMessage.java:1329) ~[?:?]
	at sun.security.ssl.CertificateMessage$T13CertificateConsumer.onConsumeCertificate(CertificateMessage.java:1226) ~[?:?]
	at sun.security.ssl.CertificateMessage$T13CertificateConsumer.consume(CertificateMessage.java:1169) ~[?:?]
	at sun.security.ssl.SSLHandshake.consume(SSLHandshake.java:396) ~[?:?]
	at sun.security.ssl.HandshakeContext.dispatch(HandshakeContext.java:480) ~[?:?]
	at sun.security.ssl.SSLEngineImpl$DelegatedTask$DelegatedAction.run(SSLEngineImpl.java:1277) ~[?:?]
	at sun.security.ssl.SSLEngineImpl$DelegatedTask$DelegatedAction.run(SSLEngineImpl.java:1264) ~[?:?]
	at java.security.AccessController.doPrivileged(AccessController.java:712) ~[?:?]
	at sun.security.ssl.SSLEngineImpl$DelegatedTask.run(SSLEngineImpl.java:1209) ~[?:?]
	at java.util.ArrayList.forEach(ArrayList.java:1511) ~[?:?]
	at jdk.internal.net.http.common.SSLFlowDelegate.lambda$executeTasks$3(SSLFlowDelegate.java:1118) ~[java.net.http:?]
	at jdk.internal.net.http.HttpClientImpl$DelegatingExecutor.execute(HttpClientImpl.java:157) ~[java.net.http:?]
	at jdk.internal.net.http.common.SSLFlowDelegate.executeTasks(SSLFlowDelegate.java:1113) ~[java.net.http:?]
	at jdk.internal.net.http.common.SSLFlowDelegate.doHandshake(SSLFlowDelegate.java:1079) ~[java.net.http:?]
	at jdk.internal.net.http.common.SSLFlowDelegate$Reader.processData(SSLFlowDelegate.java:484) ~[java.net.http:?]
	at jdk.internal.net.http.common.SSLFlowDelegate$Reader$ReaderDownstreamPusher.run(SSLFlowDelegate.java:268) ~[java.net.http:?]
	at jdk.internal.net.http.common.SequentialScheduler$LockingRestartableTask.run(SequentialScheduler.java:205) ~[java.net.http:?]
	at jdk.internal.net.http.common.SequentialScheduler$CompleteRestartableTask.run(SequentialScheduler.java:149) ~[java.net.http:?]
	at jdk.internal.net.http.common.SequentialScheduler$TryEndDeferredCompleter.complete(SequentialScheduler.java:347) ~[java.net.http:?]
	at jdk.internal.net.http.common.SequentialScheduler$CompleteRestartableTask.run(SequentialScheduler.java:151) ~[java.net.http:?]
	at jdk.internal.net.http.common.SequentialScheduler$SchedulableTask.run(SequentialScheduler.java:230) ~[java.net.http:?]
	at java.util.concurrent.ThreadPoolExecutor.runWorker(ThreadPoolExecutor.java:1136) ~[?:?]
	at java.util.concurrent.ThreadPoolExecutor$Worker.run(ThreadPoolExecutor.java:635) ~[?:?]
	at java.lang.Thread.run(Thread.java:842) ~[?:?]
Caused by: sun.security.provider.certpath.SunCertPathBuilderException: unable to find valid certification path to requested target
	at sun.security.provider.certpath.SunCertPathBuilder.build(SunCertPathBuilder.java:148) ~[?:?]
	at sun.security.provider.certpath.SunCertPathBuilder.engineBuild(SunCertPathBuilder.java:129) ~[?:?]
	at java.security.cert.CertPathBuilder.build(CertPathBuilder.java:297) ~[?:?]
	at sun.security.validator.PKIXValidator.doBuild(PKIXValidator.java:434) ~[?:?]
	at sun.security.validator.PKIXValidator.engineValidate(PKIXValidator.java:306) ~[?:?]
	at sun.security.validator.Validator.validate(Validator.java:264) ~[?:?]
	at sun.security.ssl.X509TrustManagerImpl.checkTrusted(X509TrustManagerImpl.java:285) ~[?:?]
	at sun.security.ssl.X509TrustManagerImpl.checkServerTrusted(X509TrustManagerImpl.java:144) ~[?:?]
	at sun.security.ssl.CertificateMessage$T13CertificateConsumer.checkServerCerts(CertificateMessage.java:1329) ~[?:?]
	at sun.security.ssl.CertificateMessage$T13CertificateConsumer.onConsumeCertificate(CertificateMessage.java:1226) ~[?:?]
	at sun.security.ssl.CertificateMessage$T13CertificateConsumer.consume(CertificateMessage.java:1169) ~[?:?]
	at sun.security.ssl.SSLHandshake.consume(SSLHandshake.java:396) ~[?:?]
	at sun.security.ssl.HandshakeContext.dispatch(HandshakeContext.java:480) ~[?:?]
	at sun.security.ssl.SSLEngineImpl$DelegatedTask$DelegatedAction.run(SSLEngineImpl.java:1277) ~[?:?]
	at sun.security.ssl.SSLEngineImpl$DelegatedTask$DelegatedAction.run(SSLEngineImpl.java:1264) ~[?:?]
	at java.security.AccessController.doPrivileged(AccessController.java:712) ~[?:?]
	at sun.security.ssl.SSLEngineImpl$DelegatedTask.run(SSLEngineImpl.java:1209) ~[?:?]
	at java.util.ArrayList.forEach(ArrayList.java:1511) ~[?:?]
	at jdk.internal.net.http.common.SSLFlowDelegate.lambda$executeTasks$3(SSLFlowDelegate.java:1118) ~[java.net.http:?]
	at jdk.internal.net.http.HttpClientImpl$DelegatingExecutor.execute(HttpClientImpl.java:157) ~[java.net.http:?]
	at jdk.internal.net.http.common.SSLFlowDelegate.executeTasks(SSLFlowDelegate.java:1113) ~[java.net.http:?]
	at jdk.internal.net.http.common.SSLFlowDelegate.doHandshake(SSLFlowDelegate.java:1079) ~[java.net.http:?]
	at jdk.internal.net.http.common.SSLFlowDelegate$Reader.processData(SSLFlowDelegate.java:484) ~[java.net.http:?]
	at jdk.internal.net.http.common.SSLFlowDelegate$Reader$ReaderDownstreamPusher.run(SSLFlowDelegate.java:268) ~[java.net.http:?]
	at jdk.internal.net.http.common.SequentialScheduler$LockingRestartableTask.run(SequentialScheduler.java:205) ~[java.net.http:?]
	at jdk.internal.net.http.common.SequentialScheduler$CompleteRestartableTask.run(SequentialScheduler.java:149) ~[java.net.http:?]
	at jdk.internal.net.http.common.SequentialScheduler$TryEndDeferredCompleter.complete(SequentialScheduler.java:347) ~[java.net.http:?]
	at jdk.internal.net.http.common.SequentialScheduler$CompleteRestartableTask.run(SequentialScheduler.java:151) ~[java.net.http:?]
	at jdk.internal.net.http.common.SequentialScheduler$SchedulableTask.run(SequentialScheduler.java:230) ~[java.net.http:?]
	at java.util.concurrent.ThreadPoolExecutor.runWorker(ThreadPoolExecutor.java:1136) ~[?:?]
	at java.util.concurrent.ThreadPoolExecutor$Worker.run(ThreadPoolExecutor.java:635) ~[?:?]
	at java.lang.Thread.run(Thread.java:842) ~[?:?]
[208月2026 18:49:31.678] [Forge Version Check/INFO] [net.minecraftforge.fml.VersionChecker/]: [forge] Starting version check at https://files.minecraftforge.net/net/minecraftforge/forge/promotions_slim.json
[208月2026 18:49:31.876] [main/DEBUG] [com.merlin204.avalon.main.AvalonMOD/]: Avalon自动注册 EntityPatch: epic_fight_avalon:animation_texture_vfx -> VFXEntityPatch
[208月2026 18:49:31.876] [main/DEBUG] [com.merlin204.avalon.main.AvalonMOD/]: Avalon自动注册 EntityPatch: epic_fight_avalon:shake_wave -> VFXEntityPatch
[208月2026 18:49:31.876] [main/DEBUG] [com.merlin204.avalon.main.AvalonMOD/]: Avalon自动注册 EntityPatch: epic_fight_avalon:vfx -> VFXEntityPatch
[208月2026 18:49:31.886] [main/DEBUG] [net.minecraftforge.fml.DeferredWorkQueue/LOADING]: Synchronous work queue completed in 687.3 ms
[208月2026 18:49:31.890] [main/DEBUG] [net.minecraftforge.fml.DeferredWorkQueue/LOADING]: Dispatching synchronous work for work queue ENQUEUE_IMC: 9 jobs
[208月2026 18:49:31.897] [main/DEBUG] [net.minecraftforge.fml.DeferredWorkQueue/LOADING]: Synchronous work queue completed in 6.141 ms
[208月2026 18:49:31.899] [main/DEBUG] [net.minecraftforge.fml.DeferredWorkQueue/LOADING]: Dispatching synchronous work for work queue COMPLETE: 1 jobs
[208月2026 18:49:31.903] [main/DEBUG] [net.minecraftforge.fml.DeferredWorkQueue/LOADING]: Synchronous work queue completed in 3.837 ms
[208月2026 18:49:33.026] [main/INFO] [epicfight/]: Data keys [invincible:dodge_success_timer, invincible:parry_timer, invincible:down, invincible:cooldown, invincible:left, invincible:up, invincible:right] for invincible:combo_demo
[208月2026 18:49:33.029] [main/INFO] [epicfight/]: Data keys [epicfight:basic_attack_active, epicfight:combo_counter] for epicfight:basic_attack
[208月2026 18:49:33.030] [main/INFO] [epicfight/]: Data keys [epicfight:penalty_restore_counter, epicfight:penalty] for epicfight:guard
[208月2026 18:49:33.041] [main/INFO] [epicfight/]: Data keys [epicfight:penalty_restore_counter, epicfight:penalty, epicfight:parry_motion_counter, epicfight:last_active] for epicfight:parrying
[208月2026 18:49:33.044] [main/INFO] [epicfight/]: Data keys [epicfight:penalty, epicfight:penalty_restore_counter] for epicfight:impact_guard
[208月2026 18:49:33.046] [main/INFO] [epicfight/]: Data keys [epicfight:stacks, epicfight:tick_record, epicfight:resisting_damage_type] for epicfight:adaptive_skin
[208月2026 18:49:33.047] [main/INFO] [epicfight/]: Data keys [epicfight:tick_record] for epicfight:adrenaline_fiend
[208月2026 18:49:33.047] [main/INFO] [epicfight/]: Data keys [epicfight:stacks, epicfight:entity_id] for epicfight:bonebreaker
[208月2026 18:49:33.053] [main/INFO] [epicfight/]: Data keys [epicfight:tick_record, epicfight:entity_id] for epicfight:vengeance
[208月2026 18:49:33.054] [main/INFO] [epicfight/]: Data keys [epicfight:slam_protect_next_fall, epicfight:fall_distance] for epicfight:meteor_slam
[208月2026 18:49:33.057] [main/INFO] [epicfight/]: Data keys [epicfight:stacks] for epicfight:revelation
[208月2026 18:49:33.057] [main/INFO] [epicfight/]: Data keys [epicfight:slam_protect_next_fall] for epicfight:demolition_leap
[208月2026 18:49:33.059] [main/INFO] [epicfight/]: Data keys [epicfight:slam_protect_next_fall, epicfight:jump_key_pressed_last_tick, epicfight:jump_count] for epicfight:phantom_ascent
[208月2026 18:49:33.060] [main/INFO] [epicfight/]: Data keys [epicfight:last_hit_count] for epicfight:grasping_spire
[208月2026 18:49:33.064] [main/INFO] [epicfight/]: Data keys [epicfight:sheath] for epicfight:battojutsu_passive
[208月2026 18:49:33.065] [main/INFO] [epicfight/]: Data keys [epicfight:sheath] for epicfight:battojutsu
[208月2026 18:49:33.066] [main/INFO] [epicfight/]: Data keys [epicfight:combo_counter] for epicfight:blade_rush
[208月2026 18:49:33.067] [main/INFO] [epicfight/]: Data keys [epicfight:thrown_trident_entity_id] for epicfight:everlasting_allegiance
[208月2026 18:49:33.068] [main/INFO] [epicfight/]: Data keys [wom:target_id] for wom:ender_obscuris
[208月2026 18:49:33.070] [main/INFO] [epicfight/]: Data keys [wom:dodge, wom:timer_refresh, wom:timer] for wom:dodge_master
[208月2026 18:49:33.071] [main/INFO] [epicfight/]: Data keys [wom:cooldown, wom:dodge, wom:registered_position, wom:timer_refresh, wom:active, wom:registered_health, wom:timer] for wom:time_travel
[208月2026 18:49:33.073] [main/INFO] [epicfight/]: Data keys [wom:cooldown] for wom:punishment_kick
[208月2026 18:49:33.074] [main/INFO] [epicfight/]: Data keys [wom:last_active, epicfight:penalty_restore_counter, epicfight:penalty, wom:consumprion_value, wom:holding_rmb, wom:parrying] for wom:counter_attack
[208月2026 18:49:33.074] [main/INFO] [epicfight/]: Data keys [wom:charge, wom:cooldown, epicfight:penalty_restore_counter, epicfight:penalty, wom:consumprion_value, wom:vengence_duration, wom:holding_stance, wom:timer_refresh, wom:timer] for wom:vengeful_parry
[208月2026 18:49:33.078] [main/INFO] [epicfight/]: Data keys [wom:charge, wom:cooldown, epicfight:penalty_restore_counter, epicfight:penalty, wom:holding_rmb, wom:parrying] for wom:perfect_bulwark
[208月2026 18:49:33.080] [main/INFO] [epicfight/]: Data keys [wom:charge, wom:cycle] for wom:soul_protection
[208月2026 18:49:33.082] [main/INFO] [epicfight/]: Data keys [wom:charge, wom:cycle] for wom:shulker_cloak
[208月2026 18:49:33.083] [main/INFO] [epicfight/]: Data keys [epicfight:penalty_restore_counter, epicfight:penalty, wom:holding_rmb, wom:active, wom:timer] for wom:buster_parade
[208月2026 18:49:33.087] [main/INFO] [epicfight/]: Data keys [wom:duree, wom:timer_refresh, wom:active, wom:timer] for wom:pain_anticipation
[208月2026 18:49:33.087] [main/INFO] [epicfight/]: Data keys [wom:duree, wom:timer_refresh, wom:active, wom:timer] for wom:latent_retribution
[208月2026 18:49:33.090] [main/INFO] [epicfight/]: Data keys [wom:rate, wom:power] for wom:critical_knowledge
[208月2026 18:49:33.093] [main/INFO] [epicfight/]: Data keys [wom:recovery_rate, wom:cooldown, wom:max_shield] for wom:heart_shield
[208月2026 18:49:33.097] [main/INFO] [epicfight/]: Data keys [wom:melody_index, wom:saved_elapsed_time, wom:step] for wom:dancing_blade
[208月2026 18:49:33.100] [main/INFO] [epicfight/]: Data keys [wom:duree, wom:timer_refresh, wom:active, wom:timer, wom:cycle, wom:stage] for wom:meditation
[208月2026 18:49:33.101] [main/INFO] [epicfight/]: Data keys [wom:cooldown] for wom:dopamine
[208月2026 18:49:33.101] [main/INFO] [epicfight/]: Data keys [wom:last_active] for wom:manipulator
[208月2026 18:49:33.101] [main/INFO] [epicfight/]: Data keys [wom:rate, wom:stack, wom:timer, wom:power] for wom:lethal_focus
[208月2026 18:49:33.103] [main/INFO] [epicfight/]: Data keys [wom:wall_running, wom:jump_key_up, wom:angle, wom:wall_glide, wom:timer_refresh, wom:timer] for wom:spider_techniques
[208月2026 18:49:33.103] [main/INFO] [epicfight/]: Data keys [wom:water_dashing, wom:cooldown, wom:consumprion_value, wom:crawling, wom:diving, wom:jump_key_up, wom:mermaid_movement] for wom:aqua_maneuvre
[208月2026 18:49:33.104] [main/INFO] [epicfight/]: Data keys [wom:consumprion_value, wom:wall_running, wom:wall_glide, wom:active, wom:timer, wom:buffing, wom:verso, wom:stage] for wom:natural_sprinter
[208月2026 18:49:33.108] [main/INFO] [epicfight/]: Data keys [wom:timer] for wom:lunatic_vivacity
[208月2026 18:49:33.110] [main/INFO] [epicfight/]: Data keys [wom:consumprion_value, wom:registered_health, wom:timer] for wom:voodoo_magic
[208月2026 18:49:33.124] [main/INFO] [epicfight/]: Data keys [wom:target_distance, wom:target_id] for wom:back_and_forth
[208月2026 18:49:33.130] [main/INFO] [epicfight/]: Data keys [wom:cooldown, wom:combo] for wom:shooting_style
[208月2026 18:49:33.138] [main/INFO] [epicfight/]: Data keys [wom:active, wom:timer] for wom:proximity_exploiter
[208月2026 18:49:33.142] [main/INFO] [epicfight/]: Data keys [wom:stack, wom:timer] for wom:all_eyes_on_you
[208月2026 18:49:33.144] [main/INFO] [epicfight/]: Data keys [wom:stack, wom:timer] for wom:all_eyes_on_me
[208月2026 18:49:33.150] [main/INFO] [epicfight/]: Data keys [wom:cooldown, wom:timer] for wom:avatar_of_might
[208月2026 18:49:33.154] [main/INFO] [epicfight/]: Data keys [wom:active, wom:stack, wom:attacks] for wom:agony_plunge
[208月2026 18:49:33.154] [main/INFO] [epicfight/]: Data keys [wom:movespeed, wom:charging, wom:holding_rmb, wom:charging_time, wom:timer_refresh, wom:active, wom:saved_charge, wom:charged_attack, wom:timer, wom:charged] for wom:torment_passive
[208月2026 18:49:33.154] [main/INFO] [epicfight/]: Data keys [wom:timer_refresh, wom:active, wom:timer] for wom:true_berserk
[208月2026 18:49:33.156] [main/INFO] [epicfight/]: Data keys [wom:stack] for wom:herrscher_passive
[208月2026 18:49:33.158] [main/INFO] [epicfight/]: Data keys [wom:redemptioon, wom:strenght, wom:timer_refresh, wom:timer, wom:buffing, wom:expiation, wom:buffed, wom:verso] for wom:plunder_perdition
[208月2026 18:49:33.159] [main/INFO] [epicfight/]: Data keys [wom:sheath] for wom:satsujin_passive
[208月2026 18:49:33.162] [main/INFO] [epicfight/]: Data keys [wom:second_draw, wom:timedslash, wom:timer_refresh, wom:active, wom:timer, wom:frequency, wom:charge, wom:cooldown, wom:charging, wom:holding_rmb, wom:holding_stance, wom:stack, wom:attacks, wom:damage, wom:saved_charge] for wom:sakura_state
[208月2026 18:49:33.164] [main/INFO] [epicfight/]: Data keys [wom:cooldown, wom:nofalldamage, wom:holding_rmb, wom:using_item, wom:reload_cooldown, wom:zoom, wom:zoom_cooldown, wom:combo, wom:shoot] for wom:ender_blast
[208月2026 18:49:33.165] [main/INFO] [epicfight/]: Data keys [wom:cooldown, wom:nofalldamage, wom:holding_rmb, wom:using_item, wom:reload_cooldown, wom:zoom, wom:zoom_cooldown, wom:combo, wom:side, wom:shoot] for wom:ender_fusion
[208月2026 18:49:33.166] [main/INFO] [epicfight/]: Data keys [wom:guard_point_result, wom:gesetz_sprengkopf, wom:cooldown, wom:holding_rmb, wom:holding_stance, wom:guard_point, wom:charging_time, wom:combo, wom:charged, wom:parrying] for wom:regierung
[208月2026 18:49:33.166] [main/INFO] [epicfight/]: Data keys [wom:lunar_eclipse_stack, wom:crescent, wom:timer_refresh, wom:timer, wom:echo] for wom:lunar_eclipse
[208月2026 18:49:33.167] [main/INFO] [epicfight/]: Data keys [wom:idle, wom:verso] for wom:lunar_echo_passive
[208月2026 18:49:33.169] [main/INFO] [epicfight/]: Data keys [wom:serius_focus, wom:ascending, wom:darkness_target_reaped, wom:darkness_portal_timer, wom:shoot, wom:darkness_target, wom:darkness_target_hited, wom:serius_focus_cooldown, wom:blackhole, wom:witherccatharsis, wom:blackhole_vec, wom:zoom, wom:zoom_cooldown, wom:blackhole_timer, wom:witheraftereffect, wom:blackhole_active, wom:timer_refresh, wom:active, wom:timer, wom:darkness_target_vec, wom:darkness_portal_angle, wom:darkness_portal_vec, wom:holding_rmb, wom:shoot_cooldown, wom:darkness_activate_portal] for wom:demonic_ascension
[208月2026 18:49:33.171] [main/INFO] [epicfight/]: Data keys [wom:blink, wom:catharsis, wom:particle, wom:lapse, wom:withercurse, wom:idle, wom:basic_attack] for wom:demon_mark_passive
[208月2026 18:49:33.173] [main/INFO] [epicfight/]: Data keys [wom:timed_attack, wom:stored_heat_level, wom:particle, wom:solar_obscuridad_ta_timer, wom:timer_refresh, wom:timer, wom:solar_infernio, wom:cycle, wom:heating_speed, wom:charge, wom:charging, wom:holding_rmb, wom:heat_level, wom:solar_obscuridad, wom:solar_crematorio] for wom:solar_arcano
[208月2026 18:49:33.188] [main/INFO] [epicfight/]: Data keys [wom:timed_attack, wom:stored_heat_level, wom:particle, wom:solar_obscuridad_ta_timer, wom:timer_refresh, wom:timer, wom:solar_infernio, wom:cycle, wom:heating_speed, wom:charge, wom:charging, wom:heat_level, wom:solar_obscuridad, wom:solar_crematorio] for wom:solar_passive
[208月2026 18:49:33.191] [main/INFO] [epicfight/]: Data keys [wom:serius_focus, wom:serius_focus_cooldown] for wom:rechargement
[208月2026 18:49:33.192] [main/INFO] [epicfight/]: Data keys [wom:charge, wom:bullet_loaded, wom:shell_anim, wom:super_reload, wom:shell_number, wom:bullet_overloaded, wom:active, wom:cycle, wom:bullet_loaded_old, wom:charged, wom:shell_delay] for wom:napoleon_passive
[208月2026 18:49:33.192] [main/INFO] [epicfight/]: Data keys [efn:scythe_sheath, efn:scythe_blood_power] for efn:scythe_skill
[208月2026 18:49:33.192] [main/INFO] [epicfight/]: Data keys [efn:thornwheel_loop, efn:press_innate, efn:thornwheel_loop_available] for efn:thornwheel
[208月2026 18:49:33.194] [main/INFO] [epicfight/]: Data keys [efn:jump_count, efn:jump_key_pressed_last_tick, efn:murasama_forward_dodge] for efn:murasama_dodge
[208月2026 18:49:33.194] [main/INFO] [epicfight/]: Data keys [efn:current_puncture_chance, efn:base_puncture_chance, efn:max_puncture_chance, efn:puncture_increment] for efn:parry_master
[208月2026 18:49:33.194] [main/INFO] [epicfight/]: Data keys [efn:buff_active, efn:defense_start_tick, efn:buff_end_tick] for efn:precise_parry
[208月2026 18:49:33.197] [main/INFO] [epicfight/]: Data keys [efn:cooldown, efn:cooldown_2, efn:cooldown_1] for efn:judgementcutend
[208月2026 18:49:33.199] [main/INFO] [epicfight/]: Data keys [efn:cooldown, efn:cooldown_2, efn:cooldown_1] for efn:stomp
[208月2026 18:49:33.199] [main/INFO] [epicfight/]: Data keys [efn:murasama_zansetsu_input_mode, efn:murasama_left_mouse_pressed, efn:murasama_pair_flag, efn:murasama_opposite_triggered, efn:murasama_zansetsu_start_time, efn:murasama_zansetsu_active, efn:murasama_zansetsu_end_time, efn:murasama_zansetsu_slash_release, efn:murasama_last_triggered_sector, efn:murasama_input_mode_switch_pressed, efn:arts_key_pressed, efn:murasama_zansetsu_sector, efn:arts_key, efn:murasama_key_right_down, efn:murasama_zandatsu_end_time, efn:murasama_zansetsu_attack_counter, efn:murasama_zandatsu_start_time, efn:murasama_zandatsu_available, efn:murasama_key_left_down, efn:murasama_zansetsu_timer] for efn:zansetsu
[208月2026 18:49:33.199] [main/INFO] [epicfight/]: Data keys [efn:cooldown, efn:cooldown_2, efn:cooldown_1] for efn:execution
[208月2026 18:49:33.201] [main/INFO] [epicfight/]: Data keys [efn:efn_starting_parry, efn:efn_last_parry_time, efn:efn_shake_detected, epicfight:penalty_restore_counter, epicfight:penalty, efn:efn_last_active, efn:efn_delay_protection_end, efn:efn_shake_penalty_count, efn:efn_last_guard_start_tick, efn:efn_last_successful_defense_tick, efn:efn_parry_motion_counter, efn:efn_first_shake] for efn:efn_parry
[208月2026 18:49:33.203] [main/INFO] [epicfight/]: Data keys [efn:efn_starting_parry, efn:efn_last_parry_time, efn:efn_shake_detected, epicfight:penalty_restore_counter, epicfight:penalty, efn:efn_last_active, efn:efn_delay_protection_end, efn:efn_shake_penalty_count, efn:efn_last_guard_start_tick, efn:efn_last_successful_defense_tick, efn:efn_parry_motion_counter, efn:efn_first_shake] for efn:murasama_parry
[208月2026 18:49:33.203] [main/INFO] [epicfight/]: Data keys [efn:arts_key_pressed, efn:cooldown, efn:arts_input_buffer, efn:arts_key, efn:cooldown_2, efn:sekiro_art_index, efn:cooldown_1] for efn:mortal_blade
[208月2026 18:49:33.206] [main/INFO] [epicfight/]: Data keys [efn:doppelganger_style, efn:pressing_key4, efn:key3_press_timer, efn:key4_press_timer, efn:was_long_pressed, efn:jump_key, efn:cooldown, efn:key1_press_timer, efn:pressing_key1, efn:have_doppelganger, efn:doppelganger_tick, invincible:left, invincible:dodge_success_timer, efn:cooldown_2, efn:press_summon_sword, efn:force_release, efn:charge_stage, efn:sprint_key, efn:is_charging, efn:press_innate, efn:press_key4, efn:pressing_key2, efn:charge_power, efn:full_charge_message, efn:charge_message, efn:pressing_innate, efn:press_key3, invincible:parry_timer, efn:sneak_key, efn:is_pressing, efn:charge_ticks, efn:energy_check, efn:press_key1, efn:down_key, invincible:down, efn:up_key, efn:press_key2, efn:doppelganger_delay, invincible:right, efn:arts_key_pressed, efn:arts_key, efn:pressing_key3, efn:demon_key, efn:innate_press_timer, efn:guard_key, efn:angel_key, efn:key2_press_timer, efn:press_doppelganger, invincible:cooldown, efn:cooldown_1, invincible:up, efn:combo_counter] for efn:yamato
[208月2026 18:49:33.209] [main/INFO] [epicfight/]: Data keys [efn:doppelganger_style, efn:stun_cooldown, efn:have_doppelganger, efn:parry_cooldown, efn:doppelganger_tick, efn:doppelganger_delay] for efn:yamato_passive
[208月2026 18:49:33.210] [main/INFO] [epicfight/]: Data keys [efn:pressing_key4, efn:key3_press_timer, efn:key4_press_timer, efn:was_long_pressed, efn:jump_key, efn:cooldown, efn:key1_press_timer, efn:pressing_key1, invincible:left, efn:damage_history, invincible:dodge_success_timer, efn:replay_enhanced, efn:cooldown_2, efn:press_summon_sword, efn:force_release, efn:charge_stage, efn:sprint_key, efn:is_charging, efn:press_innate, efn:press_key4, efn:pressing_key2, efn:charge_power, efn:is_replay_damage, efn:full_charge_message, efn:charge_message, efn:pressing_innate, efn:press_key3, invincible:parry_timer, efn:sneak_key, efn:is_pressing, efn:charge_ticks, efn:energy_check, efn:press_key1, efn:down_key, invincible:down, efn:up_key, efn:press_key2, invincible:right, efn:arts_key_pressed, efn:arts_key, efn:pressing_key3, efn:demon_key, efn:innate_press_timer, efn:guard_key, efn:angel_key, efn:key2_press_timer, invincible:cooldown, efn:cooldown_1, invincible:up, efn:combo_counter] for efn:shortsword
[208月2026 18:49:33.211] [main/INFO] [epicfight/]: Data keys [efn:press_key4, efn:pressing_key4, efn:key3_press_timer, efn:pressing_key2, efn:charge_power, efn:full_charge_message, efn:charge_message, efn:pressing_innate, efn:key4_press_timer, efn:was_long_pressed, efn:jump_key, efn:press_key3, efn:cooldown, efn:key1_press_timer, efn:pressing_key1, invincible:parry_timer, efn:sneak_key, efn:is_pressing, efn:charge_ticks, invincible:left, efn:energy_check, invincible:dodge_success_timer, efn:press_key1, efn:down_key, efn:cooldown_2, invincible:down, efn:up_key, efn:press_key2, efn:press_summon_sword, invincible:right, efn:arts_key_pressed, efn:force_release, efn:arts_key, efn:pressing_key3, efn:demon_key, efn:innate_press_timer, efn:guard_key, efn:charge_stage, efn:angel_key, efn:key2_press_timer, invincible:cooldown, efn:sprint_key, efn:cooldown_1, efn:is_charging, invincible:up, efn:press_innate, efn:combo_counter] for efn:ruinsgreatsword
[208月2026 18:49:33.212] [main/INFO] [epicfight/]: Data keys [efn:press_key4, efn:pressing_key4, efn:key3_press_timer, efn:pressing_key2, efn:charge_power, efn:full_charge_message, efn:charge_message, efn:pressing_innate, efn:key4_press_timer, efn:was_long_pressed, efn:jump_key, efn:press_key3, efn:cooldown, efn:key1_press_timer, efn:pressing_key1, invincible:parry_timer, efn:sneak_key, efn:is_pressing, efn:charge_ticks, invincible:left, efn:energy_check, invincible:dodge_success_timer, efn:press_key1, efn:down_key, efn:cooldown_2, invincible:down, efn:up_key, efn:press_key2, efn:press_summon_sword, invincible:right, efn:arts_key_pressed, efn:force_release, efn:arts_key, efn:pressing_key3, efn:demon_key, efn:innate_press_timer, efn:guard_key, efn:charge_stage, efn:angel_key, efn:key2_press_timer, invincible:cooldown, efn:sprint_key, efn:cooldown_1, efn:is_charging, invincible:up, efn:press_innate, efn:combo_counter] for efn:pioneer
[208月2026 18:49:33.213] [main/INFO] [epicfight/]: Data keys [efn:pressing_key4, efn:key3_press_timer, efn:murasama_sheath, efn:murasama_zansetsu_active, efn:murasama_last_triggered_sector, efn:key4_press_timer, efn:was_long_pressed, efn:jump_key, efn:murasama_input_mode_switch_pressed, efn:cooldown, efn:key1_press_timer, efn:pressing_key1, efn:murasama_zandatsu_end_time, efn:sprint_sheath_timer, efn:murasama_sheath_timer, invincible:left, efn:murasama_pair_flag, invincible:dodge_success_timer, efn:murasama_zansetsu_end_time, efn:cooldown_2, efn:murasama_zansetsu_slash_release, efn:murasama_forward_dodge, efn:press_summon_sword, efn:force_release, efn:charge_stage, efn:sprint_key, efn:manual_unsheath, efn:is_charging, efn:press_innate, efn:press_key4, efn:pressing_key2, efn:charge_power, efn:full_charge_message, efn:charge_message, efn:pressing_innate, efn:press_key3, invincible:parry_timer, efn:sneak_key, efn:murasama_zansetsu_attack_counter, efn:is_pressing, efn:murasama_key_left_down, efn:murasama_zansetsu_timer, efn:charge_ticks, efn:murasama_air_borne, efn:murasama_zansetsu_input_mode, efn:murasama_left_mouse_pressed, efn:energy_check, efn:murasama_opposite_triggered, efn:murasama_zansetsu_start_time, efn:press_key1, efn:down_key, invincible:down, efn:up_key, efn:press_key2, invincible:right, efn:murasama_zansetsu_sector, efn:arts_key_pressed, efn:murasama_key_right_down, efn:arts_key, efn:pressing_key3, efn:demon_key, efn:innate_press_timer, efn:guard_key, efn:murasama_zandatsu_start_time, efn:murasama_zandatsu_available, efn:angel_key, efn:key2_press_timer, invincible:cooldown, efn:cooldown_1, invincible:up, efn:combo_counter] for efn:murasama
[208月2026 18:49:33.213] [main/INFO] [epicfight/]: Data keys [efn:forward_backward_end_tick, efn:murasama_sheath, efn:murasama_zansetsu_active, efn:backward_pressed_last_tick, efn:murasama_last_triggered_sector, efn:double_tap_timer, efn:murasama_input_mode_switch_pressed, efn:murasama_zandatsu_end_time, efn:sprint_sheath_timer, efn:murasama_sheath_timer, efn:murasama_zansetsu_attack_counter, efn:forward_backward_remaining_ticks, efn:murasama_key_left_down, efn:forward_pressed_last_tick, efn:murasama_zansetsu_timer, efn:forward_backward_window_active, efn:murasama_zansetsu_input_mode, efn:murasama_left_mouse_pressed, efn:murasama_pair_flag, efn:murasama_opposite_triggered, efn:murasama_zansetsu_start_time, efn:jump_key_pressed_last_tick, efn:murasama_zansetsu_end_time, efn:is_double_tap_sprint, efn:murasama_zansetsu_slash_release, efn:murasama_forward_dodge, efn:was_double_tap_sprint, efn:murasama_zansetsu_sector, efn:up_key_pressed_last_tick, efn:murasama_key_right_down, efn:jump_count, efn:murasama_zandatsu_start_time, efn:murasama_zandatsu_available, efn:forward_backward_timer, efn:manual_unsheath, efn:forward_backward_success] for efn:murasama_passive
[208月2026 18:49:33.216] [main/INFO] [epicfight/]: Data keys [efn:press_key4, efn:pressing_key4, efn:key3_press_timer, efn:pressing_key2, efn:charge_power, efn:full_charge_message, efn:charge_message, efn:pressing_innate, efn:key4_press_timer, efn:was_long_pressed, efn:jump_key, efn:press_key3, efn:cooldown, efn:key1_press_timer, efn:pressing_key1, invincible:parry_timer, efn:sneak_key, efn:is_pressing, efn:charge_ticks, invincible:left, efn:energy_check, invincible:dodge_success_timer, efn:press_key1, efn:down_key, efn:cooldown_2, invincible:down, efn:up_key, efn:press_key2, efn:press_summon_sword, invincible:right, efn:arts_key_pressed, efn:force_release, efn:arts_key, efn:pressing_key3, efn:demon_key, efn:innate_press_timer, efn:guard_key, efn:charge_stage, efn:angel_key, efn:key2_press_timer, invincible:cooldown, efn:sprint_key, efn:cooldown_1, efn:is_charging, invincible:up, efn:press_innate, efn:combo_counter] for efn:meenlance
[208月2026 18:49:33.219] [main/INFO] [epicfight/]: Data keys [efn:press_key4, efn:pressing_key4, efn:key3_press_timer, efn:pressing_key2, efn:charge_power, efn:full_charge_message, efn:charge_message, efn:pressing_innate, efn:key4_press_timer, efn:was_long_pressed, efn:jump_key, efn:press_key3, efn:cooldown, efn:key1_press_timer, efn:pressing_key1, invincible:parry_timer, efn:sneak_key, efn:is_pressing, efn:charge_ticks, invincible:left, efn:energy_check, invincible:dodge_success_timer, efn:press_key1, efn:down_key, efn:cooldown_2, invincible:down, efn:up_key, efn:press_key2, efn:press_summon_sword, invincible:right, efn:arts_key_pressed, efn:force_release, efn:arts_key, efn:pressing_key3, efn:demon_key, efn:innate_press_timer, efn:guard_key, efn:charge_stage, efn:angel_key, efn:key2_press_timer, invincible:cooldown, efn:sprint_key, efn:cooldown_1, efn:is_charging, invincible:up, efn:press_innate, efn:combo_counter] for efn:kusabimaru
[208月2026 18:49:33.220] [main/INFO] [epicfight/]: Data keys [efn:pressing_key4, efn:key3_press_timer, efn:murasama_sheath, efn:murasama_zansetsu_active, efn:murasama_last_triggered_sector, efn:key4_press_timer, efn:was_long_pressed, efn:jump_key, efn:murasama_input_mode_switch_pressed, efn:cooldown, efn:key1_press_timer, efn:pressing_key1, efn:murasama_zandatsu_end_time, efn:sprint_sheath_timer, efn:murasama_sheath_timer, invincible:left, efn:murasama_pair_flag, invincible:dodge_success_timer, efn:murasama_zansetsu_end_time, efn:cooldown_2, efn:murasama_zansetsu_slash_release, efn:murasama_forward_dodge, efn:press_summon_sword, efn:force_release, efn:charge_stage, efn:sprint_key, efn:manual_unsheath, efn:is_charging, efn:press_innate, efn:press_key4, efn:pressing_key2, efn:charge_power, efn:full_charge_message, efn:charge_message, efn:pressing_innate, efn:press_key3, invincible:parry_timer, efn:sneak_key, efn:murasama_zansetsu_attack_counter, efn:is_pressing, efn:murasama_key_left_down, efn:murasama_zansetsu_timer, efn:charge_ticks, efn:murasama_air_borne, efn:murasama_zansetsu_input_mode, efn:murasama_left_mouse_pressed, efn:energy_check, efn:murasama_opposite_triggered, efn:murasama_zansetsu_start_time, efn:press_key1, efn:down_key, invincible:down, efn:up_key, efn:press_key2, invincible:right, efn:murasama_zansetsu_sector, efn:arts_key_pressed, efn:murasama_key_right_down, efn:arts_key, efn:pressing_key3, efn:demon_key, efn:innate_press_timer, efn:guard_key, efn:murasama_zandatsu_start_time, efn:murasama_zandatsu_available, efn:angel_key, efn:key2_press_timer, invincible:cooldown, efn:cooldown_1, invincible:up, efn:combo_counter] for efn:hf_blade
[208月2026 18:49:33.221] [main/INFO] [epicfight/]: Data keys [efn:forward_backward_end_tick, efn:murasama_sheath, efn:murasama_zansetsu_active, efn:backward_pressed_last_tick, efn:murasama_last_triggered_sector, efn:double_tap_timer, efn:murasama_input_mode_switch_pressed, efn:murasama_zandatsu_end_time, efn:sprint_sheath_timer, efn:murasama_sheath_timer, efn:murasama_zansetsu_attack_counter, efn:forward_backward_remaining_ticks, efn:murasama_key_left_down, efn:forward_pressed_last_tick, efn:murasama_zansetsu_timer, efn:forward_backward_window_active, efn:murasama_zansetsu_input_mode, efn:murasama_left_mouse_pressed, efn:murasama_pair_flag, efn:murasama_opposite_triggered, efn:murasama_zansetsu_start_time, efn:jump_key_pressed_last_tick, efn:murasama_zansetsu_end_time, efn:is_double_tap_sprint, efn:murasama_zansetsu_slash_release, efn:murasama_forward_dodge, efn:was_double_tap_sprint, efn:murasama_zansetsu_sector, efn:up_key_pressed_last_tick, efn:murasama_key_right_down, efn:jump_count, efn:murasama_zandatsu_start_time, efn:murasama_zandatsu_available, efn:forward_backward_timer, efn:manual_unsheath, efn:forward_backward_success] for efn:hf_blade_passive
[208月2026 18:49:33.224] [main/INFO] [epicfight/]: Data keys [efn:press_key4, efn:pressing_key4, efn:key3_press_timer, efn:pressing_key2, efn:charge_power, efn:full_charge_message, efn:charge_message, efn:pressing_innate, efn:key4_press_timer, efn:was_long_pressed, efn:jump_key, efn:press_key3, efn:cooldown, efn:key1_press_timer, efn:pressing_key1, invincible:parry_timer, efn:sneak_key, efn:is_pressing, efn:charge_ticks, invincible:left, efn:energy_check, invincible:dodge_success_timer, efn:press_key1, efn:down_key, efn:cooldown_2, invincible:down, efn:up_key, efn:press_key2, efn:press_summon_sword, invincible:right, efn:arts_key_pressed, efn:force_release, efn:arts_key, efn:pressing_key3, efn:demon_key, efn:innate_press_timer, efn:guard_key, efn:charge_stage, efn:angel_key, efn:key2_press_timer, invincible:cooldown, efn:sprint_key, efn:cooldown_1, efn:is_charging, invincible:up, efn:press_innate, efn:combo_counter] for efn:exsiliumgladius
[208月2026 18:49:33.226] [main/INFO] [epicfight/]: Data keys [invincible:dodge_success_timer, invincible:parry_timer, invincible:down, invincible:cooldown, invincible:left, invincible:up, invincible:right] for efn:examplecombo
[208月2026 18:49:33.227] [main/INFO] [epicfight/]: Data keys [efn:press_key4, efn:pressing_key4, efn:key3_press_timer, efn:pressing_key2, efn:charge_power, efn:full_charge_message, efn:charge_message, efn:pressing_innate, efn:key4_press_timer, efn:was_long_pressed, efn:jump_key, efn:press_key3, efn:cooldown, efn:key1_press_timer, efn:pressing_key1, invincible:parry_timer, efn:sneak_key, efn:is_pressing, efn:charge_ticks, invincible:left, efn:energy_check, invincible:dodge_success_timer, efn:press_key1, efn:down_key, efn:cooldown_2, invincible:down, efn:up_key, efn:press_key2, efn:press_summon_sword, invincible:right, efn:arts_key_pressed, efn:force_release, efn:arts_key, efn:pressing_key3, efn:demon_key, efn:innate_press_timer, efn:guard_key, efn:charge_stage, efn:angel_key, efn:key2_press_timer, invincible:cooldown, efn:sprint_key, efn:cooldown_1, efn:is_charging, invincible:up, efn:press_innate, efn:combo_counter] for efn:crescentmoon
[208月2026 18:49:33.228] [main/INFO] [epicfight/]: Data keys [efn:press_key4, efn:pressing_key4, efn:key3_press_timer, efn:pressing_key2, efn:charge_power, efn:full_charge_message, efn:charge_message, efn:pressing_innate, efn:key4_press_timer, efn:was_long_pressed, efn:jump_key, efn:press_key3, efn:cooldown, efn:key1_press_timer, efn:pressing_key1, invincible:parry_timer, efn:sneak_key, efn:is_pressing, efn:charge_ticks, invincible:left, efn:energy_check, invincible:dodge_success_timer, efn:press_key1, efn:down_key, efn:cooldown_2, invincible:down, efn:up_key, efn:press_key2, efn:press_summon_sword, invincible:right, efn:arts_key_pressed, efn:force_release, efn:arts_key, efn:pressing_key3, efn:demon_key, efn:innate_press_timer, efn:guard_key, efn:charge_stage, efn:angel_key, efn:key2_press_timer, invincible:cooldown, efn:sprint_key, efn:cooldown_1, efn:is_charging, invincible:up, efn:press_innate, efn:combo_counter] for efn:broadblade
[208月2026 18:49:33.228] [main/INFO] [epicfight/]: Data keys [efn:press_key4, efn:pressing_key4, efn:key3_press_timer, efn:pressing_key2, efn:charge_power, efn:full_charge_message, efn:charge_message, efn:pressing_innate, efn:key4_press_timer, efn:was_long_pressed, efn:jump_key, efn:press_key3, efn:cooldown, efn:key1_press_timer, efn:pressing_key1, invincible:parry_timer, efn:sneak_key, efn:is_pressing, efn:charge_ticks, invincible:left, efn:energy_check, invincible:dodge_success_timer, efn:press_key1, efn:down_key, efn:cooldown_2, invincible:down, efn:up_key, efn:press_key2, efn:press_summon_sword, invincible:right, efn:arts_key_pressed, efn:force_release, efn:arts_key, efn:pressing_key3, efn:demon_key, efn:innate_press_timer, efn:guard_key, efn:charge_stage, efn:angel_key, efn:key2_press_timer, invincible:cooldown, efn:sprint_key, efn:cooldown_1, efn:is_charging, invincible:up, efn:press_innate, efn:combo_counter] for efn:bloodlust
[208月2026 18:49:33.229] [main/INFO] [epicfight/]: Data keys [efn:press_key4, efn:pressing_key4, efn:key3_press_timer, efn:pressing_key2, efn:charge_power, efn:full_charge_message, efn:charge_message, efn:pressing_innate, efn:key4_press_timer, efn:was_long_pressed, efn:jump_key, efn:press_key3, efn:cooldown, efn:key1_press_timer, efn:pressing_key1, invincible:parry_timer, efn:sneak_key, efn:is_pressing, efn:charge_ticks, invincible:left, efn:energy_check, invincible:dodge_success_timer, efn:press_key1, efn:down_key, efn:cooldown_2, invincible:down, efn:up_key, efn:press_key2, efn:press_summon_sword, invincible:right, efn:arts_key_pressed, efn:force_release, efn:arts_key, efn:pressing_key3, efn:demon_key, efn:innate_press_timer, efn:guard_key, efn:charge_stage, efn:angel_key, efn:key2_press_timer, invincible:cooldown, efn:sprint_key, efn:cooldown_1, efn:is_charging, invincible:up, efn:press_innate, efn:combo_counter] for efn:beastclaw
[208月2026 18:49:33.234] [main/INFO] [epicfight/]: Data keys [efn:press_key4, efn:pressing_key4, efn:key3_press_timer, efn:pressing_key2, efn:charge_power, efn:full_charge_message, efn:charge_message, efn:pressing_innate, efn:key4_press_timer, efn:was_long_pressed, efn:jump_key, efn:press_key3, efn:cooldown, efn:key1_press_timer, efn:pressing_key1, invincible:parry_timer, efn:sneak_key, efn:is_pressing, efn:charge_ticks, invincible:left, efn:energy_check, invincible:dodge_success_timer, efn:press_key1, efn:down_key, efn:cooldown_2, invincible:down, efn:up_key, efn:press_key2, efn:press_summon_sword, invincible:right, efn:arts_key_pressed, efn:force_release, efn:arts_key, efn:pressing_key3, efn:demon_key, efn:innate_press_timer, efn:guard_key, efn:charge_stage, efn:angel_key, efn:key2_press_timer, invincible:cooldown, efn:sprint_key, efn:cooldown_1, efn:is_charging, invincible:up, efn:press_innate, efn:combo_counter] for efn:aetherialdusk
[208月2026 18:49:33.241] [main/INFO] [epicfight/]: Data keys [annoyingvillagers:trident_amount, annoyingvillagers:is_trident_ranged_mode] for annoyingvillagers:trident_festival
[208月2026 18:49:33.366] [main/INFO] [com.mojang.authlib.yggdrasil.YggdrasilAuthenticationService/]: Environment: authHost='https://authserver.mojang.com', accountsHost='https://api.mojang.com', sessionHost='https://sessionserver.mojang.com', servicesHost='https://api.minecraftservices.com', name='PROD'
[208月2026 18:49:34.437] [main/INFO] [epicfight/]: Data keys [invincible:dodge_success_timer, invincible:parry_timer, invincible:down, invincible:cooldown, invincible:left, invincible:up, invincible:right] for invincible:combo_demo
[208月2026 18:49:34.438] [main/INFO] [epicfight/]: Data keys [epicfight:basic_attack_active, epicfight:combo_counter] for epicfight:basic_attack
[208月2026 18:49:34.438] [main/INFO] [epicfight/]: Data keys [epicfight:penalty_restore_counter, epicfight:penalty] for epicfight:guard
[208月2026 18:49:34.438] [main/INFO] [epicfight/]: Data keys [epicfight:penalty_restore_counter, epicfight:penalty, epicfight:parry_motion_counter, epicfight:last_active] for epicfight:parrying
[208月2026 18:49:34.438] [main/INFO] [epicfight/]: Data keys [epicfight:penalty, epicfight:penalty_restore_counter] for epicfight:impact_guard
[208月2026 18:49:34.439] [main/INFO] [epicfight/]: Data keys [epicfight:stacks, epicfight:tick_record, epicfight:resisting_damage_type] for epicfight:adaptive_skin
[208月2026 18:49:34.439] [main/INFO] [epicfight/]: Data keys [epicfight:tick_record] for epicfight:adrenaline_fiend
[208月2026 18:49:34.439] [main/INFO] [epicfight/]: Data keys [epicfight:stacks, epicfight:entity_id] for epicfight:bonebreaker
[208月2026 18:49:34.439] [main/INFO] [epicfight/]: Data keys [epicfight:tick_record, epicfight:entity_id] for epicfight:vengeance
[208月2026 18:49:34.439] [main/INFO] [epicfight/]: Data keys [epicfight:slam_protect_next_fall, epicfight:fall_distance] for epicfight:meteor_slam
[208月2026 18:49:34.441] [main/INFO] [epicfight/]: Data keys [epicfight:stacks] for epicfight:revelation
[208月2026 18:49:34.441] [main/INFO] [epicfight/]: Data keys [epicfight:slam_protect_next_fall] for epicfight:demolition_leap
[208月2026 18:49:34.441] [main/INFO] [epicfight/]: Data keys [epicfight:slam_protect_next_fall, epicfight:jump_key_pressed_last_tick, epicfight:jump_count] for epicfight:phantom_ascent
[208月2026 18:49:34.441] [main/INFO] [epicfight/]: Data keys [epicfight:last_hit_count] for epicfight:grasping_spire
[208月2026 18:49:34.441] [main/INFO] [epicfight/]: Data keys [epicfight:sheath] for epicfight:battojutsu_passive
[208月2026 18:49:34.441] [main/INFO] [epicfight/]: Data keys [epicfight:sheath] for epicfight:battojutsu
[208月2026 18:49:34.442] [main/INFO] [epicfight/]: Data keys [epicfight:combo_counter] for epicfight:blade_rush
[208月2026 18:49:34.442] [main/INFO] [epicfight/]: Data keys [epicfight:thrown_trident_entity_id] for epicfight:everlasting_allegiance
[208月2026 18:49:34.442] [main/INFO] [epicfight/]: Data keys [wom:target_id] for wom:ender_obscuris
[208月2026 18:49:34.442] [main/INFO] [epicfight/]: Data keys [wom:dodge, wom:timer_refresh, wom:timer] for wom:dodge_master
[208月2026 18:49:34.442] [main/INFO] [epicfight/]: Data keys [wom:cooldown, wom:dodge, wom:registered_position, wom:timer_refresh, wom:active, wom:registered_health, wom:timer] for wom:time_travel
[208月2026 18:49:34.442] [main/INFO] [epicfight/]: Data keys [wom:cooldown] for wom:punishment_kick
[208月2026 18:49:34.442] [main/INFO] [epicfight/]: Data keys [wom:last_active, epicfight:penalty_restore_counter, epicfight:penalty, wom:consumprion_value, wom:holding_rmb, wom:parrying] for wom:counter_attack
[208月2026 18:49:34.442] [main/INFO] [epicfight/]: Data keys [wom:charge, wom:cooldown, epicfight:penalty_restore_counter, epicfight:penalty, wom:consumprion_value, wom:vengence_duration, wom:holding_stance, wom:timer_refresh, wom:timer] for wom:vengeful_parry
[208月2026 18:49:34.442] [main/INFO] [epicfight/]: Data keys [wom:charge, wom:cooldown, epicfight:penalty_restore_counter, epicfight:penalty, wom:holding_rmb, wom:parrying] for wom:perfect_bulwark
[208月2026 18:49:34.443] [main/INFO] [epicfight/]: Data keys [wom:charge, wom:cycle] for wom:soul_protection
[208月2026 18:49:34.443] [main/INFO] [epicfight/]: Data keys [wom:charge, wom:cycle] for wom:shulker_cloak
[208月2026 18:49:34.443] [main/INFO] [epicfight/]: Data keys [epicfight:penalty_restore_counter, epicfight:penalty, wom:holding_rmb, wom:active, wom:timer] for wom:buster_parade
[208月2026 18:49:34.443] [main/INFO] [epicfight/]: Data keys [wom:duree, wom:timer_refresh, wom:active, wom:timer] for wom:pain_anticipation
[208月2026 18:49:34.443] [main/INFO] [epicfight/]: Data keys [wom:duree, wom:timer_refresh, wom:active, wom:timer] for wom:latent_retribution
[208月2026 18:49:34.443] [main/INFO] [epicfight/]: Data keys [wom:rate, wom:power] for wom:critical_knowledge
[208月2026 18:49:34.443] [main/INFO] [epicfight/]: Data keys [wom:recovery_rate, wom:cooldown, wom:max_shield] for wom:heart_shield
[208月2026 18:49:34.443] [main/INFO] [epicfight/]: Data keys [wom:melody_index, wom:saved_elapsed_time, wom:step] for wom:dancing_blade
[208月2026 18:49:34.443] [main/INFO] [epicfight/]: Data keys [wom:duree, wom:timer_refresh, wom:active, wom:timer, wom:cycle, wom:stage] for wom:meditation
[208月2026 18:49:34.443] [main/INFO] [epicfight/]: Data keys [wom:cooldown] for wom:dopamine
[208月2026 18:49:34.443] [main/INFO] [epicfight/]: Data keys [wom:last_active] for wom:manipulator
[208月2026 18:49:34.444] [main/INFO] [epicfight/]: Data keys [wom:rate, wom:stack, wom:timer, wom:power] for wom:lethal_focus
[208月2026 18:49:34.444] [main/INFO] [epicfight/]: Data keys [wom:wall_running, wom:jump_key_up, wom:angle, wom:wall_glide, wom:timer_refresh, wom:timer] for wom:spider_techniques
[208月2026 18:49:34.444] [main/INFO] [epicfight/]: Data keys [wom:water_dashing, wom:cooldown, wom:consumprion_value, wom:crawling, wom:diving, wom:jump_key_up, wom:mermaid_movement] for wom:aqua_maneuvre
[208月2026 18:49:34.445] [main/INFO] [epicfight/]: Data keys [wom:consumprion_value, wom:wall_running, wom:wall_glide, wom:active, wom:timer, wom:buffing, wom:verso, wom:stage] for wom:natural_sprinter
[208月2026 18:49:34.446] [main/INFO] [epicfight/]: Data keys [wom:timer] for wom:lunatic_vivacity
[208月2026 18:49:34.447] [main/INFO] [epicfight/]: Data keys [wom:consumprion_value, wom:registered_health, wom:timer] for wom:voodoo_magic
[208月2026 18:49:34.447] [main/INFO] [epicfight/]: Data keys [wom:target_distance, wom:target_id] for wom:back_and_forth
[208月2026 18:49:34.448] [main/INFO] [epicfight/]: Data keys [wom:cooldown, wom:combo] for wom:shooting_style
[208月2026 18:49:34.448] [main/INFO] [epicfight/]: Data keys [wom:active, wom:timer] for wom:proximity_exploiter
[208月2026 18:49:34.448] [main/INFO] [epicfight/]: Data keys [wom:stack, wom:timer] for wom:all_eyes_on_you
[208月2026 18:49:34.449] [main/INFO] [epicfight/]: Data keys [wom:stack, wom:timer] for wom:all_eyes_on_me
[208月2026 18:49:34.449] [main/INFO] [epicfight/]: Data keys [wom:cooldown, wom:timer] for wom:avatar_of_might
[208月2026 18:49:34.449] [main/INFO] [epicfight/]: Data keys [wom:active, wom:stack, wom:attacks] for wom:agony_plunge
[208月2026 18:49:34.449] [main/INFO] [epicfight/]: Data keys [wom:movespeed, wom:charging, wom:holding_rmb, wom:charging_time, wom:timer_refresh, wom:active, wom:saved_charge, wom:charged_attack, wom:timer, wom:charged] for wom:torment_passive
[208月2026 18:49:34.449] [main/INFO] [epicfight/]: Data keys [wom:timer_refresh, wom:active, wom:timer] for wom:true_berserk
[208月2026 18:49:34.449] [main/INFO] [epicfight/]: Data keys [wom:stack] for wom:herrscher_passive
[208月2026 18:49:34.449] [main/INFO] [epicfight/]: Data keys [wom:redemptioon, wom:strenght, wom:timer_refresh, wom:timer, wom:buffing, wom:expiation, wom:buffed, wom:verso] for wom:plunder_perdition
[208月2026 18:49:34.450] [main/INFO] [epicfight/]: Data keys [wom:sheath] for wom:satsujin_passive
[208月2026 18:49:34.450] [main/INFO] [epicfight/]: Data keys [wom:second_draw, wom:timedslash, wom:timer_refresh, wom:active, wom:timer, wom:frequency, wom:charge, wom:cooldown, wom:charging, wom:holding_rmb, wom:holding_stance, wom:stack, wom:attacks, wom:damage, wom:saved_charge] for wom:sakura_state
[208月2026 18:49:34.450] [main/INFO] [epicfight/]: Data keys [wom:cooldown, wom:nofalldamage, wom:holding_rmb, wom:using_item, wom:reload_cooldown, wom:zoom, wom:zoom_cooldown, wom:combo, wom:shoot] for wom:ender_blast
[208月2026 18:49:34.450] [main/INFO] [epicfight/]: Data keys [wom:cooldown, wom:nofalldamage, wom:holding_rmb, wom:using_item, wom:reload_cooldown, wom:zoom, wom:zoom_cooldown, wom:combo, wom:side, wom:shoot] for wom:ender_fusion
[208月2026 18:49:34.450] [main/INFO] [epicfight/]: Data keys [wom:guard_point_result, wom:gesetz_sprengkopf, wom:cooldown, wom:holding_rmb, wom:holding_stance, wom:guard_point, wom:charging_time, wom:combo, wom:charged, wom:parrying] for wom:regierung
[208月2026 18:49:34.450] [main/INFO] [epicfight/]: Data keys [wom:lunar_eclipse_stack, wom:crescent, wom:timer_refresh, wom:timer, wom:echo] for wom:lunar_eclipse
[208月2026 18:49:34.450] [main/INFO] [epicfight/]: Data keys [wom:idle, wom:verso] for wom:lunar_echo_passive
[208月2026 18:49:34.450] [main/INFO] [epicfight/]: Data keys [wom:serius_focus, wom:ascending, wom:darkness_target_reaped, wom:darkness_portal_timer, wom:shoot, wom:darkness_target, wom:darkness_target_hited, wom:serius_focus_cooldown, wom:blackhole, wom:witherccatharsis, wom:blackhole_vec, wom:zoom, wom:zoom_cooldown, wom:blackhole_timer, wom:witheraftereffect, wom:blackhole_active, wom:timer_refresh, wom:active, wom:timer, wom:darkness_target_vec, wom:darkness_portal_angle, wom:darkness_portal_vec, wom:holding_rmb, wom:shoot_cooldown, wom:darkness_activate_portal] for wom:demonic_ascension
[208月2026 18:49:34.450] [main/INFO] [epicfight/]: Data keys [wom:blink, wom:catharsis, wom:particle, wom:lapse, wom:withercurse, wom:idle, wom:basic_attack] for wom:demon_mark_passive
[208月2026 18:49:34.451] [main/INFO] [epicfight/]: Data keys [wom:timed_attack, wom:stored_heat_level, wom:particle, wom:solar_obscuridad_ta_timer, wom:timer_refresh, wom:timer, wom:solar_infernio, wom:cycle, wom:heating_speed, wom:charge, wom:charging, wom:holding_rmb, wom:heat_level, wom:solar_obscuridad, wom:solar_crematorio] for wom:solar_arcano
[208月2026 18:49:34.451] [main/INFO] [epicfight/]: Data keys [wom:timed_attack, wom:stored_heat_level, wom:particle, wom:solar_obscuridad_ta_timer, wom:timer_refresh, wom:timer, wom:solar_infernio, wom:cycle, wom:heating_speed, wom:charge, wom:charging, wom:heat_level, wom:solar_obscuridad, wom:solar_crematorio] for wom:solar_passive
[208月2026 18:49:34.452] [main/INFO] [epicfight/]: Data keys [wom:serius_focus, wom:serius_focus_cooldown] for wom:rechargement
[208月2026 18:49:34.452] [main/INFO] [epicfight/]: Data keys [wom:charge, wom:bullet_loaded, wom:shell_anim, wom:super_reload, wom:shell_number, wom:bullet_overloaded, wom:active, wom:cycle, wom:bullet_loaded_old, wom:charged, wom:shell_delay] for wom:napoleon_passive
[208月2026 18:49:34.452] [main/INFO] [epicfight/]: Data keys [efn:scythe_sheath, efn:scythe_blood_power] for efn:scythe_skill
[208月2026 18:49:34.452] [main/INFO] [epicfight/]: Data keys [efn:thornwheel_loop, efn:press_innate, efn:thornwheel_loop_available] for efn:thornwheel
[208月2026 18:49:34.453] [main/INFO] [epicfight/]: Data keys [efn:jump_count, efn:jump_key_pressed_last_tick, efn:murasama_forward_dodge] for efn:murasama_dodge
[208月2026 18:49:34.453] [main/INFO] [epicfight/]: Data keys [efn:current_puncture_chance, efn:base_puncture_chance, efn:max_puncture_chance, efn:puncture_increment] for efn:parry_master
[208月2026 18:49:34.453] [main/INFO] [epicfight/]: Data keys [efn:buff_active, efn:defense_start_tick, efn:buff_end_tick] for efn:precise_parry
[208月2026 18:49:34.453] [main/INFO] [epicfight/]: Data keys [efn:cooldown, efn:cooldown_2, efn:cooldown_1] for efn:judgementcutend
[208月2026 18:49:34.453] [main/INFO] [epicfight/]: Data keys [efn:cooldown, efn:cooldown_2, efn:cooldown_1] for efn:stomp
[208月2026 18:49:34.454] [main/INFO] [epicfight/]: Data keys [efn:murasama_zansetsu_input_mode, efn:murasama_left_mouse_pressed, efn:murasama_pair_flag, efn:murasama_opposite_triggered, efn:murasama_zansetsu_start_time, efn:murasama_zansetsu_active, efn:murasama_zansetsu_end_time, efn:murasama_zansetsu_slash_release, efn:murasama_last_triggered_sector, efn:murasama_input_mode_switch_pressed, efn:arts_key_pressed, efn:murasama_zansetsu_sector, efn:arts_key, efn:murasama_key_right_down, efn:murasama_zandatsu_end_time, efn:murasama_zansetsu_attack_counter, efn:murasama_zandatsu_start_time, efn:murasama_zandatsu_available, efn:murasama_key_left_down, efn:murasama_zansetsu_timer] for efn:zansetsu
[208月2026 18:49:34.454] [main/INFO] [epicfight/]: Data keys [efn:cooldown, efn:cooldown_2, efn:cooldown_1] for efn:execution
[208月2026 18:49:34.454] [main/INFO] [epicfight/]: Data keys [efn:efn_starting_parry, efn:efn_last_parry_time, efn:efn_shake_detected, epicfight:penalty_restore_counter, epicfight:penalty, efn:efn_last_active, efn:efn_delay_protection_end, efn:efn_shake_penalty_count, efn:efn_last_guard_start_tick, efn:efn_last_successful_defense_tick, efn:efn_parry_motion_counter, efn:efn_first_shake] for efn:efn_parry
[208月2026 18:49:34.454] [main/INFO] [epicfight/]: Data keys [efn:efn_starting_parry, efn:efn_last_parry_time, efn:efn_shake_detected, epicfight:penalty_restore_counter, epicfight:penalty, efn:efn_last_active, efn:efn_delay_protection_end, efn:efn_shake_penalty_count, efn:efn_last_guard_start_tick, efn:efn_last_successful_defense_tick, efn:efn_parry_motion_counter, efn:efn_first_shake] for efn:murasama_parry
[208月2026 18:49:34.456] [main/INFO] [epicfight/]: Data keys [efn:arts_key_pressed, efn:cooldown, efn:arts_input_buffer, efn:arts_key, efn:cooldown_2, efn:sekiro_art_index, efn:cooldown_1] for efn:mortal_blade
[208月2026 18:49:34.456] [main/INFO] [epicfight/]: Data keys [efn:doppelganger_style, efn:pressing_key4, efn:key3_press_timer, efn:key4_press_timer, efn:was_long_pressed, efn:jump_key, efn:cooldown, efn:key1_press_timer, efn:pressing_key1, efn:have_doppelganger, efn:doppelganger_tick, invincible:left, invincible:dodge_success_timer, efn:cooldown_2, efn:press_summon_sword, efn:force_release, efn:charge_stage, efn:sprint_key, efn:is_charging, efn:press_innate, efn:press_key4, efn:pressing_key2, efn:charge_power, efn:full_charge_message, efn:charge_message, efn:pressing_innate, efn:press_key3, invincible:parry_timer, efn:sneak_key, efn:is_pressing, efn:charge_ticks, efn:energy_check, efn:press_key1, efn:down_key, invincible:down, efn:up_key, efn:press_key2, efn:doppelganger_delay, invincible:right, efn:arts_key_pressed, efn:arts_key, efn:pressing_key3, efn:demon_key, efn:innate_press_timer, efn:guard_key, efn:angel_key, efn:key2_press_timer, efn:press_doppelganger, invincible:cooldown, efn:cooldown_1, invincible:up, efn:combo_counter] for efn:yamato
[208月2026 18:49:34.456] [main/INFO] [epicfight/]: Data keys [efn:doppelganger_style, efn:stun_cooldown, efn:have_doppelganger, efn:parry_cooldown, efn:doppelganger_tick, efn:doppelganger_delay] for efn:yamato_passive
[208月2026 18:49:34.456] [main/INFO] [epicfight/]: Data keys [efn:pressing_key4, efn:key3_press_timer, efn:key4_press_timer, efn:was_long_pressed, efn:jump_key, efn:cooldown, efn:key1_press_timer, efn:pressing_key1, invincible:left, efn:damage_history, invincible:dodge_success_timer, efn:replay_enhanced, efn:cooldown_2, efn:press_summon_sword, efn:force_release, efn:charge_stage, efn:sprint_key, efn:is_charging, efn:press_innate, efn:press_key4, efn:pressing_key2, efn:charge_power, efn:is_replay_damage, efn:full_charge_message, efn:charge_message, efn:pressing_innate, efn:press_key3, invincible:parry_timer, efn:sneak_key, efn:is_pressing, efn:charge_ticks, efn:energy_check, efn:press_key1, efn:down_key, invincible:down, efn:up_key, efn:press_key2, invincible:right, efn:arts_key_pressed, efn:arts_key, efn:pressing_key3, efn:demon_key, efn:innate_press_timer, efn:guard_key, efn:angel_key, efn:key2_press_timer, invincible:cooldown, efn:cooldown_1, invincible:up, efn:combo_counter] for efn:shortsword
[208月2026 18:49:34.456] [main/INFO] [epicfight/]: Data keys [efn:press_key4, efn:pressing_key4, efn:key3_press_timer, efn:pressing_key2, efn:charge_power, efn:full_charge_message, efn:charge_message, efn:pressing_innate, efn:key4_press_timer, efn:was_long_pressed, efn:jump_key, efn:press_key3, efn:cooldown, efn:key1_press_timer, efn:pressing_key1, invincible:parry_timer, efn:sneak_key, efn:is_pressing, efn:charge_ticks, invincible:left, efn:energy_check, invincible:dodge_success_timer, efn:press_key1, efn:down_key, efn:cooldown_2, invincible:down, efn:up_key, efn:press_key2, efn:press_summon_sword, invincible:right, efn:arts_key_pressed, efn:force_release, efn:arts_key, efn:pressing_key3, efn:demon_key, efn:innate_press_timer, efn:guard_key, efn:charge_stage, efn:angel_key, efn:key2_press_timer, invincible:cooldown, efn:sprint_key, efn:cooldown_1, efn:is_charging, invincible:up, efn:press_innate, efn:combo_counter] for efn:ruinsgreatsword
[208月2026 18:49:34.456] [main/INFO] [epicfight/]: Data keys [efn:press_key4, efn:pressing_key4, efn:key3_press_timer, efn:pressing_key2, efn:charge_power, efn:full_charge_message, efn:charge_message, efn:pressing_innate, efn:key4_press_timer, efn:was_long_pressed, efn:jump_key, efn:press_key3, efn:cooldown, efn:key1_press_timer, efn:pressing_key1, invincible:parry_timer, efn:sneak_key, efn:is_pressing, efn:charge_ticks, invincible:left, efn:energy_check, invincible:dodge_success_timer, efn:press_key1, efn:down_key, efn:cooldown_2, invincible:down, efn:up_key, efn:press_key2, efn:press_summon_sword, invincible:right, efn:arts_key_pressed, efn:force_release, efn:arts_key, efn:pressing_key3, efn:demon_key, efn:innate_press_timer, efn:guard_key, efn:charge_stage, efn:angel_key, efn:key2_press_timer, invincible:cooldown, efn:sprint_key, efn:cooldown_1, efn:is_charging, invincible:up, efn:press_innate, efn:combo_counter] for efn:pioneer
[208月2026 18:49:34.456] [main/INFO] [epicfight/]: Data keys [efn:pressing_key4, efn:key3_press_timer, efn:murasama_sheath, efn:murasama_zansetsu_active, efn:murasama_last_triggered_sector, efn:key4_press_timer, efn:was_long_pressed, efn:jump_key, efn:murasama_input_mode_switch_pressed, efn:cooldown, efn:key1_press_timer, efn:pressing_key1, efn:murasama_zandatsu_end_time, efn:sprint_sheath_timer, efn:murasama_sheath_timer, invincible:left, efn:murasama_pair_flag, invincible:dodge_success_timer, efn:murasama_zansetsu_end_time, efn:cooldown_2, efn:murasama_zansetsu_slash_release, efn:murasama_forward_dodge, efn:press_summon_sword, efn:force_release, efn:charge_stage, efn:sprint_key, efn:manual_unsheath, efn:is_charging, efn:press_innate, efn:press_key4, efn:pressing_key2, efn:charge_power, efn:full_charge_message, efn:charge_message, efn:pressing_innate, efn:press_key3, invincible:parry_timer, efn:sneak_key, efn:murasama_zansetsu_attack_counter, efn:is_pressing, efn:murasama_key_left_down, efn:murasama_zansetsu_timer, efn:charge_ticks, efn:murasama_air_borne, efn:murasama_zansetsu_input_mode, efn:murasama_left_mouse_pressed, efn:energy_check, efn:murasama_opposite_triggered, efn:murasama_zansetsu_start_time, efn:press_key1, efn:down_key, invincible:down, efn:up_key, efn:press_key2, invincible:right, efn:murasama_zansetsu_sector, efn:arts_key_pressed, efn:murasama_key_right_down, efn:arts_key, efn:pressing_key3, efn:demon_key, efn:innate_press_timer, efn:guard_key, efn:murasama_zandatsu_start_time, efn:murasama_zandatsu_available, efn:angel_key, efn:key2_press_timer, invincible:cooldown, efn:cooldown_1, invincible:up, efn:combo_counter] for efn:murasama
[208月2026 18:49:34.456] [main/INFO] [epicfight/]: Data keys [efn:forward_backward_end_tick, efn:murasama_sheath, efn:murasama_zansetsu_active, efn:backward_pressed_last_tick, efn:murasama_last_triggered_sector, efn:double_tap_timer, efn:murasama_input_mode_switch_pressed, efn:murasama_zandatsu_end_time, efn:sprint_sheath_timer, efn:murasama_sheath_timer, efn:murasama_zansetsu_attack_counter, efn:forward_backward_remaining_ticks, efn:murasama_key_left_down, efn:forward_pressed_last_tick, efn:murasama_zansetsu_timer, efn:forward_backward_window_active, efn:murasama_zansetsu_input_mode, efn:murasama_left_mouse_pressed, efn:murasama_pair_flag, efn:murasama_opposite_triggered, efn:murasama_zansetsu_start_time, efn:jump_key_pressed_last_tick, efn:murasama_zansetsu_end_time, efn:is_double_tap_sprint, efn:murasama_zansetsu_slash_release, efn:murasama_forward_dodge, efn:was_double_tap_sprint, efn:murasama_zansetsu_sector, efn:up_key_pressed_last_tick, efn:murasama_key_right_down, efn:jump_count, efn:murasama_zandatsu_start_time, efn:murasama_zandatsu_available, efn:forward_backward_timer, efn:manual_unsheath, efn:forward_backward_success] for efn:murasama_passive
[208月2026 18:49:34.458] [main/INFO] [epicfight/]: Data keys [efn:press_key4, efn:pressing_key4, efn:key3_press_timer, efn:pressing_key2, efn:charge_power, efn:full_charge_message, efn:charge_message, efn:pressing_innate, efn:key4_press_timer, efn:was_long_pressed, efn:jump_key, efn:press_key3, efn:cooldown, efn:key1_press_timer, efn:pressing_key1, invincible:parry_timer, efn:sneak_key, efn:is_pressing, efn:charge_ticks, invincible:left, efn:energy_check, invincible:dodge_success_timer, efn:press_key1, efn:down_key, efn:cooldown_2, invincible:down, efn:up_key, efn:press_key2, efn:press_summon_sword, invincible:right, efn:arts_key_pressed, efn:force_release, efn:arts_key, efn:pressing_key3, efn:demon_key, efn:innate_press_timer, efn:guard_key, efn:charge_stage, efn:angel_key, efn:key2_press_timer, invincible:cooldown, efn:sprint_key, efn:cooldown_1, efn:is_charging, invincible:up, efn:press_innate, efn:combo_counter] for efn:meenlance
[208月2026 18:49:34.458] [main/INFO] [epicfight/]: Data keys [efn:press_key4, efn:pressing_key4, efn:key3_press_timer, efn:pressing_key2, efn:charge_power, efn:full_charge_message, efn:charge_message, efn:pressing_innate, efn:key4_press_timer, efn:was_long_pressed, efn:jump_key, efn:press_key3, efn:cooldown, efn:key1_press_timer, efn:pressing_key1, invincible:parry_timer, efn:sneak_key, efn:is_pressing, efn:charge_ticks, invincible:left, efn:energy_check, invincible:dodge_success_timer, efn:press_key1, efn:down_key, efn:cooldown_2, invincible:down, efn:up_key, efn:press_key2, efn:press_summon_sword, invincible:right, efn:arts_key_pressed, efn:force_release, efn:arts_key, efn:pressing_key3, efn:demon_key, efn:innate_press_timer, efn:guard_key, efn:charge_stage, efn:angel_key, efn:key2_press_timer, invincible:cooldown, efn:sprint_key, efn:cooldown_1, efn:is_charging, invincible:up, efn:press_innate, efn:combo_counter] for efn:kusabimaru
[208月2026 18:49:34.458] [main/INFO] [epicfight/]: Data keys [efn:pressing_key4, efn:key3_press_timer, efn:murasama_sheath, efn:murasama_zansetsu_active, efn:murasama_last_triggered_sector, efn:key4_press_timer, efn:was_long_pressed, efn:jump_key, efn:murasama_input_mode_switch_pressed, efn:cooldown, efn:key1_press_timer, efn:pressing_key1, efn:murasama_zandatsu_end_time, efn:sprint_sheath_timer, efn:murasama_sheath_timer, invincible:left, efn:murasama_pair_flag, invincible:dodge_success_timer, efn:murasama_zansetsu_end_time, efn:cooldown_2, efn:murasama_zansetsu_slash_release, efn:murasama_forward_dodge, efn:press_summon_sword, efn:force_release, efn:charge_stage, efn:sprint_key, efn:manual_unsheath, efn:is_charging, efn:press_innate, efn:press_key4, efn:pressing_key2, efn:charge_power, efn:full_charge_message, efn:charge_message, efn:pressing_innate, efn:press_key3, invincible:parry_timer, efn:sneak_key, efn:murasama_zansetsu_attack_counter, efn:is_pressing, efn:murasama_key_left_down, efn:murasama_zansetsu_timer, efn:charge_ticks, efn:murasama_air_borne, efn:murasama_zansetsu_input_mode, efn:murasama_left_mouse_pressed, efn:energy_check, efn:murasama_opposite_triggered, efn:murasama_zansetsu_start_time, efn:press_key1, efn:down_key, invincible:down, efn:up_key, efn:press_key2, invincible:right, efn:murasama_zansetsu_sector, efn:arts_key_pressed, efn:murasama_key_right_down, efn:arts_key, efn:pressing_key3, efn:demon_key, efn:innate_press_timer, efn:guard_key, efn:murasama_zandatsu_start_time, efn:murasama_zandatsu_available, efn:angel_key, efn:key2_press_timer, invincible:cooldown, efn:cooldown_1, invincible:up, efn:combo_counter] for efn:hf_blade
[208月2026 18:49:34.459] [main/INFO] [epicfight/]: Data keys [efn:forward_backward_end_tick, efn:murasama_sheath, efn:murasama_zansetsu_active, efn:backward_pressed_last_tick, efn:murasama_last_triggered_sector, efn:double_tap_timer, efn:murasama_input_mode_switch_pressed, efn:murasama_zandatsu_end_time, efn:sprint_sheath_timer, efn:murasama_sheath_timer, efn:murasama_zansetsu_attack_counter, efn:forward_backward_remaining_ticks, efn:murasama_key_left_down, efn:forward_pressed_last_tick, efn:murasama_zansetsu_timer, efn:forward_backward_window_active, efn:murasama_zansetsu_input_mode, efn:murasama_left_mouse_pressed, efn:murasama_pair_flag, efn:murasama_opposite_triggered, efn:murasama_zansetsu_start_time, efn:jump_key_pressed_last_tick, efn:murasama_zansetsu_end_time, efn:is_double_tap_sprint, efn:murasama_zansetsu_slash_release, efn:murasama_forward_dodge, efn:was_double_tap_sprint, efn:murasama_zansetsu_sector, efn:up_key_pressed_last_tick, efn:murasama_key_right_down, efn:jump_count, efn:murasama_zandatsu_start_time, efn:murasama_zandatsu_available, efn:forward_backward_timer, efn:manual_unsheath, efn:forward_backward_success] for efn:hf_blade_passive
[208月2026 18:49:34.459] [main/INFO] [epicfight/]: Data keys [efn:press_key4, efn:pressing_key4, efn:key3_press_timer, efn:pressing_key2, efn:charge_power, efn:full_charge_message, efn:charge_message, efn:pressing_innate, efn:key4_press_timer, efn:was_long_pressed, efn:jump_key, efn:press_key3, efn:cooldown, efn:key1_press_timer, efn:pressing_key1, invincible:parry_timer, efn:sneak_key, efn:is_pressing, efn:charge_ticks, invincible:left, efn:energy_check, invincible:dodge_success_timer, efn:press_key1, efn:down_key, efn:cooldown_2, invincible:down, efn:up_key, efn:press_key2, efn:press_summon_sword, invincible:right, efn:arts_key_pressed, efn:force_release, efn:arts_key, efn:pressing_key3, efn:demon_key, efn:innate_press_timer, efn:guard_key, efn:charge_stage, efn:angel_key, efn:key2_press_timer, invincible:cooldown, efn:sprint_key, efn:cooldown_1, efn:is_charging, invincible:up, efn:press_innate, efn:combo_counter] for efn:exsiliumgladius
[208月2026 18:49:34.459] [main/INFO] [epicfight/]: Data keys [invincible:dodge_success_timer, invincible:parry_timer, invincible:down, invincible:cooldown, invincible:left, invincible:up, invincible:right] for efn:examplecombo
[208月2026 18:49:34.460] [main/INFO] [epicfight/]: Data keys [efn:press_key4, efn:pressing_key4, efn:key3_press_timer, efn:pressing_key2, efn:charge_power, efn:full_charge_message, efn:charge_message, efn:pressing_innate, efn:key4_press_timer, efn:was_long_pressed, efn:jump_key, efn:press_key3, efn:cooldown, efn:key1_press_timer, efn:pressing_key1, invincible:parry_timer, efn:sneak_key, efn:is_pressing, efn:charge_ticks, invincible:left, efn:energy_check, invincible:dodge_success_timer, efn:press_key1, efn:down_key, efn:cooldown_2, invincible:down, efn:up_key, efn:press_key2, efn:press_summon_sword, invincible:right, efn:arts_key_pressed, efn:force_release, efn:arts_key, efn:pressing_key3, efn:demon_key, efn:innate_press_timer, efn:guard_key, efn:charge_stage, efn:angel_key, efn:key2_press_timer, invincible:cooldown, efn:sprint_key, efn:cooldown_1, efn:is_charging, invincible:up, efn:press_innate, efn:combo_counter] for efn:crescentmoon
[208月2026 18:49:34.460] [main/INFO] [epicfight/]: Data keys [efn:press_key4, efn:pressing_key4, efn:key3_press_timer, efn:pressing_key2, efn:charge_power, efn:full_charge_message, efn:charge_message, efn:pressing_innate, efn:key4_press_timer, efn:was_long_pressed, efn:jump_key, efn:press_key3, efn:cooldown, efn:key1_press_timer, efn:pressing_key1, invincible:parry_timer, efn:sneak_key, efn:is_pressing, efn:charge_ticks, invincible:left, efn:energy_check, invincible:dodge_success_timer, efn:press_key1, efn:down_key, efn:cooldown_2, invincible:down, efn:up_key, efn:press_key2, efn:press_summon_sword, invincible:right, efn:arts_key_pressed, efn:force_release, efn:arts_key, efn:pressing_key3, efn:demon_key, efn:innate_press_timer, efn:guard_key, efn:charge_stage, efn:angel_key, efn:key2_press_timer, invincible:cooldown, efn:sprint_key, efn:cooldown_1, efn:is_charging, invincible:up, efn:press_innate, efn:combo_counter] for efn:broadblade
[208月2026 18:49:34.460] [main/INFO] [epicfight/]: Data keys [efn:press_key4, efn:pressing_key4, efn:key3_press_timer, efn:pressing_key2, efn:charge_power, efn:full_charge_message, efn:charge_message, efn:pressing_innate, efn:key4_press_timer, efn:was_long_pressed, efn:jump_key, efn:press_key3, efn:cooldown, efn:key1_press_timer, efn:pressing_key1, invincible:parry_timer, efn:sneak_key, efn:is_pressing, efn:charge_ticks, invincible:left, efn:energy_check, invincible:dodge_success_timer, efn:press_key1, efn:down_key, efn:cooldown_2, invincible:down, efn:up_key, efn:press_key2, efn:press_summon_sword, invincible:right, efn:arts_key_pressed, efn:force_release, efn:arts_key, efn:pressing_key3, efn:demon_key, efn:innate_press_timer, efn:guard_key, efn:charge_stage, efn:angel_key, efn:key2_press_timer, invincible:cooldown, efn:sprint_key, efn:cooldown_1, efn:is_charging, invincible:up, efn:press_innate, efn:combo_counter] for efn:bloodlust
[208月2026 18:49:34.460] [main/INFO] [epicfight/]: Data keys [efn:press_key4, efn:pressing_key4, efn:key3_press_timer, efn:pressing_key2, efn:charge_power, efn:full_charge_message, efn:charge_message, efn:pressing_innate, efn:key4_press_timer, efn:was_long_pressed, efn:jump_key, efn:press_key3, efn:cooldown, efn:key1_press_timer, efn:pressing_key1, invincible:parry_timer, efn:sneak_key, efn:is_pressing, efn:charge_ticks, invincible:left, efn:energy_check, invincible:dodge_success_timer, efn:press_key1, efn:down_key, efn:cooldown_2, invincible:down, efn:up_key, efn:press_key2, efn:press_summon_sword, invincible:right, efn:arts_key_pressed, efn:force_release, efn:arts_key, efn:pressing_key3, efn:demon_key, efn:innate_press_timer, efn:guard_key, efn:charge_stage, efn:angel_key, efn:key2_press_timer, invincible:cooldown, efn:sprint_key, efn:cooldown_1, efn:is_charging, invincible:up, efn:press_innate, efn:combo_counter] for efn:beastclaw
[208月2026 18:49:34.461] [main/INFO] [epicfight/]: Data keys [efn:press_key4, efn:pressing_key4, efn:key3_press_timer, efn:pressing_key2, efn:charge_power, efn:full_charge_message, efn:charge_message, efn:pressing_innate, efn:key4_press_timer, efn:was_long_pressed, efn:jump_key, efn:press_key3, efn:cooldown, efn:key1_press_timer, efn:pressing_key1, invincible:parry_timer, efn:sneak_key, efn:is_pressing, efn:charge_ticks, invincible:left, efn:energy_check, invincible:dodge_success_timer, efn:press_key1, efn:down_key, efn:cooldown_2, invincible:down, efn:up_key, efn:press_key2, efn:press_summon_sword, invincible:right, efn:arts_key_pressed, efn:force_release, efn:arts_key, efn:pressing_key3, efn:demon_key, efn:innate_press_timer, efn:guard_key, efn:charge_stage, efn:angel_key, efn:key2_press_timer, invincible:cooldown, efn:sprint_key, efn:cooldown_1, efn:is_charging, invincible:up, efn:press_innate, efn:combo_counter] for efn:aetherialdusk
[208月2026 18:49:34.461] [main/INFO] [epicfight/]: Data keys [annoyingvillagers:trident_amount, annoyingvillagers:is_trident_ranged_mode] for annoyingvillagers:trident_festival
[208月2026 18:49:34.536] [main/WARN] [net.minecraft.server.packs.VanillaPackResourcesBuilder/]: Assets URL 'union:/E:/program/JAVA/touhou%20little%20maid%20-%20unknow%20sky%20area/prod_server/libraries/net/minecraft/server/1.20.1-20230612.114412/server-1.20.1-20230612.114412-srg.jar%23131!/assets/.mcassetsroot' uses unexpected schema
[208月2026 18:49:34.537] [main/WARN] [net.minecraft.server.packs.VanillaPackResourcesBuilder/]: Assets URL 'union:/E:/program/JAVA/touhou%20little%20maid%20-%20unknow%20sky%20area/prod_server/libraries/net/minecraft/server/1.20.1-20230612.114412/server-1.20.1-20230612.114412-srg.jar%23131!/data/.mcassetsroot' uses unexpected schema
[208月2026 18:49:34.590] [Forge Version Check/DEBUG] [net.minecraftforge.fml.VersionChecker/]: [forge] Received version check data:
{
  "homepage": "https://files.minecraftforge.net/net/minecraftforge/forge/",
  "promos": {
    "1.1-latest": "1.3.4.29",
    "1.2.3-latest": "1.4.1.64",
    "1.2.4-latest": "2.0.0.68",
    "1.2.5-latest": "3.4.9.171",
    "1.3.2-latest": "4.3.5.318",
    "1.4.0-latest": "5.0.0.326",
    "1.4.1-latest": "6.0.0.329",
    "1.4.2-latest": "6.0.1.355",
    "1.4.3-latest": "6.2.1.358",
    "1.4.4-latest": "6.3.0.378",
    "1.4.5-latest": "6.4.2.448",
    "1.4.6-latest": "6.5.0.489",
    "1.4.7-latest": "6.6.2.534",
    "1.5-latest": "7.7.0.598",
    "1.5.1-latest": "7.7.2.682",
    "1.5.2-latest": "7.8.1.738",
    "1.5.2-recommended": "7.8.1.738",
    "1.6.1-latest": "8.9.0.775",
    "1.6.2-latest": "9.10.1.871",
    "1.6.2-recommended": "9.10.1.871",
    "1.6.3-latest": "9.11.0.878",
    "1.6.4-latest": "9.11.1.1345",
    "1.6.4-recommended": "9.11.1.1345",
    "1.7.2-latest": "10.12.2.1161",
    "1.7.2-recommended": "10.12.2.1161",
    "1.7.10-latest": "10.13.4.1614",
    "1.7.10-recommended": "10.13.4.1614",
    "1.8-latest": "11.14.4.1577",
    "1.8-recommended": "11.14.4.1563",
    "1.8.8-latest": "11.15.0.1655",
    "1.8.9-latest": "11.15.1.2318",
    "1.8.9-recommended": "11.15.1.2318",
    "1.9-latest": "12.16.1.1938",
    "1.9-recommended": "12.16.1.1887",
    "1.9.4-latest": "12.17.0.2317",
    "1.9.4-recommended": "12.17.0.2317",
    "1.10-latest": "12.18.0.2000",
    "1.10.2-latest": "12.18.3.2511",
    "1.10.2-recommended": "12.18.3.2511",
    "1.11-latest": "13.19.1.2199",
    "1.11-recommended": "13.19.1.2189",
    "1.11.2-latest": "13.20.1.2588",
    "1.11.2-recommended": "13.20.1.2588",
    "1.12-latest": "14.21.1.2443",
    "1.12-recommended": "14.21.1.2387",
    "1.12.1-latest": "14.22.1.2485",
    "1.12.1-recommended": "14.22.1.2478",
    "1.12.2-latest": "14.23.5.2864",
    "1.12.2-recommended": "14.23.5.2859",
    "1.13.2-latest": "25.0.223",
    "1.14.2-latest": "26.0.63",
    "1.14.3-latest": "27.0.60",
    "1.14.4-latest": "28.2.30",
    "1.14.4-recommended": "28.2.26",
    "1.15-latest": "29.0.4",
    "1.15.1-latest": "30.0.51",
    "1.15.2-latest": "31.2.62",
    "1.15.2-recommended": "31.2.57",
    "1.16.1-latest": "32.0.108",
    "1.16.2-latest": "33.0.61",
    "1.16.3-latest": "34.1.42",
    "1.16.3-recommended": "34.1.0",
    "1.16.4-latest": "35.1.37",
    "1.16.4-recommended": "35.1.4",
    "1.16.5-latest": "36.2.42",
    "1.16.5-recommended": "36.2.34",
    "1.17.1-latest": "37.1.1",
    "1.17.1-recommended": "37.1.1",
    "1.18-latest": "38.0.17",
    "1.18.1-latest": "39.1.2",
    "1.18.1-recommended": "39.1.0",
    "1.18.2-recommended": "40.3.0",
    "1.18.2-latest": "40.3.12",
    "1.19-latest": "41.1.0",
    "1.19-recommended": "41.1.0",
    "1.19.1-latest": "42.0.9",
    "1.19.2-recommended": "43.5.0",
    "1.19.2-latest": "43.5.2",
    "1.19.3-latest": "44.1.23",
    "1.19.3-recommended": "44.1.0",
    "1.19.4-recommended": "45.4.0",
    "1.19.4-latest": "45.4.3",
    "1.20-latest": "46.0.14",
    "1.20.1-recommended": "47.4.10",
    "1.20.1-latest": "47.4.23",
    "1.20.2-latest": "48.1.0",
    "1.20.2-recommended": "48.1.0",
    "1.20.3-latest": "49.0.2",
    "1.20.4-latest": "49.2.8",
    "1.20.4-recommended": "49.2.0",
    "1.20.6-latest": "50.2.10",
    "1.20.6-recommended": "50.2.0",
    "1.21-latest": "51.0.33",
    "1.21.1-latest": "52.1.16",
    "1.21.1-recommended": "52.1.0",
    "1.21.3-latest": "53.1.12",
    "1.21.3-recommended": "53.1.0",
    "1.21.4-latest": "54.1.18",
    "1.21.4-recommended": "54.1.14",
    "1.21.5-latest": "55.1.13",
    "1.21.5-recommended": "55.1.0",
    "1.21.6-latest": "56.0.9",
    "1.21.7-latest": "57.0.3",
    "1.21.8-latest": "58.1.22",
    "1.21.8-recommended": "58.1.0",
    "1.21.9-latest": "59.0.5",
    "1.21.10-latest": "60.1.15",
    "1.21.10-recommended": "60.1.0",
    "1.21.11-latest": "61.2.1",
    "1.21.11-recommended": "61.2.0",
    "26.1-latest": "62.0.9",
    "26.1.1-latest": "63.0.2",
    "26.1.2-latest": "64.1.1",
    "26.1.2-recommended": "64.1.0",
    "26.2-latest": "65.1.2",
    "26.2-recommended": "65.1.0"
  }
}
[208月2026 18:49:34.591] [Forge Version Check/INFO] [net.minecraftforge.fml.VersionChecker/]: [forge] Found status: OUTDATED Current: 47.4.13 Target: 47.4.23
[208月2026 18:49:34.746] [main/DEBUG] [net.minecraftforge.server.ServerLifecycleHooks/CORE]: Generating PackInfo named mod:invincible for mod file E:\program\JAVA\touhou little maid - unknow sky area\prod_server\mods\[无坚不摧] epic-fight-invincible-lib-20.14.8.2-mc1.20.1-forge.jar
[208月2026 18:49:34.747] [main/DEBUG] [net.minecraftforge.server.ServerLifecycleHooks/CORE]: Generating PackInfo named mod:mixinsquared for mod file 
[208月2026 18:49:34.747] [main/DEBUG] [net.minecraftforge.server.ServerLifecycleHooks/CORE]: Generating PackInfo named mod:geckolib for mod file 
[208月2026 18:49:34.748] [main/DEBUG] [net.minecraftforge.server.ServerLifecycleHooks/CORE]: Generating PackInfo named mod:combat_evolution for mod file E:\program\JAVA\touhou little maid - unknow sky area\prod_server\mods\CombatEvolution-2.1.10.jar
[208月2026 18:49:34.748] [main/DEBUG] [net.minecraftforge.server.ServerLifecycleHooks/CORE]: Generating PackInfo named mod:maid_weapon_refill for mod file E:\program\JAVA\touhou little maid - unknow sky area\prod_server\mods\maid_weapon_refill-1.0.0.jar
[208月2026 18:49:34.748] [main/DEBUG] [net.minecraftforge.server.ServerLifecycleHooks/CORE]: Generating PackInfo named mod:touhou_little_maid for mod file E:\program\JAVA\touhou little maid - unknow sky area\prod_server\mods\[车万女仆] touhoulittlemaid-1.5.3-forge+mc1.20.1.jar
[208月2026 18:49:34.748] [main/DEBUG] [net.minecraftforge.server.ServerLifecycleHooks/CORE]: Generating PackInfo named mod:simplebedrockmodel for mod file 
[208月2026 18:49:34.748] [main/DEBUG] [net.minecraftforge.server.ServerLifecycleHooks/CORE]: Generating PackInfo named mod:epicfight for mod file E:\program\JAVA\touhou little maid - unknow sky area\prod_server\mods\[史诗战斗] epic-fight-20.14.17-mc1.20.1-forge.jar
[208月2026 18:49:34.748] [main/DEBUG] [net.minecraftforge.server.ServerLifecycleHooks/CORE]: Generating PackInfo named mod:wom for mod file E:\program\JAVA\touhou little maid - unknow sky area\prod_server\mods\[奇迹武器] WeaponsOfMiracles-2.0.164-mc1.20.1-forge.jar
[208月2026 18:49:34.749] [main/DEBUG] [net.minecraftforge.server.ServerLifecycleHooks/CORE]: Generating PackInfo named mod:epic_fight_avalon for mod file E:\program\JAVA\touhou little maid - unknow sky area\prod_server\mods\epic_fight_avalon-20.12.6.4.jar
[208月2026 18:49:34.749] [main/DEBUG] [net.minecraftforge.server.ServerLifecycleHooks/CORE]: Generating PackInfo named mod:player_mobs for mod file E:\program\JAVA\touhou little maid - unknow sky area\prod_server\mods\PlayerMobs-1.20.1-4.1.0.37.jar
[208月2026 18:49:34.749] [main/DEBUG] [net.minecraftforge.server.ServerLifecycleHooks/CORE]: Generating PackInfo named mod:mixinextras for mod file 
[208月2026 18:49:34.749] [main/DEBUG] [net.minecraftforge.server.ServerLifecycleHooks/CORE]: Generating PackInfo named mod:vix for mod file 
[208月2026 18:49:34.749] [main/DEBUG] [net.minecraftforge.server.ServerLifecycleHooks/CORE]: Generating PackInfo named mod:architectury for mod file E:\program\JAVA\touhou little maid - unknow sky area\prod_server\mods\architectury-9.2.14-forge.jar
[208月2026 18:49:34.751] [main/DEBUG] [net.minecraftforge.server.ServerLifecycleHooks/CORE]: Generating PackInfo named mod:efn for mod file E:\program\JAVA\touhou little maid - unknow sky area\prod_server\mods\[史诗战斗：夜幕] EpicFight Nightfall-3.4.0.jar
[208月2026 18:49:34.751] [main/DEBUG] [net.minecraftforge.server.ServerLifecycleHooks/CORE]: Generating PackInfo named mod:annoyingvillagers for mod file E:\program\JAVA\touhou little maid - unknow sky area\prod_server\mods\[烦人的村民] AnnoyingVillagers-1.20.1-1.4.7.jar
[208月2026 18:49:34.751] [main/DEBUG] [net.minecraftforge.server.ServerLifecycleHooks/CORE]: Generating PackInfo named mod:efclash_blade for mod file E:\program\JAVA\touhou little maid - unknow sky area\prod_server\mods\[史诗战斗：冲击之刃] Epicfight-ClashBlade-1.20.1-2.1.jar
[208月2026 18:49:34.752] [main/DEBUG] [net.minecraftforge.server.ServerLifecycleHooks/CORE]: Generating PackInfo named mod:ywzj_vehicle for mod file E:\program\JAVA\touhou little maid - unknow sky area\prod_server\mods\ywzj_vehicle-1.20.1-0.5.8.jar
[208月2026 18:49:34.752] [main/DEBUG] [net.minecraftforge.server.ServerLifecycleHooks/CORE]: Generating PackInfo named mod:ef_tlm for mod file E:\program\JAVA\touhou little maid - unknow sky area\prod_server\mods\[史诗战斗：车万女仆] [史诗战斗：车万女仆]EpicFight_TouhouLittleMaid-1.20.1-1.3.2-all.jar
[208月2026 18:49:34.752] [main/DEBUG] [net.minecraftforge.server.ServerLifecycleHooks/CORE]: Generating PackInfo named mod:ysm_geo_compat for mod file 
[208月2026 18:49:34.752] [main/DEBUG] [net.minecraftforge.server.ServerLifecycleHooks/CORE]: Generating PackInfo named mod:forge for mod file E:\program\JAVA\touhou little maid - unknow sky area\prod_server\libraries\net\minecraftforge\forge\1.20.1-47.4.13\forge-1.20.1-47.4.13-universal.jar
[208月2026 18:49:34.752] [main/DEBUG] [net.minecraftforge.server.ServerLifecycleHooks/CORE]: Generating PackInfo named mod:eftlm_stylish for mod file E:\program\JAVA\touhou little maid - unknow sky area\prod_server\mods\eftlm_stylish-1.0.0.jar
[208月2026 18:49:35.443] [main/DEBUG] [mixin/]: Mixing MixinLootDataManager from architectury.mixins.json into net.minecraft.world.level.storage.loot.LootDataManager
[208月2026 18:49:35.628] [main/DEBUG] [net.minecraftforge.coremod.transformer.CoreModBaseTransformer/COREMOD]: Transforming net/minecraft/server/commands/SummonCommand
[208月2026 18:49:36.079] [Worker-Main-5/ERROR] [simplebedrockmodel/]: Not found model file: ywzj_vehicle:models/bedrock/entity/grenade_40mm.json
[208月2026 18:49:36.082] [Worker-Main-5/ERROR] [simplebedrockmodel/]: Not found model file: ywzj_vehicle:models/bedrock/entity/aerial_bomb.json
[208月2026 18:49:36.084] [Worker-Main-5/ERROR] [simplebedrockmodel/]: Not found model file: ywzj_vehicle:models/bedrock/block/machine_max_block.json
[208月2026 18:49:36.086] [Worker-Main-5/ERROR] [simplebedrockmodel/]: Not found model file: ywzj_vehicle:models/bedrock/entity/missile_akd10.json
[208月2026 18:49:36.087] [Worker-Main-5/ERROR] [simplebedrockmodel/]: Not found model file: ywzj_vehicle:models/bedrock/entity/basic_bullet.json
[208月2026 18:49:36.089] [Worker-Main-5/ERROR] [simplebedrockmodel/]: Not found model file: ywzj_vehicle:models/bedrock/entity/rocket_57mm.json
[208月2026 18:49:36.511] [Worker-Main-6/DEBUG] [net.minecraftforge.coremod.transformer.CoreModBaseTransformer/COREMOD]: Transforming net/minecraft/world/entity/raid/Raid
[208月2026 18:49:36.586] [Worker-Main-6/DEBUG] [mixin/]: Mixing FishingHookPredicateMixin from touhou_little_maid.mixins.json into net.minecraft.advancements.critereon.FishingHookPredicate
[208月2026 18:49:37.034] [Worker-Main-6/ERROR] [net.minecraftforge.common.ForgeHooks/]: Couldn't parse element loot_tables:touhou_little_maid:grant_book_on_first_join
com.google.gson.JsonSyntaxException: Expected name to be an item, was unknown string 'patchouli:guide_book'
	at net.minecraft.util.GsonHelper.m_13866_(GsonHelper.java:145) ~[server-1.20.1-20230612.114412-srg.jar%23131!/:?]
	at java.util.Optional.orElseThrow(Optional.java:403) ~[?:?]
	at net.minecraft.util.GsonHelper.m_13874_(GsonHelper.java:145) ~[server-1.20.1-20230612.114412-srg.jar%23131!/:?]
	at net.minecraft.util.GsonHelper.m_13909_(GsonHelper.java:153) ~[server-1.20.1-20230612.114412-srg.jar%23131!/:?]
	at net.minecraft.world.level.storage.loot.entries.LootItem$Serializer.m_7267_(LootItem.java:55) ~[server-1.20.1-20230612.114412-srg.jar%23131!/:?]
	at net.minecraft.world.level.storage.loot.entries.LootItem$Serializer.m_7267_(LootItem.java:40) ~[server-1.20.1-20230612.114412-srg.jar%23131!/:?]
	at net.minecraft.world.level.storage.loot.entries.LootPoolSingletonContainer$Serializer.m_5921_(LootPoolSingletonContainer.java:151) ~[server-1.20.1-20230612.114412-srg.jar%23131!/:?]
	at net.minecraft.world.level.storage.loot.entries.LootPoolSingletonContainer$Serializer.m_5921_(LootPoolSingletonContainer.java:129) ~[server-1.20.1-20230612.114412-srg.jar%23131!/:?]
	at net.minecraft.world.level.storage.loot.entries.LootPoolEntryContainer$Serializer.m_7561_(LootPoolEntryContainer.java:86) ~[server-1.20.1-20230612.114412-srg.jar%23131!/:?]
	at net.minecraft.world.level.storage.loot.entries.LootPoolEntryContainer$Serializer.m_7561_(LootPoolEntryContainer.java:74) ~[server-1.20.1-20230612.114412-srg.jar%23131!/:?]
	at net.minecraft.world.level.storage.loot.GsonAdapterFactory$JsonAdapter.deserialize(GsonAdapterFactory.java:102) ~[server-1.20.1-20230612.114412-srg.jar%23131!/:?]
	at com.google.gson.internal.bind.TreeTypeAdapter.read(TreeTypeAdapter.java:76) ~[gson-2.10.jar%2372!/:?]
	at com.google.gson.internal.bind.TypeAdapterRuntimeTypeWrapper.read(TypeAdapterRuntimeTypeWrapper.java:40) ~[gson-2.10.jar%2372!/:?]
	at com.google.gson.internal.bind.ArrayTypeAdapter.read(ArrayTypeAdapter.java:72) ~[gson-2.10.jar%2372!/:?]
	at com.google.gson.Gson.fromJson(Gson.java:1214) ~[gson-2.10.jar%2372!/:?]
	at com.google.gson.Gson.fromJson(Gson.java:1319) ~[gson-2.10.jar%2372!/:?]
	at com.google.gson.Gson.fromJson(Gson.java:1290) ~[gson-2.10.jar%2372!/:?]
	at com.google.gson.internal.bind.TreeTypeAdapter$GsonContextImpl.deserialize(TreeTypeAdapter.java:179) ~[gson-2.10.jar%2372!/:?]
	at net.minecraft.util.GsonHelper.m_13808_(GsonHelper.java:463) ~[server-1.20.1-20230612.114412-srg.jar%23131!/:?]
	at net.minecraft.util.GsonHelper.m_13836_(GsonHelper.java:471) ~[server-1.20.1-20230612.114412-srg.jar%23131!/:?]
	at net.minecraft.world.level.storage.loot.LootPool$Serializer.deserialize(LootPool.java:192) ~[server-1.20.1-20230612.114412-srg.jar%23131!/:?]
	at net.minecraft.world.level.storage.loot.LootPool$Serializer.deserialize(LootPool.java:189) ~[server-1.20.1-20230612.114412-srg.jar%23131!/:?]
	at com.google.gson.internal.bind.TreeTypeAdapter.read(TreeTypeAdapter.java:76) ~[gson-2.10.jar%2372!/:?]
	at com.google.gson.internal.bind.TypeAdapterRuntimeTypeWrapper.read(TypeAdapterRuntimeTypeWrapper.java:40) ~[gson-2.10.jar%2372!/:?]
	at com.google.gson.internal.bind.ArrayTypeAdapter.read(ArrayTypeAdapter.java:72) ~[gson-2.10.jar%2372!/:?]
	at com.google.gson.Gson.fromJson(Gson.java:1214) ~[gson-2.10.jar%2372!/:?]
	at com.google.gson.Gson.fromJson(Gson.java:1319) ~[gson-2.10.jar%2372!/:?]
	at com.google.gson.Gson.fromJson(Gson.java:1290) ~[gson-2.10.jar%2372!/:?]
	at com.google.gson.internal.bind.TreeTypeAdapter$GsonContextImpl.deserialize(TreeTypeAdapter.java:179) ~[gson-2.10.jar%2372!/:?]
	at net.minecraft.util.GsonHelper.m_13808_(GsonHelper.java:463) ~[server-1.20.1-20230612.114412-srg.jar%23131!/:?]
	at net.minecraft.util.GsonHelper.m_13845_(GsonHelper.java:481) ~[server-1.20.1-20230612.114412-srg.jar%23131!/:?]
	at net.minecraft.world.level.storage.loot.LootTable$Serializer.deserialize(LootTable.java:294) ~[server-1.20.1-20230612.114412-srg.jar%23131!/:?]
	at net.minecraft.world.level.storage.loot.LootTable$Serializer.deserialize(LootTable.java:291) ~[server-1.20.1-20230612.114412-srg.jar%23131!/:?]
	at com.google.gson.internal.bind.TreeTypeAdapter.read(TreeTypeAdapter.java:76) ~[gson-2.10.jar%2372!/:?]
	at com.google.gson.Gson.fromJson(Gson.java:1214) ~[gson-2.10.jar%2372!/:?]
	at com.google.gson.Gson.fromJson(Gson.java:1319) ~[gson-2.10.jar%2372!/:?]
	at com.google.gson.Gson.fromJson(Gson.java:1261) ~[gson-2.10.jar%2372!/:?]
	at net.minecraftforge.common.ForgeHooks.loadLootTable(ForgeHooks.java:872) ~[forge-1.20.1-47.4.13-universal.jar%23136!/:?]
	at net.minecraftforge.common.ForgeHooks.lambda$getLootTableDeserializer$3(ForgeHooks.java:849) ~[forge-1.20.1-47.4.13-universal.jar%23136!/:?]
	at net.minecraft.world.level.storage.loot.LootDataType.deserialize(LootDataType.java:45) ~[server-1.20.1-20230612.114412-srg.jar%23131!/:?]
	at net.minecraft.world.level.storage.loot.LootDataManager.lambda$scheduleElementParse$4(LootDataManager.java:56) ~[server-1.20.1-20230612.114412-srg.jar%23131!/:?]
	at java.util.HashMap.forEach(HashMap.java:1421) ~[?:?]
	at net.minecraft.world.level.storage.loot.LootDataManager.m_278660_(LootDataManager.java:55) ~[server-1.20.1-20230612.114412-srg.jar%23131!/:?]
	at java.util.concurrent.CompletableFuture$AsyncRun.run(CompletableFuture.java:1804) ~[?:?]
	at java.util.concurrent.CompletableFuture$AsyncRun.exec(CompletableFuture.java:1796) ~[?:?]
	at java.util.concurrent.ForkJoinTask.doExec(ForkJoinTask.java:373) ~[?:?]
	at java.util.concurrent.ForkJoinPool$WorkQueue.topLevelExec(ForkJoinPool.java:1182) ~[?:?]
	at java.util.concurrent.ForkJoinPool.scan(ForkJoinPool.java:1655) ~[?:?]
	at java.util.concurrent.ForkJoinPool.runWorker(ForkJoinPool.java:1622) ~[?:?]
	at java.util.concurrent.ForkJoinWorkerThread.run(ForkJoinWorkerThread.java:165) ~[?:?]
[208月2026 18:49:37.243] [main/INFO] [net.minecraft.world.item.crafting.RecipeManager/]: Skipping loading recipe touhou_little_maid:memorizable_gensokyo as it's serializer returned null
[208月2026 18:49:37.263] [main/INFO] [net.minecraft.world.item.crafting.RecipeManager/]: Loaded 9 recipes
[208月2026 18:49:37.356] [main/INFO] [net.minecraft.advancements.AdvancementList/]: Loaded 1353 advancements
[208月2026 18:49:48.730] [main/WARN] [epicfight/]: Skill efn:example doesn't exist in the registry.
[208月2026 18:49:48.763] [main/WARN] [epicfight/]: Item Capability Exception: No item named annoyingvillagers:air
[208月2026 18:49:48.795] [main/WARN] [epicfight/]: Can't find a particle type epicfight:entity.hit.blunt in invincible:custom_combo_demo
[208月2026 18:49:48.805] [main/WARN] [epicfight/]: Item Capability Exception: No item named efn:scythe
[208月2026 18:49:48.813] [main/WARN] [epicfight/]: Item Capability Exception: No item named annoyingvillagers:diamond_durandal
[208月2026 18:49:49.406] [main/DEBUG] [net.minecraftforge.common.ForgeHooks/WP]: Gathering id map for writing to world save maid_pilot_world
[208月2026 18:49:49.430] [main/DEBUG] [net.minecraftforge.common.ForgeHooks/WP]: ID Map collection complete maid_pilot_world
[208月2026 18:49:49.481] [Server thread/INFO] [net.minecraft.server.dedicated.DedicatedServer/]: Starting minecraft server version 1.20.1
[208月2026 18:49:49.481] [Server thread/INFO] [net.minecraft.server.dedicated.DedicatedServer/]: Loading properties
[208月2026 18:49:49.481] [Server thread/INFO] [net.minecraft.server.dedicated.DedicatedServer/]: Default game type: SURVIVAL
[208月2026 18:49:49.481] [Server thread/INFO] [net.minecraft.server.MinecraftServer/]: Generating keypair
[208月2026 18:49:49.552] [Server thread/INFO] [net.minecraft.server.dedicated.DedicatedServer/]: Starting Minecraft server on *:25565
[208月2026 18:49:49.553] [Server thread/DEBUG] [net.minecraftforge.network.DualStackUtils/]: Detected IPv6 address: "0:0:0:0:0:0:0:0"
[208月2026 18:49:49.577] [Server thread/INFO] [net.minecraft.server.network.ServerConnectionListener/]: Using default channel type
[208月2026 18:49:49.600] [Server thread/DEBUG] [io.netty.channel.MultithreadEventLoopGroup/]: -Dio.netty.eventLoopThreads: 32
[208月2026 18:49:49.620] [Server thread/DEBUG] [io.netty.util.internal.InternalThreadLocalMap/]: -Dio.netty.threadLocalMap.stringBuilder.initialSize: 1024
[208月2026 18:49:49.620] [Server thread/DEBUG] [io.netty.util.internal.InternalThreadLocalMap/]: -Dio.netty.threadLocalMap.stringBuilder.maxSize: 4096
[208月2026 18:49:49.629] [Server thread/DEBUG] [io.netty.channel.nio.NioEventLoop/]: -Dio.netty.noKeySetOptimization: false
[208月2026 18:49:49.629] [Server thread/DEBUG] [io.netty.channel.nio.NioEventLoop/]: -Dio.netty.selectorAutoRebuildThreshold: 512
[208月2026 18:49:49.636] [Server thread/DEBUG] [io.netty.util.internal.PlatformDependent/]: org.jctools-core.MpscChunkedArrayQueue: available
[208月2026 18:49:49.768] [Server thread/DEBUG] [io.netty.channel.DefaultChannelId/]: -Dio.netty.processId: 17024 (auto-detected)
[208月2026 18:49:49.770] [Server thread/DEBUG] [io.netty.util.NetUtil/]: -Djava.net.preferIPv4Stack: false
[208月2026 18:49:49.770] [Server thread/DEBUG] [io.netty.util.NetUtil/]: -Djava.net.preferIPv6Addresses: true
[208月2026 18:49:49.784] [Server thread/DEBUG] [io.netty.util.NetUtilInitializations/]: Loopback interface: lo (Software Loopback Interface 1, 127.0.0.1)
[208月2026 18:49:49.786] [Server thread/DEBUG] [io.netty.util.NetUtil/]: Failed to get SOMAXCONN from sysctl and file \proc\sys\net\core\somaxconn. Default: 200
[208月2026 18:49:49.863] [Server thread/DEBUG] [io.netty.channel.DefaultChannelId/]: -Dio.netty.machineId: 00:00:00:00:00:00:00:e0 (auto-detected)
[208月2026 18:49:49.901] [Server thread/DEBUG] [io.netty.buffer.PooledByteBufAllocator/]: -Dio.netty.allocator.numHeapArenas: 32
[208月2026 18:49:49.901] [Server thread/DEBUG] [io.netty.buffer.PooledByteBufAllocator/]: -Dio.netty.allocator.numDirectArenas: 32
[208月2026 18:49:49.901] [Server thread/DEBUG] [io.netty.buffer.PooledByteBufAllocator/]: -Dio.netty.allocator.pageSize: 8192
[208月2026 18:49:49.901] [Server thread/DEBUG] [io.netty.buffer.PooledByteBufAllocator/]: -Dio.netty.allocator.maxOrder: 9
[208月2026 18:49:49.901] [Server thread/DEBUG] [io.netty.buffer.PooledByteBufAllocator/]: -Dio.netty.allocator.chunkSize: 4194304
[208月2026 18:49:49.901] [Server thread/DEBUG] [io.netty.buffer.PooledByteBufAllocator/]: -Dio.netty.allocator.smallCacheSize: 256
[208月2026 18:49:49.901] [Server thread/DEBUG] [io.netty.buffer.PooledByteBufAllocator/]: -Dio.netty.allocator.normalCacheSize: 64
[208月2026 18:49:49.901] [Server thread/DEBUG] [io.netty.buffer.PooledByteBufAllocator/]: -Dio.netty.allocator.maxCachedBufferCapacity: 32768
[208月2026 18:49:49.901] [Server thread/DEBUG] [io.netty.buffer.PooledByteBufAllocator/]: -Dio.netty.allocator.cacheTrimInterval: 8192
[208月2026 18:49:49.901] [Server thread/DEBUG] [io.netty.buffer.PooledByteBufAllocator/]: -Dio.netty.allocator.cacheTrimIntervalMillis: 0
[208月2026 18:49:49.901] [Server thread/DEBUG] [io.netty.buffer.PooledByteBufAllocator/]: -Dio.netty.allocator.useCacheForAllThreads: false
[208月2026 18:49:49.901] [Server thread/DEBUG] [io.netty.buffer.PooledByteBufAllocator/]: -Dio.netty.allocator.maxCachedByteBuffersPerChunk: 1023
[208月2026 18:49:49.911] [Server thread/DEBUG] [io.netty.buffer.ByteBufUtil/]: -Dio.netty.allocator.type: pooled
[208月2026 18:49:49.911] [Server thread/DEBUG] [io.netty.buffer.ByteBufUtil/]: -Dio.netty.threadLocalDirectBufferSize: 0
[208月2026 18:49:49.911] [Server thread/DEBUG] [io.netty.buffer.ByteBufUtil/]: -Dio.netty.maxThreadLocalCharBufferSize: 16384
[208月2026 18:49:49.943] [Server thread/DEBUG] [net.minecraftforge.fml.config.ConfigTracker/CONFIG]: Loading configs type SERVER
[208月2026 18:49:49.943] [Server thread/DEBUG] [net.minecraftforge.fml.config.ConfigFileTypeHandler/CONFIG]: Built TOML config for .\maid_pilot_world\serverconfig\epicfight-server.toml
[208月2026 18:49:49.944] [Server thread/DEBUG] [net.minecraftforge.fml.config.ConfigFileTypeHandler/CONFIG]: Loaded TOML config file .\maid_pilot_world\serverconfig\epicfight-server.toml
[208月2026 18:49:49.946] [Server thread/DEBUG] [net.minecraftforge.fml.config.ConfigFileTypeHandler/CONFIG]: Watching TOML config file .\maid_pilot_world\serverconfig\epicfight-server.toml for changes
[208月2026 18:49:49.947] [Server thread/DEBUG] [net.minecraftforge.fml.config.ConfigFileTypeHandler/CONFIG]: Built TOML config for .\maid_pilot_world\serverconfig\ywzj_vehicle-server.toml
[208月2026 18:49:49.949] [Server thread/DEBUG] [net.minecraftforge.fml.config.ConfigFileTypeHandler/CONFIG]: Loaded TOML config file .\maid_pilot_world\serverconfig\ywzj_vehicle-server.toml
[208月2026 18:49:49.949] [Server thread/DEBUG] [net.minecraftforge.fml.config.ConfigFileTypeHandler/CONFIG]: Watching TOML config file .\maid_pilot_world\serverconfig\ywzj_vehicle-server.toml for changes
[208月2026 18:49:49.950] [Server thread/DEBUG] [net.minecraftforge.fml.config.ConfigFileTypeHandler/CONFIG]: Built TOML config for .\maid_pilot_world\serverconfig\forge-server.toml
[208月2026 18:49:49.951] [Server thread/DEBUG] [net.minecraftforge.fml.config.ConfigFileTypeHandler/CONFIG]: Loaded TOML config file .\maid_pilot_world\serverconfig\forge-server.toml
[208月2026 18:49:49.952] [Server thread/DEBUG] [net.minecraftforge.fml.config.ConfigFileTypeHandler/CONFIG]: Watching TOML config file .\maid_pilot_world\serverconfig\forge-server.toml for changes
[208月2026 18:49:49.952] [Server thread/DEBUG] [net.minecraftforge.common.ForgeConfig/FORGEMOD]: Loaded forge config file forge-server.toml
[208月2026 18:49:49.953] [Server thread/DEBUG] [net.minecraftforge.fml.config.ConfigFileTypeHandler/CONFIG]: Built TOML config for .\maid_pilot_world\serverconfig\touhou_little_maid-server.toml
[208月2026 18:49:49.954] [Server thread/DEBUG] [net.minecraftforge.fml.config.ConfigFileTypeHandler/CONFIG]: Loaded TOML config file .\maid_pilot_world\serverconfig\touhou_little_maid-server.toml
[208月2026 18:49:49.954] [Server thread/DEBUG] [net.minecraftforge.fml.config.ConfigFileTypeHandler/CONFIG]: Watching TOML config file .\maid_pilot_world\serverconfig\touhou_little_maid-server.toml for changes
[208月2026 18:49:50.007] [Server thread/INFO] [net.minecraft.server.dedicated.DedicatedServer/]: Preparing level "maid_pilot_world"
[208月2026 18:49:50.299] [Server thread/DEBUG] [net.minecraftforge.coremod.transformer.CoreModBaseTransformer/COREMOD]: Transforming net/minecraft/world/level/levelgen/PhantomSpawner
[208月2026 18:49:50.303] [Server thread/DEBUG] [net.minecraftforge.coremod.transformer.CoreModBaseTransformer/COREMOD]: Transforming net/minecraft/world/level/levelgen/PatrolSpawner
[208月2026 18:49:50.304] [Server thread/DEBUG] [net.minecraftforge.coremod.transformer.CoreModBaseTransformer/COREMOD]: Transforming net/minecraft/world/entity/npc/CatSpawner
[208月2026 18:49:50.308] [Server thread/DEBUG] [net.minecraftforge.coremod.transformer.CoreModBaseTransformer/COREMOD]: Transforming net/minecraft/world/entity/ai/village/VillageSiege
[208月2026 18:49:50.353] [Server thread/DEBUG] [mixin/]: Mixing PersistentEntitySectionManagerMixin from touhou_little_maid.mixins.json into net.minecraft.world.level.entity.PersistentEntitySectionManager
[208月2026 18:49:50.353] [Server thread/DEBUG] [mixin/]: Renaming synthetic method lambda$companionTick$0(J)V to md2eafad$lambda$companionTick$0$0 in touhou_little_maid.mixins.json:PersistentEntitySectionManagerMixin
[208月2026 18:49:50.524] [Server thread/INFO] [net.minecraft.server.MinecraftServer/]: Preparing start region for dimension minecraft:overworld
[208月2026 18:49:51.174] [Server thread/DEBUG] [mixin/]: Mixing MixinChunkSerializer from architectury.mixins.json into net.minecraft.world.level.chunk.storage.ChunkSerializer
[208月2026 18:49:52.303] [Worker-Main-9/INFO] [net.minecraft.server.level.progress.LoggerChunkProgressListener/]: Preparing spawn area: 0%
[208月2026 18:49:52.304] [Worker-Main-1/INFO] [net.minecraft.server.level.progress.LoggerChunkProgressListener/]: Preparing spawn area: 0%
[208月2026 18:49:52.307] [Worker-Main-1/INFO] [net.minecraft.server.level.progress.LoggerChunkProgressListener/]: Preparing spawn area: 0%
[208月2026 18:49:52.309] [Worker-Main-9/INFO] [net.minecraft.server.level.progress.LoggerChunkProgressListener/]: Preparing spawn area: 0%
[208月2026 18:49:52.525] [Worker-Main-5/INFO] [net.minecraft.server.level.progress.LoggerChunkProgressListener/]: Preparing spawn area: 0%
[208月2026 18:49:52.711] [Server thread/INFO] [eftlm_stylish/]: [DIAG] WOM behaviors registered: 19 items, 2 style-mapped items
[208月2026 18:49:52.750] [Server thread/INFO] [eftlm_stylish/]: [DIAG] EFN behaviors registered: 51 items
[208月2026 18:49:52.751] [Server thread/INFO] [eftlm_stylish/]: [DIAG] CombatBehaviorsEvent registered: 8 weapon categories + WOM behaviors (wom=true)
[208月2026 18:49:52.762] [Server thread/DEBUG] [mixin/]: Mixing AnimationPlayerMixin from invincible.mixins.json into yesman.epicfight.api.animation.AnimationPlayer
[208月2026 18:49:52.762] [Server thread/DEBUG] [mixin/]: Renaming synthetic method lambda$invincible$injectTick$0(Lyesman/epicfight/world/capabilities/entitypatch/LivingEntityPatch;Lyesman/epicfight/world/capabilities/entitypatch/player/PlayerPatch;Lcom/p1nero/invincible/capability/InvinciblePlayer;)V to md2eafad$lambda$invincible$injectTick$0$0 in invincible.mixins.json:AnimationPlayerMixin
[208月2026 18:49:52.766] [Server thread/DEBUG] [mixin/]: Mixing AnimationPlayerMixin from combat_evolution.mixins.json into yesman.epicfight.api.animation.AnimationPlayer
[208月2026 18:49:52.767] [Server thread/DEBUG] [mixin/]: Mixing AnimationPlayerMixin from efn.mixins.json into yesman.epicfight.api.animation.AnimationPlayer
[208月2026 18:49:52.916] [Server thread/DEBUG] [mixin/]: Mixing NodeEvaluatorBurningCacher from touhou_little_maid.mixins.json into net.minecraft.world.level.pathfinder.WalkNodeEvaluator
[208月2026 18:49:52.991] [Server thread/DEBUG] [mixin/]: Mixing ItemCooldownsMixin from annoyingvillagers.mixins.json into net.minecraft.world.item.ItemCooldowns
[208月2026 18:49:53.019] [Server thread/DEBUG] [io.netty.buffer.AbstractByteBuf/]: -Dio.netty.buffer.checkAccessible: true
[208月2026 18:49:53.019] [Server thread/DEBUG] [io.netty.buffer.AbstractByteBuf/]: -Dio.netty.buffer.checkBounds: true
[208月2026 18:49:53.020] [Server thread/DEBUG] [io.netty.util.ResourceLeakDetectorFactory/]: Loaded default ResourceLeakDetector: io.netty.util.ResourceLeakDetector@140d66d1
[208月2026 18:49:53.027] [Worker-Main-5/INFO] [net.minecraft.server.level.progress.LoggerChunkProgressListener/]: Preparing spawn area: 4%
[208月2026 18:49:53.501] [Server thread/INFO] [net.minecraft.server.level.progress.LoggerChunkProgressListener/]: Time elapsed: 2969 ms
[208月2026 18:49:53.502] [Server thread/INFO] [net.minecraft.server.dedicated.DedicatedServer/]: Done (3.559s)! For help, type "help"
[208月2026 18:49:53.503] [Server thread/INFO] [net.minecraft.server.dedicated.DedicatedServer/]: Starting remote control listener
[208月2026 18:49:53.506] [Server thread/INFO] [net.minecraft.server.rcon.thread.GenericThread/]: Thread RCON Listener started
[208月2026 18:49:53.506] [Server thread/INFO] [net.minecraft.server.rcon.thread.RconThread/]: RCON running on 0.0.0.0:25575
[208月2026 18:49:53.517] [Server thread/DEBUG] [net.minecraftforge.network.DualStackUtils/]: Detected IPv6 address: "0:0:0:0:0:0:0:0"
[208月2026 18:49:53.533] [Server thread/DEBUG] [net.minecraftforge.common.ForgeI18n/CORE]: Loading I18N data entries: 3977
[208月2026 18:49:53.537] [Server thread/INFO] [net.minecraftforge.server.permission.PermissionAPI/]: Successfully initialized permission handler forge:default_handler
[208月2026 18:49:53.541] [Server thread/INFO] [eftlm_stylish/]: [SKILL] test mode OFF
[208月2026 18:49:53.545] [Server thread/INFO] [eftlm_stylish/]: [Arena] cleared 0 leftover maids, 0 leftover mobs
[208月2026 18:49:53.553] [Server thread/INFO] [eftlm_stylish/]: [Arena] platform built: 21x21 bedrock at y=-60, world border 21x21 (7ms)
[208月2026 18:49:53.554] [Server thread/INFO] [eftlm_stylish/]: [Arena] enabled: center=(8,-59,8) entities=minecraft:warden,annoyingvillagers:armored_herobrine,annoyingvillagers:glaive_herobrine,annoyingvillagers:herobrine_7,annoyingvillagers:swordsman_herobrine,annoyingvillagers:sledgehammer_herobrine,annoyingvillagers:null count=1 interval=400
[208月2026 18:49:53.593] [Server thread/DEBUG] [net.minecraftforge.coremod.transformer.CoreModBaseTransformer/COREMOD]: Transforming net/minecraft/world/level/NaturalSpawner
[208月2026 18:49:53.628] [Server thread/INFO] [eftlm_stylish/]: [DIAG] Maid join world: name=model.touhou_little_maid.hakurei_reimu.name patch=MaidPatch
[208月2026 18:49:53.669] [Server thread/INFO] [eftlm_stylish/]: [RL] config loaded: enable_all_maids=true epsilon=0.08 arbitration=hybrid model_file=rl_model.bin
[208月2026 18:49:53.673] [Server thread/INFO] [eftlm_stylish/]: [RL] model loaded: sizes=[18, 64, 64, 64] dims=18->64
[208月2026 18:49:53.793] [Server thread/DEBUG] [mixin/]: Mixing MixinClientboundSetEntityMotionPacket from mixins.wom.json into net.minecraft.network.protocol.game.ClientboundSetEntityMotionPacket
[208月2026 18:49:53.856] [Server thread/INFO] [eftlm_stylish/]: [RL] action executor registered: generic (fixed=true)
[208月2026 18:49:53.857] [Server thread/INFO] [eftlm_stylish/]: [RL] action executor registered: efn_skill (fixed=false)
[208月2026 18:49:53.868] [Server thread/INFO] [eftlm_stylish/]: [SKILLS] catalog loaded: 32 weapons, 313 skills (source=jar:/eftlm_stylish/skills.json)
[208月2026 18:49:54.731] [Server thread/INFO] [eftlm_stylish/]: [DIAG] WOM behaviors registered: 19 items, 2 style-mapped items
[208月2026 18:49:54.731] [Server thread/INFO] [eftlm_stylish/]: [DIAG] EFN behaviors registered: 51 items
[208月2026 18:49:54.732] [Server thread/INFO] [eftlm_stylish/]: [DIAG] CombatBehaviorsEvent registered: 8 weapon categories + WOM behaviors (wom=true)
[208月2026 18:49:54.734] [Server thread/INFO] [eftlm_stylish/]: [DIAG] Maid join world: name=model.touhou_little_maid.hakurei_reimu.name patch=MaidPatch
[208月2026 18:49:54.739] [Server thread/INFO] [eftlm_stylish/]: [Arena] maid spawned at BlockPos{x=8, y=-59, z=8} id=152 main=efn:yamato_dmc4 melee=efn:kusabimaru/efn:meen_spear task=ef_tlm:fight_mode_task patch=OK
[208月2026 18:49:54.740] [Server thread/ERROR] [net.minecraftforge.eventbus.EventBus/EVENTBUS]: Exception caught during firing event: Cannot invoke "com.github.tartaricacid.touhoulittlemaid.entity.passive.EntityMaid.m_20270_(net.minecraft.world.entity.Entity)" because "maid" is null
	Index: 6
	Listeners:
		0: HIGH
		1: ASM: class dev.architectury.event.forge.EventHandlerImplCommon event(Lnet/minecraftforge/event/TickEvent$ServerTickEvent;)V
		2: NORMAL
		3: ASM: com.maidweapon.refill.MaidWeaponRefill@52db6d82 onServerTick(Lnet/minecraftforge/event/TickEvent$ServerTickEvent;)V
		4: ASM: com.hm.efn.EFN@573c156 tick(Lnet/minecraftforge/event/TickEvent$ServerTickEvent;)V
		5: ASM: com.maidweapon.refill.MaidWeaponRefill@52db6d82 onPlatformGuard(Lnet/minecraftforge/event/TickEvent$ServerTickEvent;)V
		6: ASM: class org.eftlm.stylish.arena.AutoArena onServerTick(Lnet/minecraftforge/event/TickEvent$ServerTickEvent;)V
		7: ASM: class net.shelmarow.combat_evolution.tickTask.TickTaskHandler onTick(Lnet/minecraftforge/event/TickEvent$ServerTickEvent;)V
		8: ASM: net.minecraftforge.common.ForgeInternalHandler@2089ecf5 onServerTick(Lnet/minecraftforge/event/TickEvent$ServerTickEvent;)V
		9: ASM: class com.hm.efn.skill.passive.ParryMasterPassive$AnimationHandler onServerTick(Lnet/minecraftforge/event/TickEvent$ServerTickEvent;)V
		10: ASM: class org.ywzj.vehicle.all.AllEvents$AllForgeEvents onServerTick(Lnet/minecraftforge/event/TickEvent$ServerTickEvent;)V
		11: ASM: class com.pla.annoyingvillagers.task.TaskScheduler onServerTick(Lnet/minecraftforge/event/TickEvent$ServerTickEvent;)V
		12: ASM: class com.hm.efn.event.PlayerRandomFireworksServerEvent onServerTick(Lnet/minecraftforge/event/TickEvent$ServerTickEvent;)V
		13: net.minecraftforge.eventbus.EventBus$$Lambda$4077/0x0000011e02a97b38@29404832
java.lang.NullPointerException: Cannot invoke "com.github.tartaricacid.touhoulittlemaid.entity.passive.EntityMaid.m_20270_(net.minecraft.world.entity.Entity)" because "maid" is null
	at TRANSFORMER/eftlm_stylish@1.0.0/org.eftlm.stylish.arena.AutoArena.pullStrayTargets(AutoArena.java:624)
	at TRANSFORMER/eftlm_stylish@1.0.0/org.eftlm.stylish.arena.AutoArena.onServerTick(AutoArena.java:435)
	at TRANSFORMER/eftlm_stylish@1.0.0/org.eftlm.stylish.arena.__AutoArena_onServerTick_ServerTickEvent.invoke(.dynamic)
	at MC-BOOTSTRAP/net.minecraftforge.eventbus/net.minecraftforge.eventbus.ASMEventHandler.invoke(ASMEventHandler.java:73)
	at MC-BOOTSTRAP/net.minecraftforge.eventbus/net.minecraftforge.eventbus.EventBus.post(EventBus.java:315)
	at MC-BOOTSTRAP/net.minecraftforge.eventbus/net.minecraftforge.eventbus.EventBus.post(EventBus.java:296)
	at TRANSFORMER/forge@47.4.13/net.minecraftforge.event.ForgeEventFactory.onPostServerTick(ForgeEventFactory.java:975)
	at TRANSFORMER/minecraft@1.20.1/net.minecraft.server.MinecraftServer.m_5705_(MinecraftServer.java:835)
	at TRANSFORMER/minecraft@1.20.1/net.minecraft.server.MinecraftServer.m_130011_(MinecraftServer.java:661)
	at TRANSFORMER/minecraft@1.20.1/net.minecraft.server.MinecraftServer.m_206580_(MinecraftServer.java:251)
	at java.base/java.lang.Thread.run(Thread.java:842)

[208月2026 18:49:54.742] [Server thread/ERROR] [net.minecraft.server.MinecraftServer/]: Encountered an unexpected exception
java.lang.NullPointerException: Cannot invoke "com.github.tartaricacid.touhoulittlemaid.entity.passive.EntityMaid.m_20270_(net.minecraft.world.entity.Entity)" because "maid" is null
	at org.eftlm.stylish.arena.AutoArena.pullStrayTargets(AutoArena.java:624) ~[eftlm_stylish-1.0.0.jar%23125!/:?]
	at org.eftlm.stylish.arena.AutoArena.onServerTick(AutoArena.java:435) ~[eftlm_stylish-1.0.0.jar%23125!/:?]
	at org.eftlm.stylish.arena.__AutoArena_onServerTick_ServerTickEvent.invoke(.dynamic) ~[eftlm_stylish-1.0.0.jar%23125!/:?]
	at net.minecraftforge.eventbus.ASMEventHandler.invoke(ASMEventHandler.java:73) ~[eventbus-6.0.5.jar%2352!/:?]
	at net.minecraftforge.eventbus.EventBus.post(EventBus.java:315) ~[eventbus-6.0.5.jar%2352!/:?]
	at net.minecraftforge.eventbus.EventBus.post(EventBus.java:296) ~[eventbus-6.0.5.jar%2352!/:?]
	at net.minecraftforge.event.ForgeEventFactory.onPostServerTick(ForgeEventFactory.java:975) ~[forge-1.20.1-47.4.13-universal.jar%23136!/:?]
	at net.minecraft.server.MinecraftServer.m_5705_(MinecraftServer.java:835) ~[server-1.20.1-20230612.114412-srg.jar%23131!/:?]
	at net.minecraft.server.MinecraftServer.m_130011_(MinecraftServer.java:661) ~[server-1.20.1-20230612.114412-srg.jar%23131!/:?]
	at net.minecraft.server.MinecraftServer.m_206580_(MinecraftServer.java:251) ~[server-1.20.1-20230612.114412-srg.jar%23131!/:?]
	at java.lang.Thread.run(Thread.java:842) ~[?:?]
[208月2026 18:49:54.809] [Server thread/DEBUG] [oshi.util.FileUtil/]: No oshi.architecture.properties file found from ClassLoader cpw.mods.modlauncher.TransformingClassLoader@75babb67
[208月2026 18:49:54.809] [Server thread/DEBUG] [oshi.util.FileUtil/]: No oshi.architecture.properties file found from ClassLoader jdk.internal.loader.ClassLoaders$AppClassLoader@6e8cf4c6
[208月2026 18:49:54.906] [Server thread/FATAL] [net.minecraftforge.common.ForgeMod/]: Preparing crash report with UUID b25e2454-92c9-4215-a6a9-adea400443f1
[208月2026 18:49:54.908] [Server thread/ERROR] [net.minecraft.server.MinecraftServer/]: This crash report has been saved to: E:\program\JAVA\touhou little maid - unknow sky area\prod_server\.\crash-reports\crash-2026-08-20_18.49.54-server.txt
[208月2026 18:49:54.909] [Server thread/INFO] [net.minecraft.server.MinecraftServer/]: Stopping server
[208月2026 18:49:54.910] [Server thread/INFO] [net.minecraft.server.MinecraftServer/]: Saving players
[208月2026 18:49:54.910] [Server thread/INFO] [net.minecraft.server.MinecraftServer/]: Saving worlds
[208月2026 18:49:55.513] [Server thread/INFO] [net.minecraft.server.MinecraftServer/]: Saving chunks for level 'ServerLevel[maid_pilot_world]'/minecraft:overworld
[208月2026 18:49:56.047] [Server thread/INFO] [net.minecraft.server.MinecraftServer/]: Saving chunks for level 'ServerLevel[maid_pilot_world]'/minecraft:the_nether
[208月2026 18:49:56.051] [Server thread/INFO] [net.minecraft.server.MinecraftServer/]: Saving chunks for level 'ServerLevel[maid_pilot_world]'/minecraft:the_end
[208月2026 18:49:56.058] [Server thread/DEBUG] [net.minecraftforge.common.ForgeHooks/WP]: Gathering id map for writing to world save maid_pilot_world
[208月2026 18:49:56.076] [Server thread/DEBUG] [net.minecraftforge.common.ForgeHooks/WP]: ID Map collection complete maid_pilot_world
[208月2026 18:49:56.096] [Server thread/INFO] [net.minecraft.server.MinecraftServer/]: ThreadedAnvilChunkStorage (maid_pilot_world): All chunks are saved
[208月2026 18:49:56.096] [Server thread/INFO] [net.minecraft.server.MinecraftServer/]: ThreadedAnvilChunkStorage (DIM-1): All chunks are saved
[208月2026 18:49:56.096] [Server thread/INFO] [net.minecraft.server.MinecraftServer/]: ThreadedAnvilChunkStorage (DIM1): All chunks are saved
[208月2026 18:49:56.097] [Server thread/INFO] [net.minecraft.server.MinecraftServer/]: ThreadedAnvilChunkStorage: All dimensions are saved
[208月2026 18:49:56.114] [Server thread/DEBUG] [net.minecraftforge.fml.config.ConfigTracker/CONFIG]: Unloading configs type SERVER
[208月2026 18:49:56.120] [Server thread/INFO] [net.minecraft.server.rcon.thread.GenericThread/]: Thread RCON Listener stopped
