[208月2026 18:49:06.753] [main/INFO] [cpw.mods.modlauncher.Launcher/MODLAUNCHER]: ModLauncher running: args [--launchTarget, forgeserver, --fml.forgeVersion, 47.4.13, --fml.mcVersion, 1.20.1, --fml.forgeGroup, net.minecraftforge, --fml.mcpVersion, 20230612.114412, nogui]
[208月2026 18:49:06.761] [main/INFO] [cpw.mods.modlauncher.Launcher/MODLAUNCHER]: ModLauncher 10.0.9+10.0.9+main.dcd20f30 starting: java version 17.0.10 by Oracle Corporation; OS Windows 11 arch amd64 version 10.0
[208月2026 18:49:07.447] [main/INFO] [net.minecraftforge.fml.loading.ImmediateWindowHandler/]: ImmediateWindowProvider not loading because launch target is forgeserver
[208月2026 18:49:07.547] [main/INFO] [mixin/]: SpongePowered MIXIN Subsystem Version=0.8.5 Source=union:/E:/program/JAVA/touhou%20little%20maid%20-%20unknow%20sky%20area/prod_server/libraries/org/spongepowered/mixin/0.8.5/mixin-0.8.5.jar%2365!/ Service=ModLauncher Env=SERVER
[208月2026 18:49:07.939] [main/WARN] [net.minecraftforge.fml.loading.moddiscovery.ModFileParser/LOADING]: Mod file E:\program\JAVA\touhou little maid - unknow sky area\prod_server\libraries\net\minecraftforge\fmlcore\1.20.1-47.4.13\fmlcore-1.20.1-47.4.13.jar is missing mods.toml file
[208月2026 18:49:07.950] [main/WARN] [net.minecraftforge.fml.loading.moddiscovery.ModFileParser/LOADING]: Mod file E:\program\JAVA\touhou little maid - unknow sky area\prod_server\libraries\net\minecraftforge\javafmllanguage\1.20.1-47.4.13\javafmllanguage-1.20.1-47.4.13.jar is missing mods.toml file
[208月2026 18:49:07.962] [main/WARN] [net.minecraftforge.fml.loading.moddiscovery.ModFileParser/LOADING]: Mod file E:\program\JAVA\touhou little maid - unknow sky area\prod_server\libraries\net\minecraftforge\lowcodelanguage\1.20.1-47.4.13\lowcodelanguage-1.20.1-47.4.13.jar is missing mods.toml file
[208月2026 18:49:07.971] [main/WARN] [net.minecraftforge.fml.loading.moddiscovery.ModFileParser/LOADING]: Mod file E:\program\JAVA\touhou little maid - unknow sky area\prod_server\libraries\net\minecraftforge\mclanguage\1.20.1-47.4.13\mclanguage-1.20.1-47.4.13.jar is missing mods.toml file
[208月2026 18:49:08.310] [main/INFO] [net.minecraftforge.fml.loading.moddiscovery.JarInJarDependencyLocator/]: Found 12 dependencies adding them to mods collection
[208月2026 18:49:10.203] [main/INFO] [mixin/]: Compatibility level set to JAVA_17
[208月2026 18:49:10.261] [main/INFO] [cpw.mods.modlauncher.LaunchServiceHandler/MODLAUNCHER]: Launching target 'forgeserver' with arguments [nogui]
[208月2026 18:49:11.947] [main/WARN] [mixin/]: Error loading class: net/minecraft/client/renderer/RenderBuffers (java.lang.ClassNotFoundException: net.minecraft.client.renderer.RenderBuffers)
[208月2026 18:49:11.948] [main/WARN] [mixin/]: @Mixin target net.minecraft.client.renderer.RenderBuffers was not found annoyingvillagers.mixins.json:RenderBuffersMixin
[208月2026 18:49:12.032] [main/WARN] [mixin/]: Error loading class: com/simibubi/create/content/contraptions/ContraptionCollider (java.lang.ClassNotFoundException: com.simibubi.create.content.contraptions.ContraptionCollider)
[208月2026 18:49:12.032] [main/WARN] [mixin/]: @Mixin target com.simibubi.create.content.contraptions.ContraptionCollider was not found mixins.ywzj_vehicle.json:create.ContraptionColliderMixin
[208月2026 18:49:12.034] [main/WARN] [mixin/]: Error loading class: com/tacz/guns/util/EntityUtil (java.lang.ClassNotFoundException: com.tacz.guns.util.EntityUtil)
[208月2026 18:49:12.116] [main/WARN] [mixin/]: Error loading class: com/mojang/blaze3d/platform/InputConstants$Key (java.lang.ClassNotFoundException: com.mojang.blaze3d.platform.InputConstants$Key)
[208月2026 18:49:12.126] [main/WARN] [mixin/]: Error loading class: net/minecraft/client/renderer/entity/EntityRendererProvider$Context (java.lang.ClassNotFoundException: net.minecraft.client.renderer.entity.EntityRendererProvider$Context)
[208月2026 18:49:12.140] [main/WARN] [mixin/]: Error loading class: net/minecraft/client/renderer/entity/EntityRendererProvider$Context (java.lang.ClassNotFoundException: net.minecraft.client.renderer.entity.EntityRendererProvider$Context)
[208月2026 18:49:13.329] [main/WARN] [oshi.driver.windows.perfmon.PerfmonDisabled/]: Invalid registry value type detected for PerfOS counters. Should be REG_DWORD. Ignoring: HKEY_LOCAL_MACHINE\SYSTEM\CurrentControlSet\Services\PerfOS\Performance\Disable Performance Counters.
[208月2026 18:49:14.842] [main/INFO] [MixinExtras|Service/]: Initializing MixinExtras via com.llamalad7.mixinextras.service.MixinExtrasServiceImpl(version=0.4.1).
[208月2026 18:49:17.951] [main/WARN] [mixin/]: @Final field f_31427_:[I in mixins.epicfight.json:common.MixinWitherBoss should be final
[208月2026 18:49:17.951] [main/WARN] [mixin/]: @Final field f_31428_:[I in mixins.epicfight.json:common.MixinWitherBoss should be final
[208月2026 18:49:20.712] [main/WARN] [net.minecraft.network.syncher.SynchedEntityData/]: defineId called for: class net.minecraft.world.entity.LivingEntity from class yesman.epicfight.world.capabilities.entitypatch.LivingEntityPatch
[208月2026 18:49:20.714] [main/WARN] [net.minecraft.network.syncher.SynchedEntityData/]: defineId called for: class net.minecraft.world.entity.LivingEntity from class yesman.epicfight.world.capabilities.entitypatch.LivingEntityPatch
[208月2026 18:49:20.714] [main/WARN] [net.minecraft.network.syncher.SynchedEntityData/]: defineId called for: class net.minecraft.world.entity.LivingEntity from class yesman.epicfight.world.capabilities.entitypatch.LivingEntityPatch
[208月2026 18:49:20.714] [main/WARN] [net.minecraft.network.syncher.SynchedEntityData/]: defineId called for: class net.minecraft.world.entity.LivingEntity from class yesman.epicfight.world.capabilities.entitypatch.LivingEntityPatch
[208月2026 18:49:20.714] [main/WARN] [net.minecraft.network.syncher.SynchedEntityData/]: defineId called for: class net.minecraft.world.entity.LivingEntity from class yesman.epicfight.world.capabilities.entitypatch.LivingEntityPatch
[208月2026 18:49:20.714] [main/WARN] [net.minecraft.network.syncher.SynchedEntityData/]: defineId called for: class net.minecraft.world.entity.LivingEntity from class yesman.epicfight.world.capabilities.entitypatch.LivingEntityPatch
[208月2026 18:49:20.716] [main/WARN] [net.minecraft.network.syncher.SynchedEntityData/]: defineId called for: class net.minecraft.world.entity.LivingEntity from class yesman.epicfight.world.capabilities.entitypatch.LivingEntityPatch
[208月2026 18:49:20.716] [main/WARN] [net.minecraft.network.syncher.SynchedEntityData/]: defineId called for: class net.minecraft.world.entity.LivingEntity from class yesman.epicfight.world.capabilities.entitypatch.LivingEntityPatch
[208月2026 18:49:20.717] [main/WARN] [net.minecraft.network.syncher.SynchedEntityData/]: defineId called for: class net.minecraft.world.entity.LivingEntity from class yesman.epicfight.world.capabilities.entitypatch.LivingEntityPatch
[208月2026 18:49:20.717] [main/WARN] [net.minecraft.network.syncher.SynchedEntityData/]: defineId called for: class net.minecraft.world.entity.LivingEntity from class yesman.epicfight.world.capabilities.entitypatch.LivingEntityPatch
[208月2026 18:49:20.718] [main/WARN] [net.minecraft.network.syncher.SynchedEntityData/]: defineId called for: class net.minecraft.world.entity.LivingEntity from class yesman.epicfight.world.capabilities.entitypatch.LivingEntityPatch
[208月2026 18:49:20.719] [main/WARN] [net.minecraft.network.syncher.SynchedEntityData/]: defineId called for: class net.minecraft.world.entity.LivingEntity from class yesman.epicfight.world.capabilities.entitypatch.LivingEntityPatch
[208月2026 18:49:23.016] [modloading-worker-0/INFO] [com.merlin204.avalon.main.AvalonMOD/]: 自动注册实体: SHAKE_WAVE -> shake_wave
[208月2026 18:49:23.020] [modloading-worker-0/INFO] [com.merlin204.avalon.main.AvalonMOD/]: 自动注册实体: VFX -> vfx
[208月2026 18:49:23.021] [modloading-worker-0/INFO] [com.merlin204.avalon.main.AvalonMOD/]: 自动注册实体: ANIMATION_TEXTURE_VFX -> animation_texture_vfx
[208月2026 18:49:23.035] [modloading-worker-0/INFO] [YSM-GEO Compat/]: YSM-GEO Compat: Initialized successfully
[208月2026 18:49:23.037] [modloading-worker-0/INFO] [org.eftlm.stylish.EFTLMStylish/]: EFTLM Stylish Combat loaded!
[208月2026 18:49:23.047] [modloading-worker-0/INFO] [eftlm_stylish/]: [DIAG] ===== EFTLM Stylish environment =====
[208月2026 18:49:23.049] [modloading-worker-0/INFO] [eftlm_stylish/]: [DIAG] ef_tlm version: 1.3.2
[208月2026 18:49:23.050] [modloading-worker-0/INFO] [eftlm_stylish/]: [DIAG] epicfight version: 20.14.17
[208月2026 18:49:23.050] [modloading-worker-0/INFO] [eftlm_stylish/]: [DIAG] touhou_little_maid version: 1.5.3-forge+mc1.20.1
[208月2026 18:49:23.051] [modloading-worker-0/INFO] [eftlm_stylish/]: [DIAG] wom loaded: true version: 2.0.164
[208月2026 18:49:23.052] [modloading-worker-0/INFO] [eftlm_stylish/]: [DIAG] =======================================
[208月2026 18:49:23.212] [modloading-worker-0/INFO] [net.minecraftforge.common.ForgeMod/FORGEMOD]: Forge mod loading, version 47.4.13, for MC 1.20.1 with MCP 20230612.114412
[208月2026 18:49:23.213] [modloading-worker-0/INFO] [org.ywzj.vehicle.YwzjVehicle/VehiclePackFinder]: Start scanning for vehicle packs in E:\program\JAVA\touhou little maid - unknow sky area\prod_server\limitless_vehicle
[208月2026 18:49:23.214] [modloading-worker-0/INFO] [net.minecraftforge.common.MinecraftForge/FORGE]: MinecraftForge v47.4.13 Initialized
[208月2026 18:49:23.269] [modloading-worker-0/INFO] [org.ywzj.vehicle.YwzjVehicle/VehiclePackFinder]: - default_vehicle, Main namespace: ywzj_vehicle
[208月2026 18:49:23.270] [modloading-worker-0/INFO] [org.ywzj.vehicle.YwzjVehicle/VehiclePackFinder]: Found 1 possible vehicle pack(s)
[208月2026 18:49:24.146] [modloading-worker-0/INFO] [dev.architectury.networking.forge.NetworkManagerImpl/]: Registering C2S receiver with id architectury:sync_ids
[208月2026 18:49:24.273] [modloading-worker-0/INFO] [epicfight/]: Loaded mod compat: GeckolibCompat
[208月2026 18:49:24.636] [modloading-worker-0/INFO] [touhou_little_maid/]: common default pack init start...
[208月2026 18:49:28.976] [modloading-worker-0/INFO] [touhou_little_maid/]: common default pack init finished, cost time: 4336.536 ms
[208月2026 18:49:30.955] [main/WARN] [net.minecraft.network.syncher.SynchedEntityData/]: defineId called for: class net.minecraft.world.entity.player.Player from class yesman.epicfight.world.capabilities.entitypatch.player.PlayerPatch
[208月2026 18:49:30.963] [main/WARN] [net.minecraft.network.syncher.SynchedEntityData/]: defineId called for: class net.minecraft.world.entity.TamableAnimal from class reascer.wom.world.entity.mob.EnderHand
[208月2026 18:49:30.963] [main/WARN] [net.minecraft.network.syncher.SynchedEntityData/]: defineId called for: class net.minecraft.world.entity.TamableAnimal from class reascer.wom.world.entity.mob.TargetingHelper
[208月2026 18:49:31.024] [main/WARN] [net.minecraft.network.syncher.SynchedEntityData/]: defineId called for: class net.minecraft.world.entity.boss.wither.WitherBoss from class yesman.epicfight.world.capabilities.entitypatch.boss.WitherPatch
[208月2026 18:49:31.024] [main/WARN] [net.minecraft.network.syncher.SynchedEntityData/]: defineId called for: class net.minecraft.world.entity.boss.wither.WitherBoss from class yesman.epicfight.world.capabilities.entitypatch.boss.WitherPatch
[208月2026 18:49:31.025] [main/WARN] [net.minecraft.network.syncher.SynchedEntityData/]: defineId called for: class net.minecraft.world.entity.boss.wither.WitherBoss from class yesman.epicfight.world.capabilities.entitypatch.boss.WitherPatch
[208月2026 18:49:31.026] [main/WARN] [net.minecraft.network.syncher.SynchedEntityData/]: defineId called for: class net.minecraft.world.entity.boss.wither.WitherBoss from class yesman.epicfight.world.capabilities.entitypatch.boss.WitherPatch
[208月2026 18:49:31.026] [main/WARN] [net.minecraft.network.syncher.SynchedEntityData/]: defineId called for: class net.minecraft.world.entity.boss.wither.WitherBoss from class yesman.epicfight.world.capabilities.entitypatch.boss.WitherPatch
[208月2026 18:49:31.026] [main/WARN] [net.minecraft.network.syncher.SynchedEntityData/]: defineId called for: class net.minecraft.world.entity.boss.wither.WitherBoss from class yesman.epicfight.world.capabilities.entitypatch.boss.WitherPatch
[208月2026 18:49:31.027] [main/WARN] [net.minecraft.network.syncher.SynchedEntityData/]: defineId called for: class net.minecraft.world.entity.boss.wither.WitherBoss from class yesman.epicfight.world.capabilities.entitypatch.boss.WitherPatch
[208月2026 18:49:31.027] [main/WARN] [net.minecraft.network.syncher.SynchedEntityData/]: defineId called for: class net.minecraft.world.entity.boss.wither.WitherBoss from class yesman.epicfight.world.capabilities.entitypatch.boss.WitherPatch
[208月2026 18:49:31.027] [main/WARN] [net.minecraft.network.syncher.SynchedEntityData/]: defineId called for: class net.minecraft.world.entity.boss.wither.WitherBoss from class yesman.epicfight.world.capabilities.entitypatch.boss.WitherPatch
[208月2026 18:49:31.033] [main/WARN] [net.minecraft.network.syncher.SynchedEntityData/]: defineId called for: class com.github.tartaricacid.touhoulittlemaid.entity.passive.EntityMaid from class net.EFTLM.EF.Capability.MaidPatch
[208月2026 18:49:31.416] [main/INFO] [eftlm_stylish/]: [DIAG] MaidSkillBuildEvent registered: stylish_combat (tab=ef_tlm:skills)
[208月2026 18:49:31.427] [Forge Version Check/INFO] [net.minecraftforge.fml.VersionChecker/]: [player_mobs] Starting version check at https://raw.githubusercontent.com/GoryMoon/PlayerMobs/update/versions.json
[208月2026 18:49:31.675] [Forge Version Check/WARN] [net.minecraftforge.fml.VersionChecker/]: Failed to process update information
javax.net.ssl.SSLHandshakeException: PKIX path building failed: sun.security.provider.certpath.SunCertPathBuilderException: unable to find valid certification path to requested target
	at jdk.internal.net.http.HttpClientImpl.send(HttpClientImpl.java:578) ~[java.net.http:?]
	at jdk.internal.net.http.HttpClientFacade.send(HttpClientFacade.java:123) ~[java.net.http:?]
	at net.minecraftforge.fml.VersionChecker$1.openUrlString(VersionChecker.java:142) ~[fmlcore-1.20.1-47.4.13.jar%23132!/:?]
	at net.minecraftforge.fml.VersionChecker$1.process(VersionChecker.java:180) ~[fmlcore-1.20.1-47.4.13.jar%23132!/:?]
	at java.lang.Iterable.forEach(Iterable.java:75) ~[?:?]
	at net.minecraftforge.fml.VersionChecker$1.run(VersionChecker.java:117) ~[fmlcore-1.20.1-47.4.13.jar%23132!/:?]
Caused by: javax.net.ssl.SSLHandshakeException: PKIX path building failed: sun.security.provider.certpath.SunCertPathBuilderException: unable to find valid certification path to requested target
	at sun.security.ssl.Alert.createSSLException(Alert.java:131) ~[?:?]
	at sun.security.ssl.TransportContext.fatal(TransportContext.java:378) ~[?:?]
	at sun.security.ssl.TransportContext.fatal(TransportContext.java:321) ~[?:?]
	at sun.security.ssl.TransportContext.fatal(TransportContext.java:316) ~[?:?]
	at sun.security.ssl.CertificateMessage$T13CertificateConsumer.checkServerCerts(CertificateMessage.java:1351) ~[?:?]
	at sun.security.ssl.CertificateMessage$T13CertificateConsumer.onConsumeCertificate(CertificateMessage.java:1226) ~[?:?]
	at sun.security.ssl.CertificateMessage$T13CertificateConsumer.consume(CertificateMessage.java:1169) ~[?:?]
	at sun.security.ssl.SSLHandshake.consume(SSLHandshake.java:396) ~[?:?]
	at sun.security.ssl.HandshakeContext.dispatch(HandshakeContext.java:480) ~[?:?]
	at sun.security.ssl.SSLEngineImpl$DelegatedTask$DelegatedAction.run(SSLEngineImpl.java:1277) ~[?:?]
	at sun.security.ssl.SSLEngineImpl$DelegatedTask$DelegatedAction.run(SSLEngineImpl.java:1264) ~[?:?]
	at java.security.AccessController.doPrivileged(AccessController.java:712) ~[?:?]
	at sun.security.ssl.SSLEngineImpl$DelegatedTask.run(SSLEngineImpl.java:1209) ~[?:?]
	at java.util.ArrayList.forEach(ArrayList.java:1511) ~[?:?]
	at jdk.internal.net.http.common.SSLFlowDelegate.lambda$executeTasks$3(SSLFlowDelegate.java:1118) ~[java.net.http:?]
	at jdk.internal.net.http.HttpClientImpl$DelegatingExecutor.execute(HttpClientImpl.java:157) ~[java.net.http:?]
	at jdk.internal.net.http.common.SSLFlowDelegate.executeTasks(SSLFlowDelegate.java:1113) ~[java.net.http:?]
	at jdk.internal.net.http.common.SSLFlowDelegate.doHandshake(SSLFlowDelegate.java:1079) ~[java.net.http:?]
	at jdk.internal.net.http.common.SSLFlowDelegate$Reader.processData(SSLFlowDelegate.java:484) ~[java.net.http:?]
	at jdk.internal.net.http.common.SSLFlowDelegate$Reader$ReaderDownstreamPusher.run(SSLFlowDelegate.java:268) ~[java.net.http:?]
	at jdk.internal.net.http.common.SequentialScheduler$LockingRestartableTask.run(SequentialScheduler.java:205) ~[java.net.http:?]
	at jdk.internal.net.http.common.SequentialScheduler$CompleteRestartableTask.run(SequentialScheduler.java:149) ~[java.net.http:?]
	at jdk.internal.net.http.common.SequentialScheduler$TryEndDeferredCompleter.complete(SequentialScheduler.java:347) ~[java.net.http:?]
	at jdk.internal.net.http.common.SequentialScheduler$CompleteRestartableTask.run(SequentialScheduler.java:151) ~[java.net.http:?]
	at jdk.internal.net.http.common.SequentialScheduler$SchedulableTask.run(SequentialScheduler.java:230) ~[java.net.http:?]
	at java.util.concurrent.ThreadPoolExecutor.runWorker(ThreadPoolExecutor.java:1136) ~[?:?]
	at java.util.concurrent.ThreadPoolExecutor$Worker.run(ThreadPoolExecutor.java:635) ~[?:?]
	at java.lang.Thread.run(Thread.java:842) ~[?:?]
Caused by: sun.security.validator.ValidatorException: PKIX path building failed: sun.security.provider.certpath.SunCertPathBuilderException: unable to find valid certification path to requested target
	at sun.security.validator.PKIXValidator.doBuild(PKIXValidator.java:439) ~[?:?]
	at sun.security.validator.PKIXValidator.engineValidate(PKIXValidator.java:306) ~[?:?]
	at sun.security.validator.Validator.validate(Validator.java:264) ~[?:?]
	at sun.security.ssl.X509TrustManagerImpl.checkTrusted(X509TrustManagerImpl.java:285) ~[?:?]
	at sun.security.ssl.X509TrustManagerImpl.checkServerTrusted(X509TrustManagerImpl.java:144) ~[?:?]
	at sun.security.ssl.CertificateMessage$T13CertificateConsumer.checkServerCerts(CertificateMessage.java:1329) ~[?:?]
	at sun.security.ssl.CertificateMessage$T13CertificateConsumer.onConsumeCertificate(CertificateMessage.java:1226) ~[?:?]
	at sun.security.ssl.CertificateMessage$T13CertificateConsumer.consume(CertificateMessage.java:1169) ~[?:?]
	at sun.security.ssl.SSLHandshake.consume(SSLHandshake.java:396) ~[?:?]
	at sun.security.ssl.HandshakeContext.dispatch(HandshakeContext.java:480) ~[?:?]
	at sun.security.ssl.SSLEngineImpl$DelegatedTask$DelegatedAction.run(SSLEngineImpl.java:1277) ~[?:?]
	at sun.security.ssl.SSLEngineImpl$DelegatedTask$DelegatedAction.run(SSLEngineImpl.java:1264) ~[?:?]
	at java.security.AccessController.doPrivileged(AccessController.java:712) ~[?:?]
	at sun.security.ssl.SSLEngineImpl$DelegatedTask.run(SSLEngineImpl.java:1209) ~[?:?]
	at java.util.ArrayList.forEach(ArrayList.java:1511) ~[?:?]
	at jdk.internal.net.http.common.SSLFlowDelegate.lambda$executeTasks$3(SSLFlowDelegate.java:1118) ~[java.net.http:?]
	at jdk.internal.net.http.HttpClientImpl$DelegatingExecutor.execute(HttpClientImpl.java:157) ~[java.net.http:?]
	at jdk.internal.net.http.common.SSLFlowDelegate.executeTasks(SSLFlowDelegate.java:1113) ~[java.net.http:?]
	at jdk.internal.net.http.common.SSLFlowDelegate.doHandshake(SSLFlowDelegate.java:1079) ~[java.net.http:?]
	at jdk.internal.net.http.common.SSLFlowDelegate$Reader.processData(SSLFlowDelegate.java:484) ~[java.net.http:?]
	at jdk.internal.net.http.common.SSLFlowDelegate$Reader$ReaderDownstreamPusher.run(SSLFlowDelegate.java:268) ~[java.net.http:?]
	at jdk.internal.net.http.common.SequentialScheduler$LockingRestartableTask.run(SequentialScheduler.java:205) ~[java.net.http:?]
	at jdk.internal.net.http.common.SequentialScheduler$CompleteRestartableTask.run(SequentialScheduler.java:149) ~[java.net.http:?]
	at jdk.internal.net.http.common.SequentialScheduler$TryEndDeferredCompleter.complete(SequentialScheduler.java:347) ~[java.net.http:?]
	at jdk.internal.net.http.common.SequentialScheduler$CompleteRestartableTask.run(SequentialScheduler.java:151) ~[java.net.http:?]
	at jdk.internal.net.http.common.SequentialScheduler$SchedulableTask.run(SequentialScheduler.java:230) ~[java.net.http:?]
	at java.util.concurrent.ThreadPoolExecutor.runWorker(ThreadPoolExecutor.java:1136) ~[?:?]
	at java.util.concurrent.ThreadPoolExecutor$Worker.run(ThreadPoolExecutor.java:635) ~[?:?]
	at java.lang.Thread.run(Thread.java:842) ~[?:?]
Caused by: sun.security.provider.certpath.SunCertPathBuilderException: unable to find valid certification path to requested target
	at sun.security.provider.certpath.SunCertPathBuilder.build(SunCertPathBuilder.java:148) ~[?:?]
	at sun.security.provider.certpath.SunCertPathBuilder.engineBuild(SunCertPathBuilder.java:129) ~[?:?]
	at java.security.cert.CertPathBuilder.build(CertPathBuilder.java:297) ~[?:?]
	at sun.security.validator.PKIXValidator.doBuild(PKIXValidator.java:434) ~[?:?]
	at sun.security.validator.PKIXValidator.engineValidate(PKIXValidator.java:306) ~[?:?]
	at sun.security.validator.Validator.validate(Validator.java:264) ~[?:?]
	at sun.security.ssl.X509TrustManagerImpl.checkTrusted(X509TrustManagerImpl.java:285) ~[?:?]
	at sun.security.ssl.X509TrustManagerImpl.checkServerTrusted(X509TrustManagerImpl.java:144) ~[?:?]
	at sun.security.ssl.CertificateMessage$T13CertificateConsumer.checkServerCerts(CertificateMessage.java:1329) ~[?:?]
	at sun.security.ssl.CertificateMessage$T13CertificateConsumer.onConsumeCertificate(CertificateMessage.java:1226) ~[?:?]
	at sun.security.ssl.CertificateMessage$T13CertificateConsumer.consume(CertificateMessage.java:1169) ~[?:?]
	at sun.security.ssl.SSLHandshake.consume(SSLHandshake.java:396) ~[?:?]
	at sun.security.ssl.HandshakeContext.dispatch(HandshakeContext.java:480) ~[?:?]
	at sun.security.ssl.SSLEngineImpl$DelegatedTask$DelegatedAction.run(SSLEngineImpl.java:1277) ~[?:?]
	at sun.security.ssl.SSLEngineImpl$DelegatedTask$DelegatedAction.run(SSLEngineImpl.java:1264) ~[?:?]
	at java.security.AccessController.doPrivileged(AccessController.java:712) ~[?:?]
	at sun.security.ssl.SSLEngineImpl$DelegatedTask.run(SSLEngineImpl.java:1209) ~[?:?]
	at java.util.ArrayList.forEach(ArrayList.java:1511) ~[?:?]
	at jdk.internal.net.http.common.SSLFlowDelegate.lambda$executeTasks$3(SSLFlowDelegate.java:1118) ~[java.net.http:?]
	at jdk.internal.net.http.HttpClientImpl$DelegatingExecutor.execute(HttpClientImpl.java:157) ~[java.net.http:?]
	at jdk.internal.net.http.common.SSLFlowDelegate.executeTasks(SSLFlowDelegate.java:1113) ~[java.net.http:?]
	at jdk.internal.net.http.common.SSLFlowDelegate.doHandshake(SSLFlowDelegate.java:1079) ~[java.net.http:?]
	at jdk.internal.net.http.common.SSLFlowDelegate$Reader.processData(SSLFlowDelegate.java:484) ~[java.net.http:?]
	at jdk.internal.net.http.common.SSLFlowDelegate$Reader$ReaderDownstreamPusher.run(SSLFlowDelegate.java:268) ~[java.net.http:?]
	at jdk.internal.net.http.common.SequentialScheduler$LockingRestartableTask.run(SequentialScheduler.java:205) ~[java.net.http:?]
	at jdk.internal.net.http.common.SequentialScheduler$CompleteRestartableTask.run(SequentialScheduler.java:149) ~[java.net.http:?]
	at jdk.internal.net.http.common.SequentialScheduler$TryEndDeferredCompleter.complete(SequentialScheduler.java:347) ~[java.net.http:?]
	at jdk.internal.net.http.common.SequentialScheduler$CompleteRestartableTask.run(SequentialScheduler.java:151) ~[java.net.http:?]
	at jdk.internal.net.http.common.SequentialScheduler$SchedulableTask.run(SequentialScheduler.java:230) ~[java.net.http:?]
	at java.util.concurrent.ThreadPoolExecutor.runWorker(ThreadPoolExecutor.java:1136) ~[?:?]
	at java.util.concurrent.ThreadPoolExecutor$Worker.run(ThreadPoolExecutor.java:635) ~[?:?]
	at java.lang.Thread.run(Thread.java:842) ~[?:?]
[208月2026 18:49:31.678] [Forge Version Check/INFO] [net.minecraftforge.fml.VersionChecker/]: [forge] Starting version check at https://files.minecraftforge.net/net/minecraftforge/forge/promotions_slim.json
[208月2026 18:49:33.026] [main/INFO] [epicfight/]: Data keys [invincible:dodge_success_timer, invincible:parry_timer, invincible:down, invincible:cooldown, invincible:left, invincible:up, invincible:right] for invincible:combo_demo
[208月2026 18:49:33.029] [main/INFO] [epicfight/]: Data keys [epicfight:basic_attack_active, epicfight:combo_counter] for epicfight:basic_attack
[208月2026 18:49:33.030] [main/INFO] [epicfight/]: Data keys [epicfight:penalty_restore_counter, epicfight:penalty] for epicfight:guard
[208月2026 18:49:33.041] [main/INFO] [epicfight/]: Data keys [epicfight:penalty_restore_counter, epicfight:penalty, epicfight:parry_motion_counter, epicfight:last_active] for epicfight:parrying
[208月2026 18:49:33.044] [main/INFO] [epicfight/]: Data keys [epicfight:penalty, epicfight:penalty_restore_counter] for epicfight:impact_guard
[208月2026 18:49:33.046] [main/INFO] [epicfight/]: Data keys [epicfight:stacks, epicfight:tick_record, epicfight:resisting_damage_type] for epicfight:adaptive_skin
[208月2026 18:49:33.047] [main/INFO] [epicfight/]: Data keys [epicfight:tick_record] for epicfight:adrenaline_fiend
[208月2026 18:49:33.047] [main/INFO] [epicfight/]: Data keys [epicfight:stacks, epicfight:entity_id] for epicfight:bonebreaker
[208月2026 18:49:33.053] [main/INFO] [epicfight/]: Data keys [epicfight:tick_record, epicfight:entity_id] for epicfight:vengeance
[208月2026 18:49:33.054] [main/INFO] [epicfight/]: Data keys [epicfight:slam_protect_next_fall, epicfight:fall_distance] for epicfight:meteor_slam
[208月2026 18:49:33.057] [main/INFO] [epicfight/]: Data keys [epicfight:stacks] for epicfight:revelation
[208月2026 18:49:33.057] [main/INFO] [epicfight/]: Data keys [epicfight:slam_protect_next_fall] for epicfight:demolition_leap
[208月2026 18:49:33.059] [main/INFO] [epicfight/]: Data keys [epicfight:slam_protect_next_fall, epicfight:jump_key_pressed_last_tick, epicfight:jump_count] for epicfight:phantom_ascent
[208月2026 18:49:33.060] [main/INFO] [epicfight/]: Data keys [epicfight:last_hit_count] for epicfight:grasping_spire
[208月2026 18:49:33.064] [main/INFO] [epicfight/]: Data keys [epicfight:sheath] for epicfight:battojutsu_passive
[208月2026 18:49:33.065] [main/INFO] [epicfight/]: Data keys [epicfight:sheath] for epicfight:battojutsu
[208月2026 18:49:33.066] [main/INFO] [epicfight/]: Data keys [epicfight:combo_counter] for epicfight:blade_rush
[208月2026 18:49:33.067] [main/INFO] [epicfight/]: Data keys [epicfight:thrown_trident_entity_id] for epicfight:everlasting_allegiance
[208月2026 18:49:33.068] [main/INFO] [epicfight/]: Data keys [wom:target_id] for wom:ender_obscuris
[208月2026 18:49:33.070] [main/INFO] [epicfight/]: Data keys [wom:dodge, wom:timer_refresh, wom:timer] for wom:dodge_master
[208月2026 18:49:33.071] [main/INFO] [epicfight/]: Data keys [wom:cooldown, wom:dodge, wom:registered_position, wom:timer_refresh, wom:active, wom:registered_health, wom:timer] for wom:time_travel
[208月2026 18:49:33.073] [main/INFO] [epicfight/]: Data keys [wom:cooldown] for wom:punishment_kick
[208月2026 18:49:33.074] [main/INFO] [epicfight/]: Data keys [wom:last_active, epicfight:penalty_restore_counter, epicfight:penalty, wom:consumprion_value, wom:holding_rmb, wom:parrying] for wom:counter_attack
[208月2026 18:49:33.074] [main/INFO] [epicfight/]: Data keys [wom:charge, wom:cooldown, epicfight:penalty_restore_counter, epicfight:penalty, wom:consumprion_value, wom:vengence_duration, wom:holding_stance, wom:timer_refresh, wom:timer] for wom:vengeful_parry
[208月2026 18:49:33.078] [main/INFO] [epicfight/]: Data keys [wom:charge, wom:cooldown, epicfight:penalty_restore_counter, epicfight:penalty, wom:holding_rmb, wom:parrying] for wom:perfect_bulwark
[208月2026 18:49:33.080] [main/INFO] [epicfight/]: Data keys [wom:charge, wom:cycle] for wom:soul_protection
[208月2026 18:49:33.082] [main/INFO] [epicfight/]: Data keys [wom:charge, wom:cycle] for wom:shulker_cloak
[208月2026 18:49:33.083] [main/INFO] [epicfight/]: Data keys [epicfight:penalty_restore_counter, epicfight:penalty, wom:holding_rmb, wom:active, wom:timer] for wom:buster_parade
[208月2026 18:49:33.087] [main/INFO] [epicfight/]: Data keys [wom:duree, wom:timer_refresh, wom:active, wom:timer] for wom:pain_anticipation
[208月2026 18:49:33.087] [main/INFO] [epicfight/]: Data keys [wom:duree, wom:timer_refresh, wom:active, wom:timer] for wom:latent_retribution
[208月2026 18:49:33.090] [main/INFO] [epicfight/]: Data keys [wom:rate, wom:power] for wom:critical_knowledge
[208月2026 18:49:33.093] [main/INFO] [epicfight/]: Data keys [wom:recovery_rate, wom:cooldown, wom:max_shield] for wom:heart_shield
[208月2026 18:49:33.097] [main/INFO] [epicfight/]: Data keys [wom:melody_index, wom:saved_elapsed_time, wom:step] for wom:dancing_blade
[208月2026 18:49:33.100] [main/INFO] [epicfight/]: Data keys [wom:duree, wom:timer_refresh, wom:active, wom:timer, wom:cycle, wom:stage] for wom:meditation
[208月2026 18:49:33.101] [main/INFO] [epicfight/]: Data keys [wom:cooldown] for wom:dopamine
[208月2026 18:49:33.101] [main/INFO] [epicfight/]: Data keys [wom:last_active] for wom:manipulator
[208月2026 18:49:33.101] [main/INFO] [epicfight/]: Data keys [wom:rate, wom:stack, wom:timer, wom:power] for wom:lethal_focus
[208月2026 18:49:33.103] [main/INFO] [epicfight/]: Data keys [wom:wall_running, wom:jump_key_up, wom:angle, wom:wall_glide, wom:timer_refresh, wom:timer] for wom:spider_techniques
[208月2026 18:49:33.103] [main/INFO] [epicfight/]: Data keys [wom:water_dashing, wom:cooldown, wom:consumprion_value, wom:crawling, wom:diving, wom:jump_key_up, wom:mermaid_movement] for wom:aqua_maneuvre
[208月2026 18:49:33.104] [main/INFO] [epicfight/]: Data keys [wom:consumprion_value, wom:wall_running, wom:wall_glide, wom:active, wom:timer, wom:buffing, wom:verso, wom:stage] for wom:natural_sprinter
[208月2026 18:49:33.108] [main/INFO] [epicfight/]: Data keys [wom:timer] for wom:lunatic_vivacity
[208月2026 18:49:33.110] [main/INFO] [epicfight/]: Data keys [wom:consumprion_value, wom:registered_health, wom:timer] for wom:voodoo_magic
[208月2026 18:49:33.124] [main/INFO] [epicfight/]: Data keys [wom:target_distance, wom:target_id] for wom:back_and_forth
[208月2026 18:49:33.130] [main/INFO] [epicfight/]: Data keys [wom:cooldown, wom:combo] for wom:shooting_style
[208月2026 18:49:33.138] [main/INFO] [epicfight/]: Data keys [wom:active, wom:timer] for wom:proximity_exploiter
[208月2026 18:49:33.142] [main/INFO] [epicfight/]: Data keys [wom:stack, wom:timer] for wom:all_eyes_on_you
[208月2026 18:49:33.144] [main/INFO] [epicfight/]: Data keys [wom:stack, wom:timer] for wom:all_eyes_on_me
[208月2026 18:49:33.150] [main/INFO] [epicfight/]: Data keys [wom:cooldown, wom:timer] for wom:avatar_of_might
[208月2026 18:49:33.154] [main/INFO] [epicfight/]: Data keys [wom:active, wom:stack, wom:attacks] for wom:agony_plunge
[208月2026 18:49:33.154] [main/INFO] [epicfight/]: Data keys [wom:movespeed, wom:charging, wom:holding_rmb, wom:charging_time, wom:timer_refresh, wom:active, wom:saved_charge, wom:charged_attack, wom:timer, wom:charged] for wom:torment_passive
[208月2026 18:49:33.154] [main/INFO] [epicfight/]: Data keys [wom:timer_refresh, wom:active, wom:timer] for wom:true_berserk
[208月2026 18:49:33.156] [main/INFO] [epicfight/]: Data keys [wom:stack] for wom:herrscher_passive
[208月2026 18:49:33.158] [main/INFO] [epicfight/]: Data keys [wom:redemptioon, wom:strenght, wom:timer_refresh, wom:timer, wom:buffing, wom:expiation, wom:buffed, wom:verso] for wom:plunder_perdition
[208月2026 18:49:33.159] [main/INFO] [epicfight/]: Data keys [wom:sheath] for wom:satsujin_passive
[208月2026 18:49:33.162] [main/INFO] [epicfight/]: Data keys [wom:second_draw, wom:timedslash, wom:timer_refresh, wom:active, wom:timer, wom:frequency, wom:charge, wom:cooldown, wom:charging, wom:holding_rmb, wom:holding_stance, wom:stack, wom:attacks, wom:damage, wom:saved_charge] for wom:sakura_state
[208月2026 18:49:33.164] [main/INFO] [epicfight/]: Data keys [wom:cooldown, wom:nofalldamage, wom:holding_rmb, wom:using_item, wom:reload_cooldown, wom:zoom, wom:zoom_cooldown, wom:combo, wom:shoot] for wom:ender_blast
[208月2026 18:49:33.165] [main/INFO] [epicfight/]: Data keys [wom:cooldown, wom:nofalldamage, wom:holding_rmb, wom:using_item, wom:reload_cooldown, wom:zoom, wom:zoom_cooldown, wom:combo, wom:side, wom:shoot] for wom:ender_fusion
[208月2026 18:49:33.166] [main/INFO] [epicfight/]: Data keys [wom:guard_point_result, wom:gesetz_sprengkopf, wom:cooldown, wom:holding_rmb, wom:holding_stance, wom:guard_point, wom:charging_time, wom:combo, wom:charged, wom:parrying] for wom:regierung
[208月2026 18:49:33.166] [main/INFO] [epicfight/]: Data keys [wom:lunar_eclipse_stack, wom:crescent, wom:timer_refresh, wom:timer, wom:echo] for wom:lunar_eclipse
[208月2026 18:49:33.167] [main/INFO] [epicfight/]: Data keys [wom:idle, wom:verso] for wom:lunar_echo_passive
[208月2026 18:49:33.169] [main/INFO] [epicfight/]: Data keys [wom:serius_focus, wom:ascending, wom:darkness_target_reaped, wom:darkness_portal_timer, wom:shoot, wom:darkness_target, wom:darkness_target_hited, wom:serius_focus_cooldown, wom:blackhole, wom:witherccatharsis, wom:blackhole_vec, wom:zoom, wom:zoom_cooldown, wom:blackhole_timer, wom:witheraftereffect, wom:blackhole_active, wom:timer_refresh, wom:active, wom:timer, wom:darkness_target_vec, wom:darkness_portal_angle, wom:darkness_portal_vec, wom:holding_rmb, wom:shoot_cooldown, wom:darkness_activate_portal] for wom:demonic_ascension
[208月2026 18:49:33.171] [main/INFO] [epicfight/]: Data keys [wom:blink, wom:catharsis, wom:particle, wom:lapse, wom:withercurse, wom:idle, wom:basic_attack] for wom:demon_mark_passive
[208月2026 18:49:33.173] [main/INFO] [epicfight/]: Data keys [wom:timed_attack, wom:stored_heat_level, wom:particle, wom:solar_obscuridad_ta_timer, wom:timer_refresh, wom:timer, wom:solar_infernio, wom:cycle, wom:heating_speed, wom:charge, wom:charging, wom:holding_rmb, wom:heat_level, wom:solar_obscuridad, wom:solar_crematorio] for wom:solar_arcano
[208月2026 18:49:33.188] [main/INFO] [epicfight/]: Data keys [wom:timed_attack, wom:stored_heat_level, wom:particle, wom:solar_obscuridad_ta_timer, wom:timer_refresh, wom:timer, wom:solar_infernio, wom:cycle, wom:heating_speed, wom:charge, wom:charging, wom:heat_level, wom:solar_obscuridad, wom:solar_crematorio] for wom:solar_passive
[208月2026 18:49:33.191] [main/INFO] [epicfight/]: Data keys [wom:serius_focus, wom:serius_focus_cooldown] for wom:rechargement
[208月2026 18:49:33.192] [main/INFO] [epicfight/]: Data keys [wom:charge, wom:bullet_loaded, wom:shell_anim, wom:super_reload, wom:shell_number, wom:bullet_overloaded, wom:active, wom:cycle, wom:bullet_loaded_old, wom:charged, wom:shell_delay] for wom:napoleon_passive
[208月2026 18:49:33.192] [main/INFO] [epicfight/]: Data keys [efn:scythe_sheath, efn:scythe_blood_power] for efn:scythe_skill
[208月2026 18:49:33.192] [main/INFO] [epicfight/]: Data keys [efn:thornwheel_loop, efn:press_innate, efn:thornwheel_loop_available] for efn:thornwheel
[208月2026 18:49:33.194] [main/INFO] [epicfight/]: Data keys [efn:jump_count, efn:jump_key_pressed_last_tick, efn:murasama_forward_dodge] for efn:murasama_dodge
[208月2026 18:49:33.194] [main/INFO] [epicfight/]: Data keys [efn:current_puncture_chance, efn:base_puncture_chance, efn:max_puncture_chance, efn:puncture_increment] for efn:parry_master
[208月2026 18:49:33.194] [main/INFO] [epicfight/]: Data keys [efn:buff_active, efn:defense_start_tick, efn:buff_end_tick] for efn:precise_parry
[208月2026 18:49:33.197] [main/INFO] [epicfight/]: Data keys [efn:cooldown, efn:cooldown_2, efn:cooldown_1] for efn:judgementcutend
[208月2026 18:49:33.199] [main/INFO] [epicfight/]: Data keys [efn:cooldown, efn:cooldown_2, efn:cooldown_1] for efn:stomp
[208月2026 18:49:33.199] [main/INFO] [epicfight/]: Data keys [efn:murasama_zansetsu_input_mode, efn:murasama_left_mouse_pressed, efn:murasama_pair_flag, efn:murasama_opposite_triggered, efn:murasama_zansetsu_start_time, efn:murasama_zansetsu_active, efn:murasama_zansetsu_end_time, efn:murasama_zansetsu_slash_release, efn:murasama_last_triggered_sector, efn:murasama_input_mode_switch_pressed, efn:arts_key_pressed, efn:murasama_zansetsu_sector, efn:arts_key, efn:murasama_key_right_down, efn:murasama_zandatsu_end_time, efn:murasama_zansetsu_attack_counter, efn:murasama_zandatsu_start_time, efn:murasama_zandatsu_available, efn:murasama_key_left_down, efn:murasama_zansetsu_timer] for efn:zansetsu
[208月2026 18:49:33.199] [main/INFO] [epicfight/]: Data keys [efn:cooldown, efn:cooldown_2, efn:cooldown_1] for efn:execution
[208月2026 18:49:33.201] [main/INFO] [epicfight/]: Data keys [efn:efn_starting_parry, efn:efn_last_parry_time, efn:efn_shake_detected, epicfight:penalty_restore_counter, epicfight:penalty, efn:efn_last_active, efn:efn_delay_protection_end, efn:efn_shake_penalty_count, efn:efn_last_guard_start_tick, efn:efn_last_successful_defense_tick, efn:efn_parry_motion_counter, efn:efn_first_shake] for efn:efn_parry
[208月2026 18:49:33.203] [main/INFO] [epicfight/]: Data keys [efn:efn_starting_parry, efn:efn_last_parry_time, efn:efn_shake_detected, epicfight:penalty_restore_counter, epicfight:penalty, efn:efn_last_active, efn:efn_delay_protection_end, efn:efn_shake_penalty_count, efn:efn_last_guard_start_tick, efn:efn_last_successful_defense_tick, efn:efn_parry_motion_counter, efn:efn_first_shake] for efn:murasama_parry
[208月2026 18:49:33.203] [main/INFO] [epicfight/]: Data keys [efn:arts_key_pressed, efn:cooldown, efn:arts_input_buffer, efn:arts_key, efn:cooldown_2, efn:sekiro_art_index, efn:cooldown_1] for efn:mortal_blade
[208月2026 18:49:33.206] [main/INFO] [epicfight/]: Data keys [efn:doppelganger_style, efn:pressing_key4, efn:key3_press_timer, efn:key4_press_timer, efn:was_long_pressed, efn:jump_key, efn:cooldown, efn:key1_press_timer, efn:pressing_key1, efn:have_doppelganger, efn:doppelganger_tick, invincible:left, invincible:dodge_success_timer, efn:cooldown_2, efn:press_summon_sword, efn:force_release, efn:charge_stage, efn:sprint_key, efn:is_charging, efn:press_innate, efn:press_key4, efn:pressing_key2, efn:charge_power, efn:full_charge_message, efn:charge_message, efn:pressing_innate, efn:press_key3, invincible:parry_timer, efn:sneak_key, efn:is_pressing, efn:charge_ticks, efn:energy_check, efn:press_key1, efn:down_key, invincible:down, efn:up_key, efn:press_key2, efn:doppelganger_delay, invincible:right, efn:arts_key_pressed, efn:arts_key, efn:pressing_key3, efn:demon_key, efn:innate_press_timer, efn:guard_key, efn:angel_key, efn:key2_press_timer, efn:press_doppelganger, invincible:cooldown, efn:cooldown_1, invincible:up, efn:combo_counter] for efn:yamato
[208月2026 18:49:33.209] [main/INFO] [epicfight/]: Data keys [efn:doppelganger_style, efn:stun_cooldown, efn:have_doppelganger, efn:parry_cooldown, efn:doppelganger_tick, efn:doppelganger_delay] for efn:yamato_passive
[208月2026 18:49:33.210] [main/INFO] [epicfight/]: Data keys [efn:pressing_key4, efn:key3_press_timer, efn:key4_press_timer, efn:was_long_pressed, efn:jump_key, efn:cooldown, efn:key1_press_timer, efn:pressing_key1, invincible:left, efn:damage_history, invincible:dodge_success_timer, efn:replay_enhanced, efn:cooldown_2, efn:press_summon_sword, efn:force_release, efn:charge_stage, efn:sprint_key, efn:is_charging, efn:press_innate, efn:press_key4, efn:pressing_key2, efn:charge_power, efn:is_replay_damage, efn:full_charge_message, efn:charge_message, efn:pressing_innate, efn:press_key3, invincible:parry_timer, efn:sneak_key, efn:is_pressing, efn:charge_ticks, efn:energy_check, efn:press_key1, efn:down_key, invincible:down, efn:up_key, efn:press_key2, invincible:right, efn:arts_key_pressed, efn:arts_key, efn:pressing_key3, efn:demon_key, efn:innate_press_timer, efn:guard_key, efn:angel_key, efn:key2_press_timer, invincible:cooldown, efn:cooldown_1, invincible:up, efn:combo_counter] for efn:shortsword
[208月2026 18:49:33.211] [main/INFO] [epicfight/]: Data keys [efn:press_key4, efn:pressing_key4, efn:key3_press_timer, efn:pressing_key2, efn:charge_power, efn:full_charge_message, efn:charge_message, efn:pressing_innate, efn:key4_press_timer, efn:was_long_pressed, efn:jump_key, efn:press_key3, efn:cooldown, efn:key1_press_timer, efn:pressing_key1, invincible:parry_timer, efn:sneak_key, efn:is_pressing, efn:charge_ticks, invincible:left, efn:energy_check, invincible:dodge_success_timer, efn:press_key1, efn:down_key, efn:cooldown_2, invincible:down, efn:up_key, efn:press_key2, efn:press_summon_sword, invincible:right, efn:arts_key_pressed, efn:force_release, efn:arts_key, efn:pressing_key3, efn:demon_key, efn:innate_press_timer, efn:guard_key, efn:charge_stage, efn:angel_key, efn:key2_press_timer, invincible:cooldown, efn:sprint_key, efn:cooldown_1, efn:is_charging, invincible:up, efn:press_innate, efn:combo_counter] for efn:ruinsgreatsword
[208月2026 18:49:33.212] [main/INFO] [epicfight/]: Data keys [efn:press_key4, efn:pressing_key4, efn:key3_press_timer, efn:pressing_key2, efn:charge_power, efn:full_charge_message, efn:charge_message, efn:pressing_innate, efn:key4_press_timer, efn:was_long_pressed, efn:jump_key, efn:press_key3, efn:cooldown, efn:key1_press_timer, efn:pressing_key1, invincible:parry_timer, efn:sneak_key, efn:is_pressing, efn:charge_ticks, invincible:left, efn:energy_check, invincible:dodge_success_timer, efn:press_key1, efn:down_key, efn:cooldown_2, invincible:down, efn:up_key, efn:press_key2, efn:press_summon_sword, invincible:right, efn:arts_key_pressed, efn:force_release, efn:arts_key, efn:pressing_key3, efn:demon_key, efn:innate_press_timer, efn:guard_key, efn:charge_stage, efn:angel_key, efn:key2_press_timer, invincible:cooldown, efn:sprint_key, efn:cooldown_1, efn:is_charging, invincible:up, efn:press_innate, efn:combo_counter] for efn:pioneer
[208月2026 18:49:33.213] [main/INFO] [epicfight/]: Data keys [efn:pressing_key4, efn:key3_press_timer, efn:murasama_sheath, efn:murasama_zansetsu_active, efn:murasama_last_triggered_sector, efn:key4_press_timer, efn:was_long_pressed, efn:jump_key, efn:murasama_input_mode_switch_pressed, efn:cooldown, efn:key1_press_timer, efn:pressing_key1, efn:murasama_zandatsu_end_time, efn:sprint_sheath_timer, efn:murasama_sheath_timer, invincible:left, efn:murasama_pair_flag, invincible:dodge_success_timer, efn:murasama_zansetsu_end_time, efn:cooldown_2, efn:murasama_zansetsu_slash_release, efn:murasama_forward_dodge, efn:press_summon_sword, efn:force_release, efn:charge_stage, efn:sprint_key, efn:manual_unsheath, efn:is_charging, efn:press_innate, efn:press_key4, efn:pressing_key2, efn:charge_power, efn:full_charge_message, efn:charge_message, efn:pressing_innate, efn:press_key3, invincible:parry_timer, efn:sneak_key, efn:murasama_zansetsu_attack_counter, efn:is_pressing, efn:murasama_key_left_down, efn:murasama_zansetsu_timer, efn:charge_ticks, efn:murasama_air_borne, efn:murasama_zansetsu_input_mode, efn:murasama_left_mouse_pressed, efn:energy_check, efn:murasama_opposite_triggered, efn:murasama_zansetsu_start_time, efn:press_key1, efn:down_key, invincible:down, efn:up_key, efn:press_key2, invincible:right, efn:murasama_zansetsu_sector, efn:arts_key_pressed, efn:murasama_key_right_down, efn:arts_key, efn:pressing_key3, efn:demon_key, efn:innate_press_timer, efn:guard_key, efn:murasama_zandatsu_start_time, efn:murasama_zandatsu_available, efn:angel_key, efn:key2_press_timer, invincible:cooldown, efn:cooldown_1, invincible:up, efn:combo_counter] for efn:murasama
[208月2026 18:49:33.213] [main/INFO] [epicfight/]: Data keys [efn:forward_backward_end_tick, efn:murasama_sheath, efn:murasama_zansetsu_active, efn:backward_pressed_last_tick, efn:murasama_last_triggered_sector, efn:double_tap_timer, efn:murasama_input_mode_switch_pressed, efn:murasama_zandatsu_end_time, efn:sprint_sheath_timer, efn:murasama_sheath_timer, efn:murasama_zansetsu_attack_counter, efn:forward_backward_remaining_ticks, efn:murasama_key_left_down, efn:forward_pressed_last_tick, efn:murasama_zansetsu_timer, efn:forward_backward_window_active, efn:murasama_zansetsu_input_mode, efn:murasama_left_mouse_pressed, efn:murasama_pair_flag, efn:murasama_opposite_triggered, efn:murasama_zansetsu_start_time, efn:jump_key_pressed_last_tick, efn:murasama_zansetsu_end_time, efn:is_double_tap_sprint, efn:murasama_zansetsu_slash_release, efn:murasama_forward_dodge, efn:was_double_tap_sprint, efn:murasama_zansetsu_sector, efn:up_key_pressed_last_tick, efn:murasama_key_right_down, efn:jump_count, efn:murasama_zandatsu_start_time, efn:murasama_zandatsu_available, efn:forward_backward_timer, efn:manual_unsheath, efn:forward_backward_success] for efn:murasama_passive
[208月2026 18:49:33.216] [main/INFO] [epicfight/]: Data keys [efn:press_key4, efn:pressing_key4, efn:key3_press_timer, efn:pressing_key2, efn:charge_power, efn:full_charge_message, efn:charge_message, efn:pressing_innate, efn:key4_press_timer, efn:was_long_pressed, efn:jump_key, efn:press_key3, efn:cooldown, efn:key1_press_timer, efn:pressing_key1, invincible:parry_timer, efn:sneak_key, efn:is_pressing, efn:charge_ticks, invincible:left, efn:energy_check, invincible:dodge_success_timer, efn:press_key1, efn:down_key, efn:cooldown_2, invincible:down, efn:up_key, efn:press_key2, efn:press_summon_sword, invincible:right, efn:arts_key_pressed, efn:force_release, efn:arts_key, efn:pressing_key3, efn:demon_key, efn:innate_press_timer, efn:guard_key, efn:charge_stage, efn:angel_key, efn:key2_press_timer, invincible:cooldown, efn:sprint_key, efn:cooldown_1, efn:is_charging, invincible:up, efn:press_innate, efn:combo_counter] for efn:meenlance
[208月2026 18:49:33.219] [main/INFO] [epicfight/]: Data keys [efn:press_key4, efn:pressing_key4, efn:key3_press_timer, efn:pressing_key2, efn:charge_power, efn:full_charge_message, efn:charge_message, efn:pressing_innate, efn:key4_press_timer, efn:was_long_pressed, efn:jump_key, efn:press_key3, efn:cooldown, efn:key1_press_timer, efn:pressing_key1, invincible:parry_timer, efn:sneak_key, efn:is_pressing, efn:charge_ticks, invincible:left, efn:energy_check, invincible:dodge_success_timer, efn:press_key1, efn:down_key, efn:cooldown_2, invincible:down, efn:up_key, efn:press_key2, efn:press_summon_sword, invincible:right, efn:arts_key_pressed, efn:force_release, efn:arts_key, efn:pressing_key3, efn:demon_key, efn:innate_press_timer, efn:guard_key, efn:charge_stage, efn:angel_key, efn:key2_press_timer, invincible:cooldown, efn:sprint_key, efn:cooldown_1, efn:is_charging, invincible:up, efn:press_innate, efn:combo_counter] for efn:kusabimaru
[208月2026 18:49:33.220] [main/INFO] [epicfight/]: Data keys [efn:pressing_key4, efn:key3_press_timer, efn:murasama_sheath, efn:murasama_zansetsu_active, efn:murasama_last_triggered_sector, efn:key4_press_timer, efn:was_long_pressed, efn:jump_key, efn:murasama_input_mode_switch_pressed, efn:cooldown, efn:key1_press_timer, efn:pressing_key1, efn:murasama_zandatsu_end_time, efn:sprint_sheath_timer, efn:murasama_sheath_timer, invincible:left, efn:murasama_pair_flag, invincible:dodge_success_timer, efn:murasama_zansetsu_end_time, efn:cooldown_2, efn:murasama_zansetsu_slash_release, efn:murasama_forward_dodge, efn:press_summon_sword, efn:force_release, efn:charge_stage, efn:sprint_key, efn:manual_unsheath, efn:is_charging, efn:press_innate, efn:press_key4, efn:pressing_key2, efn:charge_power, efn:full_charge_message, efn:charge_message, efn:pressing_innate, efn:press_key3, invincible:parry_timer, efn:sneak_key, efn:murasama_zansetsu_attack_counter, efn:is_pressing, efn:murasama_key_left_down, efn:murasama_zansetsu_timer, efn:charge_ticks, efn:murasama_air_borne, efn:murasama_zansetsu_input_mode, efn:murasama_left_mouse_pressed, efn:energy_check, efn:murasama_opposite_triggered, efn:murasama_zansetsu_start_time, efn:press_key1, efn:down_key, invincible:down, efn:up_key, efn:press_key2, invincible:right, efn:murasama_zansetsu_sector, efn:arts_key_pressed, efn:murasama_key_right_down, efn:arts_key, efn:pressing_key3, efn:demon_key, efn:innate_press_timer, efn:guard_key, efn:murasama_zandatsu_start_time, efn:murasama_zandatsu_available, efn:angel_key, efn:key2_press_timer, invincible:cooldown, efn:cooldown_1, invincible:up, efn:combo_counter] for efn:hf_blade
[208月2026 18:49:33.221] [main/INFO] [epicfight/]: Data keys [efn:forward_backward_end_tick, efn:murasama_sheath, efn:murasama_zansetsu_active, efn:backward_pressed_last_tick, efn:murasama_last_triggered_sector, efn:double_tap_timer, efn:murasama_input_mode_switch_pressed, efn:murasama_zandatsu_end_time, efn:sprint_sheath_timer, efn:murasama_sheath_timer, efn:murasama_zansetsu_attack_counter, efn:forward_backward_remaining_ticks, efn:murasama_key_left_down, efn:forward_pressed_last_tick, efn:murasama_zansetsu_timer, efn:forward_backward_window_active, efn:murasama_zansetsu_input_mode, efn:murasama_left_mouse_pressed, efn:murasama_pair_flag, efn:murasama_opposite_triggered, efn:murasama_zansetsu_start_time, efn:jump_key_pressed_last_tick, efn:murasama_zansetsu_end_time, efn:is_double_tap_sprint, efn:murasama_zansetsu_slash_release, efn:murasama_forward_dodge, efn:was_double_tap_sprint, efn:murasama_zansetsu_sector, efn:up_key_pressed_last_tick, efn:murasama_key_right_down, efn:jump_count, efn:murasama_zandatsu_start_time, efn:murasama_zandatsu_available, efn:forward_backward_timer, efn:manual_unsheath, efn:forward_backward_success] for efn:hf_blade_passive
[208月2026 18:49:33.224] [main/INFO] [epicfight/]: Data keys [efn:press_key4, efn:pressing_key4, efn:key3_press_timer, efn:pressing_key2, efn:charge_power, efn:full_charge_message, efn:charge_message, efn:pressing_innate, efn:key4_press_timer, efn:was_long_pressed, efn:jump_key, efn:press_key3, efn:cooldown, efn:key1_press_timer, efn:pressing_key1, invincible:parry_timer, efn:sneak_key, efn:is_pressing, efn:charge_ticks, invincible:left, efn:energy_check, invincible:dodge_success_timer, efn:press_key1, efn:down_key, efn:cooldown_2, invincible:down, efn:up_key, efn:press_key2, efn:press_summon_sword, invincible:right, efn:arts_key_pressed, efn:force_release, efn:arts_key, efn:pressing_key3, efn:demon_key, efn:innate_press_timer, efn:guard_key, efn:charge_stage, efn:angel_key, efn:key2_press_timer, invincible:cooldown, efn:sprint_key, efn:cooldown_1, efn:is_charging, invincible:up, efn:press_innate, efn:combo_counter] for efn:exsiliumgladius
[208月2026 18:49:33.226] [main/INFO] [epicfight/]: Data keys [invincible:dodge_success_timer, invincible:parry_timer, invincible:down, invincible:cooldown, invincible:left, invincible:up, invincible:right] for efn:examplecombo
[208月2026 18:49:33.227] [main/INFO] [epicfight/]: Data keys [efn:press_key4, efn:pressing_key4, efn:key3_press_timer, efn:pressing_key2, efn:charge_power, efn:full_charge_message, efn:charge_message, efn:pressing_innate, efn:key4_press_timer, efn:was_long_pressed, efn:jump_key, efn:press_key3, efn:cooldown, efn:key1_press_timer, efn:pressing_key1, invincible:parry_timer, efn:sneak_key, efn:is_pressing, efn:charge_ticks, invincible:left, efn:energy_check, invincible:dodge_success_timer, efn:press_key1, efn:down_key, efn:cooldown_2, invincible:down, efn:up_key, efn:press_key2, efn:press_summon_sword, invincible:right, efn:arts_key_pressed, efn:force_release, efn:arts_key, efn:pressing_key3, efn:demon_key, efn:innate_press_timer, efn:guard_key, efn:charge_stage, efn:angel_key, efn:key2_press_timer, invincible:cooldown, efn:sprint_key, efn:cooldown_1, efn:is_charging, invincible:up, efn:press_innate, efn:combo_counter] for efn:crescentmoon
[208月2026 18:49:33.228] [main/INFO] [epicfight/]: Data keys [efn:press_key4, efn:pressing_key4, efn:key3_press_timer, efn:pressing_key2, efn:charge_power, efn:full_charge_message, efn:charge_message, efn:pressing_innate, efn:key4_press_timer, efn:was_long_pressed, efn:jump_key, efn:press_key3, efn:cooldown, efn:key1_press_timer, efn:pressing_key1, invincible:parry_timer, efn:sneak_key, efn:is_pressing, efn:charge_ticks, invincible:left, efn:energy_check, invincible:dodge_success_timer, efn:press_key1, efn:down_key, efn:cooldown_2, invincible:down, efn:up_key, efn:press_key2, efn:press_summon_sword, invincible:right, efn:arts_key_pressed, efn:force_release, efn:arts_key, efn:pressing_key3, efn:demon_key, efn:innate_press_timer, efn:guard_key, efn:charge_stage, efn:angel_key, efn:key2_press_timer, invincible:cooldown, efn:sprint_key, efn:cooldown_1, efn:is_charging, invincible:up, efn:press_innate, efn:combo_counter] for efn:broadblade
[208月2026 18:49:33.228] [main/INFO] [epicfight/]: Data keys [efn:press_key4, efn:pressing_key4, efn:key3_press_timer, efn:pressing_key2, efn:charge_power, efn:full_charge_message, efn:charge_message, efn:pressing_innate, efn:key4_press_timer, efn:was_long_pressed, efn:jump_key, efn:press_key3, efn:cooldown, efn:key1_press_timer, efn:pressing_key1, invincible:parry_timer, efn:sneak_key, efn:is_pressing, efn:charge_ticks, invincible:left, efn:energy_check, invincible:dodge_success_timer, efn:press_key1, efn:down_key, efn:cooldown_2, invincible:down, efn:up_key, efn:press_key2, efn:press_summon_sword, invincible:right, efn:arts_key_pressed, efn:force_release, efn:arts_key, efn:pressing_key3, efn:demon_key, efn:innate_press_timer, efn:guard_key, efn:charge_stage, efn:angel_key, efn:key2_press_timer, invincible:cooldown, efn:sprint_key, efn:cooldown_1, efn:is_charging, invincible:up, efn:press_innate, efn:combo_counter] for efn:bloodlust
[208月2026 18:49:33.229] [main/INFO] [epicfight/]: Data keys [efn:press_key4, efn:pressing_key4, efn:key3_press_timer, efn:pressing_key2, efn:charge_power, efn:full_charge_message, efn:charge_message, efn:pressing_innate, efn:key4_press_timer, efn:was_long_pressed, efn:jump_key, efn:press_key3, efn:cooldown, efn:key1_press_timer, efn:pressing_key1, invincible:parry_timer, efn:sneak_key, efn:is_pressing, efn:charge_ticks, invincible:left, efn:energy_check, invincible:dodge_success_timer, efn:press_key1, efn:down_key, efn:cooldown_2, invincible:down, efn:up_key, efn:press_key2, efn:press_summon_sword, invincible:right, efn:arts_key_pressed, efn:force_release, efn:arts_key, efn:pressing_key3, efn:demon_key, efn:innate_press_timer, efn:guard_key, efn:charge_stage, efn:angel_key, efn:key2_press_timer, invincible:cooldown, efn:sprint_key, efn:cooldown_1, efn:is_charging, invincible:up, efn:press_innate, efn:combo_counter] for efn:beastclaw
[208月2026 18:49:33.234] [main/INFO] [epicfight/]: Data keys [efn:press_key4, efn:pressing_key4, efn:key3_press_timer, efn:pressing_key2, efn:charge_power, efn:full_charge_message, efn:charge_message, efn:pressing_innate, efn:key4_press_timer, efn:was_long_pressed, efn:jump_key, efn:press_key3, efn:cooldown, efn:key1_press_timer, efn:pressing_key1, invincible:parry_timer, efn:sneak_key, efn:is_pressing, efn:charge_ticks, invincible:left, efn:energy_check, invincible:dodge_success_timer, efn:press_key1, efn:down_key, efn:cooldown_2, invincible:down, efn:up_key, efn:press_key2, efn:press_summon_sword, invincible:right, efn:arts_key_pressed, efn:force_release, efn:arts_key, efn:pressing_key3, efn:demon_key, efn:innate_press_timer, efn:guard_key, efn:charge_stage, efn:angel_key, efn:key2_press_timer, invincible:cooldown, efn:sprint_key, efn:cooldown_1, efn:is_charging, invincible:up, efn:press_innate, efn:combo_counter] for efn:aetherialdusk
[208月2026 18:49:33.241] [main/INFO] [epicfight/]: Data keys [annoyingvillagers:trident_amount, annoyingvillagers:is_trident_ranged_mode] for annoyingvillagers:trident_festival
[208月2026 18:49:33.366] [main/INFO] [com.mojang.authlib.yggdrasil.YggdrasilAuthenticationService/]: Environment: authHost='https://authserver.mojang.com', accountsHost='https://api.mojang.com', sessionHost='https://sessionserver.mojang.com', servicesHost='https://api.minecraftservices.com', name='PROD'
[208月2026 18:49:34.437] [main/INFO] [epicfight/]: Data keys [invincible:dodge_success_timer, invincible:parry_timer, invincible:down, invincible:cooldown, invincible:left, invincible:up, invincible:right] for invincible:combo_demo
[208月2026 18:49:34.438] [main/INFO] [epicfight/]: Data keys [epicfight:basic_attack_active, epicfight:combo_counter] for epicfight:basic_attack
[208月2026 18:49:34.438] [main/INFO] [epicfight/]: Data keys [epicfight:penalty_restore_counter, epicfight:penalty] for epicfight:guard
[208月2026 18:49:34.438] [main/INFO] [epicfight/]: Data keys [epicfight:penalty_restore_counter, epicfight:penalty, epicfight:parry_motion_counter, epicfight:last_active] for epicfight:parrying
[208月2026 18:49:34.438] [main/INFO] [epicfight/]: Data keys [epicfight:penalty, epicfight:penalty_restore_counter] for epicfight:impact_guard
[208月2026 18:49:34.439] [main/INFO] [epicfight/]: Data keys [epicfight:stacks, epicfight:tick_record, epicfight:resisting_damage_type] for epicfight:adaptive_skin
[208月2026 18:49:34.439] [main/INFO] [epicfight/]: Data keys [epicfight:tick_record] for epicfight:adrenaline_fiend
[208月2026 18:49:34.439] [main/INFO] [epicfight/]: Data keys [epicfight:stacks, epicfight:entity_id] for epicfight:bonebreaker
[208月2026 18:49:34.439] [main/INFO] [epicfight/]: Data keys [epicfight:tick_record, epicfight:entity_id] for epicfight:vengeance
[208月2026 18:49:34.439] [main/INFO] [epicfight/]: Data keys [epicfight:slam_protect_next_fall, epicfight:fall_distance] for epicfight:meteor_slam
[208月2026 18:49:34.441] [main/INFO] [epicfight/]: Data keys [epicfight:stacks] for epicfight:revelation
[208月2026 18:49:34.441] [main/INFO] [epicfight/]: Data keys [epicfight:slam_protect_next_fall] for epicfight:demolition_leap
[208月2026 18:49:34.441] [main/INFO] [epicfight/]: Data keys [epicfight:slam_protect_next_fall, epicfight:jump_key_pressed_last_tick, epicfight:jump_count] for epicfight:phantom_ascent
[208月2026 18:49:34.441] [main/INFO] [epicfight/]: Data keys [epicfight:last_hit_count] for epicfight:grasping_spire
[208月2026 18:49:34.441] [main/INFO] [epicfight/]: Data keys [epicfight:sheath] for epicfight:battojutsu_passive
[208月2026 18:49:34.441] [main/INFO] [epicfight/]: Data keys [epicfight:sheath] for epicfight:battojutsu
[208月2026 18:49:34.442] [main/INFO] [epicfight/]: Data keys [epicfight:combo_counter] for epicfight:blade_rush
[208月2026 18:49:34.442] [main/INFO] [epicfight/]: Data keys [epicfight:thrown_trident_entity_id] for epicfight:everlasting_allegiance
[208月2026 18:49:34.442] [main/INFO] [epicfight/]: Data keys [wom:target_id] for wom:ender_obscuris
[208月2026 18:49:34.442] [main/INFO] [epicfight/]: Data keys [wom:dodge, wom:timer_refresh, wom:timer] for wom:dodge_master
[208月2026 18:49:34.442] [main/INFO] [epicfight/]: Data keys [wom:cooldown, wom:dodge, wom:registered_position, wom:timer_refresh, wom:active, wom:registered_health, wom:timer] for wom:time_travel
[208月2026 18:49:34.442] [main/INFO] [epicfight/]: Data keys [wom:cooldown] for wom:punishment_kick
[208月2026 18:49:34.442] [main/INFO] [epicfight/]: Data keys [wom:last_active, epicfight:penalty_restore_counter, epicfight:penalty, wom:consumprion_value, wom:holding_rmb, wom:parrying] for wom:counter_attack
[208月2026 18:49:34.442] [main/INFO] [epicfight/]: Data keys [wom:charge, wom:cooldown, epicfight:penalty_restore_counter, epicfight:penalty, wom:consumprion_value, wom:vengence_duration, wom:holding_stance, wom:timer_refresh, wom:timer] for wom:vengeful_parry
[208月2026 18:49:34.442] [main/INFO] [epicfight/]: Data keys [wom:charge, wom:cooldown, epicfight:penalty_restore_counter, epicfight:penalty, wom:holding_rmb, wom:parrying] for wom:perfect_bulwark
[208月2026 18:49:34.443] [main/INFO] [epicfight/]: Data keys [wom:charge, wom:cycle] for wom:soul_protection
[208月2026 18:49:34.443] [main/INFO] [epicfight/]: Data keys [wom:charge, wom:cycle] for wom:shulker_cloak
[208月2026 18:49:34.443] [main/INFO] [epicfight/]: Data keys [epicfight:penalty_restore_counter, epicfight:penalty, wom:holding_rmb, wom:active, wom:timer] for wom:buster_parade
[208月2026 18:49:34.443] [main/INFO] [epicfight/]: Data keys [wom:duree, wom:timer_refresh, wom:active, wom:timer] for wom:pain_anticipation
[208月2026 18:49:34.443] [main/INFO] [epicfight/]: Data keys [wom:duree, wom:timer_refresh, wom:active, wom:timer] for wom:latent_retribution
[208月2026 18:49:34.443] [main/INFO] [epicfight/]: Data keys [wom:rate, wom:power] for wom:critical_knowledge
[208月2026 18:49:34.443] [main/INFO] [epicfight/]: Data keys [wom:recovery_rate, wom:cooldown, wom:max_shield] for wom:heart_shield
[208月2026 18:49:34.443] [main/INFO] [epicfight/]: Data keys [wom:melody_index, wom:saved_elapsed_time, wom:step] for wom:dancing_blade
[208月2026 18:49:34.443] [main/INFO] [epicfight/]: Data keys [wom:duree, wom:timer_refresh, wom:active, wom:timer, wom:cycle, wom:stage] for wom:meditation
[208月2026 18:49:34.443] [main/INFO] [epicfight/]: Data keys [wom:cooldown] for wom:dopamine
[208月2026 18:49:34.443] [main/INFO] [epicfight/]: Data keys [wom:last_active] for wom:manipulator
[208月2026 18:49:34.444] [main/INFO] [epicfight/]: Data keys [wom:rate, wom:stack, wom:timer, wom:power] for wom:lethal_focus
[208月2026 18:49:34.444] [main/INFO] [epicfight/]: Data keys [wom:wall_running, wom:jump_key_up, wom:angle, wom:wall_glide, wom:timer_refresh, wom:timer] for wom:spider_techniques
[208月2026 18:49:34.444] [main/INFO] [epicfight/]: Data keys [wom:water_dashing, wom:cooldown, wom:consumprion_value, wom:crawling, wom:diving, wom:jump_key_up, wom:mermaid_movement] for wom:aqua_maneuvre
[208月2026 18:49:34.445] [main/INFO] [epicfight/]: Data keys [wom:consumprion_value, wom:wall_running, wom:wall_glide, wom:active, wom:timer, wom:buffing, wom:verso, wom:stage] for wom:natural_sprinter
[208月2026 18:49:34.446] [main/INFO] [epicfight/]: Data keys [wom:timer] for wom:lunatic_vivacity
[208月2026 18:49:34.447] [main/INFO] [epicfight/]: Data keys [wom:consumprion_value, wom:registered_health, wom:timer] for wom:voodoo_magic
[208月2026 18:49:34.447] [main/INFO] [epicfight/]: Data keys [wom:target_distance, wom:target_id] for wom:back_and_forth
[208月2026 18:49:34.448] [main/INFO] [epicfight/]: Data keys [wom:cooldown, wom:combo] for wom:shooting_style
[208月2026 18:49:34.448] [main/INFO] [epicfight/]: Data keys [wom:active, wom:timer] for wom:proximity_exploiter
[208月2026 18:49:34.448] [main/INFO] [epicfight/]: Data keys [wom:stack, wom:timer] for wom:all_eyes_on_you
[208月2026 18:49:34.449] [main/INFO] [epicfight/]: Data keys [wom:stack, wom:timer] for wom:all_eyes_on_me
[208月2026 18:49:34.449] [main/INFO] [epicfight/]: Data keys [wom:cooldown, wom:timer] for wom:avatar_of_might
[208月2026 18:49:34.449] [main/INFO] [epicfight/]: Data keys [wom:active, wom:stack, wom:attacks] for wom:agony_plunge
[208月2026 18:49:34.449] [main/INFO] [epicfight/]: Data keys [wom:movespeed, wom:charging, wom:holding_rmb, wom:charging_time, wom:timer_refresh, wom:active, wom:saved_charge, wom:charged_attack, wom:timer, wom:charged] for wom:torment_passive
[208月2026 18:49:34.449] [main/INFO] [epicfight/]: Data keys [wom:timer_refresh, wom:active, wom:timer] for wom:true_berserk
[208月2026 18:49:34.449] [main/INFO] [epicfight/]: Data keys [wom:stack] for wom:herrscher_passive
[208月2026 18:49:34.449] [main/INFO] [epicfight/]: Data keys [wom:redemptioon, wom:strenght, wom:timer_refresh, wom:timer, wom:buffing, wom:expiation, wom:buffed, wom:verso] for wom:plunder_perdition
[208月2026 18:49:34.450] [main/INFO] [epicfight/]: Data keys [wom:sheath] for wom:satsujin_passive
[208月2026 18:49:34.450] [main/INFO] [epicfight/]: Data keys [wom:second_draw, wom:timedslash, wom:timer_refresh, wom:active, wom:timer, wom:frequency, wom:charge, wom:cooldown, wom:charging, wom:holding_rmb, wom:holding_stance, wom:stack, wom:attacks, wom:damage, wom:saved_charge] for wom:sakura_state
[208月2026 18:49:34.450] [main/INFO] [epicfight/]: Data keys [wom:cooldown, wom:nofalldamage, wom:holding_rmb, wom:using_item, wom:reload_cooldown, wom:zoom, wom:zoom_cooldown, wom:combo, wom:shoot] for wom:ender_blast
[208月2026 18:49:34.450] [main/INFO] [epicfight/]: Data keys [wom:cooldown, wom:nofalldamage, wom:holding_rmb, wom:using_item, wom:reload_cooldown, wom:zoom, wom:zoom_cooldown, wom:combo, wom:side, wom:shoot] for wom:ender_fusion
[208月2026 18:49:34.450] [main/INFO] [epicfight/]: Data keys [wom:guard_point_result, wom:gesetz_sprengkopf, wom:cooldown, wom:holding_rmb, wom:holding_stance, wom:guard_point, wom:charging_time, wom:combo, wom:charged, wom:parrying] for wom:regierung
[208月2026 18:49:34.450] [main/INFO] [epicfight/]: Data keys [wom:lunar_eclipse_stack, wom:crescent, wom:timer_refresh, wom:timer, wom:echo] for wom:lunar_eclipse
[208月2026 18:49:34.450] [main/INFO] [epicfight/]: Data keys [wom:idle, wom:verso] for wom:lunar_echo_passive
[208月2026 18:49:34.450] [main/INFO] [epicfight/]: Data keys [wom:serius_focus, wom:ascending, wom:darkness_target_reaped, wom:darkness_portal_timer, wom:shoot, wom:darkness_target, wom:darkness_target_hited, wom:serius_focus_cooldown, wom:blackhole, wom:witherccatharsis, wom:blackhole_vec, wom:zoom, wom:zoom_cooldown, wom:blackhole_timer, wom:witheraftereffect, wom:blackhole_active, wom:timer_refresh, wom:active, wom:timer, wom:darkness_target_vec, wom:darkness_portal_angle, wom:darkness_portal_vec, wom:holding_rmb, wom:shoot_cooldown, wom:darkness_activate_portal] for wom:demonic_ascension
[208月2026 18:49:34.450] [main/INFO] [epicfight/]: Data keys [wom:blink, wom:catharsis, wom:particle, wom:lapse, wom:withercurse, wom:idle, wom:basic_attack] for wom:demon_mark_passive
[208月2026 18:49:34.451] [main/INFO] [epicfight/]: Data keys [wom:timed_attack, wom:stored_heat_level, wom:particle, wom:solar_obscuridad_ta_timer, wom:timer_refresh, wom:timer, wom:solar_infernio, wom:cycle, wom:heating_speed, wom:charge, wom:charging, wom:holding_rmb, wom:heat_level, wom:solar_obscuridad, wom:solar_crematorio] for wom:solar_arcano
[208月2026 18:49:34.451] [main/INFO] [epicfight/]: Data keys [wom:timed_attack, wom:stored_heat_level, wom:particle, wom:solar_obscuridad_ta_timer, wom:timer_refresh, wom:timer, wom:solar_infernio, wom:cycle, wom:heating_speed, wom:charge, wom:charging, wom:heat_level, wom:solar_obscuridad, wom:solar_crematorio] for wom:solar_passive
[208月2026 18:49:34.452] [main/INFO] [epicfight/]: Data keys [wom:serius_focus, wom:serius_focus_cooldown] for wom:rechargement
[208月2026 18:49:34.452] [main/INFO] [epicfight/]: Data keys [wom:charge, wom:bullet_loaded, wom:shell_anim, wom:super_reload, wom:shell_number, wom:bullet_overloaded, wom:active, wom:cycle, wom:bullet_loaded_old, wom:charged, wom:shell_delay] for wom:napoleon_passive
[208月2026 18:49:34.452] [main/INFO] [epicfight/]: Data keys [efn:scythe_sheath, efn:scythe_blood_power] for efn:scythe_skill
[208月2026 18:49:34.452] [main/INFO] [epicfight/]: Data keys [efn:thornwheel_loop, efn:press_innate, efn:thornwheel_loop_available] for efn:thornwheel
[208月2026 18:49:34.453] [main/INFO] [epicfight/]: Data keys [efn:jump_count, efn:jump_key_pressed_last_tick, efn:murasama_forward_dodge] for efn:murasama_dodge
[208月2026 18:49:34.453] [main/INFO] [epicfight/]: Data keys [efn:current_puncture_chance, efn:base_puncture_chance, efn:max_puncture_chance, efn:puncture_increment] for efn:parry_master
[208月2026 18:49:34.453] [main/INFO] [epicfight/]: Data keys [efn:buff_active, efn:defense_start_tick, efn:buff_end_tick] for efn:precise_parry
[208月2026 18:49:34.453] [main/INFO] [epicfight/]: Data keys [efn:cooldown, efn:cooldown_2, efn:cooldown_1] for efn:judgementcutend
[208月2026 18:49:34.453] [main/INFO] [epicfight/]: Data keys [efn:cooldown, efn:cooldown_2, efn:cooldown_1] for efn:stomp
[208月2026 18:49:34.454] [main/INFO] [epicfight/]: Data keys [efn:murasama_zansetsu_input_mode, efn:murasama_left_mouse_pressed, efn:murasama_pair_flag, efn:murasama_opposite_triggered, efn:murasama_zansetsu_start_time, efn:murasama_zansetsu_active, efn:murasama_zansetsu_end_time, efn:murasama_zansetsu_slash_release, efn:murasama_last_triggered_sector, efn:murasama_input_mode_switch_pressed, efn:arts_key_pressed, efn:murasama_zansetsu_sector, efn:arts_key, efn:murasama_key_right_down, efn:murasama_zandatsu_end_time, efn:murasama_zansetsu_attack_counter, efn:murasama_zandatsu_start_time, efn:murasama_zandatsu_available, efn:murasama_key_left_down, efn:murasama_zansetsu_timer] for efn:zansetsu
[208月2026 18:49:34.454] [main/INFO] [epicfight/]: Data keys [efn:cooldown, efn:cooldown_2, efn:cooldown_1] for efn:execution
[208月2026 18:49:34.454] [main/INFO] [epicfight/]: Data keys [efn:efn_starting_parry, efn:efn_last_parry_time, efn:efn_shake_detected, epicfight:penalty_restore_counter, epicfight:penalty, efn:efn_last_active, efn:efn_delay_protection_end, efn:efn_shake_penalty_count, efn:efn_last_guard_start_tick, efn:efn_last_successful_defense_tick, efn:efn_parry_motion_counter, efn:efn_first_shake] for efn:efn_parry
[208月2026 18:49:34.454] [main/INFO] [epicfight/]: Data keys [efn:efn_starting_parry, efn:efn_last_parry_time, efn:efn_shake_detected, epicfight:penalty_restore_counter, epicfight:penalty, efn:efn_last_active, efn:efn_delay_protection_end, efn:efn_shake_penalty_count, efn:efn_last_guard_start_tick, efn:efn_last_successful_defense_tick, efn:efn_parry_motion_counter, efn:efn_first_shake] for efn:murasama_parry
[208月2026 18:49:34.456] [main/INFO] [epicfight/]: Data keys [efn:arts_key_pressed, efn:cooldown, efn:arts_input_buffer, efn:arts_key, efn:cooldown_2, efn:sekiro_art_index, efn:cooldown_1] for efn:mortal_blade
[208月2026 18:49:34.456] [main/INFO] [epicfight/]: Data keys [efn:doppelganger_style, efn:pressing_key4, efn:key3_press_timer, efn:key4_press_timer, efn:was_long_pressed, efn:jump_key, efn:cooldown, efn:key1_press_timer, efn:pressing_key1, efn:have_doppelganger, efn:doppelganger_tick, invincible:left, invincible:dodge_success_timer, efn:cooldown_2, efn:press_summon_sword, efn:force_release, efn:charge_stage, efn:sprint_key, efn:is_charging, efn:press_innate, efn:press_key4, efn:pressing_key2, efn:charge_power, efn:full_charge_message, efn:charge_message, efn:pressing_innate, efn:press_key3, invincible:parry_timer, efn:sneak_key, efn:is_pressing, efn:charge_ticks, efn:energy_check, efn:press_key1, efn:down_key, invincible:down, efn:up_key, efn:press_key2, efn:doppelganger_delay, invincible:right, efn:arts_key_pressed, efn:arts_key, efn:pressing_key3, efn:demon_key, efn:innate_press_timer, efn:guard_key, efn:angel_key, efn:key2_press_timer, efn:press_doppelganger, invincible:cooldown, efn:cooldown_1, invincible:up, efn:combo_counter] for efn:yamato
[208月2026 18:49:34.456] [main/INFO] [epicfight/]: Data keys [efn:doppelganger_style, efn:stun_cooldown, efn:have_doppelganger, efn:parry_cooldown, efn:doppelganger_tick, efn:doppelganger_delay] for efn:yamato_passive
[208月2026 18:49:34.456] [main/INFO] [epicfight/]: Data keys [efn:pressing_key4, efn:key3_press_timer, efn:key4_press_timer, efn:was_long_pressed, efn:jump_key, efn:cooldown, efn:key1_press_timer, efn:pressing_key1, invincible:left, efn:damage_history, invincible:dodge_success_timer, efn:replay_enhanced, efn:cooldown_2, efn:press_summon_sword, efn:force_release, efn:charge_stage, efn:sprint_key, efn:is_charging, efn:press_innate, efn:press_key4, efn:pressing_key2, efn:charge_power, efn:is_replay_damage, efn:full_charge_message, efn:charge_message, efn:pressing_innate, efn:press_key3, invincible:parry_timer, efn:sneak_key, efn:is_pressing, efn:charge_ticks, efn:energy_check, efn:press_key1, efn:down_key, invincible:down, efn:up_key, efn:press_key2, invincible:right, efn:arts_key_pressed, efn:arts_key, efn:pressing_key3, efn:demon_key, efn:innate_press_timer, efn:guard_key, efn:angel_key, efn:key2_press_timer, invincible:cooldown, efn:cooldown_1, invincible:up, efn:combo_counter] for efn:shortsword
[208月2026 18:49:34.456] [main/INFO] [epicfight/]: Data keys [efn:press_key4, efn:pressing_key4, efn:key3_press_timer, efn:pressing_key2, efn:charge_power, efn:full_charge_message, efn:charge_message, efn:pressing_innate, efn:key4_press_timer, efn:was_long_pressed, efn:jump_key, efn:press_key3, efn:cooldown, efn:key1_press_timer, efn:pressing_key1, invincible:parry_timer, efn:sneak_key, efn:is_pressing, efn:charge_ticks, invincible:left, efn:energy_check, invincible:dodge_success_timer, efn:press_key1, efn:down_key, efn:cooldown_2, invincible:down, efn:up_key, efn:press_key2, efn:press_summon_sword, invincible:right, efn:arts_key_pressed, efn:force_release, efn:arts_key, efn:pressing_key3, efn:demon_key, efn:innate_press_timer, efn:guard_key, efn:charge_stage, efn:angel_key, efn:key2_press_timer, invincible:cooldown, efn:sprint_key, efn:cooldown_1, efn:is_charging, invincible:up, efn:press_innate, efn:combo_counter] for efn:ruinsgreatsword
[208月2026 18:49:34.456] [main/INFO] [epicfight/]: Data keys [efn:press_key4, efn:pressing_key4, efn:key3_press_timer, efn:pressing_key2, efn:charge_power, efn:full_charge_message, efn:charge_message, efn:pressing_innate, efn:key4_press_timer, efn:was_long_pressed, efn:jump_key, efn:press_key3, efn:cooldown, efn:key1_press_timer, efn:pressing_key1, invincible:parry_timer, efn:sneak_key, efn:is_pressing, efn:charge_ticks, invincible:left, efn:energy_check, invincible:dodge_success_timer, efn:press_key1, efn:down_key, efn:cooldown_2, invincible:down, efn:up_key, efn:press_key2, efn:press_summon_sword, invincible:right, efn:arts_key_pressed, efn:force_release, efn:arts_key, efn:pressing_key3, efn:demon_key, efn:innate_press_timer, efn:guard_key, efn:charge_stage, efn:angel_key, efn:key2_press_timer, invincible:cooldown, efn:sprint_key, efn:cooldown_1, efn:is_charging, invincible:up, efn:press_innate, efn:combo_counter] for efn:pioneer
[208月2026 18:49:34.456] [main/INFO] [epicfight/]: Data keys [efn:pressing_key4, efn:key3_press_timer, efn:murasama_sheath, efn:murasama_zansetsu_active, efn:murasama_last_triggered_sector, efn:key4_press_timer, efn:was_long_pressed, efn:jump_key, efn:murasama_input_mode_switch_pressed, efn:cooldown, efn:key1_press_timer, efn:pressing_key1, efn:murasama_zandatsu_end_time, efn:sprint_sheath_timer, efn:murasama_sheath_timer, invincible:left, efn:murasama_pair_flag, invincible:dodge_success_timer, efn:murasama_zansetsu_end_time, efn:cooldown_2, efn:murasama_zansetsu_slash_release, efn:murasama_forward_dodge, efn:press_summon_sword, efn:force_release, efn:charge_stage, efn:sprint_key, efn:manual_unsheath, efn:is_charging, efn:press_innate, efn:press_key4, efn:pressing_key2, efn:charge_power, efn:full_charge_message, efn:charge_message, efn:pressing_innate, efn:press_key3, invincible:parry_timer, efn:sneak_key, efn:murasama_zansetsu_attack_counter, efn:is_pressing, efn:murasama_key_left_down, efn:murasama_zansetsu_timer, efn:charge_ticks, efn:murasama_air_borne, efn:murasama_zansetsu_input_mode, efn:murasama_left_mouse_pressed, efn:energy_check, efn:murasama_opposite_triggered, efn:murasama_zansetsu_start_time, efn:press_key1, efn:down_key, invincible:down, efn:up_key, efn:press_key2, invincible:right, efn:murasama_zansetsu_sector, efn:arts_key_pressed, efn:murasama_key_right_down, efn:arts_key, efn:pressing_key3, efn:demon_key, efn:innate_press_timer, efn:guard_key, efn:murasama_zandatsu_start_time, efn:murasama_zandatsu_available, efn:angel_key, efn:key2_press_timer, invincible:cooldown, efn:cooldown_1, invincible:up, efn:combo_counter] for efn:murasama
[208月2026 18:49:34.456] [main/INFO] [epicfight/]: Data keys [efn:forward_backward_end_tick, efn:murasama_sheath, efn:murasama_zansetsu_active, efn:backward_pressed_last_tick, efn:murasama_last_triggered_sector, efn:double_tap_timer, efn:murasama_input_mode_switch_pressed, efn:murasama_zandatsu_end_time, efn:sprint_sheath_timer, efn:murasama_sheath_timer, efn:murasama_zansetsu_attack_counter, efn:forward_backward_remaining_ticks, efn:murasama_key_left_down, efn:forward_pressed_last_tick, efn:murasama_zansetsu_timer, efn:forward_backward_window_active, efn:murasama_zansetsu_input_mode, efn:murasama_left_mouse_pressed, efn:murasama_pair_flag, efn:murasama_opposite_triggered, efn:murasama_zansetsu_start_time, efn:jump_key_pressed_last_tick, efn:murasama_zansetsu_end_time, efn:is_double_tap_sprint, efn:murasama_zansetsu_slash_release, efn:murasama_forward_dodge, efn:was_double_tap_sprint, efn:murasama_zansetsu_sector, efn:up_key_pressed_last_tick, efn:murasama_key_right_down, efn:jump_count, efn:murasama_zandatsu_start_time, efn:murasama_zandatsu_available, efn:forward_backward_timer, efn:manual_unsheath, efn:forward_backward_success] for efn:murasama_passive
[208月2026 18:49:34.458] [main/INFO] [epicfight/]: Data keys [efn:press_key4, efn:pressing_key4, efn:key3_press_timer, efn:pressing_key2, efn:charge_power, efn:full_charge_message, efn:charge_message, efn:pressing_innate, efn:key4_press_timer, efn:was_long_pressed, efn:jump_key, efn:press_key3, efn:cooldown, efn:key1_press_timer, efn:pressing_key1, invincible:parry_timer, efn:sneak_key, efn:is_pressing, efn:charge_ticks, invincible:left, efn:energy_check, invincible:dodge_success_timer, efn:press_key1, efn:down_key, efn:cooldown_2, invincible:down, efn:up_key, efn:press_key2, efn:press_summon_sword, invincible:right, efn:arts_key_pressed, efn:force_release, efn:arts_key, efn:pressing_key3, efn:demon_key, efn:innate_press_timer, efn:guard_key, efn:charge_stage, efn:angel_key, efn:key2_press_timer, invincible:cooldown, efn:sprint_key, efn:cooldown_1, efn:is_charging, invincible:up, efn:press_innate, efn:combo_counter] for efn:meenlance
[208月2026 18:49:34.458] [main/INFO] [epicfight/]: Data keys [efn:press_key4, efn:pressing_key4, efn:key3_press_timer, efn:pressing_key2, efn:charge_power, efn:full_charge_message, efn:charge_message, efn:pressing_innate, efn:key4_press_timer, efn:was_long_pressed, efn:jump_key, efn:press_key3, efn:cooldown, efn:key1_press_timer, efn:pressing_key1, invincible:parry_timer, efn:sneak_key, efn:is_pressing, efn:charge_ticks, invincible:left, efn:energy_check, invincible:dodge_success_timer, efn:press_key1, efn:down_key, efn:cooldown_2, invincible:down, efn:up_key, efn:press_key2, efn:press_summon_sword, invincible:right, efn:arts_key_pressed, efn:force_release, efn:arts_key, efn:pressing_key3, efn:demon_key, efn:innate_press_timer, efn:guard_key, efn:charge_stage, efn:angel_key, efn:key2_press_timer, invincible:cooldown, efn:sprint_key, efn:cooldown_1, efn:is_charging, invincible:up, efn:press_innate, efn:combo_counter] for efn:kusabimaru
[208月2026 18:49:34.458] [main/INFO] [epicfight/]: Data keys [efn:pressing_key4, efn:key3_press_timer, efn:murasama_sheath, efn:murasama_zansetsu_active, efn:murasama_last_triggered_sector, efn:key4_press_timer, efn:was_long_pressed, efn:jump_key, efn:murasama_input_mode_switch_pressed, efn:cooldown, efn:key1_press_timer, efn:pressing_key1, efn:murasama_zandatsu_end_time, efn:sprint_sheath_timer, efn:murasama_sheath_timer, invincible:left, efn:murasama_pair_flag, invincible:dodge_success_timer, efn:murasama_zansetsu_end_time, efn:cooldown_2, efn:murasama_zansetsu_slash_release, efn:murasama_forward_dodge, efn:press_summon_sword, efn:force_release, efn:charge_stage, efn:sprint_key, efn:manual_unsheath, efn:is_charging, efn:press_innate, efn:press_key4, efn:pressing_key2, efn:charge_power, efn:full_charge_message, efn:charge_message, efn:pressing_innate, efn:press_key3, invincible:parry_timer, efn:sneak_key, efn:murasama_zansetsu_attack_counter, efn:is_pressing, efn:murasama_key_left_down, efn:murasama_zansetsu_timer, efn:charge_ticks, efn:murasama_air_borne, efn:murasama_zansetsu_input_mode, efn:murasama_left_mouse_pressed, efn:energy_check, efn:murasama_opposite_triggered, efn:murasama_zansetsu_start_time, efn:press_key1, efn:down_key, invincible:down, efn:up_key, efn:press_key2, invincible:right, efn:murasama_zansetsu_sector, efn:arts_key_pressed, efn:murasama_key_right_down, efn:arts_key, efn:pressing_key3, efn:demon_key, efn:innate_press_timer, efn:guard_key, efn:murasama_zandatsu_start_time, efn:murasama_zandatsu_available, efn:angel_key, efn:key2_press_timer, invincible:cooldown, efn:cooldown_1, invincible:up, efn:combo_counter] for efn:hf_blade
[208月2026 18:49:34.459] [main/INFO] [epicfight/]: Data keys [efn:forward_backward_end_tick, efn:murasama_sheath, efn:murasama_zansetsu_active, efn:backward_pressed_last_tick, efn:murasama_last_triggered_sector, efn:double_tap_timer, efn:murasama_input_mode_switch_pressed, efn:murasama_zandatsu_end_time, efn:sprint_sheath_timer, efn:murasama_sheath_timer, efn:murasama_zansetsu_attack_counter, efn:forward_backward_remaining_ticks, efn:murasama_key_left_down, efn:forward_pressed_last_tick, efn:murasama_zansetsu_timer, efn:forward_backward_window_active, efn:murasama_zansetsu_input_mode, efn:murasama_left_mouse_pressed, efn:murasama_pair_flag, efn:murasama_opposite_triggered, efn:murasama_zansetsu_start_time, efn:jump_key_pressed_last_tick, efn:murasama_zansetsu_end_time, efn:is_double_tap_sprint, efn:murasama_zansetsu_slash_release, efn:murasama_forward_dodge, efn:was_double_tap_sprint, efn:murasama_zansetsu_sector, efn:up_key_pressed_last_tick, efn:murasama_key_right_down, efn:jump_count, efn:murasama_zandatsu_start_time, efn:murasama_zandatsu_available, efn:forward_backward_timer, efn:manual_unsheath, efn:forward_backward_success] for efn:hf_blade_passive
[208月2026 18:49:34.459] [main/INFO] [epicfight/]: Data keys [efn:press_key4, efn:pressing_key4, efn:key3_press_timer, efn:pressing_key2, efn:charge_power, efn:full_charge_message, efn:charge_message, efn:pressing_innate, efn:key4_press_timer, efn:was_long_pressed, efn:jump_key, efn:press_key3, efn:cooldown, efn:key1_press_timer, efn:pressing_key1, invincible:parry_timer, efn:sneak_key, efn:is_pressing, efn:charge_ticks, invincible:left, efn:energy_check, invincible:dodge_success_timer, efn:press_key1, efn:down_key, efn:cooldown_2, invincible:down, efn:up_key, efn:press_key2, efn:press_summon_sword, invincible:right, efn:arts_key_pressed, efn:force_release, efn:arts_key, efn:pressing_key3, efn:demon_key, efn:innate_press_timer, efn:guard_key, efn:charge_stage, efn:angel_key, efn:key2_press_timer, invincible:cooldown, efn:sprint_key, efn:cooldown_1, efn:is_charging, invincible:up, efn:press_innate, efn:combo_counter] for efn:exsiliumgladius
[208月2026 18:49:34.459] [main/INFO] [epicfight/]: Data keys [invincible:dodge_success_timer, invincible:parry_timer, invincible:down, invincible:cooldown, invincible:left, invincible:up, invincible:right] for efn:examplecombo
[208月2026 18:49:34.460] [main/INFO] [epicfight/]: Data keys [efn:press_key4, efn:pressing_key4, efn:key3_press_timer, efn:pressing_key2, efn:charge_power, efn:full_charge_message, efn:charge_message, efn:pressing_innate, efn:key4_press_timer, efn:was_long_pressed, efn:jump_key, efn:press_key3, efn:cooldown, efn:key1_press_timer, efn:pressing_key1, invincible:parry_timer, efn:sneak_key, efn:is_pressing, efn:charge_ticks, invincible:left, efn:energy_check, invincible:dodge_success_timer, efn:press_key1, efn:down_key, efn:cooldown_2, invincible:down, efn:up_key, efn:press_key2, efn:press_summon_sword, invincible:right, efn:arts_key_pressed, efn:force_release, efn:arts_key, efn:pressing_key3, efn:demon_key, efn:innate_press_timer, efn:guard_key, efn:charge_stage, efn:angel_key, efn:key2_press_timer, invincible:cooldown, efn:sprint_key, efn:cooldown_1, efn:is_charging, invincible:up, efn:press_innate, efn:combo_counter] for efn:crescentmoon
[208月2026 18:49:34.460] [main/INFO] [epicfight/]: Data keys [efn:press_key4, efn:pressing_key4, efn:key3_press_timer, efn:pressing_key2, efn:charge_power, efn:full_charge_message, efn:charge_message, efn:pressing_innate, efn:key4_press_timer, efn:was_long_pressed, efn:jump_key, efn:press_key3, efn:cooldown, efn:key1_press_timer, efn:pressing_key1, invincible:parry_timer, efn:sneak_key, efn:is_pressing, efn:charge_ticks, invincible:left, efn:energy_check, invincible:dodge_success_timer, efn:press_key1, efn:down_key, efn:cooldown_2, invincible:down, efn:up_key, efn:press_key2, efn:press_summon_sword, invincible:right, efn:arts_key_pressed, efn:force_release, efn:arts_key, efn:pressing_key3, efn:demon_key, efn:innate_press_timer, efn:guard_key, efn:charge_stage, efn:angel_key, efn:key2_press_timer, invincible:cooldown, efn:sprint_key, efn:cooldown_1, efn:is_charging, invincible:up, efn:press_innate, efn:combo_counter] for efn:broadblade
[208月2026 18:49:34.460] [main/INFO] [epicfight/]: Data keys [efn:press_key4, efn:pressing_key4, efn:key3_press_timer, efn:pressing_key2, efn:charge_power, efn:full_charge_message, efn:charge_message, efn:pressing_innate, efn:key4_press_timer, efn:was_long_pressed, efn:jump_key, efn:press_key3, efn:cooldown, efn:key1_press_timer, efn:pressing_key1, invincible:parry_timer, efn:sneak_key, efn:is_pressing, efn:charge_ticks, invincible:left, efn:energy_check, invincible:dodge_success_timer, efn:press_key1, efn:down_key, efn:cooldown_2, invincible:down, efn:up_key, efn:press_key2, efn:press_summon_sword, invincible:right, efn:arts_key_pressed, efn:force_release, efn:arts_key, efn:pressing_key3, efn:demon_key, efn:innate_press_timer, efn:guard_key, efn:charge_stage, efn:angel_key, efn:key2_press_timer, invincible:cooldown, efn:sprint_key, efn:cooldown_1, efn:is_charging, invincible:up, efn:press_innate, efn:combo_counter] for efn:bloodlust
[208月2026 18:49:34.460] [main/INFO] [epicfight/]: Data keys [efn:press_key4, efn:pressing_key4, efn:key3_press_timer, efn:pressing_key2, efn:charge_power, efn:full_charge_message, efn:charge_message, efn:pressing_innate, efn:key4_press_timer, efn:was_long_pressed, efn:jump_key, efn:press_key3, efn:cooldown, efn:key1_press_timer, efn:pressing_key1, invincible:parry_timer, efn:sneak_key, efn:is_pressing, efn:charge_ticks, invincible:left, efn:energy_check, invincible:dodge_success_timer, efn:press_key1, efn:down_key, efn:cooldown_2, invincible:down, efn:up_key, efn:press_key2, efn:press_summon_sword, invincible:right, efn:arts_key_pressed, efn:force_release, efn:arts_key, efn:pressing_key3, efn:demon_key, efn:innate_press_timer, efn:guard_key, efn:charge_stage, efn:angel_key, efn:key2_press_timer, invincible:cooldown, efn:sprint_key, efn:cooldown_1, efn:is_charging, invincible:up, efn:press_innate, efn:combo_counter] for efn:beastclaw
[208月2026 18:49:34.461] [main/INFO] [epicfight/]: Data keys [efn:press_key4, efn:pressing_key4, efn:key3_press_timer, efn:pressing_key2, efn:charge_power, efn:full_charge_message, efn:charge_message, efn:pressing_innate, efn:key4_press_timer, efn:was_long_pressed, efn:jump_key, efn:press_key3, efn:cooldown, efn:key1_press_timer, efn:pressing_key1, invincible:parry_timer, efn:sneak_key, efn:is_pressing, efn:charge_ticks, invincible:left, efn:energy_check, invincible:dodge_success_timer, efn:press_key1, efn:down_key, efn:cooldown_2, invincible:down, efn:up_key, efn:press_key2, efn:press_summon_sword, invincible:right, efn:arts_key_pressed, efn:force_release, efn:arts_key, efn:pressing_key3, efn:demon_key, efn:innate_press_timer, efn:guard_key, efn:charge_stage, efn:angel_key, efn:key2_press_timer, invincible:cooldown, efn:sprint_key, efn:cooldown_1, efn:is_charging, invincible:up, efn:press_innate, efn:combo_counter] for efn:aetherialdusk
[208月2026 18:49:34.461] [main/INFO] [epicfight/]: Data keys [annoyingvillagers:trident_amount, annoyingvillagers:is_trident_ranged_mode] for annoyingvillagers:trident_festival
[208月2026 18:49:34.536] [main/WARN] [net.minecraft.server.packs.VanillaPackResourcesBuilder/]: Assets URL 'union:/E:/program/JAVA/touhou%20little%20maid%20-%20unknow%20sky%20area/prod_server/libraries/net/minecraft/server/1.20.1-20230612.114412/server-1.20.1-20230612.114412-srg.jar%23131!/assets/.mcassetsroot' uses unexpected schema
[208月2026 18:49:34.537] [main/WARN] [net.minecraft.server.packs.VanillaPackResourcesBuilder/]: Assets URL 'union:/E:/program/JAVA/touhou%20little%20maid%20-%20unknow%20sky%20area/prod_server/libraries/net/minecraft/server/1.20.1-20230612.114412/server-1.20.1-20230612.114412-srg.jar%23131!/data/.mcassetsroot' uses unexpected schema
[208月2026 18:49:34.591] [Forge Version Check/INFO] [net.minecraftforge.fml.VersionChecker/]: [forge] Found status: OUTDATED Current: 47.4.13 Target: 47.4.23
[208月2026 18:49:36.079] [Worker-Main-5/ERROR] [simplebedrockmodel/]: Not found model file: ywzj_vehicle:models/bedrock/entity/grenade_40mm.json
[208月2026 18:49:36.082] [Worker-Main-5/ERROR] [simplebedrockmodel/]: Not found model file: ywzj_vehicle:models/bedrock/entity/aerial_bomb.json
[208月2026 18:49:36.084] [Worker-Main-5/ERROR] [simplebedrockmodel/]: Not found model file: ywzj_vehicle:models/bedrock/block/machine_max_block.json
[208月2026 18:49:36.086] [Worker-Main-5/ERROR] [simplebedrockmodel/]: Not found model file: ywzj_vehicle:models/bedrock/entity/missile_akd10.json
[208月2026 18:49:36.087] [Worker-Main-5/ERROR] [simplebedrockmodel/]: Not found model file: ywzj_vehicle:models/bedrock/entity/basic_bullet.json
[208月2026 18:49:36.089] [Worker-Main-5/ERROR] [simplebedrockmodel/]: Not found model file: ywzj_vehicle:models/bedrock/entity/rocket_57mm.json
[208月2026 18:49:37.034] [Worker-Main-6/ERROR] [net.minecraftforge.common.ForgeHooks/]: Couldn't parse element loot_tables:touhou_little_maid:grant_book_on_first_join
com.google.gson.JsonSyntaxException: Expected name to be an item, was unknown string 'patchouli:guide_book'
	at net.minecraft.util.GsonHelper.m_13866_(GsonHelper.java:145) ~[server-1.20.1-20230612.114412-srg.jar%23131!/:?]
	at java.util.Optional.orElseThrow(Optional.java:403) ~[?:?]
	at net.minecraft.util.GsonHelper.m_13874_(GsonHelper.java:145) ~[server-1.20.1-20230612.114412-srg.jar%23131!/:?]
	at net.minecraft.util.GsonHelper.m_13909_(GsonHelper.java:153) ~[server-1.20.1-20230612.114412-srg.jar%23131!/:?]
	at net.minecraft.world.level.storage.loot.entries.LootItem$Serializer.m_7267_(LootItem.java:55) ~[server-1.20.1-20230612.114412-srg.jar%23131!/:?]
	at net.minecraft.world.level.storage.loot.entries.LootItem$Serializer.m_7267_(LootItem.java:40) ~[server-1.20.1-20230612.114412-srg.jar%23131!/:?]
	at net.minecraft.world.level.storage.loot.entries.LootPoolSingletonContainer$Serializer.m_5921_(LootPoolSingletonContainer.java:151) ~[server-1.20.1-20230612.114412-srg.jar%23131!/:?]
	at net.minecraft.world.level.storage.loot.entries.LootPoolSingletonContainer$Serializer.m_5921_(LootPoolSingletonContainer.java:129) ~[server-1.20.1-20230612.114412-srg.jar%23131!/:?]
	at net.minecraft.world.level.storage.loot.entries.LootPoolEntryContainer$Serializer.m_7561_(LootPoolEntryContainer.java:86) ~[server-1.20.1-20230612.114412-srg.jar%23131!/:?]
	at net.minecraft.world.level.storage.loot.entries.LootPoolEntryContainer$Serializer.m_7561_(LootPoolEntryContainer.java:74) ~[server-1.20.1-20230612.114412-srg.jar%23131!/:?]
	at net.minecraft.world.level.storage.loot.GsonAdapterFactory$JsonAdapter.deserialize(GsonAdapterFactory.java:102) ~[server-1.20.1-20230612.114412-srg.jar%23131!/:?]
	at com.google.gson.internal.bind.TreeTypeAdapter.read(TreeTypeAdapter.java:76) ~[gson-2.10.jar%2372!/:?]
	at com.google.gson.internal.bind.TypeAdapterRuntimeTypeWrapper.read(TypeAdapterRuntimeTypeWrapper.java:40) ~[gson-2.10.jar%2372!/:?]
	at com.google.gson.internal.bind.ArrayTypeAdapter.read(ArrayTypeAdapter.java:72) ~[gson-2.10.jar%2372!/:?]
	at com.google.gson.Gson.fromJson(Gson.java:1214) ~[gson-2.10.jar%2372!/:?]
	at com.google.gson.Gson.fromJson(Gson.java:1319) ~[gson-2.10.jar%2372!/:?]
	at com.google.gson.Gson.fromJson(Gson.java:1290) ~[gson-2.10.jar%2372!/:?]
	at com.google.gson.internal.bind.TreeTypeAdapter$GsonContextImpl.deserialize(TreeTypeAdapter.java:179) ~[gson-2.10.jar%2372!/:?]
	at net.minecraft.util.GsonHelper.m_13808_(GsonHelper.java:463) ~[server-1.20.1-20230612.114412-srg.jar%23131!/:?]
	at net.minecraft.util.GsonHelper.m_13836_(GsonHelper.java:471) ~[server-1.20.1-20230612.114412-srg.jar%23131!/:?]
	at net.minecraft.world.level.storage.loot.LootPool$Serializer.deserialize(LootPool.java:192) ~[server-1.20.1-20230612.114412-srg.jar%23131!/:?]
	at net.minecraft.world.level.storage.loot.LootPool$Serializer.deserialize(LootPool.java:189) ~[server-1.20.1-20230612.114412-srg.jar%23131!/:?]
	at com.google.gson.internal.bind.TreeTypeAdapter.read(TreeTypeAdapter.java:76) ~[gson-2.10.jar%2372!/:?]
	at com.google.gson.internal.bind.TypeAdapterRuntimeTypeWrapper.read(TypeAdapterRuntimeTypeWrapper.java:40) ~[gson-2.10.jar%2372!/:?]
	at com.google.gson.internal.bind.ArrayTypeAdapter.read(ArrayTypeAdapter.java:72) ~[gson-2.10.jar%2372!/:?]
	at com.google.gson.Gson.fromJson(Gson.java:1214) ~[gson-2.10.jar%2372!/:?]
	at com.google.gson.Gson.fromJson(Gson.java:1319) ~[gson-2.10.jar%2372!/:?]
	at com.google.gson.Gson.fromJson(Gson.java:1290) ~[gson-2.10.jar%2372!/:?]
	at com.google.gson.internal.bind.TreeTypeAdapter$GsonContextImpl.deserialize(TreeTypeAdapter.java:179) ~[gson-2.10.jar%2372!/:?]
	at net.minecraft.util.GsonHelper.m_13808_(GsonHelper.java:463) ~[server-1.20.1-20230612.114412-srg.jar%23131!/:?]
	at net.minecraft.util.GsonHelper.m_13845_(GsonHelper.java:481) ~[server-1.20.1-20230612.114412-srg.jar%23131!/:?]
	at net.minecraft.world.level.storage.loot.LootTable$Serializer.deserialize(LootTable.java:294) ~[server-1.20.1-20230612.114412-srg.jar%23131!/:?]
	at net.minecraft.world.level.storage.loot.LootTable$Serializer.deserialize(LootTable.java:291) ~[server-1.20.1-20230612.114412-srg.jar%23131!/:?]
	at com.google.gson.internal.bind.TreeTypeAdapter.read(TreeTypeAdapter.java:76) ~[gson-2.10.jar%2372!/:?]
	at com.google.gson.Gson.fromJson(Gson.java:1214) ~[gson-2.10.jar%2372!/:?]
	at com.google.gson.Gson.fromJson(Gson.java:1319) ~[gson-2.10.jar%2372!/:?]
	at com.google.gson.Gson.fromJson(Gson.java:1261) ~[gson-2.10.jar%2372!/:?]
	at net.minecraftforge.common.ForgeHooks.loadLootTable(ForgeHooks.java:872) ~[forge-1.20.1-47.4.13-universal.jar%23136!/:?]
	at net.minecraftforge.common.ForgeHooks.lambda$getLootTableDeserializer$3(ForgeHooks.java:849) ~[forge-1.20.1-47.4.13-universal.jar%23136!/:?]
	at net.minecraft.world.level.storage.loot.LootDataType.deserialize(LootDataType.java:45) ~[server-1.20.1-20230612.114412-srg.jar%23131!/:?]
	at net.minecraft.world.level.storage.loot.LootDataManager.lambda$scheduleElementParse$4(LootDataManager.java:56) ~[server-1.20.1-20230612.114412-srg.jar%23131!/:?]
	at java.util.HashMap.forEach(HashMap.java:1421) ~[?:?]
	at net.minecraft.world.level.storage.loot.LootDataManager.m_278660_(LootDataManager.java:55) ~[server-1.20.1-20230612.114412-srg.jar%23131!/:?]
	at java.util.concurrent.CompletableFuture$AsyncRun.run(CompletableFuture.java:1804) ~[?:?]
	at java.util.concurrent.CompletableFuture$AsyncRun.exec(CompletableFuture.java:1796) ~[?:?]
	at java.util.concurrent.ForkJoinTask.doExec(ForkJoinTask.java:373) ~[?:?]
	at java.util.concurrent.ForkJoinPool$WorkQueue.topLevelExec(ForkJoinPool.java:1182) ~[?:?]
	at java.util.concurrent.ForkJoinPool.scan(ForkJoinPool.java:1655) ~[?:?]
	at java.util.concurrent.ForkJoinPool.runWorker(ForkJoinPool.java:1622) ~[?:?]
	at java.util.concurrent.ForkJoinWorkerThread.run(ForkJoinWorkerThread.java:165) ~[?:?]
[208月2026 18:49:37.243] [main/INFO] [net.minecraft.world.item.crafting.RecipeManager/]: Skipping loading recipe touhou_little_maid:memorizable_gensokyo as it's serializer returned null
[208月2026 18:49:37.263] [main/INFO] [net.minecraft.world.item.crafting.RecipeManager/]: Loaded 9 recipes
[208月2026 18:49:37.356] [main/INFO] [net.minecraft.advancements.AdvancementList/]: Loaded 1353 advancements
[208月2026 18:49:48.730] [main/WARN] [epicfight/]: Skill efn:example doesn't exist in the registry.
[208月2026 18:49:48.763] [main/WARN] [epicfight/]: Item Capability Exception: No item named annoyingvillagers:air
[208月2026 18:49:48.795] [main/WARN] [epicfight/]: Can't find a particle type epicfight:entity.hit.blunt in invincible:custom_combo_demo
[208月2026 18:49:48.805] [main/WARN] [epicfight/]: Item Capability Exception: No item named efn:scythe
[208月2026 18:49:48.813] [main/WARN] [epicfight/]: Item Capability Exception: No item named annoyingvillagers:diamond_durandal
[208月2026 18:49:49.481] [Server thread/INFO] [net.minecraft.server.dedicated.DedicatedServer/]: Starting minecraft server version 1.20.1
[208月2026 18:49:49.481] [Server thread/INFO] [net.minecraft.server.dedicated.DedicatedServer/]: Loading properties
[208月2026 18:49:49.481] [Server thread/INFO] [net.minecraft.server.dedicated.DedicatedServer/]: Default game type: SURVIVAL
[208月2026 18:49:49.481] [Server thread/INFO] [net.minecraft.server.MinecraftServer/]: Generating keypair
[208月2026 18:49:49.552] [Server thread/INFO] [net.minecraft.server.dedicated.DedicatedServer/]: Starting Minecraft server on *:25565
[208月2026 18:49:49.577] [Server thread/INFO] [net.minecraft.server.network.ServerConnectionListener/]: Using default channel type
[208月2026 18:49:50.007] [Server thread/INFO] [net.minecraft.server.dedicated.DedicatedServer/]: Preparing level "maid_pilot_world"
[208月2026 18:49:50.524] [Server thread/INFO] [net.minecraft.server.MinecraftServer/]: Preparing start region for dimension minecraft:overworld
[208月2026 18:49:52.303] [Worker-Main-9/INFO] [net.minecraft.server.level.progress.LoggerChunkProgressListener/]: Preparing spawn area: 0%
[208月2026 18:49:52.304] [Worker-Main-1/INFO] [net.minecraft.server.level.progress.LoggerChunkProgressListener/]: Preparing spawn area: 0%
[208月2026 18:49:52.307] [Worker-Main-1/INFO] [net.minecraft.server.level.progress.LoggerChunkProgressListener/]: Preparing spawn area: 0%
[208月2026 18:49:52.309] [Worker-Main-9/INFO] [net.minecraft.server.level.progress.LoggerChunkProgressListener/]: Preparing spawn area: 0%
[208月2026 18:49:52.525] [Worker-Main-5/INFO] [net.minecraft.server.level.progress.LoggerChunkProgressListener/]: Preparing spawn area: 0%
[208月2026 18:49:52.711] [Server thread/INFO] [eftlm_stylish/]: [DIAG] WOM behaviors registered: 19 items, 2 style-mapped items
[208月2026 18:49:52.750] [Server thread/INFO] [eftlm_stylish/]: [DIAG] EFN behaviors registered: 51 items
[208月2026 18:49:52.751] [Server thread/INFO] [eftlm_stylish/]: [DIAG] CombatBehaviorsEvent registered: 8 weapon categories + WOM behaviors (wom=true)
[208月2026 18:49:53.027] [Worker-Main-5/INFO] [net.minecraft.server.level.progress.LoggerChunkProgressListener/]: Preparing spawn area: 4%
[208月2026 18:49:53.501] [Server thread/INFO] [net.minecraft.server.level.progress.LoggerChunkProgressListener/]: Time elapsed: 2969 ms
[208月2026 18:49:53.502] [Server thread/INFO] [net.minecraft.server.dedicated.DedicatedServer/]: Done (3.559s)! For help, type "help"
[208月2026 18:49:53.503] [Server thread/INFO] [net.minecraft.server.dedicated.DedicatedServer/]: Starting remote control listener
[208月2026 18:49:53.506] [Server thread/INFO] [net.minecraft.server.rcon.thread.GenericThread/]: Thread RCON Listener started
[208月2026 18:49:53.506] [Server thread/INFO] [net.minecraft.server.rcon.thread.RconThread/]: RCON running on 0.0.0.0:25575
[208月2026 18:49:53.537] [Server thread/INFO] [net.minecraftforge.server.permission.PermissionAPI/]: Successfully initialized permission handler forge:default_handler
[208月2026 18:49:53.541] [Server thread/INFO] [eftlm_stylish/]: [SKILL] test mode OFF
[208月2026 18:49:53.545] [Server thread/INFO] [eftlm_stylish/]: [Arena] cleared 0 leftover maids, 0 leftover mobs
[208月2026 18:49:53.553] [Server thread/INFO] [eftlm_stylish/]: [Arena] platform built: 21x21 bedrock at y=-60, world border 21x21 (7ms)
[208月2026 18:49:53.554] [Server thread/INFO] [eftlm_stylish/]: [Arena] enabled: center=(8,-59,8) entities=minecraft:warden,annoyingvillagers:armored_herobrine,annoyingvillagers:glaive_herobrine,annoyingvillagers:herobrine_7,annoyingvillagers:swordsman_herobrine,annoyingvillagers:sledgehammer_herobrine,annoyingvillagers:null count=1 interval=400
[208月2026 18:49:53.628] [Server thread/INFO] [eftlm_stylish/]: [DIAG] Maid join world: name=model.touhou_little_maid.hakurei_reimu.name patch=MaidPatch
[208月2026 18:49:53.669] [Server thread/INFO] [eftlm_stylish/]: [RL] config loaded: enable_all_maids=true epsilon=0.08 arbitration=hybrid model_file=rl_model.bin
[208月2026 18:49:53.673] [Server thread/INFO] [eftlm_stylish/]: [RL] model loaded: sizes=[18, 64, 64, 64] dims=18->64
[208月2026 18:49:53.856] [Server thread/INFO] [eftlm_stylish/]: [RL] action executor registered: generic (fixed=true)
[208月2026 18:49:53.857] [Server thread/INFO] [eftlm_stylish/]: [RL] action executor registered: efn_skill (fixed=false)
[208月2026 18:49:53.868] [Server thread/INFO] [eftlm_stylish/]: [SKILLS] catalog loaded: 32 weapons, 313 skills (source=jar:/eftlm_stylish/skills.json)
[208月2026 18:49:54.731] [Server thread/INFO] [eftlm_stylish/]: [DIAG] WOM behaviors registered: 19 items, 2 style-mapped items
[208月2026 18:49:54.731] [Server thread/INFO] [eftlm_stylish/]: [DIAG] EFN behaviors registered: 51 items
[208月2026 18:49:54.732] [Server thread/INFO] [eftlm_stylish/]: [DIAG] CombatBehaviorsEvent registered: 8 weapon categories + WOM behaviors (wom=true)
[208月2026 18:49:54.734] [Server thread/INFO] [eftlm_stylish/]: [DIAG] Maid join world: name=model.touhou_little_maid.hakurei_reimu.name patch=MaidPatch
[208月2026 18:49:54.739] [Server thread/INFO] [eftlm_stylish/]: [Arena] maid spawned at BlockPos{x=8, y=-59, z=8} id=152 main=efn:yamato_dmc4 melee=efn:kusabimaru/efn:meen_spear task=ef_tlm:fight_mode_task patch=OK
[208月2026 18:49:54.740] [Server thread/ERROR] [net.minecraftforge.eventbus.EventBus/EVENTBUS]: Exception caught during firing event: Cannot invoke "com.github.tartaricacid.touhoulittlemaid.entity.passive.EntityMaid.m_20270_(net.minecraft.world.entity.Entity)" because "maid" is null
	Index: 6
	Listeners:
		0: HIGH
		1: ASM: class dev.architectury.event.forge.EventHandlerImplCommon event(Lnet/minecraftforge/event/TickEvent$ServerTickEvent;)V
		2: NORMAL
		3: ASM: com.maidweapon.refill.MaidWeaponRefill@52db6d82 onServerTick(Lnet/minecraftforge/event/TickEvent$ServerTickEvent;)V
		4: ASM: com.hm.efn.EFN@573c156 tick(Lnet/minecraftforge/event/TickEvent$ServerTickEvent;)V
		5: ASM: com.maidweapon.refill.MaidWeaponRefill@52db6d82 onPlatformGuard(Lnet/minecraftforge/event/TickEvent$ServerTickEvent;)V
		6: ASM: class org.eftlm.stylish.arena.AutoArena onServerTick(Lnet/minecraftforge/event/TickEvent$ServerTickEvent;)V
		7: ASM: class net.shelmarow.combat_evolution.tickTask.TickTaskHandler onTick(Lnet/minecraftforge/event/TickEvent$ServerTickEvent;)V
		8: ASM: net.minecraftforge.common.ForgeInternalHandler@2089ecf5 onServerTick(Lnet/minecraftforge/event/TickEvent$ServerTickEvent;)V
		9: ASM: class com.hm.efn.skill.passive.ParryMasterPassive$AnimationHandler onServerTick(Lnet/minecraftforge/event/TickEvent$ServerTickEvent;)V
		10: ASM: class org.ywzj.vehicle.all.AllEvents$AllForgeEvents onServerTick(Lnet/minecraftforge/event/TickEvent$ServerTickEvent;)V
		11: ASM: class com.pla.annoyingvillagers.task.TaskScheduler onServerTick(Lnet/minecraftforge/event/TickEvent$ServerTickEvent;)V
		12: ASM: class com.hm.efn.event.PlayerRandomFireworksServerEvent onServerTick(Lnet/minecraftforge/event/TickEvent$ServerTickEvent;)V
		13: net.minecraftforge.eventbus.EventBus$$Lambda$4077/0x0000011e02a97b38@29404832
java.lang.NullPointerException: Cannot invoke "com.github.tartaricacid.touhoulittlemaid.entity.passive.EntityMaid.m_20270_(net.minecraft.world.entity.Entity)" because "maid" is null
	at TRANSFORMER/eftlm_stylish@1.0.0/org.eftlm.stylish.arena.AutoArena.pullStrayTargets(AutoArena.java:624)
	at TRANSFORMER/eftlm_stylish@1.0.0/org.eftlm.stylish.arena.AutoArena.onServerTick(AutoArena.java:435)
	at TRANSFORMER/eftlm_stylish@1.0.0/org.eftlm.stylish.arena.__AutoArena_onServerTick_ServerTickEvent.invoke(.dynamic)
	at MC-BOOTSTRAP/net.minecraftforge.eventbus/net.minecraftforge.eventbus.ASMEventHandler.invoke(ASMEventHandler.java:73)
	at MC-BOOTSTRAP/net.minecraftforge.eventbus/net.minecraftforge.eventbus.EventBus.post(EventBus.java:315)
	at MC-BOOTSTRAP/net.minecraftforge.eventbus/net.minecraftforge.eventbus.EventBus.post(EventBus.java:296)
	at TRANSFORMER/forge@47.4.13/net.minecraftforge.event.ForgeEventFactory.onPostServerTick(ForgeEventFactory.java:975)
	at TRANSFORMER/minecraft@1.20.1/net.minecraft.server.MinecraftServer.m_5705_(MinecraftServer.java:835)
	at TRANSFORMER/minecraft@1.20.1/net.minecraft.server.MinecraftServer.m_130011_(MinecraftServer.java:661)
	at TRANSFORMER/minecraft@1.20.1/net.minecraft.server.MinecraftServer.m_206580_(MinecraftServer.java:251)
	at java.base/java.lang.Thread.run(Thread.java:842)

[208月2026 18:49:54.742] [Server thread/ERROR] [net.minecraft.server.MinecraftServer/]: Encountered an unexpected exception
java.lang.NullPointerException: Cannot invoke "com.github.tartaricacid.touhoulittlemaid.entity.passive.EntityMaid.m_20270_(net.minecraft.world.entity.Entity)" because "maid" is null
	at org.eftlm.stylish.arena.AutoArena.pullStrayTargets(AutoArena.java:624) ~[eftlm_stylish-1.0.0.jar%23125!/:?]
	at org.eftlm.stylish.arena.AutoArena.onServerTick(AutoArena.java:435) ~[eftlm_stylish-1.0.0.jar%23125!/:?]
	at org.eftlm.stylish.arena.__AutoArena_onServerTick_ServerTickEvent.invoke(.dynamic) ~[eftlm_stylish-1.0.0.jar%23125!/:?]
	at net.minecraftforge.eventbus.ASMEventHandler.invoke(ASMEventHandler.java:73) ~[eventbus-6.0.5.jar%2352!/:?]
	at net.minecraftforge.eventbus.EventBus.post(EventBus.java:315) ~[eventbus-6.0.5.jar%2352!/:?]
	at net.minecraftforge.eventbus.EventBus.post(EventBus.java:296) ~[eventbus-6.0.5.jar%2352!/:?]
	at net.minecraftforge.event.ForgeEventFactory.onPostServerTick(ForgeEventFactory.java:975) ~[forge-1.20.1-47.4.13-universal.jar%23136!/:?]
	at net.minecraft.server.MinecraftServer.m_5705_(MinecraftServer.java:835) ~[server-1.20.1-20230612.114412-srg.jar%23131!/:?]
	at net.minecraft.server.MinecraftServer.m_130011_(MinecraftServer.java:661) ~[server-1.20.1-20230612.114412-srg.jar%23131!/:?]
	at net.minecraft.server.MinecraftServer.m_206580_(MinecraftServer.java:251) ~[server-1.20.1-20230612.114412-srg.jar%23131!/:?]
	at java.lang.Thread.run(Thread.java:842) ~[?:?]
[208月2026 18:49:54.906] [Server thread/FATAL] [net.minecraftforge.common.ForgeMod/]: Preparing crash report with UUID b25e2454-92c9-4215-a6a9-adea400443f1
[208月2026 18:49:54.908] [Server thread/ERROR] [net.minecraft.server.MinecraftServer/]: This crash report has been saved to: E:\program\JAVA\touhou little maid - unknow sky area\prod_server\.\crash-reports\crash-2026-08-20_18.49.54-server.txt
[208月2026 18:49:54.909] [Server thread/INFO] [net.minecraft.server.MinecraftServer/]: Stopping server
[208月2026 18:49:54.910] [Server thread/INFO] [net.minecraft.server.MinecraftServer/]: Saving players
[208月2026 18:49:54.910] [Server thread/INFO] [net.minecraft.server.MinecraftServer/]: Saving worlds
[208月2026 18:49:55.513] [Server thread/INFO] [net.minecraft.server.MinecraftServer/]: Saving chunks for level 'ServerLevel[maid_pilot_world]'/minecraft:overworld
[208月2026 18:49:56.047] [Server thread/INFO] [net.minecraft.server.MinecraftServer/]: Saving chunks for level 'ServerLevel[maid_pilot_world]'/minecraft:the_nether
[208月2026 18:49:56.051] [Server thread/INFO] [net.minecraft.server.MinecraftServer/]: Saving chunks for level 'ServerLevel[maid_pilot_world]'/minecraft:the_end
[208月2026 18:49:56.096] [Server thread/INFO] [net.minecraft.server.MinecraftServer/]: ThreadedAnvilChunkStorage (maid_pilot_world): All chunks are saved
[208月2026 18:49:56.096] [Server thread/INFO] [net.minecraft.server.MinecraftServer/]: ThreadedAnvilChunkStorage (DIM-1): All chunks are saved
[208月2026 18:49:56.096] [Server thread/INFO] [net.minecraft.server.MinecraftServer/]: ThreadedAnvilChunkStorage (DIM1): All chunks are saved
[208月2026 18:49:56.097] [Server thread/INFO] [net.minecraft.server.MinecraftServer/]: ThreadedAnvilChunkStorage: All dimensions are saved
[208月2026 18:49:56.120] [Server thread/INFO] [net.minecraft.server.rcon.thread.GenericThread/]: Thread RCON Listener stopped
