[148月2026 10:39:12.642] [main/INFO] [cpw.mods.modlauncher.Launcher/MODLAUNCHER]: ModLauncher running: args [--launchTarget, forgeserver, --fml.forgeVersion, 47.4.13, --fml.mcVersion, 1.20.1, --fml.forgeGroup, net.minecraftforge, --fml.mcpVersion, 20230612.114412, nogui]
[148月2026 10:39:12.651] [main/INFO] [cpw.mods.modlauncher.Launcher/MODLAUNCHER]: ModLauncher 10.0.9+10.0.9+main.dcd20f30 starting: java version 17.0.10 by Oracle Corporation; OS Windows 11 arch amd64 version 10.0
[148月2026 10:39:13.588] [main/INFO] [net.minecraftforge.fml.loading.ImmediateWindowHandler/]: ImmediateWindowProvider not loading because launch target is forgeserver
[148月2026 10:39:13.995] [main/INFO] [mixin/]: SpongePowered MIXIN Subsystem Version=0.8.5 Source=union:/E:/program/JAVA/touhou%20little%20maid%20-%20unknow%20sky%20area/prod_server/libraries/org/spongepowered/mixin/0.8.5/mixin-0.8.5.jar%2365!/ Service=ModLauncher Env=SERVER
[148月2026 10:39:14.800] [main/WARN] [net.minecraftforge.fml.loading.moddiscovery.ModFileParser/LOADING]: Mod file E:\program\JAVA\touhou little maid - unknow sky area\prod_server\libraries\net\minecraftforge\fmlcore\1.20.1-47.4.13\fmlcore-1.20.1-47.4.13.jar is missing mods.toml file
[148月2026 10:39:14.825] [main/WARN] [net.minecraftforge.fml.loading.moddiscovery.ModFileParser/LOADING]: Mod file E:\program\JAVA\touhou little maid - unknow sky area\prod_server\libraries\net\minecraftforge\javafmllanguage\1.20.1-47.4.13\javafmllanguage-1.20.1-47.4.13.jar is missing mods.toml file
[148月2026 10:39:14.851] [main/WARN] [net.minecraftforge.fml.loading.moddiscovery.ModFileParser/LOADING]: Mod file E:\program\JAVA\touhou little maid - unknow sky area\prod_server\libraries\net\minecraftforge\lowcodelanguage\1.20.1-47.4.13\lowcodelanguage-1.20.1-47.4.13.jar is missing mods.toml file
[148月2026 10:39:14.895] [main/WARN] [net.minecraftforge.fml.loading.moddiscovery.ModFileParser/LOADING]: Mod file E:\program\JAVA\touhou little maid - unknow sky area\prod_server\libraries\net\minecraftforge\mclanguage\1.20.1-47.4.13\mclanguage-1.20.1-47.4.13.jar is missing mods.toml file
[148月2026 10:39:15.522] [main/INFO] [net.minecraftforge.fml.loading.moddiscovery.JarInJarDependencyLocator/]: Found 12 dependencies adding them to mods collection
[148月2026 10:39:18.172] [main/INFO] [mixin/]: Compatibility level set to JAVA_17
[148月2026 10:39:18.244] [main/INFO] [cpw.mods.modlauncher.LaunchServiceHandler/MODLAUNCHER]: Launching target 'forgeserver' with arguments [nogui]
[148月2026 10:39:20.356] [main/WARN] [mixin/]: Error loading class: net/minecraft/client/renderer/RenderBuffers (java.lang.ClassNotFoundException: net.minecraft.client.renderer.RenderBuffers)
[148月2026 10:39:20.358] [main/WARN] [mixin/]: @Mixin target net.minecraft.client.renderer.RenderBuffers was not found annoyingvillagers.mixins.json:RenderBuffersMixin
[148月2026 10:39:20.425] [main/WARN] [mixin/]: Error loading class: com/simibubi/create/content/contraptions/ContraptionCollider (java.lang.ClassNotFoundException: com.simibubi.create.content.contraptions.ContraptionCollider)
[148月2026 10:39:20.427] [main/WARN] [mixin/]: @Mixin target com.simibubi.create.content.contraptions.ContraptionCollider was not found mixins.ywzj_vehicle.json:create.ContraptionColliderMixin
[148月2026 10:39:20.428] [main/WARN] [mixin/]: Error loading class: com/tacz/guns/util/EntityUtil (java.lang.ClassNotFoundException: com.tacz.guns.util.EntityUtil)
[148月2026 10:39:20.504] [main/WARN] [mixin/]: Error loading class: com/mojang/blaze3d/platform/InputConstants$Key (java.lang.ClassNotFoundException: com.mojang.blaze3d.platform.InputConstants$Key)
[148月2026 10:39:20.517] [main/WARN] [mixin/]: Error loading class: net/minecraft/client/renderer/entity/EntityRendererProvider$Context (java.lang.ClassNotFoundException: net.minecraft.client.renderer.entity.EntityRendererProvider$Context)
[148月2026 10:39:20.536] [main/WARN] [mixin/]: Error loading class: net/minecraft/client/renderer/entity/EntityRendererProvider$Context (java.lang.ClassNotFoundException: net.minecraft.client.renderer.entity.EntityRendererProvider$Context)
[148月2026 10:39:21.799] [main/WARN] [oshi.driver.windows.perfmon.PerfmonDisabled/]: Invalid registry value type detected for PerfOS counters. Should be REG_DWORD. Ignoring: HKEY_LOCAL_MACHINE\SYSTEM\CurrentControlSet\Services\PerfOS\Performance\Disable Performance Counters.
[148月2026 10:39:23.525] [main/INFO] [MixinExtras|Service/]: Initializing MixinExtras via com.llamalad7.mixinextras.service.MixinExtrasServiceImpl(version=0.4.1).
[148月2026 10:39:26.972] [main/WARN] [mixin/]: @Final field f_31427_:[I in mixins.epicfight.json:common.MixinWitherBoss should be final
[148月2026 10:39:26.974] [main/WARN] [mixin/]: @Final field f_31428_:[I in mixins.epicfight.json:common.MixinWitherBoss should be final
[148月2026 10:39:29.569] [main/WARN] [net.minecraft.network.syncher.SynchedEntityData/]: defineId called for: class net.minecraft.world.entity.LivingEntity from class yesman.epicfight.world.capabilities.entitypatch.LivingEntityPatch
[148月2026 10:39:29.571] [main/WARN] [net.minecraft.network.syncher.SynchedEntityData/]: defineId called for: class net.minecraft.world.entity.LivingEntity from class yesman.epicfight.world.capabilities.entitypatch.LivingEntityPatch
[148月2026 10:39:29.572] [main/WARN] [net.minecraft.network.syncher.SynchedEntityData/]: defineId called for: class net.minecraft.world.entity.LivingEntity from class yesman.epicfight.world.capabilities.entitypatch.LivingEntityPatch
[148月2026 10:39:29.572] [main/WARN] [net.minecraft.network.syncher.SynchedEntityData/]: defineId called for: class net.minecraft.world.entity.LivingEntity from class yesman.epicfight.world.capabilities.entitypatch.LivingEntityPatch
[148月2026 10:39:29.573] [main/WARN] [net.minecraft.network.syncher.SynchedEntityData/]: defineId called for: class net.minecraft.world.entity.LivingEntity from class yesman.epicfight.world.capabilities.entitypatch.LivingEntityPatch
[148月2026 10:39:29.573] [main/WARN] [net.minecraft.network.syncher.SynchedEntityData/]: defineId called for: class net.minecraft.world.entity.LivingEntity from class yesman.epicfight.world.capabilities.entitypatch.LivingEntityPatch
[148月2026 10:39:29.574] [main/WARN] [net.minecraft.network.syncher.SynchedEntityData/]: defineId called for: class net.minecraft.world.entity.LivingEntity from class yesman.epicfight.world.capabilities.entitypatch.LivingEntityPatch
[148月2026 10:39:29.574] [main/WARN] [net.minecraft.network.syncher.SynchedEntityData/]: defineId called for: class net.minecraft.world.entity.LivingEntity from class yesman.epicfight.world.capabilities.entitypatch.LivingEntityPatch
[148月2026 10:39:29.574] [main/WARN] [net.minecraft.network.syncher.SynchedEntityData/]: defineId called for: class net.minecraft.world.entity.LivingEntity from class yesman.epicfight.world.capabilities.entitypatch.LivingEntityPatch
[148月2026 10:39:29.574] [main/WARN] [net.minecraft.network.syncher.SynchedEntityData/]: defineId called for: class net.minecraft.world.entity.LivingEntity from class yesman.epicfight.world.capabilities.entitypatch.LivingEntityPatch
[148月2026 10:39:29.575] [main/WARN] [net.minecraft.network.syncher.SynchedEntityData/]: defineId called for: class net.minecraft.world.entity.LivingEntity from class yesman.epicfight.world.capabilities.entitypatch.LivingEntityPatch
[148月2026 10:39:29.575] [main/WARN] [net.minecraft.network.syncher.SynchedEntityData/]: defineId called for: class net.minecraft.world.entity.LivingEntity from class yesman.epicfight.world.capabilities.entitypatch.LivingEntityPatch
[148月2026 10:39:31.414] [modloading-worker-0/INFO] [com.merlin204.avalon.main.AvalonMOD/]: 自动注册实体: SHAKE_WAVE -> shake_wave
[148月2026 10:39:31.415] [modloading-worker-0/INFO] [com.merlin204.avalon.main.AvalonMOD/]: 自动注册实体: VFX -> vfx
[148月2026 10:39:31.415] [modloading-worker-0/INFO] [com.merlin204.avalon.main.AvalonMOD/]: 自动注册实体: ANIMATION_TEXTURE_VFX -> animation_texture_vfx
[148月2026 10:39:31.422] [modloading-worker-0/INFO] [YSM-GEO Compat/]: YSM-GEO Compat: Initialized successfully
[148月2026 10:39:31.427] [modloading-worker-0/INFO] [org.eftlm.stylish.EFTLMStylish/]: EFTLM Stylish Combat loaded!
[148月2026 10:39:31.435] [modloading-worker-0/INFO] [eftlm_stylish/]: [DIAG] ===== EFTLM Stylish environment =====
[148月2026 10:39:31.438] [modloading-worker-0/INFO] [eftlm_stylish/]: [DIAG] ef_tlm version: 1.3.2
[148月2026 10:39:31.439] [modloading-worker-0/INFO] [eftlm_stylish/]: [DIAG] epicfight version: 20.14.17
[148月2026 10:39:31.439] [modloading-worker-0/INFO] [eftlm_stylish/]: [DIAG] touhou_little_maid version: 1.5.3-forge+mc1.20.1
[148月2026 10:39:31.439] [modloading-worker-0/INFO] [eftlm_stylish/]: [DIAG] wom loaded: true version: 2.0.164
[148月2026 10:39:31.440] [modloading-worker-0/INFO] [eftlm_stylish/]: [DIAG] =======================================
[148月2026 10:39:31.521] [modloading-worker-0/INFO] [org.ywzj.vehicle.YwzjVehicle/VehiclePackFinder]: Start scanning for vehicle packs in E:\program\JAVA\touhou little maid - unknow sky area\prod_server\limitless_vehicle
[148月2026 10:39:31.528] [modloading-worker-0/INFO] [org.ywzj.vehicle.YwzjVehicle/VehiclePackFinder]: - default_vehicle, Main namespace: ywzj_vehicle
[148月2026 10:39:31.529] [modloading-worker-0/INFO] [org.ywzj.vehicle.YwzjVehicle/VehiclePackFinder]: Found 1 possible vehicle pack(s)
[148月2026 10:39:31.546] [modloading-worker-0/INFO] [net.minecraftforge.common.ForgeMod/FORGEMOD]: Forge mod loading, version 47.4.13, for MC 1.20.1 with MCP 20230612.114412
[148月2026 10:39:31.547] [modloading-worker-0/INFO] [net.minecraftforge.common.MinecraftForge/FORGE]: MinecraftForge v47.4.13 Initialized
[148月2026 10:39:31.919] [modloading-worker-0/INFO] [dev.architectury.networking.forge.NetworkManagerImpl/]: Registering C2S receiver with id architectury:sync_ids
[148月2026 10:39:31.984] [modloading-worker-0/INFO] [epicfight/]: Loaded mod compat: GeckolibCompat
[148月2026 10:39:32.362] [modloading-worker-0/INFO] [touhou_little_maid/]: common default pack init start...
[148月2026 10:39:36.474] [modloading-worker-0/INFO] [touhou_little_maid/]: common default pack init finished, cost time: 4101.671 ms
[148月2026 10:39:39.537] [main/WARN] [net.minecraft.network.syncher.SynchedEntityData/]: defineId called for: class net.minecraft.world.entity.player.Player from class yesman.epicfight.world.capabilities.entitypatch.player.PlayerPatch
[148月2026 10:39:39.551] [main/WARN] [net.minecraft.network.syncher.SynchedEntityData/]: defineId called for: class net.minecraft.world.entity.TamableAnimal from class reascer.wom.world.entity.mob.EnderHand
[148月2026 10:39:39.551] [main/WARN] [net.minecraft.network.syncher.SynchedEntityData/]: defineId called for: class net.minecraft.world.entity.TamableAnimal from class reascer.wom.world.entity.mob.TargetingHelper
[148月2026 10:39:39.638] [main/WARN] [net.minecraft.network.syncher.SynchedEntityData/]: defineId called for: class net.minecraft.world.entity.boss.wither.WitherBoss from class yesman.epicfight.world.capabilities.entitypatch.boss.WitherPatch
[148月2026 10:39:39.640] [main/WARN] [net.minecraft.network.syncher.SynchedEntityData/]: defineId called for: class net.minecraft.world.entity.boss.wither.WitherBoss from class yesman.epicfight.world.capabilities.entitypatch.boss.WitherPatch
[148月2026 10:39:39.640] [main/WARN] [net.minecraft.network.syncher.SynchedEntityData/]: defineId called for: class net.minecraft.world.entity.boss.wither.WitherBoss from class yesman.epicfight.world.capabilities.entitypatch.boss.WitherPatch
[148月2026 10:39:39.640] [main/WARN] [net.minecraft.network.syncher.SynchedEntityData/]: defineId called for: class net.minecraft.world.entity.boss.wither.WitherBoss from class yesman.epicfight.world.capabilities.entitypatch.boss.WitherPatch
[148月2026 10:39:39.642] [main/WARN] [net.minecraft.network.syncher.SynchedEntityData/]: defineId called for: class net.minecraft.world.entity.boss.wither.WitherBoss from class yesman.epicfight.world.capabilities.entitypatch.boss.WitherPatch
[148月2026 10:39:39.643] [main/WARN] [net.minecraft.network.syncher.SynchedEntityData/]: defineId called for: class net.minecraft.world.entity.boss.wither.WitherBoss from class yesman.epicfight.world.capabilities.entitypatch.boss.WitherPatch
[148月2026 10:39:39.644] [main/WARN] [net.minecraft.network.syncher.SynchedEntityData/]: defineId called for: class net.minecraft.world.entity.boss.wither.WitherBoss from class yesman.epicfight.world.capabilities.entitypatch.boss.WitherPatch
[148月2026 10:39:39.644] [main/WARN] [net.minecraft.network.syncher.SynchedEntityData/]: defineId called for: class net.minecraft.world.entity.boss.wither.WitherBoss from class yesman.epicfight.world.capabilities.entitypatch.boss.WitherPatch
[148月2026 10:39:39.645] [main/WARN] [net.minecraft.network.syncher.SynchedEntityData/]: defineId called for: class net.minecraft.world.entity.boss.wither.WitherBoss from class yesman.epicfight.world.capabilities.entitypatch.boss.WitherPatch
[148月2026 10:39:39.652] [main/WARN] [net.minecraft.network.syncher.SynchedEntityData/]: defineId called for: class com.github.tartaricacid.touhoulittlemaid.entity.passive.EntityMaid from class net.EFTLM.EF.Capability.MaidPatch
[148月2026 10:39:40.005] [Forge Version Check/INFO] [net.minecraftforge.fml.VersionChecker/]: [player_mobs] Starting version check at https://raw.githubusercontent.com/GoryMoon/PlayerMobs/update/versions.json
[148月2026 10:39:40.076] [main/INFO] [eftlm_stylish/]: [DIAG] MaidSkillBuildEvent registered: stylish_combat (tab=ef_tlm:skills)
[148月2026 10:39:40.247] [Forge Version Check/WARN] [net.minecraftforge.fml.VersionChecker/]: Failed to process update information
javax.net.ssl.SSLHandshakeException: PKIX path building failed: sun.security.provider.certpath.SunCertPathBuilderException: unable to find valid certification path to requested target
	at jdk.internal.net.http.HttpClientImpl.send(HttpClientImpl.java:578) ~[java.net.http:?]
	at jdk.internal.net.http.HttpClientFacade.send(HttpClientFacade.java:123) ~[java.net.http:?]
	at net.minecraftforge.fml.VersionChecker$1.openUrlString(VersionChecker.java:142) ~[fmlcore-1.20.1-47.4.13.jar%23132!/:?]
	at net.minecraftforge.fml.VersionChecker$1.process(VersionChecker.java:180) ~[fmlcore-1.20.1-47.4.13.jar%23132!/:?]
	at java.lang.Iterable.forEach(Iterable.java:75) ~[?:?]
	at net.minecraftforge.fml.VersionChecker$1.run(VersionChecker.java:117) ~[fmlcore-1.20.1-47.4.13.jar%23132!/:?]
Caused by: javax.net.ssl.SSLHandshakeException: PKIX path building failed: sun.security.provider.certpath.SunCertPathBuilderException: unable to find valid certification path to requested target
	at sun.security.ssl.Alert.createSSLException(Alert.java:131) ~[?:?]
	at sun.security.ssl.TransportContext.fatal(TransportContext.java:378) ~[?:?]
	at sun.security.ssl.TransportContext.fatal(TransportContext.java:321) ~[?:?]
	at sun.security.ssl.TransportContext.fatal(TransportContext.java:316) ~[?:?]
	at sun.security.ssl.CertificateMessage$T13CertificateConsumer.checkServerCerts(CertificateMessage.java:1351) ~[?:?]
	at sun.security.ssl.CertificateMessage$T13CertificateConsumer.onConsumeCertificate(CertificateMessage.java:1226) ~[?:?]
	at sun.security.ssl.CertificateMessage$T13CertificateConsumer.consume(CertificateMessage.java:1169) ~[?:?]
	at sun.security.ssl.SSLHandshake.consume(SSLHandshake.java:396) ~[?:?]
	at sun.security.ssl.HandshakeContext.dispatch(HandshakeContext.java:480) ~[?:?]
	at sun.security.ssl.SSLEngineImpl$DelegatedTask$DelegatedAction.run(SSLEngineImpl.java:1277) ~[?:?]
	at sun.security.ssl.SSLEngineImpl$DelegatedTask$DelegatedAction.run(SSLEngineImpl.java:1264) ~[?:?]
	at java.security.AccessController.doPrivileged(AccessController.java:712) ~[?:?]
	at sun.security.ssl.SSLEngineImpl$DelegatedTask.run(SSLEngineImpl.java:1209) ~[?:?]
	at java.util.ArrayList.forEach(ArrayList.java:1511) ~[?:?]
	at jdk.internal.net.http.common.SSLFlowDelegate.lambda$executeTasks$3(SSLFlowDelegate.java:1118) ~[java.net.http:?]
	at jdk.internal.net.http.HttpClientImpl$DelegatingExecutor.execute(HttpClientImpl.java:157) ~[java.net.http:?]
	at jdk.internal.net.http.common.SSLFlowDelegate.executeTasks(SSLFlowDelegate.java:1113) ~[java.net.http:?]
	at jdk.internal.net.http.common.SSLFlowDelegate.doHandshake(SSLFlowDelegate.java:1079) ~[java.net.http:?]
	at jdk.internal.net.http.common.SSLFlowDelegate$Reader.processData(SSLFlowDelegate.java:484) ~[java.net.http:?]
	at jdk.internal.net.http.common.SSLFlowDelegate$Reader$ReaderDownstreamPusher.run(SSLFlowDelegate.java:268) ~[java.net.http:?]
	at jdk.internal.net.http.common.SequentialScheduler$LockingRestartableTask.run(SequentialScheduler.java:205) ~[java.net.http:?]
	at jdk.internal.net.http.common.SequentialScheduler$CompleteRestartableTask.run(SequentialScheduler.java:149) ~[java.net.http:?]
	at jdk.internal.net.http.common.SequentialScheduler$TryEndDeferredCompleter.complete(SequentialScheduler.java:347) ~[java.net.http:?]
	at jdk.internal.net.http.common.SequentialScheduler$CompleteRestartableTask.run(SequentialScheduler.java:151) ~[java.net.http:?]
	at jdk.internal.net.http.common.SequentialScheduler$SchedulableTask.run(SequentialScheduler.java:230) ~[java.net.http:?]
	at java.util.concurrent.ThreadPoolExecutor.runWorker(ThreadPoolExecutor.java:1136) ~[?:?]
	at java.util.concurrent.ThreadPoolExecutor$Worker.run(ThreadPoolExecutor.java:635) ~[?:?]
	at java.lang.Thread.run(Thread.java:842) ~[?:?]
Caused by: sun.security.validator.ValidatorException: PKIX path building failed: sun.security.provider.certpath.SunCertPathBuilderException: unable to find valid certification path to requested target
	at sun.security.validator.PKIXValidator.doBuild(PKIXValidator.java:439) ~[?:?]
	at sun.security.validator.PKIXValidator.engineValidate(PKIXValidator.java:306) ~[?:?]
	at sun.security.validator.Validator.validate(Validator.java:264) ~[?:?]
	at sun.security.ssl.X509TrustManagerImpl.checkTrusted(X509TrustManagerImpl.java:285) ~[?:?]
	at sun.security.ssl.X509TrustManagerImpl.checkServerTrusted(X509TrustManagerImpl.java:144) ~[?:?]
	at sun.security.ssl.CertificateMessage$T13CertificateConsumer.checkServerCerts(CertificateMessage.java:1329) ~[?:?]
	at sun.security.ssl.CertificateMessage$T13CertificateConsumer.onConsumeCertificate(CertificateMessage.java:1226) ~[?:?]
	at sun.security.ssl.CertificateMessage$T13CertificateConsumer.consume(CertificateMessage.java:1169) ~[?:?]
	at sun.security.ssl.SSLHandshake.consume(SSLHandshake.java:396) ~[?:?]
	at sun.security.ssl.HandshakeContext.dispatch(HandshakeContext.java:480) ~[?:?]
	at sun.security.ssl.SSLEngineImpl$DelegatedTask$DelegatedAction.run(SSLEngineImpl.java:1277) ~[?:?]
	at sun.security.ssl.SSLEngineImpl$DelegatedTask$DelegatedAction.run(SSLEngineImpl.java:1264) ~[?:?]
	at java.security.AccessController.doPrivileged(AccessController.java:712) ~[?:?]
	at sun.security.ssl.SSLEngineImpl$DelegatedTask.run(SSLEngineImpl.java:1209) ~[?:?]
	at java.util.ArrayList.forEach(ArrayList.java:1511) ~[?:?]
	at jdk.internal.net.http.common.SSLFlowDelegate.lambda$executeTasks$3(SSLFlowDelegate.java:1118) ~[java.net.http:?]
	at jdk.internal.net.http.HttpClientImpl$DelegatingExecutor.execute(HttpClientImpl.java:157) ~[java.net.http:?]
	at jdk.internal.net.http.common.SSLFlowDelegate.executeTasks(SSLFlowDelegate.java:1113) ~[java.net.http:?]
	at jdk.internal.net.http.common.SSLFlowDelegate.doHandshake(SSLFlowDelegate.java:1079) ~[java.net.http:?]
	at jdk.internal.net.http.common.SSLFlowDelegate$Reader.processData(SSLFlowDelegate.java:484) ~[java.net.http:?]
	at jdk.internal.net.http.common.SSLFlowDelegate$Reader$ReaderDownstreamPusher.run(SSLFlowDelegate.java:268) ~[java.net.http:?]
	at jdk.internal.net.http.common.SequentialScheduler$LockingRestartableTask.run(SequentialScheduler.java:205) ~[java.net.http:?]
	at jdk.internal.net.http.common.SequentialScheduler$CompleteRestartableTask.run(SequentialScheduler.java:149) ~[java.net.http:?]
	at jdk.internal.net.http.common.SequentialScheduler$TryEndDeferredCompleter.complete(SequentialScheduler.java:347) ~[java.net.http:?]
	at jdk.internal.net.http.common.SequentialScheduler$CompleteRestartableTask.run(SequentialScheduler.java:151) ~[java.net.http:?]
	at jdk.internal.net.http.common.SequentialScheduler$SchedulableTask.run(SequentialScheduler.java:230) ~[java.net.http:?]
	at java.util.concurrent.ThreadPoolExecutor.runWorker(ThreadPoolExecutor.java:1136) ~[?:?]
	at java.util.concurrent.ThreadPoolExecutor$Worker.run(ThreadPoolExecutor.java:635) ~[?:?]
	at java.lang.Thread.run(Thread.java:842) ~[?:?]
Caused by: sun.security.provider.certpath.SunCertPathBuilderException: unable to find valid certification path to requested target
	at sun.security.provider.certpath.SunCertPathBuilder.build(SunCertPathBuilder.java:148) ~[?:?]
	at sun.security.provider.certpath.SunCertPathBuilder.engineBuild(SunCertPathBuilder.java:129) ~[?:?]
	at java.security.cert.CertPathBuilder.build(CertPathBuilder.java:297) ~[?:?]
	at sun.security.validator.PKIXValidator.doBuild(PKIXValidator.java:434) ~[?:?]
	at sun.security.validator.PKIXValidator.engineValidate(PKIXValidator.java:306) ~[?:?]
	at sun.security.validator.Validator.validate(Validator.java:264) ~[?:?]
	at sun.security.ssl.X509TrustManagerImpl.checkTrusted(X509TrustManagerImpl.java:285) ~[?:?]
	at sun.security.ssl.X509TrustManagerImpl.checkServerTrusted(X509TrustManagerImpl.java:144) ~[?:?]
	at sun.security.ssl.CertificateMessage$T13CertificateConsumer.checkServerCerts(CertificateMessage.java:1329) ~[?:?]
	at sun.security.ssl.CertificateMessage$T13CertificateConsumer.onConsumeCertificate(CertificateMessage.java:1226) ~[?:?]
	at sun.security.ssl.CertificateMessage$T13CertificateConsumer.consume(CertificateMessage.java:1169) ~[?:?]
	at sun.security.ssl.SSLHandshake.consume(SSLHandshake.java:396) ~[?:?]
	at sun.security.ssl.HandshakeContext.dispatch(HandshakeContext.java:480) ~[?:?]
	at sun.security.ssl.SSLEngineImpl$DelegatedTask$DelegatedAction.run(SSLEngineImpl.java:1277) ~[?:?]
	at sun.security.ssl.SSLEngineImpl$DelegatedTask$DelegatedAction.run(SSLEngineImpl.java:1264) ~[?:?]
	at java.security.AccessController.doPrivileged(AccessController.java:712) ~[?:?]
	at sun.security.ssl.SSLEngineImpl$DelegatedTask.run(SSLEngineImpl.java:1209) ~[?:?]
	at java.util.ArrayList.forEach(ArrayList.java:1511) ~[?:?]
	at jdk.internal.net.http.common.SSLFlowDelegate.lambda$executeTasks$3(SSLFlowDelegate.java:1118) ~[java.net.http:?]
	at jdk.internal.net.http.HttpClientImpl$DelegatingExecutor.execute(HttpClientImpl.java:157) ~[java.net.http:?]
	at jdk.internal.net.http.common.SSLFlowDelegate.executeTasks(SSLFlowDelegate.java:1113) ~[java.net.http:?]
	at jdk.internal.net.http.common.SSLFlowDelegate.doHandshake(SSLFlowDelegate.java:1079) ~[java.net.http:?]
	at jdk.internal.net.http.common.SSLFlowDelegate$Reader.processData(SSLFlowDelegate.java:484) ~[java.net.http:?]
	at jdk.internal.net.http.common.SSLFlowDelegate$Reader$ReaderDownstreamPusher.run(SSLFlowDelegate.java:268) ~[java.net.http:?]
	at jdk.internal.net.http.common.SequentialScheduler$LockingRestartableTask.run(SequentialScheduler.java:205) ~[java.net.http:?]
	at jdk.internal.net.http.common.SequentialScheduler$CompleteRestartableTask.run(SequentialScheduler.java:149) ~[java.net.http:?]
	at jdk.internal.net.http.common.SequentialScheduler$TryEndDeferredCompleter.complete(SequentialScheduler.java:347) ~[java.net.http:?]
	at jdk.internal.net.http.common.SequentialScheduler$CompleteRestartableTask.run(SequentialScheduler.java:151) ~[java.net.http:?]
	at jdk.internal.net.http.common.SequentialScheduler$SchedulableTask.run(SequentialScheduler.java:230) ~[java.net.http:?]
	at java.util.concurrent.ThreadPoolExecutor.runWorker(ThreadPoolExecutor.java:1136) ~[?:?]
	at java.util.concurrent.ThreadPoolExecutor$Worker.run(ThreadPoolExecutor.java:635) ~[?:?]
	at java.lang.Thread.run(Thread.java:842) ~[?:?]
[148月2026 10:39:40.251] [Forge Version Check/INFO] [net.minecraftforge.fml.VersionChecker/]: [forge] Starting version check at https://files.minecraftforge.net/net/minecraftforge/forge/promotions_slim.json
[148月2026 10:39:41.247] [Forge Version Check/INFO] [net.minecraftforge.fml.VersionChecker/]: [forge] Found status: OUTDATED Current: 47.4.13 Target: 47.4.22
[148月2026 10:39:42.251] [main/INFO] [epicfight/]: Data keys [invincible:parry_timer, invincible:down, invincible:dodge_success_timer, invincible:right, invincible:up, invincible:left, invincible:cooldown] for invincible:combo_demo
[148月2026 10:39:42.252] [main/INFO] [epicfight/]: Data keys [epicfight:basic_attack_active, epicfight:combo_counter] for epicfight:basic_attack
[148月2026 10:39:42.254] [main/INFO] [epicfight/]: Data keys [epicfight:penalty_restore_counter, epicfight:penalty] for epicfight:guard
[148月2026 10:39:42.254] [main/INFO] [epicfight/]: Data keys [epicfight:penalty_restore_counter, epicfight:penalty, epicfight:last_active, epicfight:parry_motion_counter] for epicfight:parrying
[148月2026 10:39:42.255] [main/INFO] [epicfight/]: Data keys [epicfight:penalty_restore_counter, epicfight:penalty] for epicfight:impact_guard
[148月2026 10:39:42.255] [main/INFO] [epicfight/]: Data keys [epicfight:resisting_damage_type, epicfight:tick_record, epicfight:stacks] for epicfight:adaptive_skin
[148月2026 10:39:42.256] [main/INFO] [epicfight/]: Data keys [epicfight:tick_record] for epicfight:adrenaline_fiend
[148月2026 10:39:42.259] [main/INFO] [epicfight/]: Data keys [epicfight:stacks, epicfight:entity_id] for epicfight:bonebreaker
[148月2026 10:39:42.260] [main/INFO] [epicfight/]: Data keys [epicfight:tick_record, epicfight:entity_id] for epicfight:vengeance
[148月2026 10:39:42.261] [main/INFO] [epicfight/]: Data keys [epicfight:fall_distance, epicfight:slam_protect_next_fall] for epicfight:meteor_slam
[148月2026 10:39:42.262] [main/INFO] [epicfight/]: Data keys [epicfight:stacks] for epicfight:revelation
[148月2026 10:39:42.263] [main/INFO] [epicfight/]: Data keys [epicfight:slam_protect_next_fall] for epicfight:demolition_leap
[148月2026 10:39:42.264] [main/INFO] [epicfight/]: Data keys [epicfight:slam_protect_next_fall, epicfight:jump_key_pressed_last_tick, epicfight:jump_count] for epicfight:phantom_ascent
[148月2026 10:39:42.265] [main/INFO] [epicfight/]: Data keys [epicfight:last_hit_count] for epicfight:grasping_spire
[148月2026 10:39:42.266] [main/INFO] [epicfight/]: Data keys [epicfight:sheath] for epicfight:battojutsu_passive
[148月2026 10:39:42.266] [main/INFO] [epicfight/]: Data keys [epicfight:sheath] for epicfight:battojutsu
[148月2026 10:39:42.267] [main/INFO] [epicfight/]: Data keys [epicfight:combo_counter] for epicfight:blade_rush
[148月2026 10:39:42.268] [main/INFO] [epicfight/]: Data keys [epicfight:thrown_trident_entity_id] for epicfight:everlasting_allegiance
[148月2026 10:39:42.268] [main/INFO] [epicfight/]: Data keys [wom:target_id] for wom:ender_obscuris
[148月2026 10:39:42.269] [main/INFO] [epicfight/]: Data keys [wom:timer, wom:timer_refresh, wom:dodge] for wom:dodge_master
[148月2026 10:39:42.270] [main/INFO] [epicfight/]: Data keys [wom:timer, wom:registered_position, wom:cooldown, wom:timer_refresh, wom:dodge, wom:registered_health, wom:active] for wom:time_travel
[148月2026 10:39:42.272] [main/INFO] [epicfight/]: Data keys [wom:cooldown] for wom:punishment_kick
[148月2026 10:39:42.274] [main/INFO] [epicfight/]: Data keys [wom:holding_rmb, wom:parrying, epicfight:penalty_restore_counter, epicfight:penalty, wom:last_active, wom:consumprion_value] for wom:counter_attack
[148月2026 10:39:42.278] [main/INFO] [epicfight/]: Data keys [wom:timer, wom:charge, epicfight:penalty_restore_counter, wom:cooldown, wom:holding_stance, epicfight:penalty, wom:vengence_duration, wom:timer_refresh, wom:consumprion_value] for wom:vengeful_parry
[148月2026 10:39:42.280] [main/INFO] [epicfight/]: Data keys [wom:holding_rmb, wom:parrying, wom:charge, epicfight:penalty_restore_counter, wom:cooldown, epicfight:penalty] for wom:perfect_bulwark
[148月2026 10:39:42.281] [main/INFO] [epicfight/]: Data keys [wom:cycle, wom:charge] for wom:soul_protection
[148月2026 10:39:42.283] [main/INFO] [epicfight/]: Data keys [wom:cycle, wom:charge] for wom:shulker_cloak
[148月2026 10:39:42.283] [main/INFO] [epicfight/]: Data keys [wom:timer, wom:holding_rmb, epicfight:penalty_restore_counter, epicfight:penalty, wom:active] for wom:buster_parade
[148月2026 10:39:42.284] [main/INFO] [epicfight/]: Data keys [wom:duree, wom:timer, wom:timer_refresh, wom:active] for wom:pain_anticipation
[148月2026 10:39:42.285] [main/INFO] [epicfight/]: Data keys [wom:duree, wom:timer, wom:timer_refresh, wom:active] for wom:latent_retribution
[148月2026 10:39:42.286] [main/INFO] [epicfight/]: Data keys [wom:power, wom:rate] for wom:critical_knowledge
[148月2026 10:39:42.288] [main/INFO] [epicfight/]: Data keys [wom:cooldown, wom:recovery_rate, wom:max_shield] for wom:heart_shield
[148月2026 10:39:42.289] [main/INFO] [epicfight/]: Data keys [wom:step, wom:melody_index, wom:saved_elapsed_time] for wom:dancing_blade
[148月2026 10:39:42.290] [main/INFO] [epicfight/]: Data keys [wom:duree, wom:cycle, wom:timer, wom:stage, wom:timer_refresh, wom:active] for wom:meditation
[148月2026 10:39:42.292] [main/INFO] [epicfight/]: Data keys [wom:cooldown] for wom:dopamine
[148月2026 10:39:42.294] [main/INFO] [epicfight/]: Data keys [wom:last_active] for wom:manipulator
[148月2026 10:39:42.294] [main/INFO] [epicfight/]: Data keys [wom:power, wom:timer, wom:rate, wom:stack] for wom:lethal_focus
[148月2026 10:39:42.295] [main/INFO] [epicfight/]: Data keys [wom:timer, wom:angle, wom:wall_glide, wom:jump_key_up, wom:timer_refresh, wom:wall_running] for wom:spider_techniques
[148月2026 10:39:42.296] [main/INFO] [epicfight/]: Data keys [wom:diving, wom:jump_key_up, wom:cooldown, wom:water_dashing, wom:mermaid_movement, wom:consumprion_value, wom:crawling] for wom:aqua_maneuvre
[148月2026 10:39:42.296] [main/INFO] [epicfight/]: Data keys [wom:timer, wom:buffing, wom:wall_glide, wom:stage, wom:verso, wom:consumprion_value, wom:active, wom:wall_running] for wom:natural_sprinter
[148月2026 10:39:42.298] [main/INFO] [epicfight/]: Data keys [wom:timer] for wom:lunatic_vivacity
[148月2026 10:39:42.299] [main/INFO] [epicfight/]: Data keys [wom:timer, wom:registered_health, wom:consumprion_value] for wom:voodoo_magic
[148月2026 10:39:42.299] [main/INFO] [epicfight/]: Data keys [wom:target_distance, wom:target_id] for wom:back_and_forth
[148月2026 10:39:42.301] [main/INFO] [epicfight/]: Data keys [wom:cooldown, wom:combo] for wom:shooting_style
[148月2026 10:39:42.303] [main/INFO] [epicfight/]: Data keys [wom:timer, wom:active] for wom:proximity_exploiter
[148月2026 10:39:42.306] [main/INFO] [epicfight/]: Data keys [wom:timer, wom:stack] for wom:all_eyes_on_you
[148月2026 10:39:42.307] [main/INFO] [epicfight/]: Data keys [wom:timer, wom:stack] for wom:all_eyes_on_me
[148月2026 10:39:42.309] [main/INFO] [epicfight/]: Data keys [wom:timer, wom:cooldown] for wom:avatar_of_might
[148月2026 10:39:42.310] [main/INFO] [epicfight/]: Data keys [wom:attacks, wom:active, wom:stack] for wom:agony_plunge
[148月2026 10:39:42.310] [main/INFO] [epicfight/]: Data keys [wom:timer, wom:charged, wom:holding_rmb, wom:charging, wom:charged_attack, wom:movespeed, wom:saved_charge, wom:charging_time, wom:timer_refresh, wom:active] for wom:torment_passive
[148月2026 10:39:42.310] [main/INFO] [epicfight/]: Data keys [wom:timer, wom:timer_refresh, wom:active] for wom:true_berserk
[148月2026 10:39:42.312] [main/INFO] [epicfight/]: Data keys [wom:stack] for wom:herrscher_passive
[148月2026 10:39:42.314] [main/INFO] [epicfight/]: Data keys [wom:timer, wom:buffed, wom:strenght, wom:buffing, wom:verso, wom:timer_refresh, wom:redemptioon, wom:expiation] for wom:plunder_perdition
[148月2026 10:39:42.314] [main/INFO] [epicfight/]: Data keys [wom:sheath] for wom:satsujin_passive
[148月2026 10:39:42.315] [main/INFO] [epicfight/]: Data keys [wom:timer, wom:holding_rmb, wom:charge, wom:frequency, wom:holding_stance, wom:timer_refresh, wom:timedslash, wom:active, wom:charging, wom:saved_charge, wom:cooldown, wom:attacks, wom:damage, wom:second_draw, wom:stack] for wom:sakura_state
[148月2026 10:39:42.317] [main/INFO] [epicfight/]: Data keys [wom:holding_rmb, wom:shoot, wom:nofalldamage, wom:cooldown, wom:using_item, wom:zoom_cooldown, wom:combo, wom:reload_cooldown, wom:zoom] for wom:ender_blast
[148月2026 10:39:42.317] [main/INFO] [epicfight/]: Data keys [wom:holding_rmb, wom:shoot, wom:nofalldamage, wom:cooldown, wom:side, wom:using_item, wom:zoom_cooldown, wom:combo, wom:reload_cooldown, wom:zoom] for wom:ender_fusion
[148月2026 10:39:42.322] [main/INFO] [epicfight/]: Data keys [wom:charged, wom:holding_rmb, wom:guard_point_result, wom:parrying, wom:cooldown, wom:holding_stance, wom:charging_time, wom:combo, wom:guard_point, wom:gesetz_sprengkopf] for wom:regierung
[148月2026 10:39:42.322] [main/INFO] [epicfight/]: Data keys [wom:timer, wom:echo, wom:crescent, wom:lunar_eclipse_stack, wom:timer_refresh] for wom:lunar_eclipse
[148月2026 10:39:42.322] [main/INFO] [epicfight/]: Data keys [wom:verso, wom:idle] for wom:lunar_echo_passive
[148月2026 10:39:42.323] [main/INFO] [epicfight/]: Data keys [wom:darkness_activate_portal, wom:holding_rmb, wom:darkness_portal_vec, wom:darkness_portal_timer, wom:darkness_target_hited, wom:ascending, wom:zoom_cooldown, wom:shoot_cooldown, wom:active, wom:witherccatharsis, wom:darkness_target_vec, wom:witheraftereffect, wom:blackhole_vec, wom:zoom, wom:serius_focus_cooldown, wom:timer, wom:darkness_portal_angle, wom:serius_focus, wom:timer_refresh, wom:darkness_target, wom:blackhole, wom:blackhole_timer, wom:shoot, wom:darkness_target_reaped, wom:blackhole_active] for wom:demonic_ascension
[148月2026 10:39:42.325] [main/INFO] [epicfight/]: Data keys [wom:catharsis, wom:withercurse, wom:lapse, wom:blink, wom:idle, wom:particle, wom:basic_attack] for wom:demon_mark_passive
[148月2026 10:39:42.327] [main/INFO] [epicfight/]: Data keys [wom:timer, wom:holding_rmb, wom:solar_infernio, wom:charge, wom:heat_level, wom:timer_refresh, wom:solar_obscuridad, wom:particle, wom:cycle, wom:stored_heat_level, wom:charging, wom:solar_obscuridad_ta_timer, wom:timed_attack, wom:solar_crematorio, wom:heating_speed] for wom:solar_arcano
[148月2026 10:39:42.328] [main/INFO] [epicfight/]: Data keys [wom:timer, wom:solar_infernio, wom:charge, wom:heat_level, wom:timer_refresh, wom:solar_obscuridad, wom:particle, wom:cycle, wom:stored_heat_level, wom:charging, wom:solar_obscuridad_ta_timer, wom:timed_attack, wom:solar_crematorio, wom:heating_speed] for wom:solar_passive
[148月2026 10:39:42.329] [main/INFO] [epicfight/]: Data keys [wom:serius_focus, wom:serius_focus_cooldown] for wom:rechargement
[148月2026 10:39:42.329] [main/INFO] [epicfight/]: Data keys [wom:cycle, wom:charged, wom:shell_delay, wom:charge, wom:super_reload, wom:bullet_overloaded, wom:bullet_loaded, wom:shell_anim, wom:shell_number, wom:bullet_loaded_old, wom:active] for wom:napoleon_passive
[148月2026 10:39:42.330] [main/INFO] [epicfight/]: Data keys [efn:scythe_blood_power, efn:scythe_sheath] for efn:scythe_skill
[148月2026 10:39:42.330] [main/INFO] [epicfight/]: Data keys [efn:thornwheel_loop_available, efn:press_innate, efn:thornwheel_loop] for efn:thornwheel
[148月2026 10:39:42.330] [main/INFO] [epicfight/]: Data keys [efn:murasama_forward_dodge, efn:jump_key_pressed_last_tick, efn:jump_count] for efn:murasama_dodge
[148月2026 10:39:42.332] [main/INFO] [epicfight/]: Data keys [efn:max_puncture_chance, efn:current_puncture_chance, efn:base_puncture_chance, efn:puncture_increment] for efn:parry_master
[148月2026 10:39:42.332] [main/INFO] [epicfight/]: Data keys [efn:buff_end_tick, efn:buff_active, efn:defense_start_tick] for efn:precise_parry
[148月2026 10:39:42.333] [main/INFO] [epicfight/]: Data keys [efn:cooldown_2, efn:cooldown_1, efn:cooldown] for efn:judgementcutend
[148月2026 10:39:42.334] [main/INFO] [epicfight/]: Data keys [efn:cooldown_2, efn:cooldown_1, efn:cooldown] for efn:stomp
[148月2026 10:39:42.338] [main/INFO] [epicfight/]: Data keys [efn:murasama_zandatsu_end_time, efn:murasama_zansetsu_end_time, efn:arts_key_pressed, efn:murasama_zansetsu_input_mode, efn:murasama_zansetsu_timer, efn:murasama_last_triggered_sector, efn:murasama_key_left_down, efn:murasama_zansetsu_start_time, efn:murasama_zansetsu_sector, efn:murasama_opposite_triggered, efn:murasama_zandatsu_available, efn:murasama_zansetsu_active, efn:murasama_pair_flag, efn:murasama_zansetsu_slash_release, efn:murasama_input_mode_switch_pressed, efn:murasama_zansetsu_attack_counter, efn:arts_key, efn:murasama_key_right_down, efn:murasama_left_mouse_pressed, efn:murasama_zandatsu_start_time] for efn:zansetsu
[148月2026 10:39:42.340] [main/INFO] [epicfight/]: Data keys [efn:cooldown_2, efn:cooldown_1, efn:cooldown] for efn:execution
[148月2026 10:39:42.341] [main/INFO] [epicfight/]: Data keys [efn:efn_last_parry_time, efn:efn_parry_motion_counter, efn:efn_last_guard_start_tick, efn:efn_last_active, efn:efn_starting_parry, efn:efn_shake_detected, epicfight:penalty_restore_counter, efn:efn_shake_penalty_count, epicfight:penalty, efn:efn_delay_protection_end, efn:efn_last_successful_defense_tick, efn:efn_first_shake] for efn:efn_parry
[148月2026 10:39:42.341] [main/INFO] [epicfight/]: Data keys [efn:efn_last_parry_time, efn:efn_parry_motion_counter, efn:efn_last_guard_start_tick, efn:efn_last_active, efn:efn_starting_parry, efn:efn_shake_detected, epicfight:penalty_restore_counter, efn:efn_shake_penalty_count, epicfight:penalty, efn:efn_delay_protection_end, efn:efn_last_successful_defense_tick, efn:efn_first_shake] for efn:murasama_parry
[148月2026 10:39:42.342] [main/INFO] [epicfight/]: Data keys [efn:cooldown_2, efn:cooldown_1, efn:arts_input_buffer, efn:sekiro_art_index, efn:arts_key_pressed, efn:arts_key, efn:cooldown] for efn:mortal_blade
[148月2026 10:39:42.344] [main/INFO] [epicfight/]: Data keys [efn:charge_ticks, efn:cooldown_1, efn:was_long_pressed, efn:pressing_innate, invincible:right, invincible:left, invincible:parry_timer, efn:sneak_key, efn:key1_press_timer, efn:guard_key, efn:demon_key, efn:press_key3, efn:pressing_key2, invincible:up, efn:arts_key_pressed, efn:doppelganger_tick, efn:pressing_key3, efn:combo_counter, efn:press_key1, efn:cooldown_2, efn:up_key, efn:is_charging, efn:full_charge_message, efn:cooldown, efn:pressing_key1, invincible:dodge_success_timer, efn:down_key, efn:pressing_key4, efn:sprint_key, efn:press_innate, efn:jump_key, efn:key2_press_timer, invincible:cooldown, efn:have_doppelganger, efn:innate_press_timer, efn:doppelganger_style, invincible:down, efn:press_doppelganger, efn:press_key4, efn:force_release, efn:key3_press_timer, efn:energy_check, efn:key4_press_timer, efn:doppelganger_delay, efn:charge_power, efn:charge_message, efn:press_summon_sword, efn:charge_stage, efn:press_key2, efn:arts_key, efn:angel_key, efn:is_pressing] for efn:yamato
[148月2026 10:39:42.345] [main/INFO] [epicfight/]: Data keys [efn:doppelganger_style, efn:stun_cooldown, efn:doppelganger_delay, efn:doppelganger_tick, efn:have_doppelganger, efn:parry_cooldown] for efn:yamato_passive
[148月2026 10:39:42.347] [main/INFO] [epicfight/]: Data keys [efn:charge_ticks, efn:cooldown_1, efn:was_long_pressed, efn:pressing_innate, invincible:right, efn:damage_history, invincible:left, invincible:parry_timer, efn:sneak_key, efn:key1_press_timer, efn:guard_key, efn:demon_key, efn:is_replay_damage, efn:press_key3, efn:pressing_key2, invincible:up, efn:arts_key_pressed, efn:pressing_key3, efn:replay_enhanced, efn:combo_counter, efn:press_key1, efn:cooldown_2, efn:up_key, efn:is_charging, efn:full_charge_message, efn:cooldown, efn:pressing_key1, invincible:dodge_success_timer, efn:down_key, efn:pressing_key4, efn:sprint_key, efn:press_innate, efn:jump_key, efn:key2_press_timer, invincible:cooldown, efn:innate_press_timer, invincible:down, efn:press_key4, efn:force_release, efn:key3_press_timer, efn:energy_check, efn:key4_press_timer, efn:charge_power, efn:charge_message, efn:charge_stage, efn:press_summon_sword, efn:press_key2, efn:arts_key, efn:angel_key, efn:is_pressing] for efn:shortsword
[148月2026 10:39:42.348] [main/INFO] [epicfight/]: Data keys [invincible:dodge_success_timer, efn:charge_ticks, efn:down_key, efn:cooldown_1, efn:was_long_pressed, efn:pressing_key4, efn:pressing_innate, invincible:right, invincible:left, efn:sprint_key, invincible:parry_timer, efn:sneak_key, efn:press_innate, efn:jump_key, efn:key1_press_timer, efn:key2_press_timer, invincible:cooldown, efn:guard_key, efn:innate_press_timer, efn:demon_key, efn:press_key3, efn:pressing_key2, invincible:down, efn:press_key4, efn:force_release, invincible:up, efn:arts_key_pressed, efn:pressing_key3, efn:key3_press_timer, efn:energy_check, efn:combo_counter, efn:press_key1, efn:key4_press_timer, efn:cooldown_2, efn:charge_power, efn:charge_message, efn:charge_stage, efn:press_summon_sword, efn:up_key, efn:press_key2, efn:is_charging, efn:full_charge_message, efn:arts_key, efn:angel_key, efn:cooldown, efn:is_pressing, efn:pressing_key1] for efn:ruinsgreatsword
[148月2026 10:39:42.350] [main/INFO] [epicfight/]: Data keys [invincible:dodge_success_timer, efn:charge_ticks, efn:down_key, efn:cooldown_1, efn:was_long_pressed, efn:pressing_key4, efn:pressing_innate, invincible:right, invincible:left, efn:sprint_key, invincible:parry_timer, efn:sneak_key, efn:press_innate, efn:jump_key, efn:key1_press_timer, efn:key2_press_timer, invincible:cooldown, efn:guard_key, efn:innate_press_timer, efn:demon_key, efn:press_key3, efn:pressing_key2, invincible:down, efn:press_key4, efn:force_release, invincible:up, efn:arts_key_pressed, efn:pressing_key3, efn:key3_press_timer, efn:energy_check, efn:combo_counter, efn:press_key1, efn:key4_press_timer, efn:cooldown_2, efn:charge_power, efn:charge_message, efn:charge_stage, efn:press_summon_sword, efn:up_key, efn:press_key2, efn:is_charging, efn:full_charge_message, efn:arts_key, efn:angel_key, efn:cooldown, efn:is_pressing, efn:pressing_key1] for efn:pioneer
[148月2026 10:39:42.351] [main/INFO] [epicfight/]: Data keys [efn:charge_ticks, efn:cooldown_1, efn:was_long_pressed, efn:pressing_innate, invincible:right, invincible:left, efn:murasama_sheath, invincible:parry_timer, efn:sneak_key, efn:murasama_zandatsu_available, efn:murasama_zansetsu_active, efn:murasama_pair_flag, efn:key1_press_timer, efn:guard_key, efn:murasama_zandatsu_start_time, efn:demon_key, efn:press_key3, efn:pressing_key2, invincible:up, efn:murasama_zansetsu_input_mode, efn:arts_key_pressed, efn:pressing_key3, efn:murasama_zansetsu_start_time, efn:combo_counter, efn:press_key1, efn:murasama_forward_dodge, efn:cooldown_2, efn:up_key, efn:is_charging, efn:full_charge_message, efn:cooldown, efn:murasama_left_mouse_pressed, efn:pressing_key1, invincible:dodge_success_timer, efn:down_key, efn:pressing_key4, efn:sprint_key, efn:press_innate, efn:murasama_zansetsu_slash_release, efn:manual_unsheath, efn:jump_key, efn:key2_press_timer, invincible:cooldown, efn:murasama_air_borne, efn:innate_press_timer, invincible:down, efn:murasama_sheath_timer, efn:murasama_zandatsu_end_time, efn:murasama_zansetsu_end_time, efn:press_key4, efn:force_release, efn:murasama_zansetsu_timer, efn:murasama_last_triggered_sector, efn:key3_press_timer, efn:murasama_key_left_down, efn:sprint_sheath_timer, efn:energy_check, efn:murasama_zansetsu_sector, efn:key4_press_timer, efn:murasama_opposite_triggered, efn:charge_power, efn:charge_message, efn:murasama_input_mode_switch_pressed, efn:charge_stage, efn:press_summon_sword, efn:murasama_zansetsu_attack_counter, efn:press_key2, efn:arts_key, efn:murasama_key_right_down, efn:angel_key, efn:is_pressing] for efn:murasama
[148月2026 10:39:42.352] [main/INFO] [epicfight/]: Data keys [efn:jump_count, efn:backward_pressed_last_tick, efn:murasama_sheath, efn:murasama_zandatsu_available, efn:murasama_zansetsu_active, efn:murasama_pair_flag, efn:murasama_zansetsu_slash_release, efn:manual_unsheath, efn:is_double_tap_sprint, efn:forward_backward_window_active, efn:up_key_pressed_last_tick, efn:murasama_zandatsu_start_time, efn:forward_pressed_last_tick, efn:murasama_sheath_timer, efn:murasama_zandatsu_end_time, efn:murasama_zansetsu_end_time, efn:jump_key_pressed_last_tick, efn:forward_backward_end_tick, efn:murasama_zansetsu_input_mode, efn:murasama_zansetsu_timer, efn:murasama_last_triggered_sector, efn:murasama_key_left_down, efn:murasama_zansetsu_start_time, efn:sprint_sheath_timer, efn:murasama_zansetsu_sector, efn:forward_backward_timer, efn:murasama_forward_dodge, efn:was_double_tap_sprint, efn:forward_backward_remaining_ticks, efn:murasama_opposite_triggered, efn:double_tap_timer, efn:murasama_input_mode_switch_pressed, efn:murasama_zansetsu_attack_counter, efn:forward_backward_success, efn:murasama_key_right_down, efn:murasama_left_mouse_pressed] for efn:murasama_passive
[148月2026 10:39:42.354] [main/INFO] [epicfight/]: Data keys [invincible:dodge_success_timer, efn:charge_ticks, efn:down_key, efn:cooldown_1, efn:was_long_pressed, efn:pressing_key4, efn:pressing_innate, invincible:right, invincible:left, efn:sprint_key, invincible:parry_timer, efn:sneak_key, efn:press_innate, efn:jump_key, efn:key1_press_timer, efn:key2_press_timer, invincible:cooldown, efn:guard_key, efn:innate_press_timer, efn:demon_key, efn:press_key3, efn:pressing_key2, invincible:down, efn:press_key4, efn:force_release, invincible:up, efn:arts_key_pressed, efn:pressing_key3, efn:key3_press_timer, efn:energy_check, efn:combo_counter, efn:press_key1, efn:key4_press_timer, efn:cooldown_2, efn:charge_power, efn:charge_message, efn:charge_stage, efn:press_summon_sword, efn:up_key, efn:press_key2, efn:is_charging, efn:full_charge_message, efn:arts_key, efn:angel_key, efn:cooldown, efn:is_pressing, efn:pressing_key1] for efn:meenlance
[148月2026 10:39:42.355] [main/INFO] [epicfight/]: Data keys [invincible:dodge_success_timer, efn:charge_ticks, efn:down_key, efn:cooldown_1, efn:was_long_pressed, efn:pressing_key4, efn:pressing_innate, invincible:right, invincible:left, efn:sprint_key, invincible:parry_timer, efn:sneak_key, efn:press_innate, efn:jump_key, efn:key1_press_timer, efn:key2_press_timer, invincible:cooldown, efn:guard_key, efn:innate_press_timer, efn:demon_key, efn:press_key3, efn:pressing_key2, invincible:down, efn:press_key4, efn:force_release, invincible:up, efn:arts_key_pressed, efn:pressing_key3, efn:key3_press_timer, efn:energy_check, efn:combo_counter, efn:press_key1, efn:key4_press_timer, efn:cooldown_2, efn:charge_power, efn:charge_message, efn:charge_stage, efn:press_summon_sword, efn:up_key, efn:press_key2, efn:is_charging, efn:full_charge_message, efn:arts_key, efn:angel_key, efn:cooldown, efn:is_pressing, efn:pressing_key1] for efn:kusabimaru
[148月2026 10:39:42.357] [main/INFO] [epicfight/]: Data keys [efn:charge_ticks, efn:cooldown_1, efn:was_long_pressed, efn:pressing_innate, invincible:right, invincible:left, efn:murasama_sheath, invincible:parry_timer, efn:sneak_key, efn:murasama_zandatsu_available, efn:murasama_zansetsu_active, efn:murasama_pair_flag, efn:key1_press_timer, efn:guard_key, efn:murasama_zandatsu_start_time, efn:demon_key, efn:press_key3, efn:pressing_key2, invincible:up, efn:murasama_zansetsu_input_mode, efn:arts_key_pressed, efn:pressing_key3, efn:murasama_zansetsu_start_time, efn:combo_counter, efn:press_key1, efn:murasama_forward_dodge, efn:cooldown_2, efn:up_key, efn:is_charging, efn:full_charge_message, efn:cooldown, efn:murasama_left_mouse_pressed, efn:pressing_key1, invincible:dodge_success_timer, efn:down_key, efn:pressing_key4, efn:sprint_key, efn:press_innate, efn:murasama_zansetsu_slash_release, efn:manual_unsheath, efn:jump_key, efn:key2_press_timer, invincible:cooldown, efn:murasama_air_borne, efn:innate_press_timer, invincible:down, efn:murasama_sheath_timer, efn:murasama_zandatsu_end_time, efn:murasama_zansetsu_end_time, efn:press_key4, efn:force_release, efn:murasama_zansetsu_timer, efn:murasama_last_triggered_sector, efn:key3_press_timer, efn:murasama_key_left_down, efn:sprint_sheath_timer, efn:energy_check, efn:murasama_zansetsu_sector, efn:key4_press_timer, efn:murasama_opposite_triggered, efn:charge_power, efn:charge_message, efn:murasama_input_mode_switch_pressed, efn:charge_stage, efn:press_summon_sword, efn:murasama_zansetsu_attack_counter, efn:press_key2, efn:arts_key, efn:murasama_key_right_down, efn:angel_key, efn:is_pressing] for efn:hf_blade
[148月2026 10:39:42.358] [main/INFO] [epicfight/]: Data keys [efn:jump_count, efn:backward_pressed_last_tick, efn:murasama_sheath, efn:murasama_zandatsu_available, efn:murasama_zansetsu_active, efn:murasama_pair_flag, efn:murasama_zansetsu_slash_release, efn:manual_unsheath, efn:is_double_tap_sprint, efn:forward_backward_window_active, efn:up_key_pressed_last_tick, efn:murasama_zandatsu_start_time, efn:forward_pressed_last_tick, efn:murasama_sheath_timer, efn:murasama_zandatsu_end_time, efn:murasama_zansetsu_end_time, efn:jump_key_pressed_last_tick, efn:forward_backward_end_tick, efn:murasama_zansetsu_input_mode, efn:murasama_zansetsu_timer, efn:murasama_last_triggered_sector, efn:murasama_key_left_down, efn:murasama_zansetsu_start_time, efn:sprint_sheath_timer, efn:murasama_zansetsu_sector, efn:forward_backward_timer, efn:murasama_forward_dodge, efn:was_double_tap_sprint, efn:forward_backward_remaining_ticks, efn:murasama_opposite_triggered, efn:double_tap_timer, efn:murasama_input_mode_switch_pressed, efn:murasama_zansetsu_attack_counter, efn:forward_backward_success, efn:murasama_key_right_down, efn:murasama_left_mouse_pressed] for efn:hf_blade_passive
[148月2026 10:39:42.359] [main/INFO] [epicfight/]: Data keys [invincible:dodge_success_timer, efn:charge_ticks, efn:down_key, efn:cooldown_1, efn:was_long_pressed, efn:pressing_key4, efn:pressing_innate, invincible:right, invincible:left, efn:sprint_key, invincible:parry_timer, efn:sneak_key, efn:press_innate, efn:jump_key, efn:key1_press_timer, efn:key2_press_timer, invincible:cooldown, efn:guard_key, efn:innate_press_timer, efn:demon_key, efn:press_key3, efn:pressing_key2, invincible:down, efn:press_key4, efn:force_release, invincible:up, efn:arts_key_pressed, efn:pressing_key3, efn:key3_press_timer, efn:energy_check, efn:combo_counter, efn:press_key1, efn:key4_press_timer, efn:cooldown_2, efn:charge_power, efn:charge_message, efn:charge_stage, efn:press_summon_sword, efn:up_key, efn:press_key2, efn:is_charging, efn:full_charge_message, efn:arts_key, efn:angel_key, efn:cooldown, efn:is_pressing, efn:pressing_key1] for efn:exsiliumgladius
[148月2026 10:39:42.360] [main/INFO] [epicfight/]: Data keys [invincible:parry_timer, invincible:down, invincible:dodge_success_timer, invincible:right, invincible:up, invincible:left, invincible:cooldown] for efn:examplecombo
[148月2026 10:39:42.361] [main/INFO] [epicfight/]: Data keys [invincible:dodge_success_timer, efn:charge_ticks, efn:down_key, efn:cooldown_1, efn:was_long_pressed, efn:pressing_key4, efn:pressing_innate, invincible:right, invincible:left, efn:sprint_key, invincible:parry_timer, efn:sneak_key, efn:press_innate, efn:jump_key, efn:key1_press_timer, efn:key2_press_timer, invincible:cooldown, efn:guard_key, efn:innate_press_timer, efn:demon_key, efn:press_key3, efn:pressing_key2, invincible:down, efn:press_key4, efn:force_release, invincible:up, efn:arts_key_pressed, efn:pressing_key3, efn:key3_press_timer, efn:energy_check, efn:combo_counter, efn:press_key1, efn:key4_press_timer, efn:cooldown_2, efn:charge_power, efn:charge_message, efn:charge_stage, efn:press_summon_sword, efn:up_key, efn:press_key2, efn:is_charging, efn:full_charge_message, efn:arts_key, efn:angel_key, efn:cooldown, efn:is_pressing, efn:pressing_key1] for efn:crescentmoon
[148月2026 10:39:42.363] [main/INFO] [epicfight/]: Data keys [invincible:dodge_success_timer, efn:charge_ticks, efn:down_key, efn:cooldown_1, efn:was_long_pressed, efn:pressing_key4, efn:pressing_innate, invincible:right, invincible:left, efn:sprint_key, invincible:parry_timer, efn:sneak_key, efn:press_innate, efn:jump_key, efn:key1_press_timer, efn:key2_press_timer, invincible:cooldown, efn:guard_key, efn:innate_press_timer, efn:demon_key, efn:press_key3, efn:pressing_key2, invincible:down, efn:press_key4, efn:force_release, invincible:up, efn:arts_key_pressed, efn:pressing_key3, efn:key3_press_timer, efn:energy_check, efn:combo_counter, efn:press_key1, efn:key4_press_timer, efn:cooldown_2, efn:charge_power, efn:charge_message, efn:charge_stage, efn:press_summon_sword, efn:up_key, efn:press_key2, efn:is_charging, efn:full_charge_message, efn:arts_key, efn:angel_key, efn:cooldown, efn:is_pressing, efn:pressing_key1] for efn:broadblade
[148月2026 10:39:42.373] [main/INFO] [epicfight/]: Data keys [invincible:dodge_success_timer, efn:charge_ticks, efn:down_key, efn:cooldown_1, efn:was_long_pressed, efn:pressing_key4, efn:pressing_innate, invincible:right, invincible:left, efn:sprint_key, invincible:parry_timer, efn:sneak_key, efn:press_innate, efn:jump_key, efn:key1_press_timer, efn:key2_press_timer, invincible:cooldown, efn:guard_key, efn:innate_press_timer, efn:demon_key, efn:press_key3, efn:pressing_key2, invincible:down, efn:press_key4, efn:force_release, invincible:up, efn:arts_key_pressed, efn:pressing_key3, efn:key3_press_timer, efn:energy_check, efn:combo_counter, efn:press_key1, efn:key4_press_timer, efn:cooldown_2, efn:charge_power, efn:charge_message, efn:charge_stage, efn:press_summon_sword, efn:up_key, efn:press_key2, efn:is_charging, efn:full_charge_message, efn:arts_key, efn:angel_key, efn:cooldown, efn:is_pressing, efn:pressing_key1] for efn:bloodlust
[148月2026 10:39:42.376] [main/INFO] [epicfight/]: Data keys [invincible:dodge_success_timer, efn:charge_ticks, efn:down_key, efn:cooldown_1, efn:was_long_pressed, efn:pressing_key4, efn:pressing_innate, invincible:right, invincible:left, efn:sprint_key, invincible:parry_timer, efn:sneak_key, efn:press_innate, efn:jump_key, efn:key1_press_timer, efn:key2_press_timer, invincible:cooldown, efn:guard_key, efn:innate_press_timer, efn:demon_key, efn:press_key3, efn:pressing_key2, invincible:down, efn:press_key4, efn:force_release, invincible:up, efn:arts_key_pressed, efn:pressing_key3, efn:key3_press_timer, efn:energy_check, efn:combo_counter, efn:press_key1, efn:key4_press_timer, efn:cooldown_2, efn:charge_power, efn:charge_message, efn:charge_stage, efn:press_summon_sword, efn:up_key, efn:press_key2, efn:is_charging, efn:full_charge_message, efn:arts_key, efn:angel_key, efn:cooldown, efn:is_pressing, efn:pressing_key1] for efn:beastclaw
[148月2026 10:39:42.376] [main/INFO] [epicfight/]: Data keys [invincible:dodge_success_timer, efn:charge_ticks, efn:down_key, efn:cooldown_1, efn:was_long_pressed, efn:pressing_key4, efn:pressing_innate, invincible:right, invincible:left, efn:sprint_key, invincible:parry_timer, efn:sneak_key, efn:press_innate, efn:jump_key, efn:key1_press_timer, efn:key2_press_timer, invincible:cooldown, efn:guard_key, efn:innate_press_timer, efn:demon_key, efn:press_key3, efn:pressing_key2, invincible:down, efn:press_key4, efn:force_release, invincible:up, efn:arts_key_pressed, efn:pressing_key3, efn:key3_press_timer, efn:energy_check, efn:combo_counter, efn:press_key1, efn:key4_press_timer, efn:cooldown_2, efn:charge_power, efn:charge_message, efn:charge_stage, efn:press_summon_sword, efn:up_key, efn:press_key2, efn:is_charging, efn:full_charge_message, efn:arts_key, efn:angel_key, efn:cooldown, efn:is_pressing, efn:pressing_key1] for efn:aetherialdusk
[148月2026 10:39:42.377] [main/INFO] [epicfight/]: Data keys [annoyingvillagers:trident_amount, annoyingvillagers:is_trident_ranged_mode] for annoyingvillagers:trident_festival
[148月2026 10:39:42.459] [main/INFO] [com.mojang.authlib.yggdrasil.YggdrasilAuthenticationService/]: Environment: authHost='https://authserver.mojang.com', accountsHost='https://api.mojang.com', sessionHost='https://sessionserver.mojang.com', servicesHost='https://api.minecraftservices.com', name='PROD'
[148月2026 10:39:43.621] [main/INFO] [epicfight/]: Data keys [invincible:parry_timer, invincible:down, invincible:dodge_success_timer, invincible:right, invincible:up, invincible:left, invincible:cooldown] for invincible:combo_demo
[148月2026 10:39:43.622] [main/INFO] [epicfight/]: Data keys [epicfight:basic_attack_active, epicfight:combo_counter] for epicfight:basic_attack
[148月2026 10:39:43.622] [main/INFO] [epicfight/]: Data keys [epicfight:penalty_restore_counter, epicfight:penalty] for epicfight:guard
[148月2026 10:39:43.622] [main/INFO] [epicfight/]: Data keys [epicfight:penalty_restore_counter, epicfight:penalty, epicfight:last_active, epicfight:parry_motion_counter] for epicfight:parrying
[148月2026 10:39:43.622] [main/INFO] [epicfight/]: Data keys [epicfight:penalty_restore_counter, epicfight:penalty] for epicfight:impact_guard
[148月2026 10:39:43.623] [main/INFO] [epicfight/]: Data keys [epicfight:resisting_damage_type, epicfight:tick_record, epicfight:stacks] for epicfight:adaptive_skin
[148月2026 10:39:43.623] [main/INFO] [epicfight/]: Data keys [epicfight:tick_record] for epicfight:adrenaline_fiend
[148月2026 10:39:43.624] [main/INFO] [epicfight/]: Data keys [epicfight:stacks, epicfight:entity_id] for epicfight:bonebreaker
[148月2026 10:39:43.624] [main/INFO] [epicfight/]: Data keys [epicfight:tick_record, epicfight:entity_id] for epicfight:vengeance
[148月2026 10:39:43.624] [main/INFO] [epicfight/]: Data keys [epicfight:fall_distance, epicfight:slam_protect_next_fall] for epicfight:meteor_slam
[148月2026 10:39:43.624] [main/INFO] [epicfight/]: Data keys [epicfight:stacks] for epicfight:revelation
[148月2026 10:39:43.624] [main/INFO] [epicfight/]: Data keys [epicfight:slam_protect_next_fall] for epicfight:demolition_leap
[148月2026 10:39:43.624] [main/INFO] [epicfight/]: Data keys [epicfight:slam_protect_next_fall, epicfight:jump_key_pressed_last_tick, epicfight:jump_count] for epicfight:phantom_ascent
[148月2026 10:39:43.624] [main/INFO] [epicfight/]: Data keys [epicfight:last_hit_count] for epicfight:grasping_spire
[148月2026 10:39:43.625] [main/INFO] [epicfight/]: Data keys [epicfight:sheath] for epicfight:battojutsu_passive
[148月2026 10:39:43.625] [main/INFO] [epicfight/]: Data keys [epicfight:sheath] for epicfight:battojutsu
[148月2026 10:39:43.625] [main/INFO] [epicfight/]: Data keys [epicfight:combo_counter] for epicfight:blade_rush
[148月2026 10:39:43.625] [main/INFO] [epicfight/]: Data keys [epicfight:thrown_trident_entity_id] for epicfight:everlasting_allegiance
[148月2026 10:39:43.625] [main/INFO] [epicfight/]: Data keys [wom:target_id] for wom:ender_obscuris
[148月2026 10:39:43.626] [main/INFO] [epicfight/]: Data keys [wom:timer, wom:timer_refresh, wom:dodge] for wom:dodge_master
[148月2026 10:39:43.626] [main/INFO] [epicfight/]: Data keys [wom:timer, wom:registered_position, wom:cooldown, wom:timer_refresh, wom:dodge, wom:registered_health, wom:active] for wom:time_travel
[148月2026 10:39:43.627] [main/INFO] [epicfight/]: Data keys [wom:cooldown] for wom:punishment_kick
[148月2026 10:39:43.627] [main/INFO] [epicfight/]: Data keys [wom:holding_rmb, wom:parrying, epicfight:penalty_restore_counter, epicfight:penalty, wom:last_active, wom:consumprion_value] for wom:counter_attack
[148月2026 10:39:43.627] [main/INFO] [epicfight/]: Data keys [wom:timer, wom:charge, epicfight:penalty_restore_counter, wom:cooldown, wom:holding_stance, epicfight:penalty, wom:vengence_duration, wom:timer_refresh, wom:consumprion_value] for wom:vengeful_parry
[148月2026 10:39:43.627] [main/INFO] [epicfight/]: Data keys [wom:holding_rmb, wom:parrying, wom:charge, epicfight:penalty_restore_counter, wom:cooldown, epicfight:penalty] for wom:perfect_bulwark
[148月2026 10:39:43.627] [main/INFO] [epicfight/]: Data keys [wom:cycle, wom:charge] for wom:soul_protection
[148月2026 10:39:43.629] [main/INFO] [epicfight/]: Data keys [wom:cycle, wom:charge] for wom:shulker_cloak
[148月2026 10:39:43.629] [main/INFO] [epicfight/]: Data keys [wom:timer, wom:holding_rmb, epicfight:penalty_restore_counter, epicfight:penalty, wom:active] for wom:buster_parade
[148月2026 10:39:43.629] [main/INFO] [epicfight/]: Data keys [wom:duree, wom:timer, wom:timer_refresh, wom:active] for wom:pain_anticipation
[148月2026 10:39:43.629] [main/INFO] [epicfight/]: Data keys [wom:duree, wom:timer, wom:timer_refresh, wom:active] for wom:latent_retribution
[148月2026 10:39:43.629] [main/INFO] [epicfight/]: Data keys [wom:power, wom:rate] for wom:critical_knowledge
[148月2026 10:39:43.630] [main/INFO] [epicfight/]: Data keys [wom:cooldown, wom:recovery_rate, wom:max_shield] for wom:heart_shield
[148月2026 10:39:43.630] [main/INFO] [epicfight/]: Data keys [wom:step, wom:melody_index, wom:saved_elapsed_time] for wom:dancing_blade
[148月2026 10:39:43.630] [main/INFO] [epicfight/]: Data keys [wom:duree, wom:cycle, wom:timer, wom:stage, wom:timer_refresh, wom:active] for wom:meditation
[148月2026 10:39:43.631] [main/INFO] [epicfight/]: Data keys [wom:cooldown] for wom:dopamine
[148月2026 10:39:43.631] [main/INFO] [epicfight/]: Data keys [wom:last_active] for wom:manipulator
[148月2026 10:39:43.631] [main/INFO] [epicfight/]: Data keys [wom:power, wom:timer, wom:rate, wom:stack] for wom:lethal_focus
[148月2026 10:39:43.632] [main/INFO] [epicfight/]: Data keys [wom:timer, wom:angle, wom:wall_glide, wom:jump_key_up, wom:timer_refresh, wom:wall_running] for wom:spider_techniques
[148月2026 10:39:43.632] [main/INFO] [epicfight/]: Data keys [wom:diving, wom:jump_key_up, wom:cooldown, wom:water_dashing, wom:mermaid_movement, wom:consumprion_value, wom:crawling] for wom:aqua_maneuvre
[148月2026 10:39:43.632] [main/INFO] [epicfight/]: Data keys [wom:timer, wom:buffing, wom:wall_glide, wom:stage, wom:verso, wom:consumprion_value, wom:active, wom:wall_running] for wom:natural_sprinter
[148月2026 10:39:43.632] [main/INFO] [epicfight/]: Data keys [wom:timer] for wom:lunatic_vivacity
[148月2026 10:39:43.632] [main/INFO] [epicfight/]: Data keys [wom:timer, wom:registered_health, wom:consumprion_value] for wom:voodoo_magic
[148月2026 10:39:43.633] [main/INFO] [epicfight/]: Data keys [wom:target_distance, wom:target_id] for wom:back_and_forth
[148月2026 10:39:43.633] [main/INFO] [epicfight/]: Data keys [wom:cooldown, wom:combo] for wom:shooting_style
[148月2026 10:39:43.633] [main/INFO] [epicfight/]: Data keys [wom:timer, wom:active] for wom:proximity_exploiter
[148月2026 10:39:43.634] [main/INFO] [epicfight/]: Data keys [wom:timer, wom:stack] for wom:all_eyes_on_you
[148月2026 10:39:43.634] [main/INFO] [epicfight/]: Data keys [wom:timer, wom:stack] for wom:all_eyes_on_me
[148月2026 10:39:43.634] [main/INFO] [epicfight/]: Data keys [wom:timer, wom:cooldown] for wom:avatar_of_might
[148月2026 10:39:43.634] [main/INFO] [epicfight/]: Data keys [wom:attacks, wom:active, wom:stack] for wom:agony_plunge
[148月2026 10:39:43.634] [main/INFO] [epicfight/]: Data keys [wom:timer, wom:charged, wom:holding_rmb, wom:charging, wom:charged_attack, wom:movespeed, wom:saved_charge, wom:charging_time, wom:timer_refresh, wom:active] for wom:torment_passive
[148月2026 10:39:43.634] [main/INFO] [epicfight/]: Data keys [wom:timer, wom:timer_refresh, wom:active] for wom:true_berserk
[148月2026 10:39:43.634] [main/INFO] [epicfight/]: Data keys [wom:stack] for wom:herrscher_passive
[148月2026 10:39:43.634] [main/INFO] [epicfight/]: Data keys [wom:timer, wom:buffed, wom:strenght, wom:buffing, wom:verso, wom:timer_refresh, wom:redemptioon, wom:expiation] for wom:plunder_perdition
[148月2026 10:39:43.634] [main/INFO] [epicfight/]: Data keys [wom:sheath] for wom:satsujin_passive
[148月2026 10:39:43.634] [main/INFO] [epicfight/]: Data keys [wom:timer, wom:holding_rmb, wom:charge, wom:frequency, wom:holding_stance, wom:timer_refresh, wom:timedslash, wom:active, wom:charging, wom:saved_charge, wom:cooldown, wom:attacks, wom:damage, wom:second_draw, wom:stack] for wom:sakura_state
[148月2026 10:39:43.634] [main/INFO] [epicfight/]: Data keys [wom:holding_rmb, wom:shoot, wom:nofalldamage, wom:cooldown, wom:using_item, wom:zoom_cooldown, wom:combo, wom:reload_cooldown, wom:zoom] for wom:ender_blast
[148月2026 10:39:43.635] [main/INFO] [epicfight/]: Data keys [wom:holding_rmb, wom:shoot, wom:nofalldamage, wom:cooldown, wom:side, wom:using_item, wom:zoom_cooldown, wom:combo, wom:reload_cooldown, wom:zoom] for wom:ender_fusion
[148月2026 10:39:43.635] [main/INFO] [epicfight/]: Data keys [wom:charged, wom:holding_rmb, wom:guard_point_result, wom:parrying, wom:cooldown, wom:holding_stance, wom:charging_time, wom:combo, wom:guard_point, wom:gesetz_sprengkopf] for wom:regierung
[148月2026 10:39:43.635] [main/INFO] [epicfight/]: Data keys [wom:timer, wom:echo, wom:crescent, wom:lunar_eclipse_stack, wom:timer_refresh] for wom:lunar_eclipse
[148月2026 10:39:43.635] [main/INFO] [epicfight/]: Data keys [wom:verso, wom:idle] for wom:lunar_echo_passive
[148月2026 10:39:43.635] [main/INFO] [epicfight/]: Data keys [wom:darkness_activate_portal, wom:holding_rmb, wom:darkness_portal_vec, wom:darkness_portal_timer, wom:darkness_target_hited, wom:ascending, wom:zoom_cooldown, wom:shoot_cooldown, wom:active, wom:witherccatharsis, wom:darkness_target_vec, wom:witheraftereffect, wom:blackhole_vec, wom:zoom, wom:serius_focus_cooldown, wom:timer, wom:darkness_portal_angle, wom:serius_focus, wom:timer_refresh, wom:darkness_target, wom:blackhole, wom:blackhole_timer, wom:shoot, wom:darkness_target_reaped, wom:blackhole_active] for wom:demonic_ascension
[148月2026 10:39:43.635] [main/INFO] [epicfight/]: Data keys [wom:catharsis, wom:withercurse, wom:lapse, wom:blink, wom:idle, wom:particle, wom:basic_attack] for wom:demon_mark_passive
[148月2026 10:39:43.635] [main/INFO] [epicfight/]: Data keys [wom:timer, wom:holding_rmb, wom:solar_infernio, wom:charge, wom:heat_level, wom:timer_refresh, wom:solar_obscuridad, wom:particle, wom:cycle, wom:stored_heat_level, wom:charging, wom:solar_obscuridad_ta_timer, wom:timed_attack, wom:solar_crematorio, wom:heating_speed] for wom:solar_arcano
[148月2026 10:39:43.636] [main/INFO] [epicfight/]: Data keys [wom:timer, wom:solar_infernio, wom:charge, wom:heat_level, wom:timer_refresh, wom:solar_obscuridad, wom:particle, wom:cycle, wom:stored_heat_level, wom:charging, wom:solar_obscuridad_ta_timer, wom:timed_attack, wom:solar_crematorio, wom:heating_speed] for wom:solar_passive
[148月2026 10:39:43.636] [main/INFO] [epicfight/]: Data keys [wom:serius_focus, wom:serius_focus_cooldown] for wom:rechargement
[148月2026 10:39:43.636] [main/INFO] [epicfight/]: Data keys [wom:cycle, wom:charged, wom:shell_delay, wom:charge, wom:super_reload, wom:bullet_overloaded, wom:bullet_loaded, wom:shell_anim, wom:shell_number, wom:bullet_loaded_old, wom:active] for wom:napoleon_passive
[148月2026 10:39:43.636] [main/INFO] [epicfight/]: Data keys [efn:scythe_blood_power, efn:scythe_sheath] for efn:scythe_skill
[148月2026 10:39:43.636] [main/INFO] [epicfight/]: Data keys [efn:thornwheel_loop_available, efn:press_innate, efn:thornwheel_loop] for efn:thornwheel
[148月2026 10:39:43.636] [main/INFO] [epicfight/]: Data keys [efn:murasama_forward_dodge, efn:jump_key_pressed_last_tick, efn:jump_count] for efn:murasama_dodge
[148月2026 10:39:43.636] [main/INFO] [epicfight/]: Data keys [efn:max_puncture_chance, efn:current_puncture_chance, efn:base_puncture_chance, efn:puncture_increment] for efn:parry_master
[148月2026 10:39:43.637] [main/INFO] [epicfight/]: Data keys [efn:buff_end_tick, efn:buff_active, efn:defense_start_tick] for efn:precise_parry
[148月2026 10:39:43.637] [main/INFO] [epicfight/]: Data keys [efn:cooldown_2, efn:cooldown_1, efn:cooldown] for efn:judgementcutend
[148月2026 10:39:43.637] [main/INFO] [epicfight/]: Data keys [efn:cooldown_2, efn:cooldown_1, efn:cooldown] for efn:stomp
[148月2026 10:39:43.637] [main/INFO] [epicfight/]: Data keys [efn:murasama_zandatsu_end_time, efn:murasama_zansetsu_end_time, efn:arts_key_pressed, efn:murasama_zansetsu_input_mode, efn:murasama_zansetsu_timer, efn:murasama_last_triggered_sector, efn:murasama_key_left_down, efn:murasama_zansetsu_start_time, efn:murasama_zansetsu_sector, efn:murasama_opposite_triggered, efn:murasama_zandatsu_available, efn:murasama_zansetsu_active, efn:murasama_pair_flag, efn:murasama_zansetsu_slash_release, efn:murasama_input_mode_switch_pressed, efn:murasama_zansetsu_attack_counter, efn:arts_key, efn:murasama_key_right_down, efn:murasama_left_mouse_pressed, efn:murasama_zandatsu_start_time] for efn:zansetsu
[148月2026 10:39:43.637] [main/INFO] [epicfight/]: Data keys [efn:cooldown_2, efn:cooldown_1, efn:cooldown] for efn:execution
[148月2026 10:39:43.638] [main/INFO] [epicfight/]: Data keys [efn:efn_last_parry_time, efn:efn_parry_motion_counter, efn:efn_last_guard_start_tick, efn:efn_last_active, efn:efn_starting_parry, efn:efn_shake_detected, epicfight:penalty_restore_counter, efn:efn_shake_penalty_count, epicfight:penalty, efn:efn_delay_protection_end, efn:efn_last_successful_defense_tick, efn:efn_first_shake] for efn:efn_parry
[148月2026 10:39:43.638] [main/INFO] [epicfight/]: Data keys [efn:efn_last_parry_time, efn:efn_parry_motion_counter, efn:efn_last_guard_start_tick, efn:efn_last_active, efn:efn_starting_parry, efn:efn_shake_detected, epicfight:penalty_restore_counter, efn:efn_shake_penalty_count, epicfight:penalty, efn:efn_delay_protection_end, efn:efn_last_successful_defense_tick, efn:efn_first_shake] for efn:murasama_parry
[148月2026 10:39:43.638] [main/INFO] [epicfight/]: Data keys [efn:cooldown_2, efn:cooldown_1, efn:arts_input_buffer, efn:sekiro_art_index, efn:arts_key_pressed, efn:arts_key, efn:cooldown] for efn:mortal_blade
[148月2026 10:39:43.638] [main/INFO] [epicfight/]: Data keys [efn:charge_ticks, efn:cooldown_1, efn:was_long_pressed, efn:pressing_innate, invincible:right, invincible:left, invincible:parry_timer, efn:sneak_key, efn:key1_press_timer, efn:guard_key, efn:demon_key, efn:press_key3, efn:pressing_key2, invincible:up, efn:arts_key_pressed, efn:doppelganger_tick, efn:pressing_key3, efn:combo_counter, efn:press_key1, efn:cooldown_2, efn:up_key, efn:is_charging, efn:full_charge_message, efn:cooldown, efn:pressing_key1, invincible:dodge_success_timer, efn:down_key, efn:pressing_key4, efn:sprint_key, efn:press_innate, efn:jump_key, efn:key2_press_timer, invincible:cooldown, efn:have_doppelganger, efn:innate_press_timer, efn:doppelganger_style, invincible:down, efn:press_doppelganger, efn:press_key4, efn:force_release, efn:key3_press_timer, efn:energy_check, efn:key4_press_timer, efn:doppelganger_delay, efn:charge_power, efn:charge_message, efn:press_summon_sword, efn:charge_stage, efn:press_key2, efn:arts_key, efn:angel_key, efn:is_pressing] for efn:yamato
[148月2026 10:39:43.638] [main/INFO] [epicfight/]: Data keys [efn:doppelganger_style, efn:stun_cooldown, efn:doppelganger_delay, efn:doppelganger_tick, efn:have_doppelganger, efn:parry_cooldown] for efn:yamato_passive
[148月2026 10:39:43.638] [main/INFO] [epicfight/]: Data keys [efn:charge_ticks, efn:cooldown_1, efn:was_long_pressed, efn:pressing_innate, invincible:right, efn:damage_history, invincible:left, invincible:parry_timer, efn:sneak_key, efn:key1_press_timer, efn:guard_key, efn:demon_key, efn:is_replay_damage, efn:press_key3, efn:pressing_key2, invincible:up, efn:arts_key_pressed, efn:pressing_key3, efn:replay_enhanced, efn:combo_counter, efn:press_key1, efn:cooldown_2, efn:up_key, efn:is_charging, efn:full_charge_message, efn:cooldown, efn:pressing_key1, invincible:dodge_success_timer, efn:down_key, efn:pressing_key4, efn:sprint_key, efn:press_innate, efn:jump_key, efn:key2_press_timer, invincible:cooldown, efn:innate_press_timer, invincible:down, efn:press_key4, efn:force_release, efn:key3_press_timer, efn:energy_check, efn:key4_press_timer, efn:charge_power, efn:charge_message, efn:charge_stage, efn:press_summon_sword, efn:press_key2, efn:arts_key, efn:angel_key, efn:is_pressing] for efn:shortsword
[148月2026 10:39:43.638] [main/INFO] [epicfight/]: Data keys [invincible:dodge_success_timer, efn:charge_ticks, efn:down_key, efn:cooldown_1, efn:was_long_pressed, efn:pressing_key4, efn:pressing_innate, invincible:right, invincible:left, efn:sprint_key, invincible:parry_timer, efn:sneak_key, efn:press_innate, efn:jump_key, efn:key1_press_timer, efn:key2_press_timer, invincible:cooldown, efn:guard_key, efn:innate_press_timer, efn:demon_key, efn:press_key3, efn:pressing_key2, invincible:down, efn:press_key4, efn:force_release, invincible:up, efn:arts_key_pressed, efn:pressing_key3, efn:key3_press_timer, efn:energy_check, efn:combo_counter, efn:press_key1, efn:key4_press_timer, efn:cooldown_2, efn:charge_power, efn:charge_message, efn:charge_stage, efn:press_summon_sword, efn:up_key, efn:press_key2, efn:is_charging, efn:full_charge_message, efn:arts_key, efn:angel_key, efn:cooldown, efn:is_pressing, efn:pressing_key1] for efn:ruinsgreatsword
[148月2026 10:39:43.639] [main/INFO] [epicfight/]: Data keys [invincible:dodge_success_timer, efn:charge_ticks, efn:down_key, efn:cooldown_1, efn:was_long_pressed, efn:pressing_key4, efn:pressing_innate, invincible:right, invincible:left, efn:sprint_key, invincible:parry_timer, efn:sneak_key, efn:press_innate, efn:jump_key, efn:key1_press_timer, efn:key2_press_timer, invincible:cooldown, efn:guard_key, efn:innate_press_timer, efn:demon_key, efn:press_key3, efn:pressing_key2, invincible:down, efn:press_key4, efn:force_release, invincible:up, efn:arts_key_pressed, efn:pressing_key3, efn:key3_press_timer, efn:energy_check, efn:combo_counter, efn:press_key1, efn:key4_press_timer, efn:cooldown_2, efn:charge_power, efn:charge_message, efn:charge_stage, efn:press_summon_sword, efn:up_key, efn:press_key2, efn:is_charging, efn:full_charge_message, efn:arts_key, efn:angel_key, efn:cooldown, efn:is_pressing, efn:pressing_key1] for efn:pioneer
[148月2026 10:39:43.639] [main/INFO] [epicfight/]: Data keys [efn:charge_ticks, efn:cooldown_1, efn:was_long_pressed, efn:pressing_innate, invincible:right, invincible:left, efn:murasama_sheath, invincible:parry_timer, efn:sneak_key, efn:murasama_zandatsu_available, efn:murasama_zansetsu_active, efn:murasama_pair_flag, efn:key1_press_timer, efn:guard_key, efn:murasama_zandatsu_start_time, efn:demon_key, efn:press_key3, efn:pressing_key2, invincible:up, efn:murasama_zansetsu_input_mode, efn:arts_key_pressed, efn:pressing_key3, efn:murasama_zansetsu_start_time, efn:combo_counter, efn:press_key1, efn:murasama_forward_dodge, efn:cooldown_2, efn:up_key, efn:is_charging, efn:full_charge_message, efn:cooldown, efn:murasama_left_mouse_pressed, efn:pressing_key1, invincible:dodge_success_timer, efn:down_key, efn:pressing_key4, efn:sprint_key, efn:press_innate, efn:murasama_zansetsu_slash_release, efn:manual_unsheath, efn:jump_key, efn:key2_press_timer, invincible:cooldown, efn:murasama_air_borne, efn:innate_press_timer, invincible:down, efn:murasama_sheath_timer, efn:murasama_zandatsu_end_time, efn:murasama_zansetsu_end_time, efn:press_key4, efn:force_release, efn:murasama_zansetsu_timer, efn:murasama_last_triggered_sector, efn:key3_press_timer, efn:murasama_key_left_down, efn:sprint_sheath_timer, efn:energy_check, efn:murasama_zansetsu_sector, efn:key4_press_timer, efn:murasama_opposite_triggered, efn:charge_power, efn:charge_message, efn:murasama_input_mode_switch_pressed, efn:charge_stage, efn:press_summon_sword, efn:murasama_zansetsu_attack_counter, efn:press_key2, efn:arts_key, efn:murasama_key_right_down, efn:angel_key, efn:is_pressing] for efn:murasama
[148月2026 10:39:43.639] [main/INFO] [epicfight/]: Data keys [efn:jump_count, efn:backward_pressed_last_tick, efn:murasama_sheath, efn:murasama_zandatsu_available, efn:murasama_zansetsu_active, efn:murasama_pair_flag, efn:murasama_zansetsu_slash_release, efn:manual_unsheath, efn:is_double_tap_sprint, efn:forward_backward_window_active, efn:up_key_pressed_last_tick, efn:murasama_zandatsu_start_time, efn:forward_pressed_last_tick, efn:murasama_sheath_timer, efn:murasama_zandatsu_end_time, efn:murasama_zansetsu_end_time, efn:jump_key_pressed_last_tick, efn:forward_backward_end_tick, efn:murasama_zansetsu_input_mode, efn:murasama_zansetsu_timer, efn:murasama_last_triggered_sector, efn:murasama_key_left_down, efn:murasama_zansetsu_start_time, efn:sprint_sheath_timer, efn:murasama_zansetsu_sector, efn:forward_backward_timer, efn:murasama_forward_dodge, efn:was_double_tap_sprint, efn:forward_backward_remaining_ticks, efn:murasama_opposite_triggered, efn:double_tap_timer, efn:murasama_input_mode_switch_pressed, efn:murasama_zansetsu_attack_counter, efn:forward_backward_success, efn:murasama_key_right_down, efn:murasama_left_mouse_pressed] for efn:murasama_passive
[148月2026 10:39:43.639] [main/INFO] [epicfight/]: Data keys [invincible:dodge_success_timer, efn:charge_ticks, efn:down_key, efn:cooldown_1, efn:was_long_pressed, efn:pressing_key4, efn:pressing_innate, invincible:right, invincible:left, efn:sprint_key, invincible:parry_timer, efn:sneak_key, efn:press_innate, efn:jump_key, efn:key1_press_timer, efn:key2_press_timer, invincible:cooldown, efn:guard_key, efn:innate_press_timer, efn:demon_key, efn:press_key3, efn:pressing_key2, invincible:down, efn:press_key4, efn:force_release, invincible:up, efn:arts_key_pressed, efn:pressing_key3, efn:key3_press_timer, efn:energy_check, efn:combo_counter, efn:press_key1, efn:key4_press_timer, efn:cooldown_2, efn:charge_power, efn:charge_message, efn:charge_stage, efn:press_summon_sword, efn:up_key, efn:press_key2, efn:is_charging, efn:full_charge_message, efn:arts_key, efn:angel_key, efn:cooldown, efn:is_pressing, efn:pressing_key1] for efn:meenlance
[148月2026 10:39:43.640] [main/INFO] [epicfight/]: Data keys [invincible:dodge_success_timer, efn:charge_ticks, efn:down_key, efn:cooldown_1, efn:was_long_pressed, efn:pressing_key4, efn:pressing_innate, invincible:right, invincible:left, efn:sprint_key, invincible:parry_timer, efn:sneak_key, efn:press_innate, efn:jump_key, efn:key1_press_timer, efn:key2_press_timer, invincible:cooldown, efn:guard_key, efn:innate_press_timer, efn:demon_key, efn:press_key3, efn:pressing_key2, invincible:down, efn:press_key4, efn:force_release, invincible:up, efn:arts_key_pressed, efn:pressing_key3, efn:key3_press_timer, efn:energy_check, efn:combo_counter, efn:press_key1, efn:key4_press_timer, efn:cooldown_2, efn:charge_power, efn:charge_message, efn:charge_stage, efn:press_summon_sword, efn:up_key, efn:press_key2, efn:is_charging, efn:full_charge_message, efn:arts_key, efn:angel_key, efn:cooldown, efn:is_pressing, efn:pressing_key1] for efn:kusabimaru
[148月2026 10:39:43.640] [main/INFO] [epicfight/]: Data keys [efn:charge_ticks, efn:cooldown_1, efn:was_long_pressed, efn:pressing_innate, invincible:right, invincible:left, efn:murasama_sheath, invincible:parry_timer, efn:sneak_key, efn:murasama_zandatsu_available, efn:murasama_zansetsu_active, efn:murasama_pair_flag, efn:key1_press_timer, efn:guard_key, efn:murasama_zandatsu_start_time, efn:demon_key, efn:press_key3, efn:pressing_key2, invincible:up, efn:murasama_zansetsu_input_mode, efn:arts_key_pressed, efn:pressing_key3, efn:murasama_zansetsu_start_time, efn:combo_counter, efn:press_key1, efn:murasama_forward_dodge, efn:cooldown_2, efn:up_key, efn:is_charging, efn:full_charge_message, efn:cooldown, efn:murasama_left_mouse_pressed, efn:pressing_key1, invincible:dodge_success_timer, efn:down_key, efn:pressing_key4, efn:sprint_key, efn:press_innate, efn:murasama_zansetsu_slash_release, efn:manual_unsheath, efn:jump_key, efn:key2_press_timer, invincible:cooldown, efn:murasama_air_borne, efn:innate_press_timer, invincible:down, efn:murasama_sheath_timer, efn:murasama_zandatsu_end_time, efn:murasama_zansetsu_end_time, efn:press_key4, efn:force_release, efn:murasama_zansetsu_timer, efn:murasama_last_triggered_sector, efn:key3_press_timer, efn:murasama_key_left_down, efn:sprint_sheath_timer, efn:energy_check, efn:murasama_zansetsu_sector, efn:key4_press_timer, efn:murasama_opposite_triggered, efn:charge_power, efn:charge_message, efn:murasama_input_mode_switch_pressed, efn:charge_stage, efn:press_summon_sword, efn:murasama_zansetsu_attack_counter, efn:press_key2, efn:arts_key, efn:murasama_key_right_down, efn:angel_key, efn:is_pressing] for efn:hf_blade
[148月2026 10:39:43.640] [main/INFO] [epicfight/]: Data keys [efn:jump_count, efn:backward_pressed_last_tick, efn:murasama_sheath, efn:murasama_zandatsu_available, efn:murasama_zansetsu_active, efn:murasama_pair_flag, efn:murasama_zansetsu_slash_release, efn:manual_unsheath, efn:is_double_tap_sprint, efn:forward_backward_window_active, efn:up_key_pressed_last_tick, efn:murasama_zandatsu_start_time, efn:forward_pressed_last_tick, efn:murasama_sheath_timer, efn:murasama_zandatsu_end_time, efn:murasama_zansetsu_end_time, efn:jump_key_pressed_last_tick, efn:forward_backward_end_tick, efn:murasama_zansetsu_input_mode, efn:murasama_zansetsu_timer, efn:murasama_last_triggered_sector, efn:murasama_key_left_down, efn:murasama_zansetsu_start_time, efn:sprint_sheath_timer, efn:murasama_zansetsu_sector, efn:forward_backward_timer, efn:murasama_forward_dodge, efn:was_double_tap_sprint, efn:forward_backward_remaining_ticks, efn:murasama_opposite_triggered, efn:double_tap_timer, efn:murasama_input_mode_switch_pressed, efn:murasama_zansetsu_attack_counter, efn:forward_backward_success, efn:murasama_key_right_down, efn:murasama_left_mouse_pressed] for efn:hf_blade_passive
[148月2026 10:39:43.641] [main/INFO] [epicfight/]: Data keys [invincible:dodge_success_timer, efn:charge_ticks, efn:down_key, efn:cooldown_1, efn:was_long_pressed, efn:pressing_key4, efn:pressing_innate, invincible:right, invincible:left, efn:sprint_key, invincible:parry_timer, efn:sneak_key, efn:press_innate, efn:jump_key, efn:key1_press_timer, efn:key2_press_timer, invincible:cooldown, efn:guard_key, efn:innate_press_timer, efn:demon_key, efn:press_key3, efn:pressing_key2, invincible:down, efn:press_key4, efn:force_release, invincible:up, efn:arts_key_pressed, efn:pressing_key3, efn:key3_press_timer, efn:energy_check, efn:combo_counter, efn:press_key1, efn:key4_press_timer, efn:cooldown_2, efn:charge_power, efn:charge_message, efn:charge_stage, efn:press_summon_sword, efn:up_key, efn:press_key2, efn:is_charging, efn:full_charge_message, efn:arts_key, efn:angel_key, efn:cooldown, efn:is_pressing, efn:pressing_key1] for efn:exsiliumgladius
[148月2026 10:39:43.642] [main/INFO] [epicfight/]: Data keys [invincible:parry_timer, invincible:down, invincible:dodge_success_timer, invincible:right, invincible:up, invincible:left, invincible:cooldown] for efn:examplecombo
[148月2026 10:39:43.645] [main/INFO] [epicfight/]: Data keys [invincible:dodge_success_timer, efn:charge_ticks, efn:down_key, efn:cooldown_1, efn:was_long_pressed, efn:pressing_key4, efn:pressing_innate, invincible:right, invincible:left, efn:sprint_key, invincible:parry_timer, efn:sneak_key, efn:press_innate, efn:jump_key, efn:key1_press_timer, efn:key2_press_timer, invincible:cooldown, efn:guard_key, efn:innate_press_timer, efn:demon_key, efn:press_key3, efn:pressing_key2, invincible:down, efn:press_key4, efn:force_release, invincible:up, efn:arts_key_pressed, efn:pressing_key3, efn:key3_press_timer, efn:energy_check, efn:combo_counter, efn:press_key1, efn:key4_press_timer, efn:cooldown_2, efn:charge_power, efn:charge_message, efn:charge_stage, efn:press_summon_sword, efn:up_key, efn:press_key2, efn:is_charging, efn:full_charge_message, efn:arts_key, efn:angel_key, efn:cooldown, efn:is_pressing, efn:pressing_key1] for efn:crescentmoon
[148月2026 10:39:43.646] [main/INFO] [epicfight/]: Data keys [invincible:dodge_success_timer, efn:charge_ticks, efn:down_key, efn:cooldown_1, efn:was_long_pressed, efn:pressing_key4, efn:pressing_innate, invincible:right, invincible:left, efn:sprint_key, invincible:parry_timer, efn:sneak_key, efn:press_innate, efn:jump_key, efn:key1_press_timer, efn:key2_press_timer, invincible:cooldown, efn:guard_key, efn:innate_press_timer, efn:demon_key, efn:press_key3, efn:pressing_key2, invincible:down, efn:press_key4, efn:force_release, invincible:up, efn:arts_key_pressed, efn:pressing_key3, efn:key3_press_timer, efn:energy_check, efn:combo_counter, efn:press_key1, efn:key4_press_timer, efn:cooldown_2, efn:charge_power, efn:charge_message, efn:charge_stage, efn:press_summon_sword, efn:up_key, efn:press_key2, efn:is_charging, efn:full_charge_message, efn:arts_key, efn:angel_key, efn:cooldown, efn:is_pressing, efn:pressing_key1] for efn:broadblade
[148月2026 10:39:43.646] [main/INFO] [epicfight/]: Data keys [invincible:dodge_success_timer, efn:charge_ticks, efn:down_key, efn:cooldown_1, efn:was_long_pressed, efn:pressing_key4, efn:pressing_innate, invincible:right, invincible:left, efn:sprint_key, invincible:parry_timer, efn:sneak_key, efn:press_innate, efn:jump_key, efn:key1_press_timer, efn:key2_press_timer, invincible:cooldown, efn:guard_key, efn:innate_press_timer, efn:demon_key, efn:press_key3, efn:pressing_key2, invincible:down, efn:press_key4, efn:force_release, invincible:up, efn:arts_key_pressed, efn:pressing_key3, efn:key3_press_timer, efn:energy_check, efn:combo_counter, efn:press_key1, efn:key4_press_timer, efn:cooldown_2, efn:charge_power, efn:charge_message, efn:charge_stage, efn:press_summon_sword, efn:up_key, efn:press_key2, efn:is_charging, efn:full_charge_message, efn:arts_key, efn:angel_key, efn:cooldown, efn:is_pressing, efn:pressing_key1] for efn:bloodlust
[148月2026 10:39:43.646] [main/INFO] [epicfight/]: Data keys [invincible:dodge_success_timer, efn:charge_ticks, efn:down_key, efn:cooldown_1, efn:was_long_pressed, efn:pressing_key4, efn:pressing_innate, invincible:right, invincible:left, efn:sprint_key, invincible:parry_timer, efn:sneak_key, efn:press_innate, efn:jump_key, efn:key1_press_timer, efn:key2_press_timer, invincible:cooldown, efn:guard_key, efn:innate_press_timer, efn:demon_key, efn:press_key3, efn:pressing_key2, invincible:down, efn:press_key4, efn:force_release, invincible:up, efn:arts_key_pressed, efn:pressing_key3, efn:key3_press_timer, efn:energy_check, efn:combo_counter, efn:press_key1, efn:key4_press_timer, efn:cooldown_2, efn:charge_power, efn:charge_message, efn:charge_stage, efn:press_summon_sword, efn:up_key, efn:press_key2, efn:is_charging, efn:full_charge_message, efn:arts_key, efn:angel_key, efn:cooldown, efn:is_pressing, efn:pressing_key1] for efn:beastclaw
[148月2026 10:39:43.646] [main/INFO] [epicfight/]: Data keys [invincible:dodge_success_timer, efn:charge_ticks, efn:down_key, efn:cooldown_1, efn:was_long_pressed, efn:pressing_key4, efn:pressing_innate, invincible:right, invincible:left, efn:sprint_key, invincible:parry_timer, efn:sneak_key, efn:press_innate, efn:jump_key, efn:key1_press_timer, efn:key2_press_timer, invincible:cooldown, efn:guard_key, efn:innate_press_timer, efn:demon_key, efn:press_key3, efn:pressing_key2, invincible:down, efn:press_key4, efn:force_release, invincible:up, efn:arts_key_pressed, efn:pressing_key3, efn:key3_press_timer, efn:energy_check, efn:combo_counter, efn:press_key1, efn:key4_press_timer, efn:cooldown_2, efn:charge_power, efn:charge_message, efn:charge_stage, efn:press_summon_sword, efn:up_key, efn:press_key2, efn:is_charging, efn:full_charge_message, efn:arts_key, efn:angel_key, efn:cooldown, efn:is_pressing, efn:pressing_key1] for efn:aetherialdusk
[148月2026 10:39:43.647] [main/INFO] [epicfight/]: Data keys [annoyingvillagers:trident_amount, annoyingvillagers:is_trident_ranged_mode] for annoyingvillagers:trident_festival
[148月2026 10:39:43.734] [main/WARN] [net.minecraft.server.packs.VanillaPackResourcesBuilder/]: Assets URL 'union:/E:/program/JAVA/touhou%20little%20maid%20-%20unknow%20sky%20area/prod_server/libraries/net/minecraft/server/1.20.1-20230612.114412/server-1.20.1-20230612.114412-srg.jar%23131!/assets/.mcassetsroot' uses unexpected schema
[148月2026 10:39:43.735] [main/WARN] [net.minecraft.server.packs.VanillaPackResourcesBuilder/]: Assets URL 'union:/E:/program/JAVA/touhou%20little%20maid%20-%20unknow%20sky%20area/prod_server/libraries/net/minecraft/server/1.20.1-20230612.114412/server-1.20.1-20230612.114412-srg.jar%23131!/data/.mcassetsroot' uses unexpected schema
[148月2026 10:39:45.341] [Worker-Main-6/ERROR] [simplebedrockmodel/]: Not found model file: ywzj_vehicle:models/bedrock/entity/grenade_40mm.json
[148月2026 10:39:45.342] [Worker-Main-6/ERROR] [simplebedrockmodel/]: Not found model file: ywzj_vehicle:models/bedrock/entity/aerial_bomb.json
[148月2026 10:39:45.344] [Worker-Main-6/ERROR] [simplebedrockmodel/]: Not found model file: ywzj_vehicle:models/bedrock/block/machine_max_block.json
[148月2026 10:39:45.347] [Worker-Main-6/ERROR] [simplebedrockmodel/]: Not found model file: ywzj_vehicle:models/bedrock/entity/missile_akd10.json
[148月2026 10:39:45.353] [Worker-Main-6/ERROR] [simplebedrockmodel/]: Not found model file: ywzj_vehicle:models/bedrock/entity/basic_bullet.json
[148月2026 10:39:45.359] [Worker-Main-6/ERROR] [simplebedrockmodel/]: Not found model file: ywzj_vehicle:models/bedrock/entity/rocket_57mm.json
[148月2026 10:39:46.178] [Worker-Main-2/ERROR] [net.minecraftforge.common.ForgeHooks/]: Couldn't parse element loot_tables:touhou_little_maid:grant_book_on_first_join
com.google.gson.JsonSyntaxException: Expected name to be an item, was unknown string 'patchouli:guide_book'
	at net.minecraft.util.GsonHelper.m_13866_(GsonHelper.java:145) ~[server-1.20.1-20230612.114412-srg.jar%23131!/:?]
	at java.util.Optional.orElseThrow(Optional.java:403) ~[?:?]
	at net.minecraft.util.GsonHelper.m_13874_(GsonHelper.java:145) ~[server-1.20.1-20230612.114412-srg.jar%23131!/:?]
	at net.minecraft.util.GsonHelper.m_13909_(GsonHelper.java:153) ~[server-1.20.1-20230612.114412-srg.jar%23131!/:?]
	at net.minecraft.world.level.storage.loot.entries.LootItem$Serializer.m_7267_(LootItem.java:55) ~[server-1.20.1-20230612.114412-srg.jar%23131!/:?]
	at net.minecraft.world.level.storage.loot.entries.LootItem$Serializer.m_7267_(LootItem.java:40) ~[server-1.20.1-20230612.114412-srg.jar%23131!/:?]
	at net.minecraft.world.level.storage.loot.entries.LootPoolSingletonContainer$Serializer.m_5921_(LootPoolSingletonContainer.java:151) ~[server-1.20.1-20230612.114412-srg.jar%23131!/:?]
	at net.minecraft.world.level.storage.loot.entries.LootPoolSingletonContainer$Serializer.m_5921_(LootPoolSingletonContainer.java:129) ~[server-1.20.1-20230612.114412-srg.jar%23131!/:?]
	at net.minecraft.world.level.storage.loot.entries.LootPoolEntryContainer$Serializer.m_7561_(LootPoolEntryContainer.java:86) ~[server-1.20.1-20230612.114412-srg.jar%23131!/:?]
	at net.minecraft.world.level.storage.loot.entries.LootPoolEntryContainer$Serializer.m_7561_(LootPoolEntryContainer.java:74) ~[server-1.20.1-20230612.114412-srg.jar%23131!/:?]
	at net.minecraft.world.level.storage.loot.GsonAdapterFactory$JsonAdapter.deserialize(GsonAdapterFactory.java:102) ~[server-1.20.1-20230612.114412-srg.jar%23131!/:?]
	at com.google.gson.internal.bind.TreeTypeAdapter.read(TreeTypeAdapter.java:76) ~[gson-2.10.jar%2372!/:?]
	at com.google.gson.internal.bind.TypeAdapterRuntimeTypeWrapper.read(TypeAdapterRuntimeTypeWrapper.java:40) ~[gson-2.10.jar%2372!/:?]
	at com.google.gson.internal.bind.ArrayTypeAdapter.read(ArrayTypeAdapter.java:72) ~[gson-2.10.jar%2372!/:?]
	at com.google.gson.Gson.fromJson(Gson.java:1214) ~[gson-2.10.jar%2372!/:?]
	at com.google.gson.Gson.fromJson(Gson.java:1319) ~[gson-2.10.jar%2372!/:?]
	at com.google.gson.Gson.fromJson(Gson.java:1290) ~[gson-2.10.jar%2372!/:?]
	at com.google.gson.internal.bind.TreeTypeAdapter$GsonContextImpl.deserialize(TreeTypeAdapter.java:179) ~[gson-2.10.jar%2372!/:?]
	at net.minecraft.util.GsonHelper.m_13808_(GsonHelper.java:463) ~[server-1.20.1-20230612.114412-srg.jar%23131!/:?]
	at net.minecraft.util.GsonHelper.m_13836_(GsonHelper.java:471) ~[server-1.20.1-20230612.114412-srg.jar%23131!/:?]
	at net.minecraft.world.level.storage.loot.LootPool$Serializer.deserialize(LootPool.java:192) ~[server-1.20.1-20230612.114412-srg.jar%23131!/:?]
	at net.minecraft.world.level.storage.loot.LootPool$Serializer.deserialize(LootPool.java:189) ~[server-1.20.1-20230612.114412-srg.jar%23131!/:?]
	at com.google.gson.internal.bind.TreeTypeAdapter.read(TreeTypeAdapter.java:76) ~[gson-2.10.jar%2372!/:?]
	at com.google.gson.internal.bind.TypeAdapterRuntimeTypeWrapper.read(TypeAdapterRuntimeTypeWrapper.java:40) ~[gson-2.10.jar%2372!/:?]
	at com.google.gson.internal.bind.ArrayTypeAdapter.read(ArrayTypeAdapter.java:72) ~[gson-2.10.jar%2372!/:?]
	at com.google.gson.Gson.fromJson(Gson.java:1214) ~[gson-2.10.jar%2372!/:?]
	at com.google.gson.Gson.fromJson(Gson.java:1319) ~[gson-2.10.jar%2372!/:?]
	at com.google.gson.Gson.fromJson(Gson.java:1290) ~[gson-2.10.jar%2372!/:?]
	at com.google.gson.internal.bind.TreeTypeAdapter$GsonContextImpl.deserialize(TreeTypeAdapter.java:179) ~[gson-2.10.jar%2372!/:?]
	at net.minecraft.util.GsonHelper.m_13808_(GsonHelper.java:463) ~[server-1.20.1-20230612.114412-srg.jar%23131!/:?]
	at net.minecraft.util.GsonHelper.m_13845_(GsonHelper.java:481) ~[server-1.20.1-20230612.114412-srg.jar%23131!/:?]
	at net.minecraft.world.level.storage.loot.LootTable$Serializer.deserialize(LootTable.java:294) ~[server-1.20.1-20230612.114412-srg.jar%23131!/:?]
	at net.minecraft.world.level.storage.loot.LootTable$Serializer.deserialize(LootTable.java:291) ~[server-1.20.1-20230612.114412-srg.jar%23131!/:?]
	at com.google.gson.internal.bind.TreeTypeAdapter.read(TreeTypeAdapter.java:76) ~[gson-2.10.jar%2372!/:?]
	at com.google.gson.Gson.fromJson(Gson.java:1214) ~[gson-2.10.jar%2372!/:?]
	at com.google.gson.Gson.fromJson(Gson.java:1319) ~[gson-2.10.jar%2372!/:?]
	at com.google.gson.Gson.fromJson(Gson.java:1261) ~[gson-2.10.jar%2372!/:?]
	at net.minecraftforge.common.ForgeHooks.loadLootTable(ForgeHooks.java:872) ~[forge-1.20.1-47.4.13-universal.jar%23136!/:?]
	at net.minecraftforge.common.ForgeHooks.lambda$getLootTableDeserializer$3(ForgeHooks.java:849) ~[forge-1.20.1-47.4.13-universal.jar%23136!/:?]
	at net.minecraft.world.level.storage.loot.LootDataType.deserialize(LootDataType.java:45) ~[server-1.20.1-20230612.114412-srg.jar%23131!/:?]
	at net.minecraft.world.level.storage.loot.LootDataManager.lambda$scheduleElementParse$4(LootDataManager.java:56) ~[server-1.20.1-20230612.114412-srg.jar%23131!/:?]
	at java.util.HashMap.forEach(HashMap.java:1421) ~[?:?]
	at net.minecraft.world.level.storage.loot.LootDataManager.m_278660_(LootDataManager.java:55) ~[server-1.20.1-20230612.114412-srg.jar%23131!/:?]
	at java.util.concurrent.CompletableFuture$AsyncRun.run(CompletableFuture.java:1804) ~[?:?]
	at java.util.concurrent.CompletableFuture$AsyncRun.exec(CompletableFuture.java:1796) ~[?:?]
	at java.util.concurrent.ForkJoinTask.doExec(ForkJoinTask.java:373) ~[?:?]
	at java.util.concurrent.ForkJoinPool$WorkQueue.topLevelExec(ForkJoinPool.java:1182) ~[?:?]
	at java.util.concurrent.ForkJoinPool.scan(ForkJoinPool.java:1655) ~[?:?]
	at java.util.concurrent.ForkJoinPool.runWorker(ForkJoinPool.java:1622) ~[?:?]
	at java.util.concurrent.ForkJoinWorkerThread.run(ForkJoinWorkerThread.java:165) ~[?:?]
[148月2026 10:39:46.354] [main/INFO] [net.minecraft.world.item.crafting.RecipeManager/]: Skipping loading recipe touhou_little_maid:memorizable_gensokyo as it's serializer returned null
[148月2026 10:39:46.374] [main/INFO] [net.minecraft.world.item.crafting.RecipeManager/]: Loaded 9 recipes
[148月2026 10:39:46.464] [main/INFO] [net.minecraft.advancements.AdvancementList/]: Loaded 1353 advancements
[148月2026 10:39:58.567] [main/WARN] [epicfight/]: Skill efn:example doesn't exist in the registry.
[148月2026 10:39:58.611] [main/WARN] [epicfight/]: Item Capability Exception: No item named annoyingvillagers:air
[148月2026 10:39:58.638] [main/WARN] [epicfight/]: Can't find a particle type epicfight:entity.hit.blunt in invincible:custom_combo_demo
[148月2026 10:39:58.644] [main/WARN] [epicfight/]: Item Capability Exception: No item named efn:scythe
[148月2026 10:39:58.651] [main/WARN] [epicfight/]: Item Capability Exception: No item named annoyingvillagers:diamond_durandal
[148月2026 10:39:59.333] [Server thread/INFO] [net.minecraft.server.dedicated.DedicatedServer/]: Starting minecraft server version 1.20.1
[148月2026 10:39:59.333] [Server thread/INFO] [net.minecraft.server.dedicated.DedicatedServer/]: Loading properties
[148月2026 10:39:59.333] [Server thread/INFO] [net.minecraft.server.dedicated.DedicatedServer/]: Default game type: SURVIVAL
[148月2026 10:39:59.334] [Server thread/INFO] [net.minecraft.server.MinecraftServer/]: Generating keypair
[148月2026 10:39:59.468] [Server thread/INFO] [net.minecraft.server.dedicated.DedicatedServer/]: Starting Minecraft server on *:25565
[148月2026 10:39:59.498] [Server thread/INFO] [net.minecraft.server.network.ServerConnectionListener/]: Using default channel type
[148月2026 10:40:00.061] [Server thread/INFO] [net.minecraft.server.dedicated.DedicatedServer/]: Preparing level "maid_pilot_world"
[148月2026 10:40:00.450] [Server thread/INFO] [net.minecraft.server.MinecraftServer/]: Preparing start region for dimension minecraft:overworld
[148月2026 10:40:03.064] [Worker-Main-11/INFO] [net.minecraft.server.level.progress.LoggerChunkProgressListener/]: Preparing spawn area: 0%
[148月2026 10:40:03.066] [Worker-Main-2/INFO] [net.minecraft.server.level.progress.LoggerChunkProgressListener/]: Preparing spawn area: 0%
[148月2026 10:40:03.068] [Worker-Main-11/INFO] [net.minecraft.server.level.progress.LoggerChunkProgressListener/]: Preparing spawn area: 0%
[148月2026 10:40:03.069] [Worker-Main-2/INFO] [net.minecraft.server.level.progress.LoggerChunkProgressListener/]: Preparing spawn area: 0%
[148月2026 10:40:03.070] [Worker-Main-2/INFO] [net.minecraft.server.level.progress.LoggerChunkProgressListener/]: Preparing spawn area: 0%
[148月2026 10:40:03.072] [Worker-Main-11/INFO] [net.minecraft.server.level.progress.LoggerChunkProgressListener/]: Preparing spawn area: 0%
[148月2026 10:40:03.446] [Worker-Main-6/INFO] [net.minecraft.server.level.progress.LoggerChunkProgressListener/]: Preparing spawn area: 1%
[148月2026 10:40:03.547] [Server thread/INFO] [eftlm_stylish/]: [DIAG] WOM behaviors registered: 19 items, 2 style-mapped items
[148月2026 10:40:03.586] [Server thread/INFO] [eftlm_stylish/]: [DIAG] EFN behaviors registered: 51 items
[148月2026 10:40:03.586] [Server thread/INFO] [eftlm_stylish/]: [DIAG] CombatBehaviorsEvent registered: 8 weapon categories + WOM behaviors (wom=true)
[148月2026 10:40:03.920] [Server thread/INFO] [eftlm_stylish/]: [DIAG] WOM behaviors registered: 19 items, 2 style-mapped items
[148月2026 10:40:03.920] [Server thread/INFO] [eftlm_stylish/]: [DIAG] EFN behaviors registered: 51 items
[148月2026 10:40:03.922] [Server thread/INFO] [eftlm_stylish/]: [DIAG] CombatBehaviorsEvent registered: 8 weapon categories + WOM behaviors (wom=true)
[148月2026 10:40:03.946] [Worker-Main-9/INFO] [net.minecraft.server.level.progress.LoggerChunkProgressListener/]: Preparing spawn area: 4%
[148月2026 10:40:04.070] [Server thread/INFO] [eftlm_stylish/]: [DIAG] WOM behaviors registered: 19 items, 2 style-mapped items
[148月2026 10:40:04.071] [Server thread/INFO] [eftlm_stylish/]: [DIAG] EFN behaviors registered: 51 items
[148月2026 10:40:04.073] [Server thread/INFO] [eftlm_stylish/]: [DIAG] CombatBehaviorsEvent registered: 8 weapon categories + WOM behaviors (wom=true)
[148月2026 10:40:04.083] [Server thread/INFO] [eftlm_stylish/]: [DIAG] WOM behaviors registered: 19 items, 2 style-mapped items
[148月2026 10:40:04.084] [Server thread/INFO] [eftlm_stylish/]: [DIAG] EFN behaviors registered: 51 items
[148月2026 10:40:04.086] [Server thread/INFO] [eftlm_stylish/]: [DIAG] CombatBehaviorsEvent registered: 8 weapon categories + WOM behaviors (wom=true)
[148月2026 10:40:04.440] [Server thread/INFO] [net.minecraft.server.level.progress.LoggerChunkProgressListener/]: Time elapsed: 3991 ms
[148月2026 10:40:04.441] [Server thread/INFO] [net.minecraft.server.dedicated.DedicatedServer/]: Done (4.464s)! For help, type "help"
[148月2026 10:40:04.442] [Server thread/INFO] [net.minecraft.server.dedicated.DedicatedServer/]: Starting remote control listener
[148月2026 10:40:04.448] [Server thread/INFO] [net.minecraft.server.rcon.thread.GenericThread/]: Thread RCON Listener started
[148月2026 10:40:04.448] [Server thread/INFO] [net.minecraft.server.rcon.thread.RconThread/]: RCON running on 0.0.0.0:25575
[148月2026 10:40:04.491] [Server thread/INFO] [net.minecraftforge.server.permission.PermissionAPI/]: Successfully initialized permission handler forge:default_handler
[148月2026 10:40:04.495] [Server thread/INFO] [eftlm_stylish/]: [SKILL] test mode OFF
[148月2026 10:40:04.500] [Server thread/INFO] [eftlm_stylish/]: [Arena] cleared 0 leftover maids, 0 leftover mobs
[148月2026 10:40:04.516] [Server thread/INFO] [eftlm_stylish/]: [Arena] platform built: 21x21 stone at y=-60, world border 21x21 (15ms)
[148月2026 10:40:04.517] [Server thread/INFO] [eftlm_stylish/]: [Arena] enabled: center=(8,-59,8) entities=annoyingvillagers:herobrine_warden,annoyingvillagers:armored_herobrine,annoyingvillagers:glaive_herobrine,annoyingvillagers:herobrine_7,annoyingvillagers:swordsman_herobrine,annoyingvillagers:sledgehammer_herobrine,annoyingvillagers:null count=1 interval=400
[148月2026 10:40:04.632] [Server thread/INFO] [eftlm_stylish/]: [DIAG] Maid join world: name=model.touhou_little_maid.hakurei_reimu.name patch=MaidPatch
[148月2026 10:40:04.649] [Server thread/INFO] [eftlm_stylish/]: [DIAG] Maid join world: name=model.touhou_little_maid.hakurei_reimu.name patch=MaidPatch
[148月2026 10:40:04.659] [Server thread/INFO] [eftlm_stylish/]: [DIAG] Maid join world: name=model.touhou_little_maid.hakurei_reimu.name patch=MaidPatch
[148月2026 10:40:04.660] [Server thread/INFO] [eftlm_stylish/]: [DIAG] Maid join world: name=model.touhou_little_maid.hakurei_reimu.name patch=MaidPatch
[148月2026 10:40:04.697] [Server thread/INFO] [eftlm_stylish/]: [RL] config loaded: enable_all_maids=true epsilon=0.08 arbitration=hybrid model_file=rl_model.bin
[148月2026 10:40:04.704] [Server thread/INFO] [eftlm_stylish/]: [RL] model loaded: sizes=[18, 64, 64, 27] dims=18->27
[148月2026 10:40:05.378] [Server thread/ERROR] [net.minecraft.server.MinecraftServer/]: Encountered an unexpected exception
net.minecraft.ReportedException: Ticking entity
	at net.minecraft.server.MinecraftServer.m_5703_(MinecraftServer.java:897) ~[server-1.20.1-20230612.114412-srg.jar%23131!/:?]
	at net.minecraft.server.dedicated.DedicatedServer.m_5703_(DedicatedServer.java:283) ~[server-1.20.1-20230612.114412-srg.jar%23131!/:?]
	at net.minecraft.server.MinecraftServer.m_5705_(MinecraftServer.java:814) ~[server-1.20.1-20230612.114412-srg.jar%23131!/:?]
	at net.minecraft.server.MinecraftServer.m_130011_(MinecraftServer.java:661) ~[server-1.20.1-20230612.114412-srg.jar%23131!/:?]
	at net.minecraft.server.MinecraftServer.m_206580_(MinecraftServer.java:251) ~[server-1.20.1-20230612.114412-srg.jar%23131!/:?]
	at java.lang.Thread.run(Thread.java:842) ~[?:?]
Caused by: java.lang.VerifyError: Bad operand type when invoking <init>
Exception Details:
  Location:
    com/hm/efn/util/yamato/DMC_V_JC_Server.postAttack(Lyesman/epicfight/world/capabilities/entitypatch/LivingEntityPatch;)V @23: invokespecial
  Reason:
    Invalid type: 'java/util/List' (current frame, stack[1])
  Current Frame:
    bci: @23
    flags: { }
    locals: { 'yesman/epicfight/world/capabilities/entitypatch/LivingEntityPatch', 'java/util/List' }
    stack: { 'java/util/List', 'java/util/List', 'java/util/ArrayList' }
  Bytecode:
    0000000: 2ab6 0023 4c2b b900 2901 009a 001a 2b59
    0000010: bb02 5759 b702 58b7 025b 2aba 007d 0000
    0000020: b900 4102 00b1                         
  Stackmap Table:
    append_frame(@37,Object[#37])

	at com.hm.efn.gameasset.EFNAnimations.lambda$build$10(EFNAnimations.java:227) ~[%5B史诗战斗：夜幕%5D%20EpicFight%20Nightfall-3.4.0.jar%23117!/:3.4.0]
	at yesman.epicfight.api.animation.property.AnimationEvent.execute(AnimationEvent.java:26) ~[%5B史诗战斗%5D%20epic-fight-20.14.17-mc1.20.1-forge.jar%23115!/:?]
	at yesman.epicfight.api.animation.types.StaticAnimation.lambda$begin$7(StaticAnimation.java:288) ~[%5B史诗战斗%5D%20epic-fight-20.14.17-mc1.20.1-forge.jar%23115!/:?]
	at java.util.Optional.ifPresent(Optional.java:178) ~[?:?]
	at yesman.epicfight.api.animation.types.StaticAnimation.begin(StaticAnimation.java:286) ~[%5B史诗战斗%5D%20epic-fight-20.14.17-mc1.20.1-forge.jar%23115!/:?]
	at yesman.epicfight.api.animation.types.MainFrameAnimation.begin(MainFrameAnimation.java:50) ~[%5B史诗战斗%5D%20epic-fight-20.14.17-mc1.20.1-forge.jar%23115!/:?]
	at yesman.epicfight.api.animation.types.ActionAnimation.begin(ActionAnimation.java:117) ~[%5B史诗战斗%5D%20epic-fight-20.14.17-mc1.20.1-forge.jar%23115!/:?]
	at yesman.epicfight.api.animation.types.AttackAnimation.begin(AttackAnimation.java:152) ~[%5B史诗战斗%5D%20epic-fight-20.14.17-mc1.20.1-forge.jar%23115!/:?]
	at com.hm.efn.animations.types.ScanAttackAnimation.begin(ScanAttackAnimation.java:66) ~[%5B史诗战斗：夜幕%5D%20EpicFight%20Nightfall-3.4.0.jar%23117!/:3.4.0]
	at yesman.epicfight.api.animation.ServerAnimator.playAnimation(ServerAnimator.java:44) ~[%5B史诗战斗%5D%20epic-fight-20.14.17-mc1.20.1-forge.jar%23115!/:?]
	at yesman.epicfight.world.capabilities.entitypatch.LivingEntityPatch.handleAnimationPacket(LivingEntityPatch.java:790) ~[%5B史诗战斗%5D%20epic-fight-20.14.17-mc1.20.1-forge.jar%23115!/:?]
	at yesman.epicfight.world.capabilities.entitypatch.LivingEntityPatch.playAnimationSynchronized(LivingEntityPatch.java:736) ~[%5B史诗战斗%5D%20epic-fight-20.14.17-mc1.20.1-forge.jar%23115!/:?]
	at net.EFTLM.EF.Animation.CombatBehavior.EFN.Yamato$EFNCompatHolder.lambda$static$11(Yamato.java:226) ~[%5B史诗战斗：车万女仆%5D%20%5B史诗战斗：车万女仆%5DEpicFight_TouhouLittleMaid-1.20.1-1.3.2-all.jar%23118!/:unspecified]
	at yesman.epicfight.world.entity.ai.goal.CombatBehaviors$Behavior.execute(CombatBehaviors.java:303) ~[%5B史诗战斗%5D%20epic-fight-20.14.17-mc1.20.1-forge.jar%23115!/:?]
	at yesman.epicfight.world.entity.ai.goal.AnimatedAttackGoal.m_8037_(AnimatedAttackGoal.java:45) ~[%5B史诗战斗%5D%20epic-fight-20.14.17-mc1.20.1-forge.jar%23115!/:?]
	at net.minecraft.world.entity.ai.goal.WrappedGoal.m_8037_(WrappedGoal.java:65) ~[server-1.20.1-20230612.114412-srg.jar%23131!/:?]
	at net.minecraft.world.entity.ai.goal.GoalSelector.m_186081_(GoalSelector.java:120) ~[server-1.20.1-20230612.114412-srg.jar%23131!/:?]
	at net.minecraft.world.entity.ai.goal.GoalSelector.m_25373_(GoalSelector.java:111) ~[server-1.20.1-20230612.114412-srg.jar%23131!/:?]
	at net.minecraft.world.entity.Mob.m_6140_(Mob.java:760) ~[server-1.20.1-20230612.114412-srg.jar%23131!/:?]
	at net.minecraft.world.entity.LivingEntity.m_8107_(LivingEntity.java:2548) ~[server-1.20.1-20230612.114412-srg.jar%23131!/:?]
	at net.minecraft.world.entity.Mob.m_8107_(Mob.java:536) ~[server-1.20.1-20230612.114412-srg.jar%23131!/:?]
	at net.minecraft.world.entity.AgeableMob.m_8107_(AgeableMob.java:128) ~[server-1.20.1-20230612.114412-srg.jar%23131!/:?]
	at net.minecraft.world.entity.animal.Animal.m_8107_(Animal.java:54) ~[server-1.20.1-20230612.114412-srg.jar%23131!/:?]
	at com.github.tartaricacid.touhoulittlemaid.entity.passive.EntityMaid.m_8107_(EntityMaid.java:618) ~[%5B车万女仆%5D%20touhoulittlemaid-1.5.3-forge+mc1.20.1.jar%23122!/:1.5.3-forge+mc1.20.1]
	at net.minecraft.world.entity.LivingEntity.m_8119_(LivingEntity.java:2298) ~[server-1.20.1-20230612.114412-srg.jar%23131!/:?]
	at net.minecraft.world.entity.Mob.m_8119_(Mob.java:337) ~[server-1.20.1-20230612.114412-srg.jar%23131!/:?]
	at com.github.tartaricacid.touhoulittlemaid.entity.passive.EntityMaid.m_8119_(EntityMaid.java:533) ~[%5B车万女仆%5D%20touhoulittlemaid-1.5.3-forge+mc1.20.1.jar%23122!/:1.5.3-forge+mc1.20.1]
	at net.minecraft.server.level.ServerLevel.m_8647_(ServerLevel.java:694) ~[server-1.20.1-20230612.114412-srg.jar%23131!/:?]
	at net.minecraft.world.level.Level.m_46653_(Level.java:479) ~[server-1.20.1-20230612.114412-srg.jar%23131!/:?]
	at net.minecraft.server.level.ServerLevel.m_184063_(ServerLevel.java:343) ~[server-1.20.1-20230612.114412-srg.jar%23131!/:?]
	at net.minecraft.world.level.entity.EntityTickList.m_156910_(EntityTickList.java:54) ~[server-1.20.1-20230612.114412-srg.jar%23131!/:?]
	at net.minecraft.server.level.ServerLevel.m_8793_(ServerLevel.java:323) ~[server-1.20.1-20230612.114412-srg.jar%23131!/:?]
	at net.minecraft.server.MinecraftServer.m_5703_(MinecraftServer.java:893) ~[server-1.20.1-20230612.114412-srg.jar%23131!/:?]
	... 5 more
[148月2026 10:40:05.430] [Server thread/FATAL] [net.minecraftforge.common.ForgeMod/]: Preparing crash report with UUID fe4596dd-5682-448c-832f-9f202fb0687b
[148月2026 10:40:05.433] [Server thread/ERROR] [net.minecraft.server.MinecraftServer/]: This crash report has been saved to: E:\program\JAVA\touhou little maid - unknow sky area\prod_server\.\crash-reports\crash-2026-08-14_10.40.05-server.txt
[148月2026 10:40:05.434] [Server thread/INFO] [net.minecraft.server.MinecraftServer/]: Stopping server
[148月2026 10:40:05.438] [Server thread/INFO] [net.minecraft.server.MinecraftServer/]: Saving players
[148月2026 10:40:05.438] [Server thread/INFO] [net.minecraft.server.MinecraftServer/]: Saving worlds
[148月2026 10:40:07.384] [Server thread/INFO] [net.minecraft.server.MinecraftServer/]: Saving chunks for level 'ServerLevel[maid_pilot_world]'/minecraft:overworld
[148月2026 10:40:08.215] [Server thread/INFO] [net.minecraft.server.MinecraftServer/]: Saving chunks for level 'ServerLevel[maid_pilot_world]'/minecraft:the_nether
[148月2026 10:40:08.218] [Server thread/INFO] [net.minecraft.server.MinecraftServer/]: Saving chunks for level 'ServerLevel[maid_pilot_world]'/minecraft:the_end
[148月2026 10:40:08.254] [Server thread/INFO] [net.minecraft.server.MinecraftServer/]: ThreadedAnvilChunkStorage (maid_pilot_world): All chunks are saved
[148月2026 10:40:08.254] [Server thread/INFO] [net.minecraft.server.MinecraftServer/]: ThreadedAnvilChunkStorage (DIM-1): All chunks are saved
[148月2026 10:40:08.254] [Server thread/INFO] [net.minecraft.server.MinecraftServer/]: ThreadedAnvilChunkStorage (DIM1): All chunks are saved
[148月2026 10:40:08.256] [Server thread/INFO] [net.minecraft.server.MinecraftServer/]: ThreadedAnvilChunkStorage: All dimensions are saved
[148月2026 10:40:08.275] [Server thread/INFO] [net.minecraft.server.rcon.thread.GenericThread/]: Thread RCON Listener stopped
