[258月2026 15:11:57.432] [main/INFO] [cpw.mods.modlauncher.Launcher/MODLAUNCHER]: ModLauncher running: args [--launchTarget, forgeserver, --fml.forgeVersion, 47.4.13, --fml.mcVersion, 1.20.1, --fml.forgeGroup, net.minecraftforge, --fml.mcpVersion, 20230612.114412, nogui]
[258月2026 15:11:57.438] [main/INFO] [cpw.mods.modlauncher.Launcher/MODLAUNCHER]: ModLauncher 10.0.9+10.0.9+main.dcd20f30 starting: java version 17.0.10 by Oracle Corporation; OS Windows 11 arch amd64 version 10.0
[258月2026 15:11:57.469] [main/DEBUG] [cpw.mods.modlauncher.LaunchServiceHandler/MODLAUNCHER]: Found launch services [fmlclientdev,forgeclient,minecraft,forgegametestserverdev,fmlserveruserdev,fmlclient,fmldatauserdev,forgeserverdev,forgeserveruserdev,forgeclientdev,forgeclientuserdev,forgeserver,forgedatadev,fmlserver,fmlclientuserdev,fmlserverdev,forgedatauserdev,testharness,forgegametestserveruserdev]
[258月2026 15:11:57.485] [main/DEBUG] [cpw.mods.modlauncher.NameMappingServiceHandler/MODLAUNCHER]: Found naming services : [srgtomcp]
[258月2026 15:11:57.506] [main/DEBUG] [cpw.mods.modlauncher.LaunchPluginHandler/MODLAUNCHER]: Found launch plugins: [mixin,eventbus,slf4jfixer,object_holder_definalize,runtime_enum_extender,capability_token_subclass,accesstransformer,runtimedistcleaner]
[258月2026 15:11:57.516] [main/DEBUG] [cpw.mods.modlauncher.TransformationServicesHandler/MODLAUNCHER]: Discovering transformation services
[258月2026 15:11:57.523] [main/DEBUG] [net.minecraftforge.fml.loading.FMLPaths/CORE]: Path GAMEDIR is E:\program\JAVA\touhou little maid - unknow sky area\prod_server
[258月2026 15:11:57.523] [main/DEBUG] [net.minecraftforge.fml.loading.FMLPaths/CORE]: Path MODSDIR is E:\program\JAVA\touhou little maid - unknow sky area\prod_server\mods
[258月2026 15:11:57.523] [main/DEBUG] [net.minecraftforge.fml.loading.FMLPaths/CORE]: Path CONFIGDIR is E:\program\JAVA\touhou little maid - unknow sky area\prod_server\config
[258月2026 15:11:57.523] [main/DEBUG] [net.minecraftforge.fml.loading.FMLPaths/CORE]: Path FMLCONFIG is E:\program\JAVA\touhou little maid - unknow sky area\prod_server\config\fml.toml
[258月2026 15:11:58.030] [main/DEBUG] [cpw.mods.modlauncher.TransformationServicesHandler/MODLAUNCHER]: Found additional transformation services from discovery services: 
[258月2026 15:11:58.040] [main/INFO] [net.minecraftforge.fml.loading.ImmediateWindowHandler/]: ImmediateWindowProvider not loading because launch target is forgeserver
[258月2026 15:11:58.053] [main/DEBUG] [cpw.mods.modlauncher.TransformationServicesHandler/MODLAUNCHER]: Found transformer services : [mixin,fml]
[258月2026 15:11:58.053] [main/DEBUG] [cpw.mods.modlauncher.TransformationServicesHandler/MODLAUNCHER]: Transformation services loading
[258月2026 15:11:58.055] [main/DEBUG] [cpw.mods.modlauncher.TransformationServiceDecorator/MODLAUNCHER]: Loading service mixin
[258月2026 15:11:58.055] [main/DEBUG] [cpw.mods.modlauncher.TransformationServiceDecorator/MODLAUNCHER]: Loaded service mixin
[258月2026 15:11:58.055] [main/DEBUG] [cpw.mods.modlauncher.TransformationServiceDecorator/MODLAUNCHER]: Loading service fml
[258月2026 15:11:58.056] [main/DEBUG] [net.minecraftforge.fml.loading.LauncherVersion/CORE]: Found FMLLauncher version 1.0
[258月2026 15:11:58.057] [main/DEBUG] [net.minecraftforge.fml.loading.FMLLoader/CORE]: FML 1.0 loading
[258月2026 15:11:58.057] [main/DEBUG] [net.minecraftforge.fml.loading.FMLLoader/CORE]: FML found ModLauncher version : 10.0.9+10.0.9+main.dcd20f30
[258月2026 15:11:58.057] [main/DEBUG] [net.minecraftforge.fml.loading.FMLLoader/CORE]: Requesting CoreMods to not apply the fix for ASMAPI.findFirstInstructionBefore by default
[258月2026 15:11:58.058] [main/DEBUG] [net.minecraftforge.fml.loading.FMLLoader/CORE]: FML found AccessTransformer version : 8.0.4+66+master.c09db6d7
[258月2026 15:11:58.058] [main/DEBUG] [net.minecraftforge.fml.loading.FMLLoader/CORE]: FML found EventBus version : 6.0.5+6.0.5+master.eb8e549b
[258月2026 15:11:58.059] [main/DEBUG] [net.minecraftforge.fml.loading.FMLLoader/CORE]: Found Runtime Dist Cleaner
[258月2026 15:11:58.061] [main/DEBUG] [net.minecraftforge.coremod.CoreModEngine/]: CoreMods will preserve legacy behavior of ASMAPI.findFirstInstructionBefore for backwards-compatibility
[258月2026 15:11:58.062] [main/DEBUG] [net.minecraftforge.fml.loading.FMLLoader/CORE]: FML found CoreMod version : 5.2.4
[258月2026 15:11:58.062] [main/DEBUG] [net.minecraftforge.fml.loading.FMLLoader/CORE]: Found ForgeSPI package implementation version 7.0.1+7.0.1+master.d2b38bf6
[258月2026 15:11:58.062] [main/DEBUG] [net.minecraftforge.fml.loading.FMLLoader/CORE]: Found ForgeSPI package specification 5
[258月2026 15:11:58.063] [main/DEBUG] [cpw.mods.modlauncher.TransformationServiceDecorator/MODLAUNCHER]: Loaded service fml
[258月2026 15:11:58.064] [main/DEBUG] [cpw.mods.modlauncher.TransformationServicesHandler/MODLAUNCHER]: Configuring option handling for services
[258月2026 15:11:58.074] [main/DEBUG] [cpw.mods.modlauncher.TransformationServicesHandler/MODLAUNCHER]: Transformation services initializing
[258月2026 15:11:58.074] [main/DEBUG] [cpw.mods.modlauncher.TransformationServiceDecorator/MODLAUNCHER]: Initializing transformation service mixin
[258月2026 15:11:58.101] [main/DEBUG] [mixin/]: MixinService [ModLauncher] was successfully booted in cpw.mods.cl.ModuleClassLoader@543788f3
[258月2026 15:11:58.134] [main/INFO] [mixin/]: SpongePowered MIXIN Subsystem Version=0.8.5 Source=union:/E:/program/JAVA/touhou%20little%20maid%20-%20unknow%20sky%20area/prod_server/libraries/org/spongepowered/mixin/0.8.5/mixin-0.8.5.jar%2365!/ Service=ModLauncher Env=SERVER
[258月2026 15:11:58.138] [main/DEBUG] [mixin/]: Initialising Mixin Platform Manager
[258月2026 15:11:58.138] [main/DEBUG] [mixin/]: Adding mixin platform agents for container ModLauncher Root Container(ModLauncher:4f56a0a2)
[258月2026 15:11:58.139] [main/DEBUG] [mixin/]: Instancing new MixinPlatformAgentMinecraftForge for ModLauncher Root Container(ModLauncher:4f56a0a2)
[258月2026 15:11:58.139] [main/DEBUG] [mixin/]: MixinPlatformAgentMinecraftForge rejected container ModLauncher Root Container(ModLauncher:4f56a0a2)
[258月2026 15:11:58.140] [main/DEBUG] [mixin/]: Instancing new MixinPlatformAgentDefault for ModLauncher Root Container(ModLauncher:4f56a0a2)
[258月2026 15:11:58.140] [main/DEBUG] [mixin/]: MixinPlatformAgentDefault accepted container ModLauncher Root Container(ModLauncher:4f56a0a2)
[258月2026 15:11:58.143] [main/DEBUG] [cpw.mods.modlauncher.TransformationServiceDecorator/MODLAUNCHER]: Initialized transformation service mixin
[258月2026 15:11:58.143] [main/DEBUG] [cpw.mods.modlauncher.TransformationServiceDecorator/MODLAUNCHER]: Initializing transformation service fml
[258月2026 15:11:58.143] [main/DEBUG] [net.minecraftforge.fml.loading.FMLServiceProvider/CORE]: Setting up basic FML game directories
[258月2026 15:11:58.144] [main/DEBUG] [net.minecraftforge.fml.loading.FMLPaths/CORE]: Path GAMEDIR is E:\program\JAVA\touhou little maid - unknow sky area\prod_server
[258月2026 15:11:58.144] [main/DEBUG] [net.minecraftforge.fml.loading.FMLPaths/CORE]: Path MODSDIR is E:\program\JAVA\touhou little maid - unknow sky area\prod_server\mods
[258月2026 15:11:58.144] [main/DEBUG] [net.minecraftforge.fml.loading.FMLPaths/CORE]: Path CONFIGDIR is E:\program\JAVA\touhou little maid - unknow sky area\prod_server\config
[258月2026 15:11:58.144] [main/DEBUG] [net.minecraftforge.fml.loading.FMLPaths/CORE]: Path FMLCONFIG is E:\program\JAVA\touhou little maid - unknow sky area\prod_server\config\fml.toml
[258月2026 15:11:58.144] [main/DEBUG] [net.minecraftforge.fml.loading.FMLServiceProvider/CORE]: Loading configuration
[258月2026 15:11:58.147] [main/DEBUG] [net.minecraftforge.fml.loading.FMLServiceProvider/CORE]: Preparing ModFile
[258月2026 15:11:58.151] [main/DEBUG] [net.minecraftforge.fml.loading.FMLServiceProvider/CORE]: Preparing launch handler
[258月2026 15:11:58.151] [main/DEBUG] [net.minecraftforge.fml.loading.FMLLoader/CORE]: Using forgeserver as launch service
[258月2026 15:11:58.170] [main/DEBUG] [net.minecraftforge.fml.loading.FMLLoader/CORE]: Received command line version data  : VersionInfo[forgeVersion=47.4.13, mcVersion=1.20.1, mcpVersion=20230612.114412, forgeGroup=net.minecraftforge]
[258月2026 15:11:58.172] [main/DEBUG] [cpw.mods.modlauncher.TransformationServiceDecorator/MODLAUNCHER]: Initialized transformation service fml
[258月2026 15:11:58.172] [main/DEBUG] [cpw.mods.modlauncher.NameMappingServiceHandler/MODLAUNCHER]: Current naming domain is 'srg'
[258月2026 15:11:58.173] [main/DEBUG] [cpw.mods.modlauncher.NameMappingServiceHandler/MODLAUNCHER]: Identified name mapping providers {}
[258月2026 15:11:58.173] [main/DEBUG] [cpw.mods.modlauncher.TransformationServicesHandler/MODLAUNCHER]: Transformation services begin scanning
[258月2026 15:11:58.174] [main/DEBUG] [cpw.mods.modlauncher.TransformationServiceDecorator/MODLAUNCHER]: Beginning scan trigger - transformation service mixin
[258月2026 15:11:58.175] [main/DEBUG] [cpw.mods.modlauncher.TransformationServiceDecorator/MODLAUNCHER]: End scan trigger - transformation service mixin
[258月2026 15:11:58.175] [main/DEBUG] [cpw.mods.modlauncher.TransformationServiceDecorator/MODLAUNCHER]: Beginning scan trigger - transformation service fml
[258月2026 15:11:58.175] [main/DEBUG] [net.minecraftforge.fml.loading.FMLServiceProvider/CORE]: Initiating mod scan
[258月2026 15:11:58.188] [main/DEBUG] [net.minecraftforge.fml.loading.moddiscovery.ModListHandler/CORE]: Found mod coordinates from lists: []
[258月2026 15:11:58.192] [main/DEBUG] [net.minecraftforge.fml.loading.moddiscovery.ModDiscoverer/CORE]: Found Mod Locators : (mods folder:null),(maven libs:null),(exploded directory:null),(minecraft:null),(userdev classpath:null)
[258月2026 15:11:58.192] [main/DEBUG] [net.minecraftforge.fml.loading.moddiscovery.ModDiscoverer/CORE]: Found Dependency Locators : (JarInJar:null)
[258月2026 15:11:58.207] [main/DEBUG] [net.minecraftforge.fml.loading.moddiscovery.ModFileParser/LOADING]: Considering mod file candidate E:\program\JAVA\touhou little maid - unknow sky area\prod_server\mods\[史诗战斗] epic-fight-20.14.17-mc1.20.1-forge.jar
[258月2026 15:11:58.262] [main/DEBUG] [net.minecraftforge.fml.loading.moddiscovery.ModFileInfo/LOADING]: Found valid mod file [史诗战斗] epic-fight-20.14.17-mc1.20.1-forge.jar with {epicfight} mods - versions {20.14.17}
[258月2026 15:11:58.268] [main/DEBUG] [net.minecraftforge.fml.loading.moddiscovery.ModFileParser/LOADING]: Considering mod file candidate E:\program\JAVA\touhou little maid - unknow sky area\prod_server\mods\[史诗战斗：冲击之刃] Epicfight-ClashBlade-1.20.1-2.1.jar
[258月2026 15:11:58.270] [main/DEBUG] [net.minecraftforge.fml.loading.moddiscovery.ModFileInfo/LOADING]: Found valid mod file [史诗战斗：冲击之刃] Epicfight-ClashBlade-1.20.1-2.1.jar with {efclash_blade} mods - versions {2.1}
[258月2026 15:11:58.276] [main/DEBUG] [net.minecraftforge.fml.loading.moddiscovery.ModFileParser/LOADING]: Considering mod file candidate E:\program\JAVA\touhou little maid - unknow sky area\prod_server\mods\[史诗战斗：夜幕] EpicFight Nightfall-3.4.0.jar
[258月2026 15:11:58.278] [main/DEBUG] [net.minecraftforge.fml.loading.moddiscovery.ModFileInfo/LOADING]: Found valid mod file [史诗战斗：夜幕] EpicFight Nightfall-3.4.0.jar with {efn} mods - versions {3.4.0}
[258月2026 15:11:58.284] [main/DEBUG] [net.minecraftforge.fml.loading.moddiscovery.ModFileParser/LOADING]: Considering mod file candidate E:\program\JAVA\touhou little maid - unknow sky area\prod_server\mods\[史诗战斗：车万女仆] [史诗战斗：车万女仆]EpicFight_TouhouLittleMaid-1.20.1-1.3.2-all.jar
[258月2026 15:11:58.287] [main/DEBUG] [net.minecraftforge.fml.loading.moddiscovery.ModFileInfo/LOADING]: Found valid mod file [史诗战斗：车万女仆] [史诗战斗：车万女仆]EpicFight_TouhouLittleMaid-1.20.1-1.3.2-all.jar with {ef_tlm} mods - versions {1.3.2}
[258月2026 15:11:58.293] [main/DEBUG] [net.minecraftforge.fml.loading.moddiscovery.ModFileParser/LOADING]: Considering mod file candidate E:\program\JAVA\touhou little maid - unknow sky area\prod_server\mods\[奇迹武器] WeaponsOfMiracles-2.0.164-mc1.20.1-forge.jar
[258月2026 15:11:58.296] [main/DEBUG] [net.minecraftforge.fml.loading.moddiscovery.ModFileInfo/LOADING]: Found valid mod file [奇迹武器] WeaponsOfMiracles-2.0.164-mc1.20.1-forge.jar with {wom} mods - versions {2.0.164}
[258月2026 15:11:58.301] [main/DEBUG] [net.minecraftforge.fml.loading.moddiscovery.ModFileParser/LOADING]: Considering mod file candidate E:\program\JAVA\touhou little maid - unknow sky area\prod_server\mods\[无坚不摧] epic-fight-invincible-lib-20.14.8.2-mc1.20.1-forge.jar
[258月2026 15:11:58.302] [main/DEBUG] [net.minecraftforge.fml.loading.moddiscovery.ModFileInfo/LOADING]: Found valid mod file [无坚不摧] epic-fight-invincible-lib-20.14.8.2-mc1.20.1-forge.jar with {invincible} mods - versions {20.14.8.2}
[258月2026 15:11:58.309] [main/DEBUG] [net.minecraftforge.fml.loading.moddiscovery.ModFileParser/LOADING]: Considering mod file candidate E:\program\JAVA\touhou little maid - unknow sky area\prod_server\mods\[烦人的村民] AnnoyingVillagers-1.20.1-1.4.7.jar
[258月2026 15:11:58.312] [main/DEBUG] [net.minecraftforge.fml.loading.moddiscovery.ModFileInfo/LOADING]: Found valid mod file [烦人的村民] AnnoyingVillagers-1.20.1-1.4.7.jar with {annoyingvillagers} mods - versions {1.4.7}
[258月2026 15:11:58.320] [main/DEBUG] [net.minecraftforge.fml.loading.moddiscovery.ModFileParser/LOADING]: Considering mod file candidate E:\program\JAVA\touhou little maid - unknow sky area\prod_server\mods\[车万女仆] touhoulittlemaid-1.5.3-forge+mc1.20.1.jar
[258月2026 15:11:58.323] [main/DEBUG] [net.minecraftforge.fml.loading.moddiscovery.ModFileInfo/LOADING]: Found valid mod file [车万女仆] touhoulittlemaid-1.5.3-forge+mc1.20.1.jar with {touhou_little_maid} mods - versions {1.5.3-forge+mc1.20.1}
[258月2026 15:11:58.330] [main/DEBUG] [net.minecraftforge.fml.loading.moddiscovery.ModFileParser/LOADING]: Considering mod file candidate E:\program\JAVA\touhou little maid - unknow sky area\prod_server\mods\architectury-9.2.14-forge.jar
[258月2026 15:11:58.330] [main/DEBUG] [net.minecraftforge.fml.loading.moddiscovery.ModFileInfo/LOADING]: Found valid mod file architectury-9.2.14-forge.jar with {architectury} mods - versions {9.2.14}
[258月2026 15:11:58.335] [main/DEBUG] [net.minecraftforge.fml.loading.moddiscovery.ModFileParser/LOADING]: Considering mod file candidate E:\program\JAVA\touhou little maid - unknow sky area\prod_server\mods\CombatEvolution-2.1.10.jar
[258月2026 15:11:58.336] [main/DEBUG] [net.minecraftforge.fml.loading.moddiscovery.ModFileInfo/LOADING]: Found valid mod file CombatEvolution-2.1.10.jar with {combat_evolution} mods - versions {2.1.10}
[258月2026 15:11:58.342] [main/DEBUG] [net.minecraftforge.fml.loading.moddiscovery.ModFileParser/LOADING]: Considering mod file candidate E:\program\JAVA\touhou little maid - unknow sky area\prod_server\mods\eftlm_stylish-1.0.0.jar
[258月2026 15:11:58.343] [main/DEBUG] [net.minecraftforge.fml.loading.moddiscovery.ModFileInfo/LOADING]: Found valid mod file eftlm_stylish-1.0.0.jar with {eftlm_stylish} mods - versions {1.0.0}
[258月2026 15:11:58.348] [main/DEBUG] [net.minecraftforge.fml.loading.moddiscovery.ModFileParser/LOADING]: Considering mod file candidate E:\program\JAVA\touhou little maid - unknow sky area\prod_server\mods\epic_fight_avalon-20.12.6.4.jar
[258月2026 15:11:58.349] [main/DEBUG] [net.minecraftforge.fml.loading.moddiscovery.ModFileInfo/LOADING]: Found valid mod file epic_fight_avalon-20.12.6.4.jar with {epic_fight_avalon} mods - versions {20.12.6.4}
[258月2026 15:11:58.355] [main/DEBUG] [net.minecraftforge.fml.loading.moddiscovery.ModFileParser/LOADING]: Considering mod file candidate E:\program\JAVA\touhou little maid - unknow sky area\prod_server\mods\maid_weapon_refill-1.0.0.jar
[258月2026 15:11:58.357] [main/DEBUG] [net.minecraftforge.fml.loading.moddiscovery.ModFileInfo/LOADING]: Found valid mod file maid_weapon_refill-1.0.0.jar with {maid_weapon_refill} mods - versions {1.0.0}
[258月2026 15:11:58.362] [main/DEBUG] [net.minecraftforge.fml.loading.moddiscovery.ModFileParser/LOADING]: Considering mod file candidate E:\program\JAVA\touhou little maid - unknow sky area\prod_server\mods\PlayerMobs-1.20.1-4.1.0.37.jar
[258月2026 15:11:58.363] [main/DEBUG] [net.minecraftforge.fml.loading.moddiscovery.ModFileInfo/LOADING]: Found valid mod file PlayerMobs-1.20.1-4.1.0.37.jar with {player_mobs} mods - versions {4.1.0.37}
[258月2026 15:11:58.368] [main/DEBUG] [net.minecraftforge.fml.loading.moddiscovery.ModFileParser/LOADING]: Considering mod file candidate E:\program\JAVA\touhou little maid - unknow sky area\prod_server\mods\ywzj_vehicle-1.20.1-0.5.8.jar
[258月2026 15:11:58.369] [main/DEBUG] [net.minecraftforge.fml.loading.moddiscovery.ModFileInfo/LOADING]: Found valid mod file ywzj_vehicle-1.20.1-0.5.8.jar with {ywzj_vehicle} mods - versions {0.5.8}
[258月2026 15:11:58.472] [main/DEBUG] [net.minecraftforge.fml.loading.moddiscovery.ModFileInfo/LOADING]: Found valid mod file server-1.20.1-20230612.114412-srg.jar with {minecraft} mods - versions {1.20.1}
[258月2026 15:11:58.483] [main/DEBUG] [net.minecraftforge.fml.loading.moddiscovery.ModFileParser/LOADING]: Considering mod file candidate E:\program\JAVA\touhou little maid - unknow sky area\prod_server\libraries\net\minecraftforge\fmlcore\1.20.1-47.4.13\fmlcore-1.20.1-47.4.13.jar
[258月2026 15:11:58.483] [main/WARN] [net.minecraftforge.fml.loading.moddiscovery.ModFileParser/LOADING]: Mod file E:\program\JAVA\touhou little maid - unknow sky area\prod_server\libraries\net\minecraftforge\fmlcore\1.20.1-47.4.13\fmlcore-1.20.1-47.4.13.jar is missing mods.toml file
[258月2026 15:11:58.492] [main/DEBUG] [net.minecraftforge.fml.loading.moddiscovery.ModFileParser/LOADING]: Considering mod file candidate E:\program\JAVA\touhou little maid - unknow sky area\prod_server\libraries\net\minecraftforge\javafmllanguage\1.20.1-47.4.13\javafmllanguage-1.20.1-47.4.13.jar
[258月2026 15:11:58.493] [main/WARN] [net.minecraftforge.fml.loading.moddiscovery.ModFileParser/LOADING]: Mod file E:\program\JAVA\touhou little maid - unknow sky area\prod_server\libraries\net\minecraftforge\javafmllanguage\1.20.1-47.4.13\javafmllanguage-1.20.1-47.4.13.jar is missing mods.toml file
[258月2026 15:11:58.503] [main/DEBUG] [net.minecraftforge.fml.loading.moddiscovery.ModFileParser/LOADING]: Considering mod file candidate E:\program\JAVA\touhou little maid - unknow sky area\prod_server\libraries\net\minecraftforge\lowcodelanguage\1.20.1-47.4.13\lowcodelanguage-1.20.1-47.4.13.jar
[258月2026 15:11:58.503] [main/WARN] [net.minecraftforge.fml.loading.moddiscovery.ModFileParser/LOADING]: Mod file E:\program\JAVA\touhou little maid - unknow sky area\prod_server\libraries\net\minecraftforge\lowcodelanguage\1.20.1-47.4.13\lowcodelanguage-1.20.1-47.4.13.jar is missing mods.toml file
[258月2026 15:11:58.511] [main/DEBUG] [net.minecraftforge.fml.loading.moddiscovery.ModFileParser/LOADING]: Considering mod file candidate E:\program\JAVA\touhou little maid - unknow sky area\prod_server\libraries\net\minecraftforge\mclanguage\1.20.1-47.4.13\mclanguage-1.20.1-47.4.13.jar
[258月2026 15:11:58.511] [main/WARN] [net.minecraftforge.fml.loading.moddiscovery.ModFileParser/LOADING]: Mod file E:\program\JAVA\touhou little maid - unknow sky area\prod_server\libraries\net\minecraftforge\mclanguage\1.20.1-47.4.13\mclanguage-1.20.1-47.4.13.jar is missing mods.toml file
[258月2026 15:11:58.524] [main/DEBUG] [net.minecraftforge.fml.loading.moddiscovery.ModFileParser/LOADING]: Considering mod file candidate E:\program\JAVA\touhou little maid - unknow sky area\prod_server\libraries\net\minecraftforge\forge\1.20.1-47.4.13\forge-1.20.1-47.4.13-universal.jar
[258月2026 15:11:58.525] [main/DEBUG] [net.minecraftforge.fml.loading.moddiscovery.ModFileInfo/LOADING]: Found valid mod file forge-1.20.1-47.4.13-universal.jar with {forge} mods - versions {47.4.13}
[258月2026 15:11:58.539] [main/DEBUG] [net.minecraftforge.fml.loading.moddiscovery.AbstractJarFileDependencyLocator/]: Failed to load resource META-INF\jarjar\metadata.json from server-1.20.1-20230612.114412-srg.jar, it does not contain dependency information.
[258月2026 15:11:58.540] [main/DEBUG] [net.minecraftforge.fml.loading.moddiscovery.AbstractJarFileDependencyLocator/]: Failed to load resource META-INF\jarjar\metadata.json from [烦人的村民] AnnoyingVillagers-1.20.1-1.4.7.jar, it does not contain dependency information.
[258月2026 15:11:58.540] [main/DEBUG] [net.minecraftforge.fml.loading.moddiscovery.AbstractJarFileDependencyLocator/]: Failed to load resource META-INF\jarjar\metadata.json from [无坚不摧] epic-fight-invincible-lib-20.14.8.2-mc1.20.1-forge.jar, it does not contain dependency information.
[258月2026 15:11:58.540] [main/DEBUG] [net.minecraftforge.fml.loading.moddiscovery.AbstractJarFileDependencyLocator/]: Failed to load resource META-INF\jarjar\metadata.json from architectury-9.2.14-forge.jar, it does not contain dependency information.
[258月2026 15:11:58.541] [main/DEBUG] [net.minecraftforge.fml.loading.moddiscovery.AbstractJarFileDependencyLocator/]: Failed to load resource META-INF\jarjar\metadata.json from [史诗战斗：冲击之刃] Epicfight-ClashBlade-1.20.1-2.1.jar, it does not contain dependency information.
[258月2026 15:11:58.541] [main/DEBUG] [net.minecraftforge.fml.loading.moddiscovery.AbstractJarFileDependencyLocator/]: Failed to load resource META-INF\jarjar\metadata.json from [奇迹武器] WeaponsOfMiracles-2.0.164-mc1.20.1-forge.jar, it does not contain dependency information.
[258月2026 15:11:58.541] [main/DEBUG] [net.minecraftforge.fml.loading.moddiscovery.AbstractJarFileDependencyLocator/]: Failed to load resource META-INF\jarjar\metadata.json from CombatEvolution-2.1.10.jar, it does not contain dependency information.
[258月2026 15:11:58.541] [main/DEBUG] [net.minecraftforge.fml.loading.moddiscovery.AbstractJarFileDependencyLocator/]: Failed to load resource META-INF\jarjar\metadata.json from forge-1.20.1-47.4.13-universal.jar, it does not contain dependency information.
[258月2026 15:11:58.541] [main/DEBUG] [net.minecraftforge.fml.loading.moddiscovery.AbstractJarFileDependencyLocator/]: Failed to load resource META-INF\jarjar\metadata.json from maid_weapon_refill-1.0.0.jar, it does not contain dependency information.
[258月2026 15:11:58.541] [main/DEBUG] [net.minecraftforge.fml.loading.moddiscovery.AbstractJarFileDependencyLocator/]: Failed to load resource META-INF\jarjar\metadata.json from [车万女仆] touhoulittlemaid-1.5.3-forge+mc1.20.1.jar, it does not contain dependency information.
[258月2026 15:11:58.542] [main/DEBUG] [net.minecraftforge.fml.loading.moddiscovery.AbstractJarFileDependencyLocator/]: Failed to load resource META-INF\jarjar\metadata.json from epic_fight_avalon-20.12.6.4.jar, it does not contain dependency information.
[258月2026 15:11:58.542] [main/DEBUG] [net.minecraftforge.fml.loading.moddiscovery.AbstractJarFileDependencyLocator/]: Failed to load resource META-INF\jarjar\metadata.json from [史诗战斗] epic-fight-20.14.17-mc1.20.1-forge.jar, it does not contain dependency information.
[258月2026 15:11:58.542] [main/DEBUG] [net.minecraftforge.fml.loading.moddiscovery.AbstractJarFileDependencyLocator/]: Failed to load resource META-INF\jarjar\metadata.json from eftlm_stylish-1.0.0.jar, it does not contain dependency information.
[258月2026 15:11:58.542] [main/DEBUG] [net.minecraftforge.fml.loading.moddiscovery.AbstractJarFileDependencyLocator/]: Failed to load resource META-INF\jarjar\metadata.json from mclanguage-1.20.1-47.4.13.jar, it does not contain dependency information.
[258月2026 15:11:58.542] [main/DEBUG] [net.minecraftforge.fml.loading.moddiscovery.AbstractJarFileDependencyLocator/]: Failed to load resource META-INF\jarjar\metadata.json from javafmllanguage-1.20.1-47.4.13.jar, it does not contain dependency information.
[258月2026 15:11:58.542] [main/DEBUG] [net.minecraftforge.fml.loading.moddiscovery.AbstractJarFileDependencyLocator/]: Failed to load resource META-INF\jarjar\metadata.json from fmlcore-1.20.1-47.4.13.jar, it does not contain dependency information.
[258月2026 15:11:58.542] [main/DEBUG] [net.minecraftforge.fml.loading.moddiscovery.AbstractJarFileDependencyLocator/]: Failed to load resource META-INF\jarjar\metadata.json from lowcodelanguage-1.20.1-47.4.13.jar, it does not contain dependency information.
[258月2026 15:11:58.623] [main/DEBUG] [net.minecraftforge.fml.loading.moddiscovery.ModFileParser/LOADING]: Considering mod file candidate 
[258月2026 15:11:58.623] [main/DEBUG] [net.minecraftforge.fml.loading.moddiscovery.ModFileInfo/LOADING]: Found valid mod file geckolib-388172-7025129.jar with {geckolib} mods - versions {4.8.2}
[258月2026 15:11:58.628] [main/DEBUG] [net.minecraftforge.fml.loading.moddiscovery.ModFileParser/LOADING]: Considering mod file candidate 
[258月2026 15:11:58.629] [main/DEBUG] [net.minecraftforge.fml.loading.moddiscovery.ModFileInfo/LOADING]: Found valid mod file guhaos-vix-1531111-8258354.jar with {vix} mods - versions {1.0.9}
[258月2026 15:11:58.631] [main/DEBUG] [net.minecraftforge.fml.loading.moddiscovery.ModFileParser/LOADING]: Considering mod file candidate 
[258月2026 15:11:58.631] [main/DEBUG] [net.minecraftforge.fml.loading.moddiscovery.ModFileInfo/LOADING]: Found valid mod file mixinsquared-forge-0.2.0-beta.6.jar with {mixinsquared} mods - versions {0.2.0-beta.6}
[258月2026 15:11:58.633] [main/DEBUG] [net.minecraftforge.fml.loading.moddiscovery.ModFileParser/LOADING]: Considering mod file candidate 
[258月2026 15:11:58.633] [main/DEBUG] [net.minecraftforge.fml.loading.moddiscovery.ModFileInfo/LOADING]: Found valid mod file mixinextras-forge-0.4.1.jar with {mixinextras} mods - versions {0.4.1}
[258月2026 15:11:58.637] [main/DEBUG] [net.minecraftforge.fml.loading.moddiscovery.ModFileParser/LOADING]: Considering mod file candidate 
[258月2026 15:11:58.638] [main/DEBUG] [net.minecraftforge.fml.loading.moddiscovery.ModFileInfo/LOADING]: Found valid mod file YSM_GEO_Compat.jar with {ysm_geo_compat} mods - versions {1.0.0}
[258月2026 15:11:58.650] [main/DEBUG] [net.minecraftforge.fml.loading.moddiscovery.ModFileParser/LOADING]: Considering mod file candidate 
[258月2026 15:11:58.651] [main/DEBUG] [net.minecraftforge.fml.loading.moddiscovery.ModFileInfo/LOADING]: Found valid mod file simplebedrockmodel-2.5.1-forge-mc1.20.1.jar with {simplebedrockmodel} mods - versions {2.5.1-forge-mc1.20.1}
[258月2026 15:11:58.653] [main/DEBUG] [net.minecraftforge.fml.loading.moddiscovery.ModFileParser/LOADING]: Considering mod file candidate 
[258月2026 15:11:58.654] [main/DEBUG] [net.minecraftforge.fml.loading.moddiscovery.ModFileInfo/LOADING]: Found valid mod file mixinextras-forge-0.3.6.jar with {mixinextras} mods - versions {0.3.6}
[258月2026 15:11:58.695] [main/DEBUG] [net.minecraftforge.fml.loading.moddiscovery.ModFileParser/LOADING]: Considering mod file candidate 
[258月2026 15:11:58.695] [main/DEBUG] [net.minecraftforge.fml.loading.moddiscovery.ModFileInfo/LOADING]: Found valid mod file mixinsquared-forge-0.2.0-beta.6.jar with {mixinsquared} mods - versions {0.2.0-beta.6}
[258月2026 15:11:58.697] [main/DEBUG] [net.minecraftforge.fml.loading.moddiscovery.ModFileParser/LOADING]: Considering mod file candidate 
[258月2026 15:11:58.697] [main/DEBUG] [net.minecraftforge.fml.loading.moddiscovery.ModFileInfo/LOADING]: Found valid mod file mixinextras-forge-0.4.1.jar with {mixinextras} mods - versions {0.4.1}
[258月2026 15:11:58.705] [main/DEBUG] [net.minecraftforge.fml.loading.moddiscovery.AbstractJarFileDependencyLocator/]: Failed to load resource META-INF\jarjar\metadata.json from YSM_GEO_Compat.jar, it does not contain dependency information.
[258月2026 15:11:58.711] [main/DEBUG] [net.minecraftforge.fml.loading.moddiscovery.ModFileParser/LOADING]: Considering mod file candidate 
[258月2026 15:11:58.711] [main/DEBUG] [net.minecraftforge.fml.loading.moddiscovery.ModFileInfo/LOADING]: Found valid mod file mixinextras-forge-0.3.6.jar with {mixinextras} mods - versions {0.3.6}
[258月2026 15:11:58.715] [main/DEBUG] [net.minecraftforge.fml.loading.moddiscovery.AbstractJarFileDependencyLocator/]: Failed to load resource META-INF\jarjar\metadata.json from rhino-1.8.1.jar, it does not contain dependency information.
[258月2026 15:11:58.716] [main/DEBUG] [net.minecraftforge.fml.loading.moddiscovery.AbstractJarFileDependencyLocator/]: Failed to load resource META-INF\jarjar\metadata.json from Registrate-MC1.20-1.3.11.jar, it does not contain dependency information.
[258月2026 15:11:58.716] [main/DEBUG] [net.minecraftforge.fml.loading.moddiscovery.AbstractJarFileDependencyLocator/]: Failed to load resource META-INF\jarjar\metadata.json from mclib-20.jar, it does not contain dependency information.
[258月2026 15:11:58.723] [main/DEBUG] [net.minecraftforge.fml.loading.moddiscovery.AbstractJarFileDependencyLocator/]: Failed to load resource META-INF\jarjar\metadata.json from MixinSquared-0.2.0-beta.6.jar, it does not contain dependency information.
[258月2026 15:11:58.723] [main/DEBUG] [net.minecraftforge.fml.loading.moddiscovery.AbstractJarFileDependencyLocator/]: Failed to load resource META-INF\jarjar\metadata.json from MixinExtras-0.4.1.jar, it does not contain dependency information.
[258月2026 15:11:58.723] [main/DEBUG] [net.minecraftforge.fml.loading.moddiscovery.AbstractJarFileDependencyLocator/]: Failed to load resource META-INF\jarjar\metadata.json from mae-1.1.4.jar, it does not contain dependency information.
[258月2026 15:11:58.727] [main/DEBUG] [net.minecraftforge.fml.loading.moddiscovery.AbstractJarFileDependencyLocator/]: Failed to load resource META-INF\jarjar\metadata.json from MixinExtras-0.3.6.jar, it does not contain dependency information.
[258月2026 15:11:58.727] [main/DEBUG] [net.minecraftforge.fml.loading.moddiscovery.AbstractJarFileDependencyLocator/]: Failed to load resource META-INF\jarjar\metadata.json from MixinSquared-0.2.0-beta.6.jar, it does not contain dependency information.
[258月2026 15:11:58.727] [main/DEBUG] [net.minecraftforge.fml.loading.moddiscovery.AbstractJarFileDependencyLocator/]: Failed to load resource META-INF\jarjar\metadata.json from MixinExtras-0.4.1.jar, it does not contain dependency information.
[258月2026 15:11:58.727] [main/DEBUG] [net.minecraftforge.fml.loading.moddiscovery.AbstractJarFileDependencyLocator/]: Failed to load resource META-INF\jarjar\metadata.json from MixinExtras-0.3.6.jar, it does not contain dependency information.
[258月2026 15:11:58.779] [main/DEBUG] [net.minecraftforge.fml.loading.moddiscovery.ModFileParser/LOADING]: Considering mod file candidate 
[258月2026 15:11:58.780] [main/DEBUG] [net.minecraftforge.fml.loading.moddiscovery.ModFileInfo/LOADING]: Found valid mod file guhaos-vix-1531111-8258354.jar with {vix} mods - versions {1.0.9}
[258月2026 15:11:58.784] [main/DEBUG] [net.minecraftforge.fml.loading.moddiscovery.ModFileParser/LOADING]: Considering mod file candidate 
[258月2026 15:11:58.784] [main/DEBUG] [net.minecraftforge.fml.loading.moddiscovery.ModFileInfo/LOADING]: Found valid mod file YSM_GEO_Compat.jar with {ysm_geo_compat} mods - versions {1.0.0}
[258月2026 15:11:58.785] [main/DEBUG] [net.minecraftforge.fml.loading.moddiscovery.ModFileParser/LOADING]: Considering mod file candidate 
[258月2026 15:11:58.786] [main/DEBUG] [net.minecraftforge.fml.loading.moddiscovery.ModFileInfo/LOADING]: Found valid mod file mixinsquared-forge-0.2.0-beta.6.jar with {mixinsquared} mods - versions {0.2.0-beta.6}
[258月2026 15:11:58.795] [main/DEBUG] [net.minecraftforge.fml.loading.moddiscovery.ModFileParser/LOADING]: Considering mod file candidate 
[258月2026 15:11:58.796] [main/DEBUG] [net.minecraftforge.fml.loading.moddiscovery.ModFileInfo/LOADING]: Found valid mod file geckolib-388172-7025129.jar with {geckolib} mods - versions {4.8.2}
[258月2026 15:11:58.799] [main/DEBUG] [net.minecraftforge.fml.loading.moddiscovery.ModFileParser/LOADING]: Considering mod file candidate 
[258月2026 15:11:58.799] [main/DEBUG] [net.minecraftforge.fml.loading.moddiscovery.ModFileInfo/LOADING]: Found valid mod file mixinextras-forge-0.4.1.jar with {mixinextras} mods - versions {0.4.1}
[258月2026 15:11:58.821] [main/DEBUG] [net.minecraftforge.fml.loading.moddiscovery.ModFileParser/LOADING]: Considering mod file candidate 
[258月2026 15:11:58.822] [main/DEBUG] [net.minecraftforge.fml.loading.moddiscovery.ModFileInfo/LOADING]: Found valid mod file simplebedrockmodel-2.5.1-forge-mc1.20.1.jar with {simplebedrockmodel} mods - versions {2.5.1-forge-mc1.20.1}
[258月2026 15:11:58.824] [main/INFO] [net.minecraftforge.fml.loading.moddiscovery.JarInJarDependencyLocator/]: Found 12 dependencies adding them to mods collection
[258月2026 15:11:58.826] [main/DEBUG] [net.minecraftforge.fml.loading.moddiscovery.ModFileInfo/LOADING]: Found valid mod file server-1.20.1-20230612.114412-srg.jar with {minecraft} mods - versions {1.20.1}
[258月2026 15:11:58.829] [main/DEBUG] [net.minecraftforge.fml.loading.moddiscovery.ModFile/LOADING]: Loading mod file E:\program\JAVA\touhou little maid - unknow sky area\prod_server\libraries\net\minecraft\server\1.20.1-20230612.114412\server-1.20.1-20230612.114412-srg.jar with languages [LanguageSpec[languageName=minecraft, acceptedVersions=1]]
[258月2026 15:11:58.829] [main/DEBUG] [net.minecraftforge.fml.loading.moddiscovery.ModFileParser/LOADING]: Considering mod file candidate E:\program\JAVA\touhou little maid - unknow sky area\prod_server\mods\[无坚不摧] epic-fight-invincible-lib-20.14.8.2-mc1.20.1-forge.jar
[258月2026 15:11:58.830] [main/DEBUG] [net.minecraftforge.fml.loading.moddiscovery.ModFileInfo/LOADING]: Found valid mod file [无坚不摧] epic-fight-invincible-lib-20.14.8.2-mc1.20.1-forge.jar with {invincible} mods - versions {20.14.8.2}
[258月2026 15:11:58.830] [main/DEBUG] [net.minecraftforge.fml.loading.moddiscovery.ModFile/LOADING]: Loading mod file E:\program\JAVA\touhou little maid - unknow sky area\prod_server\mods\[无坚不摧] epic-fight-invincible-lib-20.14.8.2-mc1.20.1-forge.jar with languages [LanguageSpec[languageName=javafml, acceptedVersions=[47,)]]
[258月2026 15:11:58.830] [main/DEBUG] [net.minecraftforge.fml.loading.moddiscovery.ModFileParser/LOADING]: Considering mod file candidate 
[258月2026 15:11:58.831] [main/DEBUG] [net.minecraftforge.fml.loading.moddiscovery.ModFileInfo/LOADING]: Found valid mod file geckolib-388172-7025129.jar with {geckolib} mods - versions {4.8.2}
[258月2026 15:11:58.831] [main/DEBUG] [net.minecraftforge.fml.loading.moddiscovery.ModFile/LOADING]: Loading mod file  with languages [LanguageSpec[languageName=javafml, acceptedVersions=[47,)]]
[258月2026 15:11:58.831] [main/DEBUG] [net.minecraftforge.fml.loading.moddiscovery.ModFileParser/LOADING]: Considering mod file candidate 
[258月2026 15:11:58.832] [main/DEBUG] [net.minecraftforge.fml.loading.moddiscovery.ModFileInfo/LOADING]: Found valid mod file YSM_GEO_Compat.jar with {ysm_geo_compat} mods - versions {1.0.0}
[258月2026 15:11:58.832] [main/DEBUG] [net.minecraftforge.fml.loading.moddiscovery.ModFile/LOADING]: Loading mod file  with languages [LanguageSpec[languageName=javafml, acceptedVersions=[47,)]]
[258月2026 15:11:58.832] [main/DEBUG] [net.minecraftforge.fml.loading.moddiscovery.ModFileParser/LOADING]: Considering mod file candidate E:\program\JAVA\touhou little maid - unknow sky area\prod_server\mods\[奇迹武器] WeaponsOfMiracles-2.0.164-mc1.20.1-forge.jar
[258月2026 15:11:58.832] [main/DEBUG] [net.minecraftforge.fml.loading.moddiscovery.ModFileInfo/LOADING]: Found valid mod file [奇迹武器] WeaponsOfMiracles-2.0.164-mc1.20.1-forge.jar with {wom} mods - versions {2.0.164}
[258月2026 15:11:58.832] [main/DEBUG] [net.minecraftforge.fml.loading.moddiscovery.ModFile/LOADING]: Loading mod file E:\program\JAVA\touhou little maid - unknow sky area\prod_server\mods\[奇迹武器] WeaponsOfMiracles-2.0.164-mc1.20.1-forge.jar with languages [LanguageSpec[languageName=javafml, acceptedVersions=[47,)]]
[258月2026 15:11:58.832] [main/DEBUG] [net.minecraftforge.fml.loading.moddiscovery.ModFileParser/LOADING]: Considering mod file candidate E:\program\JAVA\touhou little maid - unknow sky area\prod_server\mods\CombatEvolution-2.1.10.jar
[258月2026 15:11:58.833] [main/DEBUG] [net.minecraftforge.fml.loading.moddiscovery.ModFileInfo/LOADING]: Found valid mod file CombatEvolution-2.1.10.jar with {combat_evolution} mods - versions {2.1.10}
[258月2026 15:11:58.833] [main/DEBUG] [net.minecraftforge.fml.loading.moddiscovery.ModFile/LOADING]: Loading mod file E:\program\JAVA\touhou little maid - unknow sky area\prod_server\mods\CombatEvolution-2.1.10.jar with languages [LanguageSpec[languageName=javafml, acceptedVersions=[47,)]]
[258月2026 15:11:58.833] [main/DEBUG] [net.minecraftforge.fml.loading.moddiscovery.ModFileParser/LOADING]: Considering mod file candidate E:\program\JAVA\touhou little maid - unknow sky area\prod_server\mods\maid_weapon_refill-1.0.0.jar
[258月2026 15:11:58.834] [main/DEBUG] [net.minecraftforge.fml.loading.moddiscovery.ModFileInfo/LOADING]: Found valid mod file maid_weapon_refill-1.0.0.jar with {maid_weapon_refill} mods - versions {1.0.0}
[258月2026 15:11:58.834] [main/DEBUG] [net.minecraftforge.fml.loading.moddiscovery.ModFile/LOADING]: Loading mod file E:\program\JAVA\touhou little maid - unknow sky area\prod_server\mods\maid_weapon_refill-1.0.0.jar with languages [LanguageSpec[languageName=javafml, acceptedVersions=[47,)]]
[258月2026 15:11:58.834] [main/DEBUG] [net.minecraftforge.fml.loading.moddiscovery.ModFileParser/LOADING]: Considering mod file candidate E:\program\JAVA\touhou little maid - unknow sky area\prod_server\mods\[车万女仆] touhoulittlemaid-1.5.3-forge+mc1.20.1.jar
[258月2026 15:11:58.835] [main/DEBUG] [net.minecraftforge.fml.loading.moddiscovery.ModFileInfo/LOADING]: Found valid mod file [车万女仆] touhoulittlemaid-1.5.3-forge+mc1.20.1.jar with {touhou_little_maid} mods - versions {1.5.3-forge+mc1.20.1}
[258月2026 15:11:58.835] [main/DEBUG] [net.minecraftforge.fml.loading.moddiscovery.ModFile/LOADING]: Loading mod file E:\program\JAVA\touhou little maid - unknow sky area\prod_server\mods\[车万女仆] touhoulittlemaid-1.5.3-forge+mc1.20.1.jar with languages [LanguageSpec[languageName=javafml, acceptedVersions=[46,)]]
[258月2026 15:11:58.835] [main/DEBUG] [net.minecraftforge.fml.loading.moddiscovery.ModFileParser/LOADING]: Considering mod file candidate 
[258月2026 15:11:58.835] [main/DEBUG] [net.minecraftforge.fml.loading.moddiscovery.ModFileInfo/LOADING]: Found valid mod file simplebedrockmodel-2.5.1-forge-mc1.20.1.jar with {simplebedrockmodel} mods - versions {2.5.1-forge-mc1.20.1}
[258月2026 15:11:58.836] [main/DEBUG] [net.minecraftforge.fml.loading.moddiscovery.ModFile/LOADING]: Loading mod file  with languages [LanguageSpec[languageName=javafml, acceptedVersions=[47,)]]
[258月2026 15:11:58.836] [main/DEBUG] [net.minecraftforge.fml.loading.moddiscovery.ModFileParser/LOADING]: Considering mod file candidate E:\program\JAVA\touhou little maid - unknow sky area\prod_server\mods\epic_fight_avalon-20.12.6.4.jar
[258月2026 15:11:58.836] [main/DEBUG] [net.minecraftforge.fml.loading.moddiscovery.ModFileInfo/LOADING]: Found valid mod file epic_fight_avalon-20.12.6.4.jar with {epic_fight_avalon} mods - versions {20.12.6.4}
[258月2026 15:11:58.836] [main/DEBUG] [net.minecraftforge.fml.loading.moddiscovery.ModFile/LOADING]: Loading mod file E:\program\JAVA\touhou little maid - unknow sky area\prod_server\mods\epic_fight_avalon-20.12.6.4.jar with languages [LanguageSpec[languageName=javafml, acceptedVersions=[47,)]]
[258月2026 15:11:58.836] [main/DEBUG] [net.minecraftforge.fml.loading.moddiscovery.ModFileParser/LOADING]: Considering mod file candidate E:\program\JAVA\touhou little maid - unknow sky area\prod_server\mods\[史诗战斗] epic-fight-20.14.17-mc1.20.1-forge.jar
[258月2026 15:11:58.837] [main/DEBUG] [net.minecraftforge.fml.loading.moddiscovery.ModFileInfo/LOADING]: Found valid mod file [史诗战斗] epic-fight-20.14.17-mc1.20.1-forge.jar with {epicfight} mods - versions {20.14.17}
[258月2026 15:11:58.837] [main/DEBUG] [net.minecraftforge.fml.loading.moddiscovery.ModFile/LOADING]: Loading mod file E:\program\JAVA\touhou little maid - unknow sky area\prod_server\mods\[史诗战斗] epic-fight-20.14.17-mc1.20.1-forge.jar with languages [LanguageSpec[languageName=javafml, acceptedVersions=[47,)]]
[258月2026 15:11:58.837] [main/DEBUG] [net.minecraftforge.fml.loading.moddiscovery.ModFileParser/LOADING]: Considering mod file candidate E:\program\JAVA\touhou little maid - unknow sky area\prod_server\mods\PlayerMobs-1.20.1-4.1.0.37.jar
[258月2026 15:11:58.838] [main/DEBUG] [net.minecraftforge.fml.loading.moddiscovery.ModFileInfo/LOADING]: Found valid mod file PlayerMobs-1.20.1-4.1.0.37.jar with {player_mobs} mods - versions {4.1.0.37}
[258月2026 15:11:58.838] [main/DEBUG] [net.minecraftforge.fml.loading.moddiscovery.ModFile/LOADING]: Loading mod file E:\program\JAVA\touhou little maid - unknow sky area\prod_server\mods\PlayerMobs-1.20.1-4.1.0.37.jar with languages [LanguageSpec[languageName=javafml, acceptedVersions=[46,)]]
[258月2026 15:11:58.838] [main/DEBUG] [net.minecraftforge.fml.loading.moddiscovery.ModFileParser/LOADING]: Considering mod file candidate 
[258月2026 15:11:58.839] [main/DEBUG] [net.minecraftforge.fml.loading.moddiscovery.ModFileInfo/LOADING]: Found valid mod file guhaos-vix-1531111-8258354.jar with {vix} mods - versions {1.0.9}
[258月2026 15:11:58.839] [main/DEBUG] [net.minecraftforge.fml.loading.moddiscovery.ModFile/LOADING]: Loading mod file  with languages [LanguageSpec[languageName=javafml, acceptedVersions=[47,)]]
[258月2026 15:11:58.839] [main/DEBUG] [net.minecraftforge.fml.loading.moddiscovery.ModFileParser/LOADING]: Considering mod file candidate E:\program\JAVA\touhou little maid - unknow sky area\prod_server\mods\[烦人的村民] AnnoyingVillagers-1.20.1-1.4.7.jar
[258月2026 15:11:58.840] [main/DEBUG] [net.minecraftforge.fml.loading.moddiscovery.ModFileInfo/LOADING]: Found valid mod file [烦人的村民] AnnoyingVillagers-1.20.1-1.4.7.jar with {annoyingvillagers} mods - versions {1.4.7}
[258月2026 15:11:58.840] [main/DEBUG] [net.minecraftforge.fml.loading.moddiscovery.ModFile/LOADING]: Loading mod file E:\program\JAVA\touhou little maid - unknow sky area\prod_server\mods\[烦人的村民] AnnoyingVillagers-1.20.1-1.4.7.jar with languages [LanguageSpec[languageName=javafml, acceptedVersions=[47,)]]
[258月2026 15:11:58.841] [main/DEBUG] [net.minecraftforge.fml.loading.moddiscovery.ModFileParser/LOADING]: Considering mod file candidate E:\program\JAVA\touhou little maid - unknow sky area\prod_server\mods\architectury-9.2.14-forge.jar
[258月2026 15:11:58.841] [main/DEBUG] [net.minecraftforge.fml.loading.moddiscovery.ModFileInfo/LOADING]: Found valid mod file architectury-9.2.14-forge.jar with {architectury} mods - versions {9.2.14}
[258月2026 15:11:58.842] [main/DEBUG] [net.minecraftforge.fml.loading.moddiscovery.ModFile/LOADING]: Loading mod file E:\program\JAVA\touhou little maid - unknow sky area\prod_server\mods\architectury-9.2.14-forge.jar with languages [LanguageSpec[languageName=javafml, acceptedVersions=[46,)]]
[258月2026 15:11:58.842] [main/DEBUG] [net.minecraftforge.fml.loading.moddiscovery.ModFileParser/LOADING]: Considering mod file candidate E:\program\JAVA\touhou little maid - unknow sky area\prod_server\mods\[史诗战斗：夜幕] EpicFight Nightfall-3.4.0.jar
[258月2026 15:11:58.842] [main/DEBUG] [net.minecraftforge.fml.loading.moddiscovery.ModFileInfo/LOADING]: Found valid mod file [史诗战斗：夜幕] EpicFight Nightfall-3.4.0.jar with {efn} mods - versions {3.4.0}
[258月2026 15:11:58.843] [main/DEBUG] [net.minecraftforge.fml.loading.moddiscovery.ModFile/LOADING]: Loading mod file E:\program\JAVA\touhou little maid - unknow sky area\prod_server\mods\[史诗战斗：夜幕] EpicFight Nightfall-3.4.0.jar with languages [LanguageSpec[languageName=javafml, acceptedVersions=[47,)]]
[258月2026 15:11:58.843] [main/DEBUG] [net.minecraftforge.fml.loading.moddiscovery.ModFileParser/LOADING]: Considering mod file candidate E:\program\JAVA\touhou little maid - unknow sky area\prod_server\mods\[史诗战斗：冲击之刃] Epicfight-ClashBlade-1.20.1-2.1.jar
[258月2026 15:11:58.843] [main/DEBUG] [net.minecraftforge.fml.loading.moddiscovery.ModFileInfo/LOADING]: Found valid mod file [史诗战斗：冲击之刃] Epicfight-ClashBlade-1.20.1-2.1.jar with {efclash_blade} mods - versions {2.1}
[258月2026 15:11:58.843] [main/DEBUG] [net.minecraftforge.fml.loading.moddiscovery.ModFile/LOADING]: Loading mod file E:\program\JAVA\touhou little maid - unknow sky area\prod_server\mods\[史诗战斗：冲击之刃] Epicfight-ClashBlade-1.20.1-2.1.jar with languages [LanguageSpec[languageName=javafml, acceptedVersions=[47,)]]
[258月2026 15:11:58.844] [main/DEBUG] [net.minecraftforge.fml.loading.moddiscovery.ModFileParser/LOADING]: Considering mod file candidate E:\program\JAVA\touhou little maid - unknow sky area\prod_server\mods\[史诗战斗：车万女仆] [史诗战斗：车万女仆]EpicFight_TouhouLittleMaid-1.20.1-1.3.2-all.jar
[258月2026 15:11:58.844] [main/DEBUG] [net.minecraftforge.fml.loading.moddiscovery.ModFileInfo/LOADING]: Found valid mod file [史诗战斗：车万女仆] [史诗战斗：车万女仆]EpicFight_TouhouLittleMaid-1.20.1-1.3.2-all.jar with {ef_tlm} mods - versions {1.3.2}
[258月2026 15:11:58.844] [main/DEBUG] [net.minecraftforge.fml.loading.moddiscovery.ModFile/LOADING]: Loading mod file E:\program\JAVA\touhou little maid - unknow sky area\prod_server\mods\[史诗战斗：车万女仆] [史诗战斗：车万女仆]EpicFight_TouhouLittleMaid-1.20.1-1.3.2-all.jar with languages [LanguageSpec[languageName=javafml, acceptedVersions=[47,)]]
[258月2026 15:11:58.845] [main/DEBUG] [net.minecraftforge.fml.loading.moddiscovery.ModFileParser/LOADING]: Considering mod file candidate E:\program\JAVA\touhou little maid - unknow sky area\prod_server\mods\ywzj_vehicle-1.20.1-0.5.8.jar
[258月2026 15:11:58.845] [main/DEBUG] [net.minecraftforge.fml.loading.moddiscovery.ModFileInfo/LOADING]: Found valid mod file ywzj_vehicle-1.20.1-0.5.8.jar with {ywzj_vehicle} mods - versions {0.5.8}
[258月2026 15:11:58.845] [main/DEBUG] [net.minecraftforge.fml.loading.moddiscovery.ModFile/LOADING]: Loading mod file E:\program\JAVA\touhou little maid - unknow sky area\prod_server\mods\ywzj_vehicle-1.20.1-0.5.8.jar with languages [LanguageSpec[languageName=javafml, acceptedVersions=[47,)]]
[258月2026 15:11:58.845] [main/DEBUG] [net.minecraftforge.fml.loading.moddiscovery.ModFileParser/LOADING]: Considering mod file candidate E:\program\JAVA\touhou little maid - unknow sky area\prod_server\libraries\net\minecraftforge\forge\1.20.1-47.4.13\forge-1.20.1-47.4.13-universal.jar
[258月2026 15:11:58.846] [main/DEBUG] [net.minecraftforge.fml.loading.moddiscovery.ModFileInfo/LOADING]: Found valid mod file forge-1.20.1-47.4.13-universal.jar with {forge} mods - versions {47.4.13}
[258月2026 15:11:58.846] [main/DEBUG] [net.minecraftforge.fml.loading.moddiscovery.ModFile/LOADING]: Loading mod file E:\program\JAVA\touhou little maid - unknow sky area\prod_server\libraries\net\minecraftforge\forge\1.20.1-47.4.13\forge-1.20.1-47.4.13-universal.jar with languages [LanguageSpec[languageName=javafml, acceptedVersions=[24,]]]
[258月2026 15:11:58.850] [main/DEBUG] [net.minecraftforge.fml.loading.moddiscovery.ModFileParser/LOADING]: Found coremod field_to_method with Javascript path coremods/field_to_method.js
[258月2026 15:11:58.850] [main/DEBUG] [net.minecraftforge.fml.loading.moddiscovery.ModFileParser/LOADING]: Found coremod field_to_instanceof with Javascript path coremods/field_to_instanceof.js
[258月2026 15:11:58.850] [main/DEBUG] [net.minecraftforge.fml.loading.moddiscovery.ModFileParser/LOADING]: Found coremod add_bouncer_method with Javascript path coremods/add_bouncer_method.js
[258月2026 15:11:58.851] [main/DEBUG] [net.minecraftforge.fml.loading.moddiscovery.ModFileParser/LOADING]: Found coremod method_redirector with Javascript path coremods/method_redirector.js
[258月2026 15:11:58.851] [main/DEBUG] [net.minecraftforge.fml.loading.moddiscovery.ModFile/LOADING]: Found coremod coremods/field_to_method.js
[258月2026 15:11:58.851] [main/DEBUG] [net.minecraftforge.fml.loading.moddiscovery.ModFile/LOADING]: Found coremod coremods/field_to_instanceof.js
[258月2026 15:11:58.851] [main/DEBUG] [net.minecraftforge.fml.loading.moddiscovery.ModFile/LOADING]: Found coremod coremods/add_bouncer_method.js
[258月2026 15:11:58.851] [main/DEBUG] [net.minecraftforge.fml.loading.moddiscovery.ModFile/LOADING]: Found coremod coremods/method_redirector.js
[258月2026 15:11:58.851] [main/DEBUG] [net.minecraftforge.fml.loading.moddiscovery.ModFileParser/LOADING]: Considering mod file candidate E:\program\JAVA\touhou little maid - unknow sky area\prod_server\mods\eftlm_stylish-1.0.0.jar
[258月2026 15:11:58.852] [main/DEBUG] [net.minecraftforge.fml.loading.moddiscovery.ModFileInfo/LOADING]: Found valid mod file eftlm_stylish-1.0.0.jar with {eftlm_stylish} mods - versions {1.0.0}
[258月2026 15:11:58.852] [main/DEBUG] [net.minecraftforge.fml.loading.moddiscovery.ModFile/LOADING]: Loading mod file E:\program\JAVA\touhou little maid - unknow sky area\prod_server\mods\eftlm_stylish-1.0.0.jar with languages [LanguageSpec[languageName=javafml, acceptedVersions=[47,)]]
[258月2026 15:11:58.852] [main/DEBUG] [net.minecraftforge.fml.loading.moddiscovery.ModFile/LOADING]: Loading mod file  with languages []
[258月2026 15:11:58.852] [main/DEBUG] [net.minecraftforge.fml.loading.moddiscovery.ModFileParser/LOADING]: Considering mod file candidate 
[258月2026 15:11:58.853] [main/DEBUG] [net.minecraftforge.fml.loading.moddiscovery.ModFileInfo/LOADING]: Found valid mod file mixinsquared-forge-0.2.0-beta.6.jar with {mixinsquared} mods - versions {0.2.0-beta.6}
[258月2026 15:11:58.853] [main/DEBUG] [net.minecraftforge.fml.loading.moddiscovery.ModFile/LOADING]: Loading mod file  with languages [LanguageSpec[languageName=javafml, acceptedVersions=*]]
[258月2026 15:11:58.853] [main/DEBUG] [net.minecraftforge.fml.loading.moddiscovery.ModFile/LOADING]: Loading mod file  with languages []
[258月2026 15:11:58.853] [main/DEBUG] [net.minecraftforge.fml.loading.moddiscovery.ModFile/LOADING]: Loading mod file  with languages []
[258月2026 15:11:58.854] [main/DEBUG] [net.minecraftforge.fml.loading.moddiscovery.ModFile/LOADING]: Loading mod file  with languages []
[258月2026 15:11:58.854] [main/DEBUG] [net.minecraftforge.fml.loading.moddiscovery.ModFile/LOADING]: Loading mod file  with languages []
[258月2026 15:11:58.854] [main/DEBUG] [net.minecraftforge.fml.loading.moddiscovery.ModFileParser/LOADING]: Considering mod file candidate 
[258月2026 15:11:58.854] [main/DEBUG] [net.minecraftforge.fml.loading.moddiscovery.ModFileInfo/LOADING]: Found valid mod file mixinextras-forge-0.4.1.jar with {mixinextras} mods - versions {0.4.1}
[258月2026 15:11:58.855] [main/DEBUG] [net.minecraftforge.fml.loading.moddiscovery.ModFile/LOADING]: Loading mod file  with languages [LanguageSpec[languageName=javafml, acceptedVersions=*]]
[258月2026 15:11:58.855] [main/DEBUG] [net.minecraftforge.fml.loading.moddiscovery.ModFile/LOADING]: Loading mod file  with languages []
[258月2026 15:11:58.855] [main/DEBUG] [net.minecraftforge.fml.loading.moddiscovery.ModFile/LOADING]: Loading mod file  with languages []
[258月2026 15:11:58.855] [main/DEBUG] [net.minecraftforge.fml.loading.moddiscovery.ModFileParser/LOADING]: Considering mod file candidate 
[258月2026 15:11:58.856] [main/DEBUG] [net.minecraftforge.fml.loading.moddiscovery.ModFileInfo/LOADING]: Found valid mod file mixinsquared-forge-0.2.0-beta.6.jar with {mixinsquared} mods - versions {0.2.0-beta.6}
[258月2026 15:11:58.856] [main/DEBUG] [net.minecraftforge.fml.loading.moddiscovery.ModFile/LOADING]: Loading mod file  with languages [LanguageSpec[languageName=javafml, acceptedVersions=*]]
[258月2026 15:11:58.856] [main/DEBUG] [net.minecraftforge.fml.loading.moddiscovery.ModFile/LOADING]: Loading mod file  with languages []
[258月2026 15:11:58.856] [main/DEBUG] [net.minecraftforge.fml.loading.moddiscovery.ModFile/LOADING]: Loading mod file  with languages []
[258月2026 15:11:58.857] [main/DEBUG] [net.minecraftforge.fml.loading.moddiscovery.ModFile/LOADING]: Loading mod file  with languages []
[258月2026 15:11:58.857] [main/DEBUG] [net.minecraftforge.fml.loading.moddiscovery.ModFile/LOADING]: Loading mod file  with languages []
[258月2026 15:11:58.857] [main/DEBUG] [net.minecraftforge.fml.loading.moddiscovery.ModFileParser/LOADING]: Considering mod file candidate 
[258月2026 15:11:58.857] [main/DEBUG] [net.minecraftforge.fml.loading.moddiscovery.ModFileInfo/LOADING]: Found valid mod file mixinextras-forge-0.4.1.jar with {mixinextras} mods - versions {0.4.1}
[258月2026 15:11:58.857] [main/DEBUG] [net.minecraftforge.fml.loading.moddiscovery.ModFile/LOADING]: Loading mod file  with languages [LanguageSpec[languageName=javafml, acceptedVersions=*]]
[258月2026 15:11:58.857] [main/DEBUG] [net.minecraftforge.fml.loading.moddiscovery.ModFile/LOADING]: Loading mod file  with languages []
[258月2026 15:11:58.859] [main/DEBUG] [cpw.mods.modlauncher.TransformationServiceDecorator/MODLAUNCHER]: End scan trigger - transformation service fml
[258月2026 15:11:58.869] [main/DEBUG] [net.minecraftforge.fml.loading.LanguageLoadingProvider/CORE]: Found 3 language providers
[258月2026 15:11:58.871] [main/DEBUG] [net.minecraftforge.fml.loading.LanguageLoadingProvider/CORE]: Found language provider minecraft, version 1.0
[258月2026 15:11:58.871] [main/DEBUG] [net.minecraftforge.fml.loading.LanguageLoadingProvider/CORE]: Found language provider lowcodefml, version 47
[258月2026 15:11:58.871] [main/DEBUG] [net.minecraftforge.fml.loading.LanguageLoadingProvider/CORE]: Found language provider javafml, version 47
[258月2026 15:11:58.875] [main/DEBUG] [net.minecraftforge.fml.loading.UniqueModListBuilder/]: Found 2 mods for first modid mclib, selecting most recent based on version data
[258月2026 15:11:58.877] [main/DEBUG] [net.minecraftforge.fml.loading.UniqueModListBuilder/]: Selected file mclib-20.jar for modid mclib with version 0.0NONE
[258月2026 15:11:58.877] [main/DEBUG] [net.minecraftforge.fml.loading.UniqueModListBuilder/]: Found 2 mods for first modid mixinsquared, selecting most recent based on version data
[258月2026 15:11:58.877] [main/DEBUG] [net.minecraftforge.fml.loading.UniqueModListBuilder/]: Selected file mixinsquared-forge-0.2.0-beta.6.jar for modid mixinsquared with version 0.2.0-beta.6
[258月2026 15:11:58.877] [main/DEBUG] [net.minecraftforge.fml.loading.UniqueModListBuilder/]: Found 2 mods for first modid mae, selecting most recent based on version data
[258月2026 15:11:58.877] [main/DEBUG] [net.minecraftforge.fml.loading.UniqueModListBuilder/]: Selected file mae-1.1.4.jar for modid mae with version 0.0NONE
[258月2026 15:11:58.877] [main/DEBUG] [net.minecraftforge.fml.loading.UniqueModListBuilder/]: Found 2 mods for first modid org.mozillaa.rhino, selecting most recent based on version data
[258月2026 15:11:58.877] [main/DEBUG] [net.minecraftforge.fml.loading.UniqueModListBuilder/]: Selected file rhino-1.8.1.jar for modid org.mozillaa.rhino with version 1.8.1-SNAPSHOT
[258月2026 15:11:58.877] [main/DEBUG] [net.minecraftforge.fml.loading.UniqueModListBuilder/]: Found 2 mods for first modid MixinSquared.beta._6, selecting most recent based on version data
[258月2026 15:11:58.877] [main/DEBUG] [net.minecraftforge.fml.loading.UniqueModListBuilder/]: Selected file MixinSquared-0.2.0-beta.6.jar for modid MixinSquared.beta._6 with version 0.0NONE
[258月2026 15:11:58.877] [main/DEBUG] [net.minecraftforge.fml.loading.UniqueModListBuilder/]: Found 2 mods for first modid Registrate.MC1._20, selecting most recent based on version data
[258月2026 15:11:58.877] [main/DEBUG] [net.minecraftforge.fml.loading.UniqueModListBuilder/]: Selected file Registrate-MC1.20-1.3.11.jar for modid Registrate.MC1._20 with version 0.0NONE
[258月2026 15:11:58.877] [main/DEBUG] [net.minecraftforge.fml.loading.UniqueModListBuilder/]: Found 2 mods for first modid mixinextras, selecting most recent based on version data
[258月2026 15:11:58.877] [main/DEBUG] [net.minecraftforge.fml.loading.UniqueModListBuilder/]: Selected file mixinextras-forge-0.4.1.jar for modid mixinextras with version 0.4.1
[258月2026 15:11:58.877] [main/DEBUG] [net.minecraftforge.fml.loading.UniqueModListBuilder/]: Found 2 mods for first modid MixinExtras, selecting most recent based on version data
[258月2026 15:11:58.878] [main/DEBUG] [net.minecraftforge.fml.loading.UniqueModListBuilder/]: Selected file MixinExtras-0.4.1.jar for modid MixinExtras with version 0.0NONE
[258月2026 15:11:58.879] [main/DEBUG] [net.minecraftforge.fml.loading.ModSorter/]: Configured system mods: [minecraft, forge]
[258月2026 15:11:58.879] [main/DEBUG] [net.minecraftforge.fml.loading.ModSorter/]: Found system mod: minecraft
[258月2026 15:11:58.879] [main/DEBUG] [net.minecraftforge.fml.loading.ModSorter/]: Found system mod: forge
[258月2026 15:11:58.881] [main/DEBUG] [net.minecraftforge.fml.loading.ModSorter/LOADING]: Found 66 mod requirements (57 mandatory, 9 optional)
[258月2026 15:11:58.883] [main/DEBUG] [net.minecraftforge.fml.loading.ModSorter/LOADING]: Found 0 mod requirements missing (0 mandatory, 0 optional)
[258月2026 15:11:59.394] [main/DEBUG] [cpw.mods.modlauncher.TransformationServicesHandler/MODLAUNCHER]: Transformation services loading transformers
[258月2026 15:11:59.395] [main/DEBUG] [cpw.mods.modlauncher.TransformationServiceDecorator/MODLAUNCHER]: Initializing transformers for transformation service mixin
[258月2026 15:11:59.396] [main/DEBUG] [cpw.mods.modlauncher.TransformationServiceDecorator/MODLAUNCHER]: Initialized transformers for transformation service mixin
[258月2026 15:11:59.396] [main/DEBUG] [cpw.mods.modlauncher.TransformationServiceDecorator/MODLAUNCHER]: Initializing transformers for transformation service fml
[258月2026 15:11:59.396] [main/DEBUG] [net.minecraftforge.fml.loading.FMLServiceProvider/CORE]: Loading coremod transformers
[258月2026 15:11:59.397] [main/DEBUG] [net.minecraftforge.coremod.CoreModEngine/COREMOD]: Loading CoreMod from coremods/field_to_method.js
[258月2026 15:11:59.706] [main/DEBUG] [net.minecraftforge.coremod.CoreModEngine/COREMOD]: CoreMod loaded successfully
[258月2026 15:11:59.706] [main/DEBUG] [net.minecraftforge.coremod.CoreModEngine/COREMOD]: Loading CoreMod from coremods/field_to_instanceof.js
[258月2026 15:11:59.833] [main/DEBUG] [net.minecraftforge.coremod.CoreModEngine/COREMOD]: CoreMod loaded successfully
[258月2026 15:11:59.834] [main/DEBUG] [net.minecraftforge.coremod.CoreModEngine/COREMOD]: Loading CoreMod from coremods/add_bouncer_method.js
[258月2026 15:11:59.903] [main/DEBUG] [net.minecraftforge.coremod.CoreModEngine/COREMOD]: CoreMod loaded successfully
[258月2026 15:11:59.903] [main/DEBUG] [net.minecraftforge.coremod.CoreModEngine/COREMOD]: Loading CoreMod from coremods/method_redirector.js
[258月2026 15:12:00.014] [main/DEBUG] [net.minecraftforge.coremod.CoreModEngine/COREMOD]: CoreMod loaded successfully
[258月2026 15:12:00.036] [main/DEBUG] [cpw.mods.modlauncher.TransformStore/MODLAUNCHER]: Adding transformer net.minecraftforge.coremod.transformer.CoreModClassTransformer@4f327096 to Target : CLASS {Lnet/minecraft/world/level/biome/Biome;} {} {V}
[258月2026 15:12:00.038] [main/DEBUG] [cpw.mods.modlauncher.TransformStore/MODLAUNCHER]: Adding transformer net.minecraftforge.coremod.transformer.CoreModClassTransformer@11f9535b to Target : CLASS {Lnet/minecraft/world/level/levelgen/structure/Structure;} {} {V}
[258月2026 15:12:00.038] [main/DEBUG] [cpw.mods.modlauncher.TransformStore/MODLAUNCHER]: Adding transformer net.minecraftforge.coremod.transformer.CoreModClassTransformer@8cc8cdb to Target : CLASS {Lnet/minecraft/world/effect/MobEffectInstance;} {} {V}
[258月2026 15:12:00.039] [main/DEBUG] [cpw.mods.modlauncher.TransformStore/MODLAUNCHER]: Adding transformer net.minecraftforge.coremod.transformer.CoreModClassTransformer@1e236278 to Target : CLASS {Lnet/minecraft/world/level/block/LiquidBlock;} {} {V}
[258月2026 15:12:00.039] [main/DEBUG] [cpw.mods.modlauncher.TransformStore/MODLAUNCHER]: Adding transformer net.minecraftforge.coremod.transformer.CoreModClassTransformer@44fff386 to Target : CLASS {Lnet/minecraft/world/item/BucketItem;} {} {V}
[258月2026 15:12:00.039] [main/DEBUG] [cpw.mods.modlauncher.TransformStore/MODLAUNCHER]: Adding transformer net.minecraftforge.coremod.transformer.CoreModClassTransformer@1fc713c9 to Target : CLASS {Lnet/minecraft/world/level/block/StairBlock;} {} {V}
[258月2026 15:12:00.039] [main/DEBUG] [cpw.mods.modlauncher.TransformStore/MODLAUNCHER]: Adding transformer net.minecraftforge.coremod.transformer.CoreModClassTransformer@7301eebe to Target : CLASS {Lnet/minecraft/world/level/block/FlowerPotBlock;} {} {V}
[258月2026 15:12:00.039] [main/DEBUG] [cpw.mods.modlauncher.TransformStore/MODLAUNCHER]: Adding transformer net.minecraftforge.coremod.transformer.CoreModClassTransformer@76b47204 to Target : CLASS {Lnet/minecraft/world/item/ItemStack;} {} {V}
[258月2026 15:12:00.039] [main/DEBUG] [cpw.mods.modlauncher.TransformStore/MODLAUNCHER]: Adding transformer net.minecraftforge.coremod.transformer.CoreModClassTransformer@4d6ccc97 to Target : CLASS {Lnet/minecraft/network/play/client/CClientSettingsPacket;} {} {V}
[258月2026 15:12:00.039] [main/DEBUG] [cpw.mods.modlauncher.TransformStore/MODLAUNCHER]: Adding transformer net.minecraftforge.coremod.transformer.CoreModClassTransformer@6a12c7a8 to Target : CLASS {Lnet/minecraft/server/commands/RaidCommand;} {} {V}
[258月2026 15:12:00.039] [main/DEBUG] [cpw.mods.modlauncher.TransformStore/MODLAUNCHER]: Adding transformer net.minecraftforge.coremod.transformer.CoreModClassTransformer@6a12c7a8 to Target : CLASS {Lnet/minecraft/world/entity/monster/ZombieVillager;} {} {V}
[258月2026 15:12:00.039] [main/DEBUG] [cpw.mods.modlauncher.TransformStore/MODLAUNCHER]: Adding transformer net.minecraftforge.coremod.transformer.CoreModClassTransformer@6a12c7a8 to Target : CLASS {Lnet/minecraft/world/level/levelgen/PatrolSpawner;} {} {V}
[258月2026 15:12:00.039] [main/DEBUG] [cpw.mods.modlauncher.TransformStore/MODLAUNCHER]: Adding transformer net.minecraftforge.coremod.transformer.CoreModClassTransformer@6a12c7a8 to Target : CLASS {Lnet/minecraft/world/entity/animal/horse/SkeletonTrapGoal;} {} {V}
[258月2026 15:12:00.039] [main/DEBUG] [cpw.mods.modlauncher.TransformStore/MODLAUNCHER]: Adding transformer net.minecraftforge.coremod.transformer.CoreModClassTransformer@6a12c7a8 to Target : CLASS {Lnet/minecraft/world/entity/monster/Evoker$EvokerSummonSpellGoal;} {} {V}
[258月2026 15:12:00.040] [main/DEBUG] [cpw.mods.modlauncher.TransformStore/MODLAUNCHER]: Adding transformer net.minecraftforge.coremod.transformer.CoreModClassTransformer@6a12c7a8 to Target : CLASS {Lnet/minecraft/world/level/levelgen/structure/structures/OceanRuinPieces$OceanRuinPiece;} {} {V}
[258月2026 15:12:00.040] [main/DEBUG] [cpw.mods.modlauncher.TransformStore/MODLAUNCHER]: Adding transformer net.minecraftforge.coremod.transformer.CoreModClassTransformer@6a12c7a8 to Target : CLASS {Lnet/minecraft/world/entity/monster/Strider;} {} {V}
[258月2026 15:12:00.040] [main/DEBUG] [cpw.mods.modlauncher.TransformStore/MODLAUNCHER]: Adding transformer net.minecraftforge.coremod.transformer.CoreModClassTransformer@6a12c7a8 to Target : CLASS {Lnet/minecraft/world/entity/raid/Raid;} {} {V}
[258月2026 15:12:00.040] [main/DEBUG] [cpw.mods.modlauncher.TransformStore/MODLAUNCHER]: Adding transformer net.minecraftforge.coremod.transformer.CoreModClassTransformer@6a12c7a8 to Target : CLASS {Lnet/minecraft/world/entity/monster/Spider;} {} {V}
[258月2026 15:12:00.040] [main/DEBUG] [cpw.mods.modlauncher.TransformStore/MODLAUNCHER]: Adding transformer net.minecraftforge.coremod.transformer.CoreModClassTransformer@6a12c7a8 to Target : CLASS {Lnet/minecraft/world/entity/monster/Zombie;} {} {V}
[258月2026 15:12:00.040] [main/DEBUG] [cpw.mods.modlauncher.TransformStore/MODLAUNCHER]: Adding transformer net.minecraftforge.coremod.transformer.CoreModClassTransformer@6a12c7a8 to Target : CLASS {Lnet/minecraft/world/entity/npc/Villager;} {} {V}
[258月2026 15:12:00.040] [main/DEBUG] [cpw.mods.modlauncher.TransformStore/MODLAUNCHER]: Adding transformer net.minecraftforge.coremod.transformer.CoreModClassTransformer@6a12c7a8 to Target : CLASS {Lnet/minecraft/world/entity/ai/village/VillageSiege;} {} {V}
[258月2026 15:12:00.040] [main/DEBUG] [cpw.mods.modlauncher.TransformStore/MODLAUNCHER]: Adding transformer net.minecraftforge.coremod.transformer.CoreModClassTransformer@6a12c7a8 to Target : CLASS {Lnet/minecraft/world/entity/animal/frog/Tadpole;} {} {V}
[258月2026 15:12:00.040] [main/DEBUG] [cpw.mods.modlauncher.TransformStore/MODLAUNCHER]: Adding transformer net.minecraftforge.coremod.transformer.CoreModClassTransformer@6a12c7a8 to Target : CLASS {Lnet/minecraft/world/level/levelgen/structure/templatesystem/StructureTemplate;} {} {V}
[258月2026 15:12:00.040] [main/DEBUG] [cpw.mods.modlauncher.TransformStore/MODLAUNCHER]: Adding transformer net.minecraftforge.coremod.transformer.CoreModClassTransformer@6a12c7a8 to Target : CLASS {Lnet/minecraft/world/level/levelgen/structure/structures/SwampHutPiece;} {} {V}
[258月2026 15:12:00.040] [main/DEBUG] [cpw.mods.modlauncher.TransformStore/MODLAUNCHER]: Adding transformer net.minecraftforge.coremod.transformer.CoreModClassTransformer@6a12c7a8 to Target : CLASS {Lnet/minecraft/world/level/NaturalSpawner;} {} {V}
[258月2026 15:12:00.040] [main/DEBUG] [cpw.mods.modlauncher.TransformStore/MODLAUNCHER]: Adding transformer net.minecraftforge.coremod.transformer.CoreModClassTransformer@6a12c7a8 to Target : CLASS {Lnet/minecraft/world/level/levelgen/structure/structures/WoodlandMansionPieces$WoodlandMansionPiece;} {} {V}
[258月2026 15:12:00.040] [main/DEBUG] [cpw.mods.modlauncher.TransformStore/MODLAUNCHER]: Adding transformer net.minecraftforge.coremod.transformer.CoreModClassTransformer@6a12c7a8 to Target : CLASS {Lnet/minecraft/world/level/levelgen/structure/structures/OceanMonumentPieces$OceanMonumentPiece;} {} {V}
[258月2026 15:12:00.041] [main/DEBUG] [cpw.mods.modlauncher.TransformStore/MODLAUNCHER]: Adding transformer net.minecraftforge.coremod.transformer.CoreModClassTransformer@6a12c7a8 to Target : CLASS {Lnet/minecraft/world/entity/npc/CatSpawner;} {} {V}
[258月2026 15:12:00.041] [main/DEBUG] [cpw.mods.modlauncher.TransformStore/MODLAUNCHER]: Adding transformer net.minecraftforge.coremod.transformer.CoreModClassTransformer@6a12c7a8 to Target : CLASS {Lnet/minecraft/world/entity/EntityType;} {} {V}
[258月2026 15:12:00.041] [main/DEBUG] [cpw.mods.modlauncher.TransformStore/MODLAUNCHER]: Adding transformer net.minecraftforge.coremod.transformer.CoreModClassTransformer@6a12c7a8 to Target : CLASS {Lnet/minecraft/world/level/levelgen/PhantomSpawner;} {} {V}
[258月2026 15:12:00.041] [main/DEBUG] [cpw.mods.modlauncher.TransformStore/MODLAUNCHER]: Adding transformer net.minecraftforge.coremod.transformer.CoreModClassTransformer@6a12c7a8 to Target : CLASS {Lnet/minecraft/server/commands/SummonCommand;} {} {V}
[258月2026 15:12:00.041] [main/DEBUG] [cpw.mods.modlauncher.TransformationServiceDecorator/MODLAUNCHER]: Initialized transformers for transformation service fml
[258月2026 15:12:00.563] [main/DEBUG] [mixin/]: Processing prepare() for PlatformAgent[MixinPlatformAgentDefault:ModLauncher Root Container(ModLauncher:4f56a0a2)]
[258月2026 15:12:00.564] [main/DEBUG] [mixin/]: Processing launch tasks for PlatformAgent[MixinPlatformAgentDefault:ModLauncher Root Container(ModLauncher:4f56a0a2)]
[258月2026 15:12:00.564] [main/DEBUG] [mixin/]: Adding mixin platform agents for container SecureJarResource(minecraft)
[258月2026 15:12:00.564] [main/DEBUG] [mixin/]: Instancing new MixinPlatformAgentMinecraftForge for SecureJarResource(minecraft)
[258月2026 15:12:00.564] [main/DEBUG] [mixin/]: MixinPlatformAgentMinecraftForge rejected container SecureJarResource(minecraft)
[258月2026 15:12:00.564] [main/DEBUG] [mixin/]: Instancing new MixinPlatformAgentDefault for SecureJarResource(minecraft)
[258月2026 15:12:00.564] [main/DEBUG] [mixin/]: MixinPlatformAgentDefault accepted container SecureJarResource(minecraft)
[258月2026 15:12:00.564] [main/DEBUG] [mixin/]: Processing prepare() for PlatformAgent[MixinPlatformAgentDefault:SecureJarResource(minecraft)]
[258月2026 15:12:00.565] [main/DEBUG] [mixin/]: Adding mixin platform agents for container SecureJarResource(invincible)
[258月2026 15:12:00.565] [main/DEBUG] [mixin/]: Instancing new MixinPlatformAgentMinecraftForge for SecureJarResource(invincible)
[258月2026 15:12:00.565] [main/DEBUG] [mixin/]: MixinPlatformAgentMinecraftForge rejected container SecureJarResource(invincible)
[258月2026 15:12:00.565] [main/DEBUG] [mixin/]: Instancing new MixinPlatformAgentDefault for SecureJarResource(invincible)
[258月2026 15:12:00.565] [main/DEBUG] [mixin/]: MixinPlatformAgentDefault accepted container SecureJarResource(invincible)
[258月2026 15:12:00.565] [main/DEBUG] [mixin/]: Processing prepare() for PlatformAgent[MixinPlatformAgentDefault:SecureJarResource(invincible)]
[258月2026 15:12:00.565] [main/DEBUG] [mixin/]: Registering mixin config: invincible.mixins.json
[258月2026 15:12:00.595] [main/DEBUG] [mixin/]: Compatibility level JAVA_17 specified by invincible.mixins.json is higher than the maximum level supported by this version of mixin (JAVA_13).
[258月2026 15:12:00.602] [main/INFO] [mixin/]: Compatibility level set to JAVA_17
[258月2026 15:12:00.602] [main/DEBUG] [mixin/]: Adding mixin platform agents for container SecureJarResource(mixinsquared)
[258月2026 15:12:00.603] [main/DEBUG] [mixin/]: Instancing new MixinPlatformAgentMinecraftForge for SecureJarResource(mixinsquared)
[258月2026 15:12:00.603] [main/DEBUG] [mixin/]: MixinPlatformAgentMinecraftForge rejected container SecureJarResource(mixinsquared)
[258月2026 15:12:00.603] [main/DEBUG] [mixin/]: Instancing new MixinPlatformAgentDefault for SecureJarResource(mixinsquared)
[258月2026 15:12:00.603] [main/DEBUG] [mixin/]: MixinPlatformAgentDefault accepted container SecureJarResource(mixinsquared)
[258月2026 15:12:00.603] [main/DEBUG] [mixin/]: Processing prepare() for PlatformAgent[MixinPlatformAgentDefault:SecureJarResource(mixinsquared)]
[258月2026 15:12:00.603] [main/DEBUG] [mixin/]: Registering mixin config: mixinsquared.init.mixins.json
[258月2026 15:12:00.607] [main/DEBUG] [mixin/]: Adding mixin platform agents for container SecureJarResource(geckolib)
[258月2026 15:12:00.607] [main/DEBUG] [mixin/]: Instancing new MixinPlatformAgentMinecraftForge for SecureJarResource(geckolib)
[258月2026 15:12:00.607] [main/DEBUG] [mixin/]: MixinPlatformAgentMinecraftForge rejected container SecureJarResource(geckolib)
[258月2026 15:12:00.608] [main/DEBUG] [mixin/]: Instancing new MixinPlatformAgentDefault for SecureJarResource(geckolib)
[258月2026 15:12:00.608] [main/DEBUG] [mixin/]: MixinPlatformAgentDefault accepted container SecureJarResource(geckolib)
[258月2026 15:12:00.608] [main/DEBUG] [mixin/]: Processing prepare() for PlatformAgent[MixinPlatformAgentDefault:SecureJarResource(geckolib)]
[258月2026 15:12:00.608] [main/DEBUG] [mixin/]: Registering mixin config: geckolib.mixins.json
[258月2026 15:12:00.610] [main/DEBUG] [mixin/]: Adding mixin platform agents for container SecureJarResource(combat_evolution)
[258月2026 15:12:00.610] [main/DEBUG] [mixin/]: Instancing new MixinPlatformAgentMinecraftForge for SecureJarResource(combat_evolution)
[258月2026 15:12:00.610] [main/DEBUG] [mixin/]: MixinPlatformAgentMinecraftForge rejected container SecureJarResource(combat_evolution)
[258月2026 15:12:00.610] [main/DEBUG] [mixin/]: Instancing new MixinPlatformAgentDefault for SecureJarResource(combat_evolution)
[258月2026 15:12:00.610] [main/DEBUG] [mixin/]: MixinPlatformAgentDefault accepted container SecureJarResource(combat_evolution)
[258月2026 15:12:00.610] [main/DEBUG] [mixin/]: Processing prepare() for PlatformAgent[MixinPlatformAgentDefault:SecureJarResource(combat_evolution)]
[258月2026 15:12:00.610] [main/DEBUG] [mixin/]: Registering mixin config: combat_evolution.mixins.json
[258月2026 15:12:00.612] [main/DEBUG] [mixin/]: Adding mixin platform agents for container SecureJarResource(maid_weapon_refill)
[258月2026 15:12:00.612] [main/DEBUG] [mixin/]: Instancing new MixinPlatformAgentMinecraftForge for SecureJarResource(maid_weapon_refill)
[258月2026 15:12:00.612] [main/DEBUG] [mixin/]: MixinPlatformAgentMinecraftForge rejected container SecureJarResource(maid_weapon_refill)
[258月2026 15:12:00.612] [main/DEBUG] [mixin/]: Instancing new MixinPlatformAgentDefault for SecureJarResource(maid_weapon_refill)
[258月2026 15:12:00.612] [main/DEBUG] [mixin/]: MixinPlatformAgentDefault accepted container SecureJarResource(maid_weapon_refill)
[258月2026 15:12:00.613] [main/DEBUG] [mixin/]: Processing prepare() for PlatformAgent[MixinPlatformAgentDefault:SecureJarResource(maid_weapon_refill)]
[258月2026 15:12:00.613] [main/DEBUG] [mixin/]: Adding mixin platform agents for container SecureJarResource(touhou_little_maid)
[258月2026 15:12:00.613] [main/DEBUG] [mixin/]: Instancing new MixinPlatformAgentMinecraftForge for SecureJarResource(touhou_little_maid)
[258月2026 15:12:00.613] [main/DEBUG] [mixin/]: MixinPlatformAgentMinecraftForge rejected container SecureJarResource(touhou_little_maid)
[258月2026 15:12:00.613] [main/DEBUG] [mixin/]: Instancing new MixinPlatformAgentDefault for SecureJarResource(touhou_little_maid)
[258月2026 15:12:00.613] [main/DEBUG] [mixin/]: MixinPlatformAgentDefault accepted container SecureJarResource(touhou_little_maid)
[258月2026 15:12:00.613] [main/DEBUG] [mixin/]: Processing prepare() for PlatformAgent[MixinPlatformAgentDefault:SecureJarResource(touhou_little_maid)]
[258月2026 15:12:00.613] [main/DEBUG] [mixin/]: Registering mixin config: touhou_little_maid.mixins.json
[258月2026 15:12:00.615] [main/DEBUG] [mixin/]: Adding mixin platform agents for container SecureJarResource(simplebedrockmodel)
[258月2026 15:12:00.616] [main/DEBUG] [mixin/]: Instancing new MixinPlatformAgentMinecraftForge for SecureJarResource(simplebedrockmodel)
[258月2026 15:12:00.616] [main/DEBUG] [mixin/]: MixinPlatformAgentMinecraftForge rejected container SecureJarResource(simplebedrockmodel)
[258月2026 15:12:00.616] [main/DEBUG] [mixin/]: Instancing new MixinPlatformAgentDefault for SecureJarResource(simplebedrockmodel)
[258月2026 15:12:00.616] [main/DEBUG] [mixin/]: MixinPlatformAgentDefault accepted container SecureJarResource(simplebedrockmodel)
[258月2026 15:12:00.616] [main/DEBUG] [mixin/]: Processing prepare() for PlatformAgent[MixinPlatformAgentDefault:SecureJarResource(simplebedrockmodel)]
[258月2026 15:12:00.616] [main/DEBUG] [mixin/]: Registering mixin config: simplebedrockmodel.mixins.json
[258月2026 15:12:00.617] [main/DEBUG] [mixin/]: Compatibility level JAVA_8 specified by simplebedrockmodel.mixins.json is lower than the default level supported by the current mixin service (JAVA_16).
[258月2026 15:12:00.619] [main/DEBUG] [mixin/]: Adding mixin platform agents for container SecureJarResource(epicfight)
[258月2026 15:12:00.619] [main/DEBUG] [mixin/]: Instancing new MixinPlatformAgentMinecraftForge for SecureJarResource(epicfight)
[258月2026 15:12:00.619] [main/DEBUG] [mixin/]: MixinPlatformAgentMinecraftForge rejected container SecureJarResource(epicfight)
[258月2026 15:12:00.619] [main/DEBUG] [mixin/]: Instancing new MixinPlatformAgentDefault for SecureJarResource(epicfight)
[258月2026 15:12:00.619] [main/DEBUG] [mixin/]: MixinPlatformAgentDefault accepted container SecureJarResource(epicfight)
[258月2026 15:12:00.619] [main/DEBUG] [mixin/]: Processing prepare() for PlatformAgent[MixinPlatformAgentDefault:SecureJarResource(epicfight)]
[258月2026 15:12:00.619] [main/DEBUG] [mixin/]: Registering mixin config: mixins.epicfight.json
[258月2026 15:12:00.621] [main/DEBUG] [mixin/]: Adding mixin platform agents for container SecureJarResource(wom)
[258月2026 15:12:00.621] [main/DEBUG] [mixin/]: Instancing new MixinPlatformAgentMinecraftForge for SecureJarResource(wom)
[258月2026 15:12:00.621] [main/DEBUG] [mixin/]: MixinPlatformAgentMinecraftForge rejected container SecureJarResource(wom)
[258月2026 15:12:00.621] [main/DEBUG] [mixin/]: Instancing new MixinPlatformAgentDefault for SecureJarResource(wom)
[258月2026 15:12:00.621] [main/DEBUG] [mixin/]: MixinPlatformAgentDefault accepted container SecureJarResource(wom)
[258月2026 15:12:00.621] [main/DEBUG] [mixin/]: Processing prepare() for PlatformAgent[MixinPlatformAgentDefault:SecureJarResource(wom)]
[258月2026 15:12:00.621] [main/DEBUG] [mixin/]: Registering mixin config: mixins.wom.json
[258月2026 15:12:00.623] [main/DEBUG] [mixin/]: Adding mixin platform agents for container SecureJarResource(epic_fight_avalon)
[258月2026 15:12:00.623] [main/DEBUG] [mixin/]: Instancing new MixinPlatformAgentMinecraftForge for SecureJarResource(epic_fight_avalon)
[258月2026 15:12:00.623] [main/DEBUG] [mixin/]: MixinPlatformAgentMinecraftForge rejected container SecureJarResource(epic_fight_avalon)
[258月2026 15:12:00.623] [main/DEBUG] [mixin/]: Instancing new MixinPlatformAgentDefault for SecureJarResource(epic_fight_avalon)
[258月2026 15:12:00.623] [main/DEBUG] [mixin/]: MixinPlatformAgentDefault accepted container SecureJarResource(epic_fight_avalon)
[258月2026 15:12:00.623] [main/DEBUG] [mixin/]: Processing prepare() for PlatformAgent[MixinPlatformAgentDefault:SecureJarResource(epic_fight_avalon)]
[258月2026 15:12:00.623] [main/DEBUG] [mixin/]: Registering mixin config: epic_fight_avalon.mixins.json
[258月2026 15:12:00.624] [main/DEBUG] [mixin/]: Adding mixin platform agents for container SecureJarResource(player_mobs)
[258月2026 15:12:00.624] [main/DEBUG] [mixin/]: Instancing new MixinPlatformAgentMinecraftForge for SecureJarResource(player_mobs)
[258月2026 15:12:00.626] [main/DEBUG] [mixin/]: MixinPlatformAgentMinecraftForge rejected container SecureJarResource(player_mobs)
[258月2026 15:12:00.626] [main/DEBUG] [mixin/]: Instancing new MixinPlatformAgentDefault for SecureJarResource(player_mobs)
[258月2026 15:12:00.626] [main/DEBUG] [mixin/]: MixinPlatformAgentDefault accepted container SecureJarResource(player_mobs)
[258月2026 15:12:00.626] [main/DEBUG] [mixin/]: Processing prepare() for PlatformAgent[MixinPlatformAgentDefault:SecureJarResource(player_mobs)]
[258月2026 15:12:00.626] [main/DEBUG] [mixin/]: Adding mixin platform agents for container SecureJarResource(mixinextras)
[258月2026 15:12:00.626] [main/DEBUG] [mixin/]: Instancing new MixinPlatformAgentMinecraftForge for SecureJarResource(mixinextras)
[258月2026 15:12:00.626] [main/DEBUG] [mixin/]: MixinPlatformAgentMinecraftForge rejected container SecureJarResource(mixinextras)
[258月2026 15:12:00.626] [main/DEBUG] [mixin/]: Instancing new MixinPlatformAgentDefault for SecureJarResource(mixinextras)
[258月2026 15:12:00.626] [main/DEBUG] [mixin/]: MixinPlatformAgentDefault accepted container SecureJarResource(mixinextras)
[258月2026 15:12:00.626] [main/DEBUG] [mixin/]: Processing prepare() for PlatformAgent[MixinPlatformAgentDefault:SecureJarResource(mixinextras)]
[258月2026 15:12:00.626] [main/DEBUG] [mixin/]: Registering mixin config: mixinextras.init.mixins.json
[258月2026 15:12:00.627] [main/DEBUG] [mixin/]: Adding mixin platform agents for container SecureJarResource(vix)
[258月2026 15:12:00.628] [main/DEBUG] [mixin/]: Instancing new MixinPlatformAgentMinecraftForge for SecureJarResource(vix)
[258月2026 15:12:00.628] [main/DEBUG] [mixin/]: MixinPlatformAgentMinecraftForge rejected container SecureJarResource(vix)
[258月2026 15:12:00.628] [main/DEBUG] [mixin/]: Instancing new MixinPlatformAgentDefault for SecureJarResource(vix)
[258月2026 15:12:00.628] [main/DEBUG] [mixin/]: MixinPlatformAgentDefault accepted container SecureJarResource(vix)
[258月2026 15:12:00.628] [main/DEBUG] [mixin/]: Processing prepare() for PlatformAgent[MixinPlatformAgentDefault:SecureJarResource(vix)]
[258月2026 15:12:00.628] [main/DEBUG] [mixin/]: Registering mixin config: vix.mixins.json
[258月2026 15:12:00.631] [main/DEBUG] [mixin/]: Adding mixin platform agents for container SecureJarResource(architectury)
[258月2026 15:12:00.631] [main/DEBUG] [mixin/]: Instancing new MixinPlatformAgentMinecraftForge for SecureJarResource(architectury)
[258月2026 15:12:00.631] [main/DEBUG] [mixin/]: MixinPlatformAgentMinecraftForge rejected container SecureJarResource(architectury)
[258月2026 15:12:00.631] [main/DEBUG] [mixin/]: Instancing new MixinPlatformAgentDefault for SecureJarResource(architectury)
[258月2026 15:12:00.632] [main/DEBUG] [mixin/]: MixinPlatformAgentDefault accepted container SecureJarResource(architectury)
[258月2026 15:12:00.632] [main/DEBUG] [mixin/]: Processing prepare() for PlatformAgent[MixinPlatformAgentDefault:SecureJarResource(architectury)]
[258月2026 15:12:00.632] [main/DEBUG] [mixin/]: Registering mixin config: architectury.mixins.json
[258月2026 15:12:00.634] [main/DEBUG] [mixin/]: Compatibility level JAVA_16 specified by architectury.mixins.json is higher than the maximum level supported by this version of mixin (JAVA_13).
[258月2026 15:12:00.634] [main/DEBUG] [mixin/]: Registering mixin config: architectury-common.mixins.json
[258月2026 15:12:00.635] [main/DEBUG] [mixin/]: Compatibility level JAVA_16 specified by architectury-common.mixins.json is higher than the maximum level supported by this version of mixin (JAVA_13).
[258月2026 15:12:00.636] [main/DEBUG] [mixin/]: Adding mixin platform agents for container SecureJarResource(efn)
[258月2026 15:12:00.636] [main/DEBUG] [mixin/]: Instancing new MixinPlatformAgentMinecraftForge for SecureJarResource(efn)
[258月2026 15:12:00.636] [main/DEBUG] [mixin/]: MixinPlatformAgentMinecraftForge rejected container SecureJarResource(efn)
[258月2026 15:12:00.636] [main/DEBUG] [mixin/]: Instancing new MixinPlatformAgentDefault for SecureJarResource(efn)
[258月2026 15:12:00.636] [main/DEBUG] [mixin/]: MixinPlatformAgentDefault accepted container SecureJarResource(efn)
[258月2026 15:12:00.636] [main/DEBUG] [mixin/]: Processing prepare() for PlatformAgent[MixinPlatformAgentDefault:SecureJarResource(efn)]
[258月2026 15:12:00.636] [main/DEBUG] [mixin/]: Registering mixin config: efn.mixins.json
[258月2026 15:12:00.637] [main/DEBUG] [mixin/]: Adding mixin platform agents for container SecureJarResource(annoyingvillagers)
[258月2026 15:12:00.637] [main/DEBUG] [mixin/]: Instancing new MixinPlatformAgentMinecraftForge for SecureJarResource(annoyingvillagers)
[258月2026 15:12:00.637] [main/DEBUG] [mixin/]: MixinPlatformAgentMinecraftForge rejected container SecureJarResource(annoyingvillagers)
[258月2026 15:12:00.638] [main/DEBUG] [mixin/]: Instancing new MixinPlatformAgentDefault for SecureJarResource(annoyingvillagers)
[258月2026 15:12:00.638] [main/DEBUG] [mixin/]: MixinPlatformAgentDefault accepted container SecureJarResource(annoyingvillagers)
[258月2026 15:12:00.638] [main/DEBUG] [mixin/]: Processing prepare() for PlatformAgent[MixinPlatformAgentDefault:SecureJarResource(annoyingvillagers)]
[258月2026 15:12:00.638] [main/DEBUG] [mixin/]: Registering mixin config: annoyingvillagers.mixins.json
[258月2026 15:12:00.640] [main/DEBUG] [mixin/]: Adding mixin platform agents for container SecureJarResource(efclash_blade)
[258月2026 15:12:00.640] [main/DEBUG] [mixin/]: Instancing new MixinPlatformAgentMinecraftForge for SecureJarResource(efclash_blade)
[258月2026 15:12:00.640] [main/DEBUG] [mixin/]: MixinPlatformAgentMinecraftForge rejected container SecureJarResource(efclash_blade)
[258月2026 15:12:00.640] [main/DEBUG] [mixin/]: Instancing new MixinPlatformAgentDefault for SecureJarResource(efclash_blade)
[258月2026 15:12:00.640] [main/DEBUG] [mixin/]: MixinPlatformAgentDefault accepted container SecureJarResource(efclash_blade)
[258月2026 15:12:00.640] [main/DEBUG] [mixin/]: Processing prepare() for PlatformAgent[MixinPlatformAgentDefault:SecureJarResource(efclash_blade)]
[258月2026 15:12:00.640] [main/DEBUG] [mixin/]: Adding mixin platform agents for container SecureJarResource(ywzj_vehicle)
[258月2026 15:12:00.640] [main/DEBUG] [mixin/]: Instancing new MixinPlatformAgentMinecraftForge for SecureJarResource(ywzj_vehicle)
[258月2026 15:12:00.640] [main/DEBUG] [mixin/]: MixinPlatformAgentMinecraftForge rejected container SecureJarResource(ywzj_vehicle)
[258月2026 15:12:00.640] [main/DEBUG] [mixin/]: Instancing new MixinPlatformAgentDefault for SecureJarResource(ywzj_vehicle)
[258月2026 15:12:00.640] [main/DEBUG] [mixin/]: MixinPlatformAgentDefault accepted container SecureJarResource(ywzj_vehicle)
[258月2026 15:12:00.640] [main/DEBUG] [mixin/]: Processing prepare() for PlatformAgent[MixinPlatformAgentDefault:SecureJarResource(ywzj_vehicle)]
[258月2026 15:12:00.640] [main/DEBUG] [mixin/]: Registering mixin config: mixins.ywzj_vehicle.json
[258月2026 15:12:00.641] [main/DEBUG] [mixin/]: Adding mixin platform agents for container SecureJarResource(ef_tlm)
[258月2026 15:12:00.642] [main/DEBUG] [mixin/]: Instancing new MixinPlatformAgentMinecraftForge for SecureJarResource(ef_tlm)
[258月2026 15:12:00.642] [main/DEBUG] [mixin/]: MixinPlatformAgentMinecraftForge rejected container SecureJarResource(ef_tlm)
[258月2026 15:12:00.642] [main/DEBUG] [mixin/]: Instancing new MixinPlatformAgentDefault for SecureJarResource(ef_tlm)
[258月2026 15:12:00.642] [main/DEBUG] [mixin/]: MixinPlatformAgentDefault accepted container SecureJarResource(ef_tlm)
[258月2026 15:12:00.642] [main/DEBUG] [mixin/]: Processing prepare() for PlatformAgent[MixinPlatformAgentDefault:SecureJarResource(ef_tlm)]
[258月2026 15:12:00.642] [main/DEBUG] [mixin/]: Registering mixin config: ef_tlm.mixins.json
[258月2026 15:12:00.642] [main/DEBUG] [mixin/]: Adding mixin platform agents for container SecureJarResource(ysm_geo_compat)
[258月2026 15:12:00.642] [main/DEBUG] [mixin/]: Instancing new MixinPlatformAgentMinecraftForge for SecureJarResource(ysm_geo_compat)
[258月2026 15:12:00.642] [main/DEBUG] [mixin/]: MixinPlatformAgentMinecraftForge rejected container SecureJarResource(ysm_geo_compat)
[258月2026 15:12:00.642] [main/DEBUG] [mixin/]: Instancing new MixinPlatformAgentDefault for SecureJarResource(ysm_geo_compat)
[258月2026 15:12:00.644] [main/DEBUG] [mixin/]: MixinPlatformAgentDefault accepted container SecureJarResource(ysm_geo_compat)
[258月2026 15:12:00.644] [main/DEBUG] [mixin/]: Processing prepare() for PlatformAgent[MixinPlatformAgentDefault:SecureJarResource(ysm_geo_compat)]
[258月2026 15:12:00.644] [main/DEBUG] [mixin/]: Registering mixin config: ysm_geo_compat.eftlm.mixins.json
[258月2026 15:12:00.645] [main/DEBUG] [mixin/]: Adding mixin platform agents for container SecureJarResource(forge)
[258月2026 15:12:00.645] [main/DEBUG] [mixin/]: Instancing new MixinPlatformAgentMinecraftForge for SecureJarResource(forge)
[258月2026 15:12:00.645] [main/DEBUG] [mixin/]: MixinPlatformAgentMinecraftForge rejected container SecureJarResource(forge)
[258月2026 15:12:00.645] [main/DEBUG] [mixin/]: Instancing new MixinPlatformAgentDefault for SecureJarResource(forge)
[258月2026 15:12:00.645] [main/DEBUG] [mixin/]: MixinPlatformAgentDefault accepted container SecureJarResource(forge)
[258月2026 15:12:00.645] [main/DEBUG] [mixin/]: Processing prepare() for PlatformAgent[MixinPlatformAgentDefault:SecureJarResource(forge)]
[258月2026 15:12:00.645] [main/DEBUG] [mixin/]: Adding mixin platform agents for container SecureJarResource(eftlm_stylish)
[258月2026 15:12:00.645] [main/DEBUG] [mixin/]: Instancing new MixinPlatformAgentMinecraftForge for SecureJarResource(eftlm_stylish)
[258月2026 15:12:00.645] [main/DEBUG] [mixin/]: MixinPlatformAgentMinecraftForge rejected container SecureJarResource(eftlm_stylish)
[258月2026 15:12:00.645] [main/DEBUG] [mixin/]: Instancing new MixinPlatformAgentDefault for SecureJarResource(eftlm_stylish)
[258月2026 15:12:00.646] [main/DEBUG] [mixin/]: MixinPlatformAgentDefault accepted container SecureJarResource(eftlm_stylish)
[258月2026 15:12:00.646] [main/DEBUG] [mixin/]: Processing prepare() for PlatformAgent[MixinPlatformAgentDefault:SecureJarResource(eftlm_stylish)]
[258月2026 15:12:00.646] [main/DEBUG] [mixin/]: Adding mixin platform agents for container SecureJarResource(mclib)
[258月2026 15:12:00.646] [main/DEBUG] [mixin/]: Instancing new MixinPlatformAgentMinecraftForge for SecureJarResource(mclib)
[258月2026 15:12:00.646] [main/DEBUG] [mixin/]: MixinPlatformAgentMinecraftForge rejected container SecureJarResource(mclib)
[258月2026 15:12:00.646] [main/DEBUG] [mixin/]: Instancing new MixinPlatformAgentDefault for SecureJarResource(mclib)
[258月2026 15:12:00.646] [main/DEBUG] [mixin/]: MixinPlatformAgentDefault accepted container SecureJarResource(mclib)
[258月2026 15:12:00.646] [main/DEBUG] [mixin/]: Processing prepare() for PlatformAgent[MixinPlatformAgentDefault:SecureJarResource(mclib)]
[258月2026 15:12:00.646] [main/DEBUG] [mixin/]: Adding mixin platform agents for container SecureJarResource(mae)
[258月2026 15:12:00.646] [main/DEBUG] [mixin/]: Instancing new MixinPlatformAgentMinecraftForge for SecureJarResource(mae)
[258月2026 15:12:00.646] [main/DEBUG] [mixin/]: MixinPlatformAgentMinecraftForge rejected container SecureJarResource(mae)
[258月2026 15:12:00.646] [main/DEBUG] [mixin/]: Instancing new MixinPlatformAgentDefault for SecureJarResource(mae)
[258月2026 15:12:00.646] [main/DEBUG] [mixin/]: MixinPlatformAgentDefault accepted container SecureJarResource(mae)
[258月2026 15:12:00.646] [main/DEBUG] [mixin/]: Processing prepare() for PlatformAgent[MixinPlatformAgentDefault:SecureJarResource(mae)]
[258月2026 15:12:00.646] [main/DEBUG] [mixin/]: Adding mixin platform agents for container SecureJarResource(org.mozillaa.rhino)
[258月2026 15:12:00.646] [main/DEBUG] [mixin/]: Instancing new MixinPlatformAgentMinecraftForge for SecureJarResource(org.mozillaa.rhino)
[258月2026 15:12:00.646] [main/DEBUG] [mixin/]: MixinPlatformAgentMinecraftForge rejected container SecureJarResource(org.mozillaa.rhino)
[258月2026 15:12:00.646] [main/DEBUG] [mixin/]: Instancing new MixinPlatformAgentDefault for SecureJarResource(org.mozillaa.rhino)
[258月2026 15:12:00.646] [main/DEBUG] [mixin/]: MixinPlatformAgentDefault accepted container SecureJarResource(org.mozillaa.rhino)
[258月2026 15:12:00.646] [main/DEBUG] [mixin/]: Processing prepare() for PlatformAgent[MixinPlatformAgentDefault:SecureJarResource(org.mozillaa.rhino)]
[258月2026 15:12:00.646] [main/DEBUG] [mixin/]: Adding mixin platform agents for container SecureJarResource(MixinSquared.beta._6)
[258月2026 15:12:00.646] [main/DEBUG] [mixin/]: Instancing new MixinPlatformAgentMinecraftForge for SecureJarResource(MixinSquared.beta._6)
[258月2026 15:12:00.646] [main/DEBUG] [mixin/]: MixinPlatformAgentMinecraftForge rejected container SecureJarResource(MixinSquared.beta._6)
[258月2026 15:12:00.646] [main/DEBUG] [mixin/]: Instancing new MixinPlatformAgentDefault for SecureJarResource(MixinSquared.beta._6)
[258月2026 15:12:00.646] [main/DEBUG] [mixin/]: MixinPlatformAgentDefault accepted container SecureJarResource(MixinSquared.beta._6)
[258月2026 15:12:00.646] [main/DEBUG] [mixin/]: Processing prepare() for PlatformAgent[MixinPlatformAgentDefault:SecureJarResource(MixinSquared.beta._6)]
[258月2026 15:12:00.646] [main/DEBUG] [mixin/]: Adding mixin platform agents for container SecureJarResource(Registrate.MC1._20)
[258月2026 15:12:00.646] [main/DEBUG] [mixin/]: Instancing new MixinPlatformAgentMinecraftForge for SecureJarResource(Registrate.MC1._20)
[258月2026 15:12:00.647] [main/DEBUG] [mixin/]: MixinPlatformAgentMinecraftForge rejected container SecureJarResource(Registrate.MC1._20)
[258月2026 15:12:00.647] [main/DEBUG] [mixin/]: Instancing new MixinPlatformAgentDefault for SecureJarResource(Registrate.MC1._20)
[258月2026 15:12:00.647] [main/DEBUG] [mixin/]: MixinPlatformAgentDefault accepted container SecureJarResource(Registrate.MC1._20)
[258月2026 15:12:00.647] [main/DEBUG] [mixin/]: Processing prepare() for PlatformAgent[MixinPlatformAgentDefault:SecureJarResource(Registrate.MC1._20)]
[258月2026 15:12:00.647] [main/DEBUG] [mixin/]: Adding mixin platform agents for container SecureJarResource(MixinExtras)
[258月2026 15:12:00.647] [main/DEBUG] [mixin/]: Instancing new MixinPlatformAgentMinecraftForge for SecureJarResource(MixinExtras)
[258月2026 15:12:00.647] [main/DEBUG] [mixin/]: MixinPlatformAgentMinecraftForge rejected container SecureJarResource(MixinExtras)
[258月2026 15:12:00.647] [main/DEBUG] [mixin/]: Instancing new MixinPlatformAgentDefault for SecureJarResource(MixinExtras)
[258月2026 15:12:00.647] [main/DEBUG] [mixin/]: MixinPlatformAgentDefault accepted container SecureJarResource(MixinExtras)
[258月2026 15:12:00.647] [main/DEBUG] [mixin/]: Processing prepare() for PlatformAgent[MixinPlatformAgentDefault:SecureJarResource(MixinExtras)]
[258月2026 15:12:00.647] [main/DEBUG] [mixin/]: inject() running with 30 agents
[258月2026 15:12:00.647] [main/DEBUG] [mixin/]: Processing inject() for PlatformAgent[MixinPlatformAgentDefault:ModLauncher Root Container(ModLauncher:4f56a0a2)]
[258月2026 15:12:00.647] [main/DEBUG] [mixin/]: Processing inject() for PlatformAgent[MixinPlatformAgentDefault:SecureJarResource(minecraft)]
[258月2026 15:12:00.647] [main/DEBUG] [mixin/]: Processing inject() for PlatformAgent[MixinPlatformAgentDefault:SecureJarResource(invincible)]
[258月2026 15:12:00.647] [main/DEBUG] [mixin/]: Processing inject() for PlatformAgent[MixinPlatformAgentDefault:SecureJarResource(mixinsquared)]
[258月2026 15:12:00.647] [main/DEBUG] [mixin/]: Processing inject() for PlatformAgent[MixinPlatformAgentDefault:SecureJarResource(geckolib)]
[258月2026 15:12:00.647] [main/DEBUG] [mixin/]: Processing inject() for PlatformAgent[MixinPlatformAgentDefault:SecureJarResource(combat_evolution)]
[258月2026 15:12:00.647] [main/DEBUG] [mixin/]: Processing inject() for PlatformAgent[MixinPlatformAgentDefault:SecureJarResource(maid_weapon_refill)]
[258月2026 15:12:00.647] [main/DEBUG] [mixin/]: Processing inject() for PlatformAgent[MixinPlatformAgentDefault:SecureJarResource(touhou_little_maid)]
[258月2026 15:12:00.647] [main/DEBUG] [mixin/]: Processing inject() for PlatformAgent[MixinPlatformAgentDefault:SecureJarResource(simplebedrockmodel)]
[258月2026 15:12:00.647] [main/DEBUG] [mixin/]: Processing inject() for PlatformAgent[MixinPlatformAgentDefault:SecureJarResource(epicfight)]
[258月2026 15:12:00.647] [main/DEBUG] [mixin/]: Processing inject() for PlatformAgent[MixinPlatformAgentDefault:SecureJarResource(wom)]
[258月2026 15:12:00.647] [main/DEBUG] [mixin/]: Processing inject() for PlatformAgent[MixinPlatformAgentDefault:SecureJarResource(epic_fight_avalon)]
[258月2026 15:12:00.647] [main/DEBUG] [mixin/]: Processing inject() for PlatformAgent[MixinPlatformAgentDefault:SecureJarResource(player_mobs)]
[258月2026 15:12:00.647] [main/DEBUG] [mixin/]: Processing inject() for PlatformAgent[MixinPlatformAgentDefault:SecureJarResource(mixinextras)]
[258月2026 15:12:00.647] [main/DEBUG] [mixin/]: Processing inject() for PlatformAgent[MixinPlatformAgentDefault:SecureJarResource(vix)]
[258月2026 15:12:00.647] [main/DEBUG] [mixin/]: Processing inject() for PlatformAgent[MixinPlatformAgentDefault:SecureJarResource(architectury)]
[258月2026 15:12:00.647] [main/DEBUG] [mixin/]: Processing inject() for PlatformAgent[MixinPlatformAgentDefault:SecureJarResource(efn)]
[258月2026 15:12:00.647] [main/DEBUG] [mixin/]: Processing inject() for PlatformAgent[MixinPlatformAgentDefault:SecureJarResource(annoyingvillagers)]
[258月2026 15:12:00.647] [main/DEBUG] [mixin/]: Processing inject() for PlatformAgent[MixinPlatformAgentDefault:SecureJarResource(efclash_blade)]
[258月2026 15:12:00.647] [main/DEBUG] [mixin/]: Processing inject() for PlatformAgent[MixinPlatformAgentDefault:SecureJarResource(ywzj_vehicle)]
[258月2026 15:12:00.647] [main/DEBUG] [mixin/]: Processing inject() for PlatformAgent[MixinPlatformAgentDefault:SecureJarResource(ef_tlm)]
[258月2026 15:12:00.647] [main/DEBUG] [mixin/]: Processing inject() for PlatformAgent[MixinPlatformAgentDefault:SecureJarResource(ysm_geo_compat)]
[258月2026 15:12:00.647] [main/DEBUG] [mixin/]: Processing inject() for PlatformAgent[MixinPlatformAgentDefault:SecureJarResource(forge)]
[258月2026 15:12:00.647] [main/DEBUG] [mixin/]: Processing inject() for PlatformAgent[MixinPlatformAgentDefault:SecureJarResource(eftlm_stylish)]
[258月2026 15:12:00.647] [main/DEBUG] [mixin/]: Processing inject() for PlatformAgent[MixinPlatformAgentDefault:SecureJarResource(mclib)]
[258月2026 15:12:00.647] [main/DEBUG] [mixin/]: Processing inject() for PlatformAgent[MixinPlatformAgentDefault:SecureJarResource(mae)]
[258月2026 15:12:00.647] [main/DEBUG] [mixin/]: Processing inject() for PlatformAgent[MixinPlatformAgentDefault:SecureJarResource(org.mozillaa.rhino)]
[258月2026 15:12:00.647] [main/DEBUG] [mixin/]: Processing inject() for PlatformAgent[MixinPlatformAgentDefault:SecureJarResource(MixinSquared.beta._6)]
[258月2026 15:12:00.647] [main/DEBUG] [mixin/]: Processing inject() for PlatformAgent[MixinPlatformAgentDefault:SecureJarResource(Registrate.MC1._20)]
[258月2026 15:12:00.647] [main/DEBUG] [mixin/]: Processing inject() for PlatformAgent[MixinPlatformAgentDefault:SecureJarResource(MixinExtras)]
[258月2026 15:12:00.648] [main/INFO] [cpw.mods.modlauncher.LaunchServiceHandler/MODLAUNCHER]: Launching target 'forgeserver' with arguments [nogui]
[258月2026 15:12:00.839] [main/DEBUG] [mixin/]: Error cleaning class output directory: .mixin.out
[258月2026 15:12:00.841] [main/DEBUG] [mixin/]: Preparing mixins for MixinEnvironment[DEFAULT]
[258月2026 15:12:00.842] [main/DEBUG] [mixin/]: Selecting config invincible.mixins.json
[258月2026 15:12:00.849] [main/DEBUG] [mixin/]: Selecting config mixinsquared.init.mixins.json
[258月2026 15:12:00.893] [main/DEBUG] [mixin/]: Registering new target selector for @mixinsquared:handler with com.bawnorton.mixinsquared.selector.DynamicSelectorHandler
[258月2026 15:12:00.913] [main/DEBUG] [mixin/]: Selecting config geckolib.mixins.json
[258月2026 15:12:00.914] [main/DEBUG] [mixin/]: Selecting config combat_evolution.mixins.json
[258月2026 15:12:00.915] [main/DEBUG] [mixin/]: Selecting config touhou_little_maid.mixins.json
[258月2026 15:12:00.920] [main/DEBUG] [mixin/]: Selecting config simplebedrockmodel.mixins.json
[258月2026 15:12:00.921] [main/DEBUG] [mixin/]: Selecting config mixins.epicfight.json
[258月2026 15:12:00.923] [main/DEBUG] [mixin/]: Selecting config mixins.wom.json
[258月2026 15:12:00.924] [main/DEBUG] [mixin/]: Selecting config epic_fight_avalon.mixins.json
[258月2026 15:12:00.924] [main/DEBUG] [mixin/]: Selecting config mixinextras.init.mixins.json
[258月2026 15:12:00.987] [main/DEBUG] [MixinExtras|Service/]: com.llamalad7.mixinextras.service.MixinExtrasServiceImpl(version=0.4.1) is taking over from null
[258月2026 15:12:01.052] [main/DEBUG] [mixin/]: Registering new injector for @Inject with org.spongepowered.asm.mixin.injection.struct.CallbackInjectionInfo
[258月2026 15:12:01.057] [main/DEBUG] [mixin/]: Registering new injector for @ModifyArg with org.spongepowered.asm.mixin.injection.struct.ModifyArgInjectionInfo
[258月2026 15:12:01.058] [main/DEBUG] [mixin/]: Registering new injector for @ModifyArgs with org.spongepowered.asm.mixin.injection.struct.ModifyArgsInjectionInfo
[258月2026 15:12:01.062] [main/DEBUG] [mixin/]: Registering new injector for @Redirect with org.spongepowered.asm.mixin.injection.struct.RedirectInjectionInfo
[258月2026 15:12:01.064] [main/DEBUG] [mixin/]: Registering new injector for @ModifyVariable with org.spongepowered.asm.mixin.injection.struct.ModifyVariableInjectionInfo
[258月2026 15:12:01.067] [main/DEBUG] [mixin/]: Registering new injector for @ModifyConstant with org.spongepowered.asm.mixin.injection.struct.ModifyConstantInjectionInfo
[258月2026 15:12:01.085] [main/DEBUG] [mixin/]: Selecting config vix.mixins.json
[258月2026 15:12:01.094] [main/DEBUG] [mixin/]: Selecting config architectury.mixins.json
[258月2026 15:12:01.098] [main/DEBUG] [mixin/]: Selecting config architectury-common.mixins.json
[258月2026 15:12:01.100] [main/DEBUG] [mixin/]: Selecting config efn.mixins.json
[258月2026 15:12:01.119] [main/DEBUG] [mixin/]: Selecting config annoyingvillagers.mixins.json
[258月2026 15:12:01.121] [main/DEBUG] [mixin/]: Selecting config mixins.ywzj_vehicle.json
[258月2026 15:12:01.122] [main/DEBUG] [mixin/]: Selecting config ef_tlm.mixins.json
[258月2026 15:12:01.123] [main/DEBUG] [mixin/]: Selecting config ysm_geo_compat.eftlm.mixins.json
[258月2026 15:12:01.126] [main/DEBUG] [mixin/]: Preparing invincible.mixins.json (8)
[258月2026 15:12:01.211] [main/DEBUG] [mixin/]: Preparing mixinsquared.init.mixins.json (0)
[258月2026 15:12:01.211] [main/DEBUG] [mixin/]: Preparing geckolib.mixins.json (1)
[258月2026 15:12:01.211] [main/DEBUG] [mixin/]: Preparing combat_evolution.mixins.json (11)
[258月2026 15:12:01.247] [main/DEBUG] [mixin/]: Preparing touhou_little_maid.mixins.json (23)
[258月2026 15:12:01.348] [main/DEBUG] [net.minecraftforge.coremod.transformer.CoreModBaseTransformer/COREMOD]: Transforming net/minecraft/world/level/levelgen/structure/templatesystem/StructureTemplate
[258月2026 15:12:01.738] [main/DEBUG] [mixin/]: Preparing simplebedrockmodel.mixins.json (5)
[258月2026 15:12:01.749] [main/DEBUG] [mixin/]: Preparing mixins.epicfight.json (39)
[258月2026 15:12:01.776] [main/DEBUG] [mixin/]: Preparing mixins.wom.json (1)
[258月2026 15:12:01.778] [main/DEBUG] [mixin/]: Preparing epic_fight_avalon.mixins.json (3)
[258月2026 15:12:01.779] [main/DEBUG] [mixin/]: Preparing mixinextras.init.mixins.json (0)
[258月2026 15:12:01.779] [main/DEBUG] [mixin/]: Preparing vix.mixins.json (5)
[258月2026 15:12:01.779] [main/DEBUG] [mixin/]: Preparing architectury.mixins.json (9)
[258月2026 15:12:01.791] [main/DEBUG] [mixin/]: Preparing architectury-common.mixins.json (10)
[258月2026 15:12:01.797] [main/DEBUG] [net.minecraftforge.coremod.transformer.CoreModBaseTransformer/COREMOD]: Transforming net/minecraft/world/item/BucketItem
[258月2026 15:12:01.807] [main/DEBUG] [net.minecraftforge.coremod.transformer.CoreModBaseTransformer/COREMOD]: Transforming net/minecraft/world/entity/EntityType
[258月2026 15:12:01.869] [main/DEBUG] [net.minecraftforge.coremod.transformer.CoreModBaseTransformer/COREMOD]: Transforming net/minecraft/world/level/block/LiquidBlock
[258月2026 15:12:01.875] [main/DEBUG] [mixin/]: Preparing efn.mixins.json (27)
[258月2026 15:12:01.917] [main/DEBUG] [mixin/]: Preparing annoyingvillagers.mixins.json (64)
[258月2026 15:12:01.964] [main/DEBUG] [net.minecraftforge.coremod.transformer.CoreModBaseTransformer/COREMOD]: Transforming net/minecraft/world/entity/monster/Zombie
[258月2026 15:12:02.044] [main/WARN] [mixin/]: Error loading class: net/minecraft/client/renderer/RenderBuffers (java.lang.ClassNotFoundException: net.minecraft.client.renderer.RenderBuffers)
[258月2026 15:12:02.045] [main/WARN] [mixin/]: @Mixin target net.minecraft.client.renderer.RenderBuffers was not found annoyingvillagers.mixins.json:RenderBuffersMixin
[258月2026 15:12:02.088] [main/DEBUG] [mixin/]: Preparing mixins.ywzj_vehicle.json (18)
[258月2026 15:12:02.096] [main/WARN] [mixin/]: Error loading class: com/simibubi/create/content/contraptions/ContraptionCollider (java.lang.ClassNotFoundException: com.simibubi.create.content.contraptions.ContraptionCollider)
[258月2026 15:12:02.098] [main/WARN] [mixin/]: @Mixin target com.simibubi.create.content.contraptions.ContraptionCollider was not found mixins.ywzj_vehicle.json:create.ContraptionColliderMixin
[258月2026 15:12:02.099] [main/WARN] [mixin/]: Error loading class: com/tacz/guns/util/EntityUtil (java.lang.ClassNotFoundException: com.tacz.guns.util.EntityUtil)
[258月2026 15:12:02.100] [main/DEBUG] [mixin/]: Skipping virtual target com.tacz.guns.util.EntityUtil for mixins.ywzj_vehicle.json:tacz.EntityUtilMixin
[258月2026 15:12:02.100] [main/DEBUG] [mixin/]: Preparing ef_tlm.mixins.json (3)
[258月2026 15:12:02.103] [main/DEBUG] [mixin/]: Preparing ysm_geo_compat.eftlm.mixins.json (1)
[258月2026 15:12:02.155] [main/WARN] [mixin/]: Error loading class: com/mojang/blaze3d/platform/InputConstants$Key (java.lang.ClassNotFoundException: com.mojang.blaze3d.platform.InputConstants$Key)
[258月2026 15:12:02.170] [main/WARN] [mixin/]: Error loading class: net/minecraft/client/renderer/entity/EntityRendererProvider$Context (java.lang.ClassNotFoundException: net.minecraft.client.renderer.entity.EntityRendererProvider$Context)
[258月2026 15:12:02.180] [main/WARN] [mixin/]: Error loading class: net/minecraft/client/renderer/entity/EntityRendererProvider$Context (java.lang.ClassNotFoundException: net.minecraft.client.renderer.entity.EntityRendererProvider$Context)
[258月2026 15:12:02.186] [main/DEBUG] [mixin/]: Prepared 140 mixins in 1.342 sec (9.6ms avg) (0ms load, 0ms transform, 0ms plugin)
[258月2026 15:12:02.227] [main/DEBUG] [io.netty.util.internal.logging.InternalLoggerFactory/]: Using SLF4J as the default logging framework
[258月2026 15:12:02.232] [main/DEBUG] [io.netty.util.ResourceLeakDetector/]: -Dio.netty.leakDetection.level: simple
[258月2026 15:12:02.234] [main/DEBUG] [io.netty.util.ResourceLeakDetector/]: -Dio.netty.leakDetection.targetRecords: 4
[258月2026 15:12:02.562] [main/DEBUG] [oshi.util.FileUtil/]: No oshi.properties file found from ClassLoader cpw.mods.modlauncher.TransformingClassLoader@361abd01
[258月2026 15:12:02.564] [main/DEBUG] [oshi.util.FileUtil/]: No oshi.properties file found from ClassLoader jdk.internal.loader.ClassLoaders$AppClassLoader@6e8cf4c6
[258月2026 15:12:02.951] [main/DEBUG] [oshi.util.FileUtil/]: No oshi.architecture.properties file found from ClassLoader cpw.mods.modlauncher.TransformingClassLoader@361abd01
[258月2026 15:12:02.952] [main/DEBUG] [oshi.util.FileUtil/]: No oshi.architecture.properties file found from ClassLoader jdk.internal.loader.ClassLoaders$AppClassLoader@6e8cf4c6
[258月2026 15:12:03.075] [main/WARN] [oshi.driver.windows.perfmon.PerfmonDisabled/]: Invalid registry value type detected for PerfOS counters. Should be REG_DWORD. Ignoring: HKEY_LOCAL_MACHINE\SYSTEM\CurrentControlSet\Services\PerfOS\Performance\Disable Performance Counters.
[258月2026 15:12:04.304] [main/INFO] [MixinExtras|Service/]: Initializing MixinExtras via com.llamalad7.mixinextras.service.MixinExtrasServiceImpl(version=0.4.1).
[258月2026 15:12:04.306] [main/DEBUG] [mixin/]: Registering new injector for @SugarWrapper with com.llamalad7.mixinextras.sugar.impl.SugarWrapperInjectionInfo
[258月2026 15:12:04.307] [main/DEBUG] [mixin/]: Registering new injector for @FactoryRedirectWrapper with com.llamalad7.mixinextras.wrapper.factory.FactoryRedirectWrapperInjectionInfo
[258月2026 15:12:04.334] [main/DEBUG] [mixin/]: Mixing UtilMixin from efn.mixins.json into net.minecraft.Util
[258月2026 15:12:04.522] [main/DEBUG] [mixin/]: Mixing inject.MixinGameEvent from architectury-common.mixins.json into net.minecraft.world.level.gameevent.GameEvent
[258月2026 15:12:04.559] [main/DEBUG] [mixin/]: Mixing BlockBurningCache from touhou_little_maid.mixins.json into net.minecraft.world.level.block.Block
[258月2026 15:12:04.566] [main/DEBUG] [mixin/]: Mixing inject.MixinBlock from architectury-common.mixins.json into net.minecraft.world.level.block.Block
[258月2026 15:12:04.606] [main/DEBUG] [mixin/]: Mixing EntityMixin from touhou_little_maid.mixins.json into net.minecraft.world.entity.Entity
[258月2026 15:12:04.633] [main/DEBUG] [mixin/]: Mixing accessor.EntityAccessor from touhou_little_maid.mixins.json into net.minecraft.world.entity.Entity
[258月2026 15:12:04.639] [main/DEBUG] [mixin/]: Mixing common.MixinEntity from mixins.epicfight.json into net.minecraft.world.entity.Entity
[258月2026 15:12:04.640] [main/DEBUG] [mixin/]: Renaming synthetic method lambda$epicfight$setOnGroundWithKnownMovement$1(Lyesman/epicfight/world/capabilities/entitypatch/LivingEntityPatch;)V to md95b6ce$lambda$epicfight$setOnGroundWithKnownMovement$1$0 in mixins.epicfight.json:common.MixinEntity
[258月2026 15:12:04.641] [main/DEBUG] [mixin/]: Renaming synthetic method lambda$lerpMotion$0(Lorg/spongepowered/asm/mixin/injection/callback/CallbackInfo;Lyesman/epicfight/world/capabilities/entitypatch/LivingEntityPatch;)V to md95b6ce$lambda$lerpMotion$0$1 in mixins.epicfight.json:common.MixinEntity
[258月2026 15:12:04.657] [main/DEBUG] [mixin/]: Mixing common.EntityMixin from mixins.ywzj_vehicle.json into net.minecraft.world.entity.Entity
[258月2026 15:12:04.729] [main/DEBUG] [mixin/]: Mixing accessor.LivingEntityAccessor from touhou_little_maid.mixins.json into net.minecraft.world.entity.LivingEntity
[258月2026 15:12:04.730] [main/DEBUG] [mixin/]: Mixing common.MixinLivingEntity from mixins.epicfight.json into net.minecraft.world.entity.LivingEntity
[258月2026 15:12:04.731] [main/DEBUG] [mixin/]: Renaming synthetic method lambda$epicfight$constructor$0(Lnet/minecraft/world/entity/LivingEntity;Lyesman/epicfight/world/capabilities/entitypatch/HurtableEntityPatch;)V to md95b6ce$lambda$epicfight$constructor$0$0 in mixins.epicfight.json:common.MixinLivingEntity
[258月2026 15:12:04.763] [main/DEBUG] [mixin/]: Mixing common.LivingEntityMixin from mixins.ywzj_vehicle.json into net.minecraft.world.entity.LivingEntity
[258月2026 15:12:04.885] [main/DEBUG] [mixin/]: Mixing PlayerMixin from touhou_little_maid.mixins.json into net.minecraft.world.entity.player.Player
[258月2026 15:12:04.886] [main/DEBUG] [mixin/]: Mixing common.MixinPlayer from mixins.epicfight.json into net.minecraft.world.entity.player.Player
[258月2026 15:12:04.888] [main/DEBUG] [mixin/]: Mixing PlayerMixin from annoyingvillagers.mixins.json into net.minecraft.world.entity.player.Player
[258月2026 15:12:04.890] [main/DEBUG] [mixin/]: Mixing common.PlayerMixin from mixins.ywzj_vehicle.json into net.minecraft.world.entity.player.Player
[258月2026 15:12:04.952] [main/DEBUG] [mixin/]: Mixing inject.MixinFluid from architectury-common.mixins.json into net.minecraft.world.level.material.Fluid
[258月2026 15:12:04.960] [main/DEBUG] [mixin/]: Mixing inject.MixinItem from architectury-common.mixins.json into net.minecraft.world.item.Item
[258月2026 15:12:04.978] [main/DEBUG] [net.minecraftforge.coremod.transformer.CoreModBaseTransformer/COREMOD]: Transforming net/minecraft/world/entity/EntityType
[258月2026 15:12:05.004] [main/DEBUG] [mixin/]: Mixing inject.MixinEntityType from architectury-common.mixins.json into net.minecraft.world.entity.EntityType
[258月2026 15:12:05.374] [main/DEBUG] [net.minecraftforge.coremod.transformer.CoreModBaseTransformer/COREMOD]: Transforming net/minecraft/world/level/block/LiquidBlock
[258月2026 15:12:05.375] [main/DEBUG] [mixin/]: Mixing inject.MixinLiquidBlock from architectury-common.mixins.json into net.minecraft.world.level.block.LiquidBlock
[258月2026 15:12:05.428] [main/DEBUG] [net.minecraftforge.coremod.transformer.CoreModBaseTransformer/COREMOD]: Transforming net/minecraft/world/level/block/StairBlock
[258月2026 15:12:05.442] [main/DEBUG] [mixin/]: Mixing accessor.CropBlockAccessor from touhou_little_maid.mixins.json into net.minecraft.world.level.block.CropBlock
[258月2026 15:12:05.519] [main/DEBUG] [mixin/]: Mixing accessor.FenceGateBlockAccessor from touhou_little_maid.mixins.json into net.minecraft.world.level.block.FenceGateBlock
[258月2026 15:12:05.545] [main/DEBUG] [net.minecraftforge.coremod.transformer.CoreModBaseTransformer/COREMOD]: Transforming net/minecraft/world/level/block/FlowerPotBlock
[258月2026 15:12:05.637] [main/DEBUG] [mixin/]: Mixing SweetBerryBushBlockMixin from touhou_little_maid.mixins.json into net.minecraft.world.level.block.SweetBerryBushBlock
[258月2026 15:12:05.841] [main/DEBUG] [mixin/]: Mixing MixinFallingBlockEntity from architectury.mixins.json into net.minecraft.world.entity.item.FallingBlockEntity
[258月2026 15:12:06.321] [main/DEBUG] [mixin/]: Mixing ArrowMixin from touhou_little_maid.mixins.json into net.minecraft.world.entity.projectile.AbstractArrow
[258月2026 15:12:06.322] [main/DEBUG] [mixin/]: Mixing accessor.ArrowAccessor from touhou_little_maid.mixins.json into net.minecraft.world.entity.projectile.AbstractArrow
[258月2026 15:12:06.323] [main/DEBUG] [mixin/]: Mixing AbstractArrowMixin from annoyingvillagers.mixins.json into net.minecraft.world.entity.projectile.AbstractArrow
[258月2026 15:12:06.328] [main/DEBUG] [mixin/]: Mixing AbstractArrowBreakMixin from annoyingvillagers.mixins.json into net.minecraft.world.entity.projectile.AbstractArrow
[258月2026 15:12:06.350] [main/DEBUG] [mixin/]: Mixing common.MixinProjectile from mixins.epicfight.json into net.minecraft.world.entity.projectile.Projectile
[258月2026 15:12:06.376] [main/DEBUG] [mixin/]: Mixing MobInteractMixin from touhou_little_maid.mixins.json into net.minecraft.world.entity.Mob
[258月2026 15:12:06.380] [main/DEBUG] [mixin/]: Mixing common.MixinMob from mixins.epicfight.json into net.minecraft.world.entity.Mob
[258月2026 15:12:06.380] [main/DEBUG] [mixin/]: Mixing MixinMob from efn.mixins.json into net.minecraft.world.entity.Mob
[258月2026 15:12:06.385] [main/DEBUG] [mixin/]: Mixing MobMixin from annoyingvillagers.mixins.json into net.minecraft.world.entity.Mob
[258月2026 15:12:06.388] [main/DEBUG] [net.minecraftforge.coremod.transformer.CoreModBaseTransformer/COREMOD]: Transforming net/minecraft/world/item/ItemStack
[258月2026 15:12:06.400] [main/DEBUG] [net.minecraftforge.coremod.transformer.CoreModBaseTransformer/COREMOD]: Transforming net/minecraft/world/effect/MobEffectInstance
[258月2026 15:12:06.535] [main/DEBUG] [net.minecraftforge.coremod.transformer.CoreModBaseTransformer/COREMOD]: Transforming net/minecraft/world/item/ItemStack
[258月2026 15:12:06.613] [main/DEBUG] [mixin/]: Mixing common.MixinWitherBoss from mixins.epicfight.json into net.minecraft.world.entity.boss.wither.WitherBoss
[258月2026 15:12:06.617] [main/DEBUG] [mixin/]: Renaming @Unique method m_7515_()Lnet/minecraft/sounds/SoundEvent; to md95b6ce$m_7515_$0 in mixins.epicfight.json:common.MixinWitherBoss
[258月2026 15:12:06.655] [main/WARN] [mixin/]: @Final field f_31427_:[I in mixins.epicfight.json:common.MixinWitherBoss should be final
[258月2026 15:12:06.655] [main/WARN] [mixin/]: @Final field f_31428_:[I in mixins.epicfight.json:common.MixinWitherBoss should be final
[258月2026 15:12:06.815] [main/DEBUG] [mixin/]: Mixing ConduitBlockEntityMixin from touhou_little_maid.mixins.json into net.minecraft.world.level.block.entity.ConduitBlockEntity
[258月2026 15:12:07.069] [main/DEBUG] [mixin/]: Mixing MixinLightningBolt from architectury-common.mixins.json into net.minecraft.world.entity.LightningBolt
[258月2026 15:12:07.150] [main/DEBUG] [net.minecraftforge.coremod.transformer.CoreModBaseTransformer/COREMOD]: Transforming net/minecraft/world/entity/animal/frog/Tadpole
[258月2026 15:12:07.199] [main/DEBUG] [mixin/]: Mixing compat.efn.SwordItemMixin from annoyingvillagers.mixins.json into net.minecraft.world.item.SwordItem
[258月2026 15:12:07.200] [main/DEBUG] [mixin/]: Renaming synthetic method lambda$damageEfnWeapons$0(Lnet/minecraft/world/entity/LivingEntity;)V to md95b6ce$lambda$damageEfnWeapons$0$0 in annoyingvillagers.mixins.json:compat.efn.SwordItemMixin
[258月2026 15:12:07.222] [main/DEBUG] [net.minecraftforge.coremod.transformer.CoreModBaseTransformer/COREMOD]: Transforming net/minecraft/world/item/BucketItem
[258月2026 15:12:07.222] [main/DEBUG] [mixin/]: Mixing inject.MixinBucketItem from architectury-common.mixins.json into net.minecraft.world.item.BucketItem
[258月2026 15:12:07.283] [main/DEBUG] [mixin/]: Mixing inject.MixinItemProperties from architectury-common.mixins.json into net.minecraft.world.item.Item$Properties
[258月2026 15:12:07.326] [main/DEBUG] [mixin/]: Mixing EpicFightDamageSourceMixin from combat_evolution.mixins.json into yesman.epicfight.world.damagesource.EpicFightDamageSource
[258月2026 15:12:07.342] [main/DEBUG] [mixin/]: Mixing NavigationMixin from touhou_little_maid.mixins.json into net.minecraft.world.entity.ai.navigation.PathNavigation
[258月2026 15:12:08.035] [main/DEBUG] [mixin/]: Mixing NearestAttackableTargetGoalMixin from efn.mixins.json into net.minecraft.world.entity.ai.goal.target.NearestAttackableTargetGoal
[258月2026 15:12:08.046] [main/DEBUG] [mixin/]: Mixing BoatMixin from annoyingvillagers.mixins.json into net.minecraft.world.entity.vehicle.Boat
[258月2026 15:12:08.083] [main/DEBUG] [net.minecraftforge.coremod.transformer.CoreModBaseTransformer/COREMOD]: Transforming net/minecraft/world/entity/monster/Spider
[258月2026 15:12:08.093] [main/DEBUG] [mixin/]: Mixing SkeletonMixin from annoyingvillagers.mixins.json into net.minecraft.world.entity.monster.AbstractSkeleton
[258月2026 15:12:08.156] [main/DEBUG] [net.minecraftforge.coremod.transformer.CoreModBaseTransformer/COREMOD]: Transforming net/minecraft/world/entity/monster/Zombie
[258月2026 15:12:08.173] [main/DEBUG] [mixin/]: Mixing ZombieMixin from annoyingvillagers.mixins.json into net.minecraft.world.entity.monster.Zombie
[258月2026 15:12:08.190] [main/DEBUG] [net.minecraftforge.coremod.transformer.CoreModBaseTransformer/COREMOD]: Transforming net/minecraft/world/entity/monster/ZombieVillager
[258月2026 15:12:08.205] [main/DEBUG] [mixin/]: Mixing ThrownTridentMixin from touhou_little_maid.mixins.json into net.minecraft.world.entity.projectile.ThrownTrident
[258月2026 15:12:08.205] [main/DEBUG] [mixin/]: Mixing common.MixinThrownTrident from mixins.epicfight.json into net.minecraft.world.entity.projectile.ThrownTrident
[258月2026 15:12:08.213] [main/DEBUG] [mixin/]: Mixing common.MixinRangedAttackGoal from mixins.epicfight.json into net.minecraft.world.entity.ai.goal.RangedAttackGoal
[258月2026 15:12:08.214] [main/DEBUG] [mixin/]: Renaming synthetic method lambda$epicfight$tick$0(Lyesman/epicfight/world/capabilities/entitypatch/LivingEntityPatch;)V to md95b6ce$lambda$epicfight$tick$0$0 in mixins.epicfight.json:common.MixinRangedAttackGoal
[258月2026 15:12:08.261] [main/DEBUG] [mixin/]: Mixing IllagerMixin from annoyingvillagers.mixins.json into net.minecraft.world.entity.monster.AbstractIllager
[258月2026 15:12:08.264] [main/DEBUG] [mixin/]: Mixing RaiderMixin from annoyingvillagers.mixins.json into net.minecraft.world.entity.raid.Raider
[258月2026 15:12:08.275] [main/DEBUG] [net.minecraftforge.coremod.transformer.CoreModBaseTransformer/COREMOD]: Transforming net/minecraft/world/entity/monster/Evoker$EvokerSummonSpellGoal
[258月2026 15:12:08.342] [main/DEBUG] [mixin/]: Mixing common.MixinRangedBowAttackGoal from mixins.epicfight.json into net.minecraft.world.entity.ai.goal.RangedBowAttackGoal
[258月2026 15:12:08.343] [main/DEBUG] [mixin/]: Renaming synthetic method lambda$epicfight$tick$0(Lyesman/epicfight/world/capabilities/entitypatch/LivingEntityPatch;)V to md95b6ce$lambda$epicfight$tick$0$0 in mixins.epicfight.json:common.MixinRangedBowAttackGoal
[258月2026 15:12:08.410] [main/DEBUG] [mixin/]: Mixing common.MixinRangedCrossbowAttackGoal from mixins.epicfight.json into net.minecraft.world.entity.ai.goal.RangedCrossbowAttackGoal
[258月2026 15:12:08.410] [main/DEBUG] [mixin/]: Renaming synthetic method lambda$epicfight$tick$0(Lyesman/epicfight/world/capabilities/entitypatch/LivingEntityPatch;)V to md95b6ce$lambda$epicfight$tick$0$0 in mixins.epicfight.json:common.MixinRangedCrossbowAttackGoal
[258月2026 15:12:08.440] [main/DEBUG] [net.minecraftforge.coremod.transformer.CoreModBaseTransformer/COREMOD]: Transforming net/minecraft/world/entity/animal/horse/SkeletonTrapGoal
[258月2026 15:12:08.456] [main/DEBUG] [net.minecraftforge.coremod.transformer.CoreModBaseTransformer/COREMOD]: Transforming net/minecraft/world/entity/monster/Strider
[258月2026 15:12:08.504] [main/DEBUG] [mixin/]: Mixing EFLivingEntityPatchMixin from combat_evolution.mixins.json into yesman.epicfight.world.capabilities.entitypatch.LivingEntityPatch
[258月2026 15:12:08.510] [main/DEBUG] [mixin/]: Mixing LivingEntityPatchMixin from combat_evolution.mixins.json into yesman.epicfight.world.capabilities.entitypatch.LivingEntityPatch
[258月2026 15:12:08.513] [main/DEBUG] [mixin/]: Mixing LivingEntityPatchMixin from epic_fight_avalon.mixins.json into yesman.epicfight.world.capabilities.entitypatch.LivingEntityPatch
[258月2026 15:12:08.516] [main/DEBUG] [mixin/]: Mixing LivingEntityPatchMixin from annoyingvillagers.mixins.json into yesman.epicfight.world.capabilities.entitypatch.LivingEntityPatch
[258月2026 15:12:08.533] [main/WARN] [net.minecraft.network.syncher.SynchedEntityData/]: defineId called for: class net.minecraft.world.entity.LivingEntity from class yesman.epicfight.world.capabilities.entitypatch.LivingEntityPatch
[258月2026 15:12:08.534] [main/WARN] [net.minecraft.network.syncher.SynchedEntityData/]: defineId called for: class net.minecraft.world.entity.LivingEntity from class yesman.epicfight.world.capabilities.entitypatch.LivingEntityPatch
[258月2026 15:12:08.534] [main/WARN] [net.minecraft.network.syncher.SynchedEntityData/]: defineId called for: class net.minecraft.world.entity.LivingEntity from class yesman.epicfight.world.capabilities.entitypatch.LivingEntityPatch
[258月2026 15:12:08.534] [main/WARN] [net.minecraft.network.syncher.SynchedEntityData/]: defineId called for: class net.minecraft.world.entity.LivingEntity from class yesman.epicfight.world.capabilities.entitypatch.LivingEntityPatch
[258月2026 15:12:08.534] [main/WARN] [net.minecraft.network.syncher.SynchedEntityData/]: defineId called for: class net.minecraft.world.entity.LivingEntity from class yesman.epicfight.world.capabilities.entitypatch.LivingEntityPatch
[258月2026 15:12:08.535] [main/WARN] [net.minecraft.network.syncher.SynchedEntityData/]: defineId called for: class net.minecraft.world.entity.LivingEntity from class yesman.epicfight.world.capabilities.entitypatch.LivingEntityPatch
[258月2026 15:12:08.535] [main/WARN] [net.minecraft.network.syncher.SynchedEntityData/]: defineId called for: class net.minecraft.world.entity.LivingEntity from class yesman.epicfight.world.capabilities.entitypatch.LivingEntityPatch
[258月2026 15:12:08.535] [main/WARN] [net.minecraft.network.syncher.SynchedEntityData/]: defineId called for: class net.minecraft.world.entity.LivingEntity from class yesman.epicfight.world.capabilities.entitypatch.LivingEntityPatch
[258月2026 15:12:08.535] [main/WARN] [net.minecraft.network.syncher.SynchedEntityData/]: defineId called for: class net.minecraft.world.entity.LivingEntity from class yesman.epicfight.world.capabilities.entitypatch.LivingEntityPatch
[258月2026 15:12:08.536] [main/WARN] [net.minecraft.network.syncher.SynchedEntityData/]: defineId called for: class net.minecraft.world.entity.LivingEntity from class yesman.epicfight.world.capabilities.entitypatch.LivingEntityPatch
[258月2026 15:12:08.536] [main/WARN] [net.minecraft.network.syncher.SynchedEntityData/]: defineId called for: class net.minecraft.world.entity.LivingEntity from class yesman.epicfight.world.capabilities.entitypatch.LivingEntityPatch
[258月2026 15:12:08.536] [main/WARN] [net.minecraft.network.syncher.SynchedEntityData/]: defineId called for: class net.minecraft.world.entity.LivingEntity from class yesman.epicfight.world.capabilities.entitypatch.LivingEntityPatch
[258月2026 15:12:08.629] [main/DEBUG] [net.minecraftforge.coremod.transformer.CoreModBaseTransformer/COREMOD]: Transforming net/minecraft/world/entity/npc/Villager
[258月2026 15:12:08.673] [main/DEBUG] [mixin/]: Mixing VillagerMixin from annoyingvillagers.mixins.json into net.minecraft.world.entity.npc.AbstractVillager
[258月2026 15:12:08.686] [main/DEBUG] [mixin/]: Mixing VindicatorMixin from annoyingvillagers.mixins.json into net.minecraft.world.entity.monster.Vindicator
[258月2026 15:12:08.718] [main/DEBUG] [mixin/]: Mixing FishingHookAccessor from annoyingvillagers.mixins.json into net.minecraft.world.entity.projectile.FishingHook
[258月2026 15:12:08.718] [main/DEBUG] [mixin/]: Mixing FishingHookReturnMixin from annoyingvillagers.mixins.json into net.minecraft.world.entity.projectile.FishingHook
[258月2026 15:12:08.743] [main/DEBUG] [mixin/]: Mixing inject.MixinFoodPropertiesBuilder from architectury-common.mixins.json into net.minecraft.world.food.FoodProperties$Builder
[258月2026 15:12:08.747] [main/DEBUG] [net.minecraftforge.coremod.transformer.CoreModBaseTransformer/COREMOD]: Transforming net/minecraft/world/effect/MobEffectInstance
[258月2026 15:12:08.773] [main/DEBUG] [mixin/]: Mixing ServerPlayNetHandlerMixin from simplebedrockmodel.mixins.json into net.minecraft.server.network.ServerGamePacketListenerImpl
[258月2026 15:12:08.773] [main/DEBUG] [mixin/]: simplebedrockmodel.mixins.json:ServerPlayNetHandlerMixin: Class version 61 required is higher than the class version supported by the current version of Mixin (JAVA_8 supports class version 52)
[258月2026 15:12:08.783] [main/DEBUG] [mixin/]: Mixing common.MixinServerGamePacketListenerImpl from mixins.epicfight.json into net.minecraft.server.network.ServerGamePacketListenerImpl
[258月2026 15:12:08.783] [main/DEBUG] [mixin/]: Mixing EnsureSafeFlyingVehicleMixin from annoyingvillagers.mixins.json into net.minecraft.server.network.ServerGamePacketListenerImpl
[258月2026 15:12:09.284] [main/DEBUG] [net.minecraftforge.coremod.transformer.CoreModBaseTransformer/COREMOD]: Transforming net/minecraft/world/level/levelgen/structure/Structure
[258月2026 15:12:09.333] [main/DEBUG] [net.minecraftforge.coremod.transformer.CoreModBaseTransformer/COREMOD]: Transforming net/minecraft/world/level/levelgen/structure/structures/OceanRuinPieces$OceanRuinPiece
[258月2026 15:12:09.343] [main/DEBUG] [net.minecraftforge.coremod.transformer.CoreModBaseTransformer/COREMOD]: Transforming net/minecraft/world/level/levelgen/structure/structures/SwampHutPiece
[258月2026 15:12:09.350] [main/DEBUG] [net.minecraftforge.coremod.transformer.CoreModBaseTransformer/COREMOD]: Transforming net/minecraft/world/level/levelgen/structure/structures/OceanMonumentPieces$OceanMonumentPiece
[258月2026 15:12:09.365] [main/DEBUG] [net.minecraftforge.coremod.transformer.CoreModBaseTransformer/COREMOD]: Transforming net/minecraft/world/level/levelgen/structure/structures/WoodlandMansionPieces$WoodlandMansionPiece
[258月2026 15:12:09.466] [main/DEBUG] [net.minecraftforge.coremod.transformer.CoreModBaseTransformer/COREMOD]: Transforming net/minecraft/world/level/biome/Biome
[258月2026 15:12:09.722] [main/DEBUG] [io.netty.util.internal.PlatformDependent0/]: -Dio.netty.noUnsafe: false
[258月2026 15:12:09.722] [main/DEBUG] [io.netty.util.internal.PlatformDependent0/]: Java version: 17
[258月2026 15:12:09.725] [main/DEBUG] [io.netty.util.internal.PlatformDependent0/]: sun.misc.Unsafe.theUnsafe: available
[258月2026 15:12:09.725] [main/DEBUG] [io.netty.util.internal.PlatformDependent0/]: sun.misc.Unsafe.copyMemory: available
[258月2026 15:12:09.726] [main/DEBUG] [io.netty.util.internal.PlatformDependent0/]: sun.misc.Unsafe.storeFence: available
[258月2026 15:12:09.726] [main/DEBUG] [io.netty.util.internal.PlatformDependent0/]: java.nio.Buffer.address: available
[258月2026 15:12:09.727] [main/DEBUG] [io.netty.util.internal.PlatformDependent0/]: direct buffer constructor: unavailable
java.lang.UnsupportedOperationException: Reflective setAccessible(true) disabled
	at io.netty.util.internal.ReflectionUtil.trySetAccessible(ReflectionUtil.java:31) ~[netty-common-4.1.82.Final.jar%2382!/:4.1.82.Final]
	at io.netty.util.internal.PlatformDependent0$5.run(PlatformDependent0.java:288) ~[netty-common-4.1.82.Final.jar%2382!/:4.1.82.Final]
	at java.security.AccessController.doPrivileged(AccessController.java:318) ~[?:?]
	at io.netty.util.internal.PlatformDependent0.<clinit>(PlatformDependent0.java:282) ~[netty-common-4.1.82.Final.jar%2382!/:4.1.82.Final]
	at io.netty.util.internal.PlatformDependent.isAndroid(PlatformDependent.java:333) ~[netty-common-4.1.82.Final.jar%2382!/:4.1.82.Final]
	at io.netty.util.internal.PlatformDependent.<clinit>(PlatformDependent.java:88) ~[netty-common-4.1.82.Final.jar%2382!/:4.1.82.Final]
	at io.netty.util.ConstantPool.<init>(ConstantPool.java:34) ~[netty-common-4.1.82.Final.jar%2382!/:4.1.82.Final]
	at io.netty.util.AttributeKey$1.<init>(AttributeKey.java:27) ~[netty-common-4.1.82.Final.jar%2382!/:4.1.82.Final]
	at io.netty.util.AttributeKey.<clinit>(AttributeKey.java:27) ~[netty-common-4.1.82.Final.jar%2382!/:4.1.82.Final]
	at net.minecraftforge.network.NetworkConstants.<clinit>(NetworkConstants.java:34) ~[forge-1.20.1-47.4.13-universal.jar%23136!/:?]
	at net.minecraftforge.network.NetworkHooks.init(NetworkHooks.java:52) ~[forge-1.20.1-47.4.13-universal.jar%23136!/:?]
	at net.minecraft.server.Bootstrap.m_135870_(Bootstrap.java:62) ~[server-1.20.1-20230612.114412-srg.jar%23131!/:?]
	at net.minecraft.server.Main.main(Main.java:121) ~[server-1.20.1-20230612.114412-srg.jar%23131!/:?]
	at jdk.internal.reflect.NativeMethodAccessorImpl.invoke0(Native Method) ~[?:?]
	at jdk.internal.reflect.NativeMethodAccessorImpl.invoke(NativeMethodAccessorImpl.java:77) ~[?:?]
	at jdk.internal.reflect.DelegatingMethodAccessorImpl.invoke(DelegatingMethodAccessorImpl.java:43) ~[?:?]
	at java.lang.reflect.Method.invoke(Method.java:568) ~[?:?]
	at net.minecraftforge.fml.loading.targets.CommonLaunchHandler.runTarget(CommonLaunchHandler.java:111) ~[fmlloader-1.20.1-47.4.13.jar%2369!/:?]
	at net.minecraftforge.fml.loading.targets.CommonLaunchHandler.serverService(CommonLaunchHandler.java:103) ~[fmlloader-1.20.1-47.4.13.jar%2369!/:?]
	at net.minecraftforge.fml.loading.targets.CommonServerLaunchHandler.lambda$makeService$0(CommonServerLaunchHandler.java:27) ~[fmlloader-1.20.1-47.4.13.jar%2369!/:?]
	at cpw.mods.modlauncher.LaunchServiceHandlerDecorator.launch(LaunchServiceHandlerDecorator.java:30) ~[modlauncher-10.0.9.jar%2355!/:?]
	at cpw.mods.modlauncher.LaunchServiceHandler.launch(LaunchServiceHandler.java:53) ~[modlauncher-10.0.9.jar%2355!/:?]
	at cpw.mods.modlauncher.LaunchServiceHandler.launch(LaunchServiceHandler.java:71) ~[modlauncher-10.0.9.jar%2355!/:?]
	at cpw.mods.modlauncher.Launcher.run(Launcher.java:108) ~[modlauncher-10.0.9.jar%2355!/:?]
	at cpw.mods.modlauncher.Launcher.main(Launcher.java:78) ~[modlauncher-10.0.9.jar%2355!/:?]
	at cpw.mods.modlauncher.BootstrapLaunchConsumer.accept(BootstrapLaunchConsumer.java:26) ~[modlauncher-10.0.9.jar%2355!/:?]
	at cpw.mods.modlauncher.BootstrapLaunchConsumer.accept(BootstrapLaunchConsumer.java:23) ~[modlauncher-10.0.9.jar%2355!/:?]
	at cpw.mods.bootstraplauncher.BootstrapLauncher.main(BootstrapLauncher.java:141) ~[bootstraplauncher-1.1.2.jar:?]
[258月2026 15:12:09.728] [main/DEBUG] [io.netty.util.internal.PlatformDependent0/]: java.nio.Bits.unaligned: available, true
[258月2026 15:12:09.729] [main/DEBUG] [io.netty.util.internal.PlatformDependent0/]: jdk.internal.misc.Unsafe.allocateUninitializedArray(int): unavailable
java.lang.IllegalAccessException: class io.netty.util.internal.PlatformDependent0$7 (in module io.netty.common) cannot access class jdk.internal.misc.Unsafe (in module java.base) because module java.base does not export jdk.internal.misc to module io.netty.common
	at jdk.internal.reflect.Reflection.newIllegalAccessException(Reflection.java:392) ~[?:?]
	at java.lang.reflect.AccessibleObject.checkAccess(AccessibleObject.java:674) ~[?:?]
	at java.lang.reflect.Method.invoke(Method.java:560) ~[?:?]
	at io.netty.util.internal.PlatformDependent0$7.run(PlatformDependent0.java:410) ~[netty-common-4.1.82.Final.jar%2382!/:4.1.82.Final]
	at java.security.AccessController.doPrivileged(AccessController.java:318) ~[?:?]
	at io.netty.util.internal.PlatformDependent0.<clinit>(PlatformDependent0.java:401) ~[netty-common-4.1.82.Final.jar%2382!/:4.1.82.Final]
	at io.netty.util.internal.PlatformDependent.isAndroid(PlatformDependent.java:333) ~[netty-common-4.1.82.Final.jar%2382!/:4.1.82.Final]
	at io.netty.util.internal.PlatformDependent.<clinit>(PlatformDependent.java:88) ~[netty-common-4.1.82.Final.jar%2382!/:4.1.82.Final]
	at io.netty.util.ConstantPool.<init>(ConstantPool.java:34) ~[netty-common-4.1.82.Final.jar%2382!/:4.1.82.Final]
	at io.netty.util.AttributeKey$1.<init>(AttributeKey.java:27) ~[netty-common-4.1.82.Final.jar%2382!/:4.1.82.Final]
	at io.netty.util.AttributeKey.<clinit>(AttributeKey.java:27) ~[netty-common-4.1.82.Final.jar%2382!/:4.1.82.Final]
	at net.minecraftforge.network.NetworkConstants.<clinit>(NetworkConstants.java:34) ~[forge-1.20.1-47.4.13-universal.jar%23136!/:?]
	at net.minecraftforge.network.NetworkHooks.init(NetworkHooks.java:52) ~[forge-1.20.1-47.4.13-universal.jar%23136!/:?]
	at net.minecraft.server.Bootstrap.m_135870_(Bootstrap.java:62) ~[server-1.20.1-20230612.114412-srg.jar%23131!/:?]
	at net.minecraft.server.Main.main(Main.java:121) ~[server-1.20.1-20230612.114412-srg.jar%23131!/:?]
	at jdk.internal.reflect.NativeMethodAccessorImpl.invoke0(Native Method) ~[?:?]
	at jdk.internal.reflect.NativeMethodAccessorImpl.invoke(NativeMethodAccessorImpl.java:77) ~[?:?]
	at jdk.internal.reflect.DelegatingMethodAccessorImpl.invoke(DelegatingMethodAccessorImpl.java:43) ~[?:?]
	at java.lang.reflect.Method.invoke(Method.java:568) ~[?:?]
	at net.minecraftforge.fml.loading.targets.CommonLaunchHandler.runTarget(CommonLaunchHandler.java:111) ~[fmlloader-1.20.1-47.4.13.jar%2369!/:?]
	at net.minecraftforge.fml.loading.targets.CommonLaunchHandler.serverService(CommonLaunchHandler.java:103) ~[fmlloader-1.20.1-47.4.13.jar%2369!/:?]
	at net.minecraftforge.fml.loading.targets.CommonServerLaunchHandler.lambda$makeService$0(CommonServerLaunchHandler.java:27) ~[fmlloader-1.20.1-47.4.13.jar%2369!/:?]
	at cpw.mods.modlauncher.LaunchServiceHandlerDecorator.launch(LaunchServiceHandlerDecorator.java:30) ~[modlauncher-10.0.9.jar%2355!/:?]
	at cpw.mods.modlauncher.LaunchServiceHandler.launch(LaunchServiceHandler.java:53) ~[modlauncher-10.0.9.jar%2355!/:?]
	at cpw.mods.modlauncher.LaunchServiceHandler.launch(LaunchServiceHandler.java:71) ~[modlauncher-10.0.9.jar%2355!/:?]
	at cpw.mods.modlauncher.Launcher.run(Launcher.java:108) ~[modlauncher-10.0.9.jar%2355!/:?]
	at cpw.mods.modlauncher.Launcher.main(Launcher.java:78) ~[modlauncher-10.0.9.jar%2355!/:?]
	at cpw.mods.modlauncher.BootstrapLaunchConsumer.accept(BootstrapLaunchConsumer.java:26) ~[modlauncher-10.0.9.jar%2355!/:?]
	at cpw.mods.modlauncher.BootstrapLaunchConsumer.accept(BootstrapLaunchConsumer.java:23) ~[modlauncher-10.0.9.jar%2355!/:?]
	at cpw.mods.bootstraplauncher.BootstrapLauncher.main(BootstrapLauncher.java:141) ~[bootstraplauncher-1.1.2.jar:?]
[258月2026 15:12:09.730] [main/DEBUG] [io.netty.util.internal.PlatformDependent0/]: java.nio.DirectByteBuffer.<init>(long, int): unavailable
[258月2026 15:12:09.731] [main/DEBUG] [io.netty.util.internal.PlatformDependent/]: sun.misc.Unsafe: available
[258月2026 15:12:09.731] [main/DEBUG] [io.netty.util.internal.PlatformDependent/]: maxDirectMemory: 8434745344 bytes (maybe)
[258月2026 15:12:09.732] [main/DEBUG] [io.netty.util.internal.PlatformDependent/]: -Dio.netty.tmpdir: C:\Users\ASUS\AppData\Local\Temp (java.io.tmpdir)
[258月2026 15:12:09.732] [main/DEBUG] [io.netty.util.internal.PlatformDependent/]: -Dio.netty.bitMode: 64 (sun.arch.data.model)
[258月2026 15:12:09.732] [main/DEBUG] [io.netty.util.internal.PlatformDependent/]: Platform: Windows
[258月2026 15:12:09.733] [main/DEBUG] [io.netty.util.internal.PlatformDependent/]: -Dio.netty.maxDirectMemory: -1 bytes
[258月2026 15:12:09.733] [main/DEBUG] [io.netty.util.internal.PlatformDependent/]: -Dio.netty.uninitializedArrayAllocationThreshold: -1
[258月2026 15:12:09.734] [main/DEBUG] [io.netty.util.internal.CleanerJava9/]: java.nio.ByteBuffer.cleaner(): available
[258月2026 15:12:09.734] [main/DEBUG] [io.netty.util.internal.PlatformDependent/]: -Dio.netty.noPreferDirect: false
[258月2026 15:12:09.822] [main/DEBUG] [net.minecraftforge.network.NetworkHooks/]: Loading Network data for FML net version: FML3
[258月2026 15:12:09.850] [main/DEBUG] [net.minecraftforge.common.ForgeI18n/CORE]: Loading I18N data entries: 6434
[258月2026 15:12:09.880] [main/DEBUG] [net.minecraftforge.fml.ModWorkManager/LOADING]: Using 16 threads for parallel mod-loading
[258月2026 15:12:09.893] [main/DEBUG] [net.minecraftforge.fml.javafmlmod.FMLJavaModLanguageProvider/LOADING]: Loading FMLModContainer from classloader cpw.mods.modlauncher.TransformingClassLoader@361abd01 - got cpw.mods.cl.ModuleClassLoader@349d0836
[258月2026 15:12:09.895] [main/DEBUG] [net.minecraftforge.fml.javafmlmod.FMLModContainer/LOADING]: Creating FMLModContainer instance for com.p1nero.invincible.InvincibleMod
[258月2026 15:12:09.897] [main/DEBUG] [net.minecraftforge.fml.javafmlmod.FMLJavaModLanguageProvider/LOADING]: Loading FMLModContainer from classloader cpw.mods.modlauncher.TransformingClassLoader@361abd01 - got cpw.mods.cl.ModuleClassLoader@349d0836
[258月2026 15:12:09.897] [main/DEBUG] [net.minecraftforge.fml.javafmlmod.FMLModContainer/LOADING]: Creating FMLModContainer instance for com.bawnorton.mixinsquared.platform.forge.MixinSquaredMod
[258月2026 15:12:09.899] [main/DEBUG] [net.minecraftforge.fml.javafmlmod.FMLJavaModLanguageProvider/LOADING]: Loading FMLModContainer from classloader cpw.mods.modlauncher.TransformingClassLoader@361abd01 - got cpw.mods.cl.ModuleClassLoader@349d0836
[258月2026 15:12:09.899] [main/DEBUG] [net.minecraftforge.fml.javafmlmod.FMLModContainer/LOADING]: Creating FMLModContainer instance for software.bernie.example.GeckoLibMod
[258月2026 15:12:09.900] [main/DEBUG] [net.minecraftforge.fml.javafmlmod.FMLJavaModLanguageProvider/LOADING]: Loading FMLModContainer from classloader cpw.mods.modlauncher.TransformingClassLoader@361abd01 - got cpw.mods.cl.ModuleClassLoader@349d0836
[258月2026 15:12:09.900] [main/DEBUG] [net.minecraftforge.fml.javafmlmod.FMLModContainer/LOADING]: Creating FMLModContainer instance for net.shelmarow.combat_evolution.CombatEvolution
[258月2026 15:12:09.901] [main/DEBUG] [net.minecraftforge.fml.javafmlmod.FMLJavaModLanguageProvider/LOADING]: Loading FMLModContainer from classloader cpw.mods.modlauncher.TransformingClassLoader@361abd01 - got cpw.mods.cl.ModuleClassLoader@349d0836
[258月2026 15:12:09.901] [main/DEBUG] [net.minecraftforge.fml.javafmlmod.FMLModContainer/LOADING]: Creating FMLModContainer instance for com.maidweapon.refill.MaidWeaponRefill
[258月2026 15:12:09.902] [main/DEBUG] [net.minecraftforge.fml.javafmlmod.FMLJavaModLanguageProvider/LOADING]: Loading FMLModContainer from classloader cpw.mods.modlauncher.TransformingClassLoader@361abd01 - got cpw.mods.cl.ModuleClassLoader@349d0836
[258月2026 15:12:09.903] [main/DEBUG] [net.minecraftforge.fml.javafmlmod.FMLModContainer/LOADING]: Creating FMLModContainer instance for com.github.tartaricacid.touhoulittlemaid.TouhouLittleMaid
[258月2026 15:12:09.904] [main/DEBUG] [net.minecraftforge.fml.javafmlmod.FMLJavaModLanguageProvider/LOADING]: Loading FMLModContainer from classloader cpw.mods.modlauncher.TransformingClassLoader@361abd01 - got cpw.mods.cl.ModuleClassLoader@349d0836
[258月2026 15:12:09.904] [main/DEBUG] [net.minecraftforge.fml.javafmlmod.FMLModContainer/LOADING]: Creating FMLModContainer instance for com.github.mcmodderanchor.simplebedrockmodel.SimpleBedrockModel
[258月2026 15:12:09.905] [main/DEBUG] [net.minecraftforge.fml.javafmlmod.FMLJavaModLanguageProvider/LOADING]: Loading FMLModContainer from classloader cpw.mods.modlauncher.TransformingClassLoader@361abd01 - got cpw.mods.cl.ModuleClassLoader@349d0836
[258月2026 15:12:09.905] [main/DEBUG] [net.minecraftforge.fml.javafmlmod.FMLModContainer/LOADING]: Creating FMLModContainer instance for yesman.epicfight.main.EpicFightMod
[258月2026 15:12:09.906] [main/DEBUG] [mixin/]: Mixing EpicFightModMixin from invincible.mixins.json into yesman.epicfight.main.EpicFightMod
[258月2026 15:12:09.914] [main/DEBUG] [mixin/]: Renaming synthetic method lambda$invincible$constructMod$1()V to md95b6ce$lambda$invincible$constructMod$1$0 in invincible.mixins.json:EpicFightModMixin
[258月2026 15:12:09.915] [main/DEBUG] [mixin/]: Renaming synthetic method lambda$invincible$constructMod$0(Lcom/p1nero/invincible/api/forgeevent/DuplicateAnimationRegistryEvent$DuplicateAnimationBuilder;)V to md95b6ce$lambda$invincible$constructMod$0$1 in invincible.mixins.json:EpicFightModMixin
[258月2026 15:12:09.922] [main/DEBUG] [net.minecraftforge.fml.javafmlmod.FMLJavaModLanguageProvider/LOADING]: Loading FMLModContainer from classloader cpw.mods.modlauncher.TransformingClassLoader@361abd01 - got cpw.mods.cl.ModuleClassLoader@349d0836
[258月2026 15:12:09.922] [main/DEBUG] [net.minecraftforge.fml.javafmlmod.FMLModContainer/LOADING]: Creating FMLModContainer instance for reascer.wom.main.WeaponsOfMinecraft
[258月2026 15:12:09.924] [main/DEBUG] [net.minecraftforge.fml.javafmlmod.FMLJavaModLanguageProvider/LOADING]: Loading FMLModContainer from classloader cpw.mods.modlauncher.TransformingClassLoader@361abd01 - got cpw.mods.cl.ModuleClassLoader@349d0836
[258月2026 15:12:09.924] [main/DEBUG] [net.minecraftforge.fml.javafmlmod.FMLModContainer/LOADING]: Creating FMLModContainer instance for com.merlin204.avalon.main.AvalonMOD
[258月2026 15:12:09.926] [main/DEBUG] [net.minecraftforge.fml.javafmlmod.FMLJavaModLanguageProvider/LOADING]: Loading FMLModContainer from classloader cpw.mods.modlauncher.TransformingClassLoader@361abd01 - got cpw.mods.cl.ModuleClassLoader@349d0836
[258月2026 15:12:09.926] [main/DEBUG] [net.minecraftforge.fml.javafmlmod.FMLModContainer/LOADING]: Creating FMLModContainer instance for se.gory_moon.player_mobs.PlayerMobs
[258月2026 15:12:09.927] [main/DEBUG] [net.minecraftforge.fml.javafmlmod.FMLJavaModLanguageProvider/LOADING]: Loading FMLModContainer from classloader cpw.mods.modlauncher.TransformingClassLoader@361abd01 - got cpw.mods.cl.ModuleClassLoader@349d0836
[258月2026 15:12:09.928] [main/DEBUG] [net.minecraftforge.fml.javafmlmod.FMLModContainer/LOADING]: Creating FMLModContainer instance for com.llamalad7.mixinextras.platform.forge.MixinExtrasMod
[258月2026 15:12:09.929] [main/DEBUG] [net.minecraftforge.fml.javafmlmod.FMLJavaModLanguageProvider/LOADING]: Loading FMLModContainer from classloader cpw.mods.modlauncher.TransformingClassLoader@361abd01 - got cpw.mods.cl.ModuleClassLoader@349d0836
[258月2026 15:12:09.929] [main/DEBUG] [net.minecraftforge.fml.javafmlmod.FMLModContainer/LOADING]: Creating FMLModContainer instance for com.guhao.vix.VIX
[258月2026 15:12:09.930] [main/DEBUG] [net.minecraftforge.fml.javafmlmod.FMLJavaModLanguageProvider/LOADING]: Loading FMLModContainer from classloader cpw.mods.modlauncher.TransformingClassLoader@361abd01 - got cpw.mods.cl.ModuleClassLoader@349d0836
[258月2026 15:12:09.930] [main/DEBUG] [net.minecraftforge.fml.javafmlmod.FMLModContainer/LOADING]: Creating FMLModContainer instance for dev.architectury.forge.ArchitecturyForge
[258月2026 15:12:09.931] [main/DEBUG] [net.minecraftforge.fml.javafmlmod.FMLJavaModLanguageProvider/LOADING]: Loading FMLModContainer from classloader cpw.mods.modlauncher.TransformingClassLoader@361abd01 - got cpw.mods.cl.ModuleClassLoader@349d0836
[258月2026 15:12:09.931] [main/DEBUG] [net.minecraftforge.fml.javafmlmod.FMLModContainer/LOADING]: Creating FMLModContainer instance for com.hm.efn.EFN
[258月2026 15:12:09.933] [main/DEBUG] [net.minecraftforge.fml.javafmlmod.FMLJavaModLanguageProvider/LOADING]: Loading FMLModContainer from classloader cpw.mods.modlauncher.TransformingClassLoader@361abd01 - got cpw.mods.cl.ModuleClassLoader@349d0836
[258月2026 15:12:09.933] [main/DEBUG] [net.minecraftforge.fml.javafmlmod.FMLModContainer/LOADING]: Creating FMLModContainer instance for com.pla.annoyingvillagers.AnnoyingVillagers
[258月2026 15:12:09.935] [main/DEBUG] [net.minecraftforge.fml.javafmlmod.FMLJavaModLanguageProvider/LOADING]: Loading FMLModContainer from classloader cpw.mods.modlauncher.TransformingClassLoader@361abd01 - got cpw.mods.cl.ModuleClassLoader@349d0836
[258月2026 15:12:09.935] [main/DEBUG] [net.minecraftforge.fml.javafmlmod.FMLModContainer/LOADING]: Creating FMLModContainer instance for com.pla.efclash_blade.EFClashBlade
[258月2026 15:12:09.936] [main/DEBUG] [net.minecraftforge.fml.javafmlmod.FMLJavaModLanguageProvider/LOADING]: Loading FMLModContainer from classloader cpw.mods.modlauncher.TransformingClassLoader@361abd01 - got cpw.mods.cl.ModuleClassLoader@349d0836
[258月2026 15:12:09.936] [main/DEBUG] [net.minecraftforge.fml.javafmlmod.FMLModContainer/LOADING]: Creating FMLModContainer instance for org.ywzj.vehicle.YwzjVehicle
[258月2026 15:12:09.937] [main/DEBUG] [net.minecraftforge.fml.javafmlmod.FMLJavaModLanguageProvider/LOADING]: Loading FMLModContainer from classloader cpw.mods.modlauncher.TransformingClassLoader@361abd01 - got cpw.mods.cl.ModuleClassLoader@349d0836
[258月2026 15:12:09.937] [main/DEBUG] [net.minecraftforge.fml.javafmlmod.FMLModContainer/LOADING]: Creating FMLModContainer instance for net.EFTLM.EFTLM
[258月2026 15:12:09.937] [main/DEBUG] [net.minecraftforge.fml.javafmlmod.FMLJavaModLanguageProvider/LOADING]: Loading FMLModContainer from classloader cpw.mods.modlauncher.TransformingClassLoader@361abd01 - got cpw.mods.cl.ModuleClassLoader@349d0836
[258月2026 15:12:09.937] [main/DEBUG] [net.minecraftforge.fml.javafmlmod.FMLModContainer/LOADING]: Creating FMLModContainer instance for com.ysmef.geomodel.YSMGeoCompat
[258月2026 15:12:09.938] [main/DEBUG] [net.minecraftforge.fml.javafmlmod.FMLJavaModLanguageProvider/LOADING]: Loading FMLModContainer from classloader cpw.mods.modlauncher.TransformingClassLoader@361abd01 - got cpw.mods.cl.ModuleClassLoader@349d0836
[258月2026 15:12:09.938] [main/DEBUG] [net.minecraftforge.fml.javafmlmod.FMLModContainer/LOADING]: Creating FMLModContainer instance for net.minecraftforge.common.ForgeMod
[258月2026 15:12:09.940] [main/DEBUG] [net.minecraftforge.fml.javafmlmod.FMLJavaModLanguageProvider/LOADING]: Loading FMLModContainer from classloader cpw.mods.modlauncher.TransformingClassLoader@361abd01 - got cpw.mods.cl.ModuleClassLoader@349d0836
[258月2026 15:12:09.941] [main/DEBUG] [net.minecraftforge.fml.javafmlmod.FMLModContainer/LOADING]: Creating FMLModContainer instance for org.eftlm.stylish.EFTLMStylish
[258月2026 15:12:09.963] [modloading-worker-0/DEBUG] [net.minecraftforge.fml.javafmlmod.AutomaticEventSubscriber/LOADING]: Attempting to inject @EventBusSubscriber classes into the eventbus for mixinsquared
[258月2026 15:12:09.977] [modloading-worker-0/DEBUG] [net.minecraftforge.fml.javafmlmod.AutomaticEventSubscriber/LOADING]: Attempting to inject @EventBusSubscriber classes into the eventbus for mixinextras
[258月2026 15:12:09.983] [modloading-worker-0/DEBUG] [net.minecraftforge.fml.javafmlmod.AutomaticEventSubscriber/LOADING]: Attempting to inject @EventBusSubscriber classes into the eventbus for vix
[258月2026 15:12:09.985] [modloading-worker-0/DEBUG] [mixin/]: Mixing common.PathPackResourcesMixin from mixins.ywzj_vehicle.json into net.minecraftforge.resource.PathPackResources
[258月2026 15:12:09.985] [modloading-worker-0/DEBUG] [net.minecraftforge.fml.javafmlmod.AutomaticEventSubscriber/LOADING]: Attempting to inject @EventBusSubscriber classes into the eventbus for simplebedrockmodel
[258月2026 15:12:09.986] [modloading-worker-0/DEBUG] [mixin/]: Renaming synthetic method lambda$ywzj_vehicle$getNamespacesFromCommon$6(Ljava/lang/String;)Z to md95b6ce$lambda$ywzj_vehicle$getNamespacesFromCommon$6$0 in mixins.ywzj_vehicle.json:common.PathPackResourcesMixin
[258月2026 15:12:09.986] [modloading-worker-0/DEBUG] [mixin/]: Renaming synthetic method lambda$ywzj_vehicle$getNamespacesFromCommon$5(Ljava/nio/file/Path;)Ljava/lang/String; to md95b6ce$lambda$ywzj_vehicle$getNamespacesFromCommon$5$1 in mixins.ywzj_vehicle.json:common.PathPackResourcesMixin
[258月2026 15:12:09.986] [modloading-worker-0/DEBUG] [mixin/]: Renaming synthetic method lambda$ywzj_vehicle$getNamespacesFromCommon$4(Ljava/nio/file/Path;)Z to md95b6ce$lambda$ywzj_vehicle$getNamespacesFromCommon$4$2 in mixins.ywzj_vehicle.json:common.PathPackResourcesMixin
[258月2026 15:12:09.988] [modloading-worker-0/DEBUG] [mixin/]: Renaming synthetic method lambda$ywzj_vehicle$getNamespacesFromCommon$3(Ljava/nio/file/Path;)Z to md95b6ce$lambda$ywzj_vehicle$getNamespacesFromCommon$3$3 in mixins.ywzj_vehicle.json:common.PathPackResourcesMixin
[258月2026 15:12:09.988] [modloading-worker-0/DEBUG] [mixin/]: Renaming synthetic method lambda$listResourcesMerged$2(Ljava/lang/String;Lcom/mojang/serialization/DataResult$PartialResult;)V to md95b6ce$lambda$listResourcesMerged$2$4 in mixins.ywzj_vehicle.json:common.PathPackResourcesMixin
[258月2026 15:12:09.988] [modloading-worker-0/DEBUG] [mixin/]: Renaming synthetic method lambda$listResourcesMerged$1(Lnet/minecraft/server/packs/PackType;Ljava/lang/String;Lnet/minecraft/server/packs/PackResources$ResourceOutput;Ljava/util/List;)V to md95b6ce$lambda$listResourcesMerged$1$5 in mixins.ywzj_vehicle.json:common.PathPackResourcesMixin
[258月2026 15:12:09.988] [modloading-worker-0/DEBUG] [mixin/]: Renaming synthetic method lambda$listResourcesMerged$0(Ljava/nio/file/Path;Lnet/minecraft/server/packs/PackResources$ResourceOutput;Lnet/minecraft/resources/ResourceLocation;Lnet/minecraft/server/packs/resources/IoSupplier;)V to md95b6ce$lambda$listResourcesMerged$0$6 in mixins.ywzj_vehicle.json:common.PathPackResourcesMixin
[258月2026 15:12:10.025] [modloading-worker-0/DEBUG] [net.minecraftforge.fml.javafmlmod.AutomaticEventSubscriber/LOADING]: Auto-subscribing com.github.mcmodderanchor.simplebedrockmodel.v1.resource.ReloadListenersRegister$BedrockModelServerRegister to FORGE
[258月2026 15:12:10.053] [modloading-worker-0/DEBUG] [mixin/]: Mixing SkillMixin from efn.mixins.json into yesman.epicfight.skill.Skill
[258月2026 15:12:10.052] [modloading-worker-0/INFO] [com.merlin204.avalon.main.AvalonMOD/]: 自动注册实体: SHAKE_WAVE -> shake_wave
[258月2026 15:12:10.054] [modloading-worker-0/INFO] [com.merlin204.avalon.main.AvalonMOD/]: 自动注册实体: VFX -> vfx
[258月2026 15:12:10.054] [modloading-worker-0/INFO] [com.merlin204.avalon.main.AvalonMOD/]: 自动注册实体: ANIMATION_TEXTURE_VFX -> animation_texture_vfx
[258月2026 15:12:10.058] [modloading-worker-0/DEBUG] [net.minecraftforge.fml.config.ConfigTracker/CONFIG]: Config file ysm_geo_compat-client.toml for ysm_geo_compat tracking
[258月2026 15:12:10.058] [modloading-worker-0/DEBUG] [net.minecraftforge.fml.config.ConfigTracker/CONFIG]: Config file efclash_blade-server.toml for efclash_blade tracking
[258月2026 15:12:10.058] [modloading-worker-0/DEBUG] [net.minecraftforge.fml.config.ConfigTracker/CONFIG]: Config file epicfight-server.toml for epicfight tracking
[258月2026 15:12:10.058] [modloading-worker-0/INFO] [YSM-GEO Compat/]: YSM-GEO Compat: Initialized successfully
[258月2026 15:12:10.059] [modloading-worker-0/DEBUG] [net.minecraftforge.fml.javafmlmod.AutomaticEventSubscriber/LOADING]: Attempting to inject @EventBusSubscriber classes into the eventbus for ysm_geo_compat
[258月2026 15:12:10.062] [modloading-worker-0/DEBUG] [mixin/]: Mixing compat.efn.YamatoItemMixin from annoyingvillagers.mixins.json into com.hm.efn.item.custom.YamatoItem
[258月2026 15:12:10.062] [modloading-worker-0/DEBUG] [net.minecraftforge.fml.javafmlmod.AutomaticEventSubscriber/LOADING]: Attempting to inject @EventBusSubscriber classes into the eventbus for maid_weapon_refill
[258月2026 15:12:10.063] [modloading-worker-0/INFO] [org.eftlm.stylish.EFTLMStylish/]: EFTLM Stylish Combat loaded!
[258月2026 15:12:10.067] [modloading-worker-0/DEBUG] [mixin/]: Mixing compat.efn.HfMuramasaItemMixin from annoyingvillagers.mixins.json into com.hm.efn.item.custom.HfMurasamaItem
[258月2026 15:12:10.067] [modloading-worker-0/INFO] [eftlm_stylish/]: [DIAG] ===== EFTLM Stylish environment =====
[258月2026 15:12:10.069] [modloading-worker-0/INFO] [eftlm_stylish/]: [DIAG] ef_tlm version: 1.3.2
[258月2026 15:12:10.070] [modloading-worker-0/INFO] [eftlm_stylish/]: [DIAG] epicfight version: 20.14.17
[258月2026 15:12:10.071] [modloading-worker-0/INFO] [eftlm_stylish/]: [DIAG] touhou_little_maid version: 1.5.3-forge+mc1.20.1
[258月2026 15:12:10.072] [modloading-worker-0/DEBUG] [mixin/]: Mixing compat.efn.CoTachiItemMixin from annoyingvillagers.mixins.json into com.hm.efn.item.custom.CoTachiItem
[258月2026 15:12:10.071] [modloading-worker-0/INFO] [eftlm_stylish/]: [DIAG] wom loaded: true version: 2.0.164
[258月2026 15:12:10.072] [modloading-worker-0/INFO] [eftlm_stylish/]: [DIAG] =======================================
[258月2026 15:12:10.072] [modloading-worker-0/DEBUG] [net.minecraftforge.fml.javafmlmod.AutomaticEventSubscriber/LOADING]: Attempting to inject @EventBusSubscriber classes into the eventbus for eftlm_stylish
[258月2026 15:12:10.072] [modloading-worker-0/DEBUG] [net.minecraftforge.fml.javafmlmod.AutomaticEventSubscriber/LOADING]: Auto-subscribing org.eftlm.stylish.rl.RlMemoryCleanup to FORGE
[258月2026 15:12:10.077] [modloading-worker-0/DEBUG] [mixin/]: Mixing compat.efn.BroadBladeItemMixin from annoyingvillagers.mixins.json into com.hm.efn.item.custom.BroadBladeItem
[258月2026 15:12:10.080] [modloading-worker-0/DEBUG] [net.minecraftforge.fml.javafmlmod.AutomaticEventSubscriber/LOADING]: Auto-subscribing org.eftlm.stylish.rl.RlFeedback to FORGE
[258月2026 15:12:10.081] [modloading-worker-0/DEBUG] [mixin/]: Mixing compat.efn.KusabimaruItemMixin from annoyingvillagers.mixins.json into com.hm.efn.item.custom.KusabimaruItem
[258月2026 15:12:10.084] [modloading-worker-0/DEBUG] [net.minecraftforge.fml.config.ConfigTracker/CONFIG]: Config file wom-client.toml for wom tracking
[258月2026 15:12:10.086] [modloading-worker-0/DEBUG] [mixin/]: Mixing compat.efn.AirTachiItemMixin from annoyingvillagers.mixins.json into com.hm.efn.item.custom.AirTachiItem
[258月2026 15:12:10.087] [modloading-worker-0/DEBUG] [epicfight/]: Registered Extendable Enum class com.pla.efclash_blade.gameasset.EFClashBladeSkillSlots in skill_slot
[258月2026 15:12:10.088] [modloading-worker-0/DEBUG] [mixin/]: Mixing compat.efn.FireExsiliumgladiusItemMixin from annoyingvillagers.mixins.json into com.hm.efn.item.custom.FireExsiliumgladiusItem
[258月2026 15:12:10.088] [modloading-worker-0/DEBUG] [epicfight/]: Registered Extendable Enum class net.EFTLM.EF.Animation.EFTLM_LivingMotions in living_motion
[258月2026 15:12:10.088] [modloading-worker-0/DEBUG] [epicfight/]: Registered Extendable Enum class com.merlin204.avalon.epicfight.gameassets.AvalonCategories in weapon_category
[258月2026 15:12:10.091] [modloading-worker-0/DEBUG] [mixin/]: Mixing compat.efn.ExsiliumgladiusItemMixin from annoyingvillagers.mixins.json into com.hm.efn.item.custom.ExsiliumgladiusItem
[258月2026 15:12:10.093] [modloading-worker-0/DEBUG] [epicfight/]: Registered Extendable Enum class com.pla.efclash_blade.gameasset.EFClashBladeSkillCategories in skill_category
[258月2026 15:12:10.093] [modloading-worker-0/DEBUG] [net.minecraftforge.fml.javafmlmod.AutomaticEventSubscriber/LOADING]: Attempting to inject @EventBusSubscriber classes into the eventbus for efclash_blade
[258月2026 15:12:10.093] [modloading-worker-0/DEBUG] [net.minecraftforge.fml.javafmlmod.AutomaticEventSubscriber/LOADING]: Auto-subscribing com.pla.efclash_blade.gameasset.EFClashBladeSkills to MOD
[258月2026 15:12:10.094] [modloading-worker-0/DEBUG] [mixin/]: Mixing compat.efn.PioneerItemMixin from annoyingvillagers.mixins.json into com.hm.efn.item.custom.PioneerItem
[258月2026 15:12:10.095] [modloading-worker-0/DEBUG] [net.minecraftforge.fml.javafmlmod.AutomaticEventSubscriber/LOADING]: Auto-subscribing org.eftlm.stylish.rl.RlCommand to FORGE
[258月2026 15:12:10.097] [modloading-worker-0/DEBUG] [mixin/]: Mixing compat.efn.NFShortSwordTwoItemMixin from annoyingvillagers.mixins.json into com.hm.efn.item.custom.NFShortSwordTwoItem
[258月2026 15:12:10.098] [modloading-worker-0/DEBUG] [net.minecraftforge.fml.javafmlmod.AutomaticEventSubscriber/LOADING]: Attempting to inject @EventBusSubscriber classes into the eventbus for geckolib
[258月2026 15:12:10.098] [modloading-worker-0/DEBUG] [net.minecraftforge.fml.javafmlmod.AutomaticEventSubscriber/LOADING]: Auto-subscribing software.bernie.example.GeckoLibMod to FORGE
[258月2026 15:12:10.099] [modloading-worker-0/DEBUG] [net.minecraftforge.fml.javafmlmod.AutomaticEventSubscriber/LOADING]: Auto-subscribing software.bernie.example.CommonListener to MOD
[258月2026 15:12:10.099] [modloading-worker-0/DEBUG] [net.minecraftforge.fml.config.ConfigTracker/CONFIG]: Config file combat_evolution-common.toml for combat_evolution tracking
[258月2026 15:12:10.099] [modloading-worker-0/INFO] [org.ywzj.vehicle.YwzjVehicle/VehiclePackFinder]: Start scanning for vehicle packs in E:\program\JAVA\touhou little maid - unknow sky area\prod_server\limitless_vehicle
[258月2026 15:12:10.100] [modloading-worker-0/DEBUG] [mixin/]: Mixing compat.efn.NFShortSwordItemMixin from annoyingvillagers.mixins.json into com.hm.efn.item.custom.NFShortSwordItem
[258月2026 15:12:10.100] [modloading-worker-0/DEBUG] [net.minecraftforge.fml.javafmlmod.AutomaticEventSubscriber/LOADING]: Auto-subscribing com.pla.efclash_blade.event.MobClashBladeEvent to FORGE
[258月2026 15:12:10.101] [modloading-worker-0/DEBUG] [net.minecraftforge.fml.config.ConfigTracker/CONFIG]: Config file player_mobs-common.toml for player_mobs tracking
[258月2026 15:12:10.101] [modloading-worker-0/DEBUG] [net.minecraftforge.fml.javafmlmod.AutomaticEventSubscriber/LOADING]: Attempting to inject @EventBusSubscriber classes into the eventbus for epic_fight_avalon
[258月2026 15:12:10.103] [modloading-worker-0/DEBUG] [net.minecraftforge.fml.javafmlmod.AutomaticEventSubscriber/LOADING]: Auto-subscribing com.merlin204.avalon.event.ForgeEvents to FORGE
[258月2026 15:12:10.103] [modloading-worker-0/DEBUG] [net.minecraftforge.fml.javafmlmod.AutomaticEventSubscriber/LOADING]: Auto-subscribing org.eftlm.stylish.rl.RlActHandler to FORGE
[258月2026 15:12:10.103] [modloading-worker-0/DEBUG] [mixin/]: Mixing MobClashBladeMixin from annoyingvillagers.mixins.json into com.pla.efclash_blade.event.MobClashBladeEvent
[258月2026 15:12:10.103] [modloading-worker-0/DEBUG] [mixin/]: Renaming synthetic method lambda$moreLogicAfterClashing$1(Lnet/minecraft/server/level/ServerPlayer;)V to md95b6ce$lambda$moreLogicAfterClashing$1$0 in annoyingvillagers.mixins.json:MobClashBladeMixin
[258月2026 15:12:10.103] [modloading-worker-0/DEBUG] [mixin/]: Renaming synthetic method lambda$moreLogicAfterClashing$0(Lnet/minecraft/server/level/ServerPlayer;)V to md95b6ce$lambda$moreLogicAfterClashing$0$1 in annoyingvillagers.mixins.json:MobClashBladeMixin
[258月2026 15:12:10.104] [modloading-worker-0/INFO] [org.ywzj.vehicle.YwzjVehicle/VehiclePackFinder]: - default_vehicle, Main namespace: ywzj_vehicle
[258月2026 15:12:10.104] [modloading-worker-0/INFO] [org.ywzj.vehicle.YwzjVehicle/VehiclePackFinder]: Found 1 possible vehicle pack(s)
[258月2026 15:12:10.106] [modloading-worker-0/DEBUG] [net.minecraftforge.fml.javafmlmod.AutomaticEventSubscriber/LOADING]: Attempting to inject @EventBusSubscriber classes into the eventbus for ef_tlm
[258月2026 15:12:10.106] [modloading-worker-0/DEBUG] [net.minecraftforge.fml.javafmlmod.AutomaticEventSubscriber/LOADING]: Auto-subscribing net.EFTLM.EF.Event.EventBus$ModEvents to MOD
[258月2026 15:12:10.126] [modloading-worker-0/DEBUG] [mixin/]: Mixing compat.efn.Meen_SpearItemMixin from annoyingvillagers.mixins.json into com.hm.efn.item.custom.Meen_SpearItem
[258月2026 15:12:10.129] [modloading-worker-0/DEBUG] [mixin/]: Mixing compat.efn.ThornWheelItemMixin from annoyingvillagers.mixins.json into com.hm.efn.item.custom.ThornWheelItem
[258月2026 15:12:10.132] [modloading-worker-0/DEBUG] [net.minecraftforge.fml.javafmlmod.AutomaticEventSubscriber/LOADING]: Auto-subscribing com.pla.efclash_blade.event.AddStarterSkillEvent to FORGE
[258月2026 15:12:10.132] [modloading-worker-0/DEBUG] [net.minecraftforge.fml.javafmlmod.AutomaticEventSubscriber/LOADING]: Auto-subscribing org.eftlm.stylish.compat.wom.SolarModelHandler to FORGE
[258月2026 15:12:10.132] [modloading-worker-0/DEBUG] [mixin/]: Mixing compat.efn.CrescentMoonItemMixin from annoyingvillagers.mixins.json into com.hm.efn.item.custom.CrescentMoonItem
[258月2026 15:12:10.132] [modloading-worker-0/DEBUG] [net.minecraftforge.fml.config.ConfigTracker/CONFIG]: Config file ywzj_vehicle-common.toml for ywzj_vehicle tracking
[258月2026 15:12:10.132] [modloading-worker-0/DEBUG] [net.minecraftforge.fml.javafmlmod.AutomaticEventSubscriber/LOADING]: Auto-subscribing com.merlin204.avalon.event.AvalonEntityEventHandler to MOD
[258月2026 15:12:10.135] [modloading-worker-0/DEBUG] [net.minecraftforge.fml.javafmlmod.AutomaticEventSubscriber/LOADING]: Auto-subscribing com.merlin204.avalon.epicfight.AvalonAnimations to MOD
[258月2026 15:12:10.135] [modloading-worker-0/DEBUG] [mixin/]: Mixing compat.efn.ExcaliburItemMixin from annoyingvillagers.mixins.json into com.hm.efn.item.geo.ExcaliburItem
[258月2026 15:12:10.135] [modloading-worker-0/DEBUG] [net.minecraftforge.fml.config.ConfigTracker/CONFIG]: Config file ywzj_vehicle-server.toml for ywzj_vehicle tracking
[258月2026 15:12:10.140] [modloading-worker-0/DEBUG] [net.minecraftforge.versions.forge.ForgeVersion/CORE]: Forge Version package package net.minecraftforge.versions.forge, Forge, version 47.4 from cpw.mods.modlauncher.TransformingClassLoader@361abd01
[258月2026 15:12:10.141] [modloading-worker-0/DEBUG] [net.minecraftforge.versions.forge.ForgeVersion/CORE]: Found Forge version 47.4.13
[258月2026 15:12:10.141] [modloading-worker-0/DEBUG] [net.minecraftforge.versions.forge.ForgeVersion/CORE]: Found Forge spec 47.4
[258月2026 15:12:10.141] [modloading-worker-0/DEBUG] [net.minecraftforge.versions.forge.ForgeVersion/CORE]: Found Forge group net.minecraftforge
[258月2026 15:12:10.142] [modloading-worker-0/DEBUG] [epicfight/]: Registered Extendable Enum class com.p1nero.invincible.api.skill.ComboNode$ComboTypes in combo_type
[258月2026 15:12:10.142] [modloading-worker-0/DEBUG] [mixin/]: Mixing compat.efn.AetherialDuskDualSword_MainHandItemMixin from annoyingvillagers.mixins.json into com.hm.efn.item.custom.AetherialDuskDualSword_MainHandItem
[258月2026 15:12:10.142] [modloading-worker-0/DEBUG] [net.minecraftforge.fml.javafmlmod.AutomaticEventSubscriber/LOADING]: Auto-subscribing org.eftlm.stylish.compat.efn.EfnSkillCommand to FORGE
[258月2026 15:12:10.143] [modloading-worker-0/DEBUG] [net.minecraftforge.versions.mcp.MCPVersion/CORE]: MCP Version package package net.minecraftforge.versions.mcp, Minecraft, version 1.20.1 from cpw.mods.modlauncher.TransformingClassLoader@361abd01
[258月2026 15:12:10.143] [modloading-worker-0/DEBUG] [net.minecraftforge.versions.mcp.MCPVersion/CORE]: Found MC version information 1.20.1
[258月2026 15:12:10.143] [modloading-worker-0/DEBUG] [net.minecraftforge.versions.mcp.MCPVersion/CORE]: Found MCP version information 20230612.114412
[258月2026 15:12:10.143] [modloading-worker-0/INFO] [net.minecraftforge.common.ForgeMod/FORGEMOD]: Forge mod loading, version 47.4.13, for MC 1.20.1 with MCP 20230612.114412
[258月2026 15:12:10.144] [modloading-worker-0/DEBUG] [mixin/]: Mixing AnimationManagerAccessor from invincible.mixins.json into yesman.epicfight.api.animation.AnimationManager
[258月2026 15:12:10.144] [modloading-worker-0/DEBUG] [net.minecraftforge.fml.config.ConfigTracker/CONFIG]: Config file invincible-common.toml for invincible tracking
[258月2026 15:12:10.144] [modloading-worker-0/DEBUG] [net.minecraftforge.fml.javafmlmod.AutomaticEventSubscriber/LOADING]: Attempting to inject @EventBusSubscriber classes into the eventbus for invincible
[258月2026 15:12:10.144] [modloading-worker-0/INFO] [net.minecraftforge.common.MinecraftForge/FORGE]: MinecraftForge v47.4.13 Initialized
[258月2026 15:12:10.144] [modloading-worker-0/DEBUG] [net.minecraftforge.fml.javafmlmod.AutomaticEventSubscriber/LOADING]: Auto-subscribing com.p1nero.invincible.gameassets.InvincibleDuplicateDemoAnimations to MOD
[258月2026 15:12:10.146] [modloading-worker-0/DEBUG] [net.minecraftforge.fml.javafmlmod.AutomaticEventSubscriber/LOADING]: Auto-subscribing org.eftlm.stylish.arena.AutoArena to FORGE
[258月2026 15:12:10.146] [modloading-worker-0/DEBUG] [mixin/]: Mixing compat.efn.ScytheItemMixin from annoyingvillagers.mixins.json into com.hm.efn.item.custom.ScytheItem
[258月2026 15:12:10.150] [modloading-worker-0/DEBUG] [net.minecraftforge.fml.javafmlmod.AutomaticEventSubscriber/LOADING]: Auto-subscribing com.pla.efclash_blade.EFClashBlade$initer to MOD
[258月2026 15:12:10.150] [modloading-worker-0/DEBUG] [mixin/]: Mixing compat.efn.NfClawItemMixin from annoyingvillagers.mixins.json into com.hm.efn.item.custom.NfClawItem
[258月2026 15:12:10.153] [modloading-worker-0/DEBUG] [net.minecraftforge.fml.javafmlmod.AutomaticEventSubscriber/LOADING]: Auto-subscribing com.p1nero.invincible.gameassets.InvincibleDemoWeaponCapabilityPresets to MOD
[258月2026 15:12:10.158] [modloading-worker-0/DEBUG] [net.minecraftforge.fml.javafmlmod.AutomaticEventSubscriber/LOADING]: Auto-subscribing net.EFTLM.EF.Event.EventBus$ForgeEvents to FORGE
[258月2026 15:12:10.160] [modloading-worker-0/DEBUG] [net.minecraftforge.fml.javafmlmod.AutomaticEventSubscriber/LOADING]: Auto-subscribing org.eftlm.stylish.EF.Event.StylishBehaviorRegister to FORGE
[258月2026 15:12:10.160] [modloading-worker-0/DEBUG] [mixin/]: Mixing MixinLevelEvent from architectury.mixins.json into net.minecraftforge.event.level.LevelEvent
[258月2026 15:12:10.166] [modloading-worker-0/DEBUG] [net.minecraftforge.fml.config.ConfigTracker/CONFIG]: Config file epicfight-common.toml for epicfight tracking
[258月2026 15:12:10.167] [modloading-worker-0/DEBUG] [net.minecraftforge.fml.javafmlmod.AutomaticEventSubscriber/LOADING]: Auto-subscribing com.p1nero.invincible.gameassets.InvincibleDemoSkills to MOD
[258月2026 15:12:10.167] [modloading-worker-0/DEBUG] [net.minecraftforge.fml.javafmlmod.AutomaticEventSubscriber/LOADING]: Auto-subscribing com.merlin204.avalon.api.AvalonEntityRegistryManager to MOD
[258月2026 15:12:10.174] [modloading-worker-0/DEBUG] [net.minecraftforge.fml.javafmlmod.AutomaticEventSubscriber/LOADING]: Auto-subscribing com.p1nero.invincible.command.InvincibleCommands to FORGE
[258月2026 15:12:10.176] [modloading-worker-0/DEBUG] [net.minecraftforge.fml.javafmlmod.AutomaticEventSubscriber/LOADING]: Auto-subscribing org.eftlm.stylish.EF.Event.ModEventBus to MOD
[258月2026 15:12:10.177] [modloading-worker-0/DEBUG] [net.minecraftforge.fml.javafmlmod.AutomaticEventSubscriber/LOADING]: Auto-subscribing com.p1nero.invincible.capability.InvinciblePlayerCapabilityProvider to FORGE
[258月2026 15:12:10.179] [modloading-worker-0/DEBUG] [net.minecraftforge.fml.javafmlmod.AutomaticEventSubscriber/LOADING]: Auto-subscribing org.eftlm.stylish.EF.Event.Diagnose to FORGE
[258月2026 15:12:10.182] [modloading-worker-0/DEBUG] [net.minecraftforge.fml.javafmlmod.AutomaticEventSubscriber/LOADING]: Attempting to inject @EventBusSubscriber classes into the eventbus for combat_evolution
[258月2026 15:12:10.183] [modloading-worker-0/DEBUG] [net.minecraftforge.fml.javafmlmod.AutomaticEventSubscriber/LOADING]: Auto-subscribing net.shelmarow.combat_evolution.tickTask.TickTaskHandler to FORGE
[258月2026 15:12:10.185] [modloading-worker-0/DEBUG] [net.minecraftforge.fml.javafmlmod.AutomaticEventSubscriber/LOADING]: Auto-subscribing org.eftlm.stylish.EF.Event.ChaseBoost to FORGE
[258月2026 15:12:10.185] [modloading-worker-0/DEBUG] [net.minecraftforge.fml.javafmlmod.AutomaticEventSubscriber/LOADING]: Auto-subscribing net.shelmarow.combat_evolution.skill.CESkills to MOD
[258月2026 15:12:10.188] [modloading-worker-0/DEBUG] [net.minecraftforge.fml.javafmlmod.AutomaticEventSubscriber/LOADING]: Auto-subscribing net.shelmarow.combat_evolution.gameassets.CEAnimationBuilder to MOD
[258月2026 15:12:10.190] [modloading-worker-0/DEBUG] [net.minecraftforge.fml.javafmlmod.AutomaticEventSubscriber/LOADING]: Auto-subscribing net.shelmarow.combat_evolution.execution.ExecutionHandler to FORGE
[258月2026 15:12:10.192] [modloading-worker-0/DEBUG] [mixin/]: Mixing ExecutionHandlerMixin from annoyingvillagers.mixins.json into net.shelmarow.combat_evolution.execution.ExecutionHandler
[258月2026 15:12:10.203] [modloading-worker-0/DEBUG] [mixin/]: Mixing ServerPlayerPatchMixin from invincible.mixins.json into yesman.epicfight.world.capabilities.entitypatch.player.ServerPlayerPatch
[258月2026 15:12:10.206] [modloading-worker-0/DEBUG] [mixin/]: Mixing ServerPlayerPatchMixin from efn.mixins.json into yesman.epicfight.world.capabilities.entitypatch.player.ServerPlayerPatch
[258月2026 15:12:10.207] [modloading-worker-0/DEBUG] [mixin/]: Mixing ServerPlayerPatchMixin from ef_tlm.mixins.json into yesman.epicfight.world.capabilities.entitypatch.player.ServerPlayerPatch
[258月2026 15:12:10.217] [modloading-worker-0/DEBUG] [net.minecraftforge.fml.javafmlmod.AutomaticEventSubscriber/LOADING]: Auto-subscribing com.p1nero.invincible.capability.InvincibleEntityCapabilityProvider to FORGE
[258月2026 15:12:10.221] [modloading-worker-0/DEBUG] [mixin/]: Mixing ExecutionTaskMixin from annoyingvillagers.mixins.json into net.shelmarow.combat_evolution.execution.ExecutionTask
[258月2026 15:12:10.242] [modloading-worker-0/DEBUG] [net.minecraftforge.fml.javafmlmod.AutomaticEventSubscriber/LOADING]: Auto-subscribing com.p1nero.invincible.capability.InvincibleCapabilities to FORGE
[258月2026 15:12:10.245] [modloading-worker-0/DEBUG] [net.minecraftforge.fml.config.ConfigTracker/CONFIG]: Config file forge-client.toml for forge tracking
[258月2026 15:12:10.245] [modloading-worker-0/DEBUG] [net.minecraftforge.fml.config.ConfigTracker/CONFIG]: Config file forge-server.toml for forge tracking
[258月2026 15:12:10.245] [modloading-worker-0/DEBUG] [net.minecraftforge.fml.ModLoadingContext/]: Attempted to register an empty config for type COMMON on mod forge
[258月2026 15:12:10.251] [modloading-worker-0/DEBUG] [epicfight/]: Registered Extendable Enum class yesman.epicfight.api.animation.LivingMotions in living_motion
[258月2026 15:12:10.254] [modloading-worker-0/DEBUG] [net.minecraftforge.fml.javafmlmod.AutomaticEventSubscriber/LOADING]: Auto-subscribing com.p1nero.invincible.InvincibleConfig to MOD
[258月2026 15:12:10.255] [modloading-worker-0/DEBUG] [epicfight/]: Registered Extendable Enum class yesman.epicfight.skill.SkillCategories in skill_category
[258月2026 15:12:10.257] [modloading-worker-0/DEBUG] [epicfight/]: Registered Extendable Enum class yesman.epicfight.skill.SkillSlots in skill_slot
[258月2026 15:12:10.261] [modloading-worker-0/DEBUG] [epicfight/]: Registered Extendable Enum class yesman.epicfight.world.capabilities.item.CapabilityItem$Styles in style
[258月2026 15:12:10.261] [modloading-worker-0/DEBUG] [epicfight/]: Registered Extendable Enum class yesman.epicfight.world.capabilities.item.CapabilityItem$WeaponCategories in weapon_category
[258月2026 15:12:10.262] [modloading-worker-0/DEBUG] [net.minecraftforge.fml.javafmlmod.AutomaticEventSubscriber/LOADING]: Auto-subscribing net.shelmarow.combat_evolution.example.event.ModEvent to MOD
[258月2026 15:12:10.264] [modloading-worker-0/DEBUG] [epicfight/]: Registered Extendable Enum class yesman.epicfight.world.capabilities.entitypatch.Factions in faction
[258月2026 15:12:10.267] [modloading-worker-0/DEBUG] [epicfight/]: Registered Extendable Enum class yesman.epicfight.network.EntityPairingPacketTypes in entity_pairing_packet_type
[258月2026 15:12:10.268] [modloading-worker-0/DEBUG] [net.minecraftforge.fml.javafmlmod.AutomaticEventSubscriber/LOADING]: Auto-subscribing net.shelmarow.combat_evolution.event.ModEvent to MOD
[258月2026 15:12:10.271] [modloading-worker-0/DEBUG] [net.minecraftforge.fml.javafmlmod.AutomaticEventSubscriber/LOADING]: Auto-subscribing net.shelmarow.combat_evolution.event.ForgeEvent to FORGE
[258月2026 15:12:10.273] [modloading-worker-0/DEBUG] [net.minecraftforge.fml.javafmlmod.AutomaticEventSubscriber/LOADING]: Auto-subscribing net.EFTLM.EF.Animation.EFTLM_Animations to MOD
[258月2026 15:12:10.276] [modloading-worker-0/DEBUG] [mixin/]: Mixing ExplosionMixin from annoyingvillagers.mixins.json into net.minecraft.world.level.Explosion
[258月2026 15:12:10.284] [modloading-worker-0/DEBUG] [mixin/]: Mixing common.ExplosionAccessor from mixins.ywzj_vehicle.json into net.minecraft.world.level.Explosion
[258月2026 15:12:10.307] [modloading-worker-0/DEBUG] [net.minecraftforge.fml.javafmlmod.AutomaticEventSubscriber/LOADING]: Attempting to inject @EventBusSubscriber classes into the eventbus for forge
[258月2026 15:12:10.307] [modloading-worker-0/DEBUG] [net.minecraftforge.fml.javafmlmod.AutomaticEventSubscriber/LOADING]: Auto-subscribing net.minecraftforge.common.ForgeSpawnEggItem$CommonHandler to MOD
[258月2026 15:12:10.307] [modloading-worker-0/DEBUG] [net.minecraftforge.fml.javafmlmod.AutomaticEventSubscriber/LOADING]: Auto-subscribing net.shelmarow.combat_evolution.ai.attribute.CEAttributes to MOD
[258月2026 15:12:10.326] [modloading-worker-0/DEBUG] [net.minecraftforge.fml.javafmlmod.AutomaticEventSubscriber/LOADING]: Attempting to inject @EventBusSubscriber classes into the eventbus for architectury
[258月2026 15:12:10.326] [modloading-worker-0/DEBUG] [mixin/]: Mixing PlayerMobMixin from annoyingvillagers.mixins.json into se.gory_moon.player_mobs.entity.PlayerMobEntity
[258月2026 15:12:10.326] [modloading-worker-0/DEBUG] [net.minecraftforge.fml.javafmlmod.AutomaticEventSubscriber/LOADING]: Auto-subscribing dev.architectury.registry.level.entity.trade.forge.TradeRegistryImpl to FORGE
[258月2026 15:12:10.333] [modloading-worker-0/DEBUG] [mixin/]: Mixing PlayerMobMixin2 from annoyingvillagers.mixins.json into se.gory_moon.player_mobs.entity.PlayerMobEntity
[258月2026 15:12:10.344] [modloading-worker-0/DEBUG] [net.minecraftforge.fml.javafmlmod.AutomaticEventSubscriber/LOADING]: Auto-subscribing dev.architectury.registry.forge.ReloadListenerRegistryImpl to FORGE
[258月2026 15:12:10.347] [modloading-worker-0/DEBUG] [net.minecraftforge.fml.javafmlmod.AutomaticEventSubscriber/LOADING]: Auto-subscribing dev.architectury.networking.forge.NetworkManagerImpl to FORGE
[258月2026 15:12:10.359] [modloading-worker-0/INFO] [dev.architectury.networking.forge.NetworkManagerImpl/]: Registering C2S receiver with id architectury:sync_ids
[258月2026 15:12:10.388] [modloading-worker-0/DEBUG] [net.minecraftforge.fml.javafmlmod.AutomaticEventSubscriber/LOADING]: Attempting to inject @EventBusSubscriber classes into the eventbus for wom
[258月2026 15:12:10.388] [modloading-worker-0/DEBUG] [net.minecraftforge.fml.javafmlmod.AutomaticEventSubscriber/LOADING]: Auto-subscribing reascer.wom.world.loot.WOMLootDropTables to MOD
[258月2026 15:12:10.392] [modloading-worker-0/DEBUG] [net.minecraftforge.fml.javafmlmod.AutomaticEventSubscriber/LOADING]: Auto-subscribing reascer.wom.world.loot.WOMChestLootTables to FORGE
[258月2026 15:12:10.395] [modloading-worker-0/DEBUG] [com.tterrag.registrate.AbstractRegistrate/REGISTRATE.REGISTER]: Captured registration for entry player_mobs:player_mob of type minecraft:entity_type
[258月2026 15:12:10.395] [modloading-worker-0/DEBUG] [net.minecraftforge.fml.javafmlmod.AutomaticEventSubscriber/LOADING]: Auto-subscribing reascer.wom.world.capabilities.item.WOMWeaponCapabilityPresets to MOD
[258月2026 15:12:10.398] [modloading-worker-0/INFO] [epicfight/]: Loaded mod compat: GeckolibCompat
[258月2026 15:12:10.399] [modloading-worker-0/DEBUG] [net.minecraftforge.fml.javafmlmod.AutomaticEventSubscriber/LOADING]: Attempting to inject @EventBusSubscriber classes into the eventbus for epicfight
[258月2026 15:12:10.400] [modloading-worker-0/DEBUG] [net.minecraftforge.fml.javafmlmod.AutomaticEventSubscriber/LOADING]: Auto-subscribing yesman.epicfight.world.entity.ai.attribute.EpicFightAttributes to MOD
[258月2026 15:12:10.402] [modloading-worker-0/DEBUG] [net.minecraftforge.fml.javafmlmod.AutomaticEventSubscriber/LOADING]: Auto-subscribing yesman.epicfight.main.EpicFightMod$ServerForgeEvents to FORGE
[258月2026 15:12:10.404] [modloading-worker-0/DEBUG] [net.minecraftforge.fml.javafmlmod.AutomaticEventSubscriber/LOADING]: Auto-subscribing yesman.epicfight.gameasset.EpicFightSkills to MOD
[258月2026 15:12:10.404] [modloading-worker-0/DEBUG] [com.tterrag.registrate.AbstractRegistrate/REGISTRATE.REGISTER]: Captured registration for entry player_mobs:player_mob_spawn_egg of type minecraft:item
[258月2026 15:12:10.413] [modloading-worker-0/DEBUG] [com.tterrag.registrate.AbstractRegistrate/REGISTRATE.REGISTER]: Captured registration for entry player_mobs:player_mob.ambient of type minecraft:sound_event
[258月2026 15:12:10.414] [modloading-worker-0/DEBUG] [net.minecraftforge.fml.javafmlmod.AutomaticEventSubscriber/LOADING]: Auto-subscribing reascer.wom.gameasset.animations.weapons.AnimsSolar to MOD
[258月2026 15:12:10.415] [modloading-worker-0/DEBUG] [com.tterrag.registrate.AbstractRegistrate/REGISTRATE.REGISTER]: Captured registration for entry player_mobs:player_mob.hurt of type minecraft:sound_event
[258月2026 15:12:10.416] [modloading-worker-0/DEBUG] [net.minecraftforge.fml.javafmlmod.AutomaticEventSubscriber/LOADING]: Auto-subscribing yesman.epicfight.gameasset.Animations to MOD
[258月2026 15:12:10.416] [modloading-worker-0/DEBUG] [com.tterrag.registrate.AbstractRegistrate/REGISTRATE.REGISTER]: Captured registration for entry player_mobs:player_mob.death of type minecraft:sound_event
[258月2026 15:12:10.419] [modloading-worker-0/DEBUG] [net.minecraftforge.fml.javafmlmod.AutomaticEventSubscriber/LOADING]: Attempting to inject @EventBusSubscriber classes into the eventbus for player_mobs
[258月2026 15:12:10.419] [modloading-worker-0/DEBUG] [net.minecraftforge.fml.javafmlmod.AutomaticEventSubscriber/LOADING]: Auto-subscribing se.gory_moon.player_mobs.utils.SpawnHandler to FORGE
[258月2026 15:12:10.421] [modloading-worker-0/DEBUG] [net.minecraftforge.fml.javafmlmod.AutomaticEventSubscriber/LOADING]: Auto-subscribing se.gory_moon.player_mobs.utils.DeathHandler to FORGE
[258月2026 15:12:10.426] [modloading-worker-0/DEBUG] [net.minecraftforge.fml.javafmlmod.AutomaticEventSubscriber/LOADING]: Auto-subscribing reascer.wom.gameasset.animations.weapons.AnimsSatsujin to MOD
[258月2026 15:12:10.441] [modloading-worker-0/DEBUG] [net.minecraftforge.fml.javafmlmod.AutomaticEventSubscriber/LOADING]: Auto-subscribing reascer.wom.gameasset.animations.weapons.AnimsRuine to MOD
[258月2026 15:12:10.442] [modloading-worker-0/DEBUG] [mixin/]: Mixing compat.efn.StopEffectMixin from annoyingvillagers.mixins.json into com.hm.efn.mobeffects.StopEffect
[258月2026 15:12:10.448] [modloading-worker-0/DEBUG] [mixin/]: Mixing StaticAnimationMixin from invincible.mixins.json into yesman.epicfight.api.animation.types.StaticAnimation
[258月2026 15:12:10.452] [modloading-worker-0/DEBUG] [mixin/]: Mixing StaticAnimationsMixin from combat_evolution.mixins.json into yesman.epicfight.api.animation.types.StaticAnimation
[258月2026 15:12:10.467] [modloading-worker-0/DEBUG] [mixin/]: Mixing EnderHandMixin from annoyingvillagers.mixins.json into reascer.wom.world.entity.mob.EnderHand
[258月2026 15:12:10.493] [modloading-worker-0/DEBUG] [net.minecraftforge.fml.javafmlmod.AutomaticEventSubscriber/LOADING]: Auto-subscribing reascer.wom.gameasset.animations.weapons.AnimsOrbit to MOD
[258月2026 15:12:10.500] [modloading-worker-0/DEBUG] [net.minecraftforge.fml.javafmlmod.AutomaticEventSubscriber/LOADING]: Auto-subscribing reascer.wom.gameasset.animations.weapons.AnimsNova to MOD
[258月2026 15:12:10.506] [modloading-worker-0/DEBUG] [net.minecraftforge.fml.javafmlmod.AutomaticEventSubscriber/LOADING]: Auto-subscribing reascer.wom.gameasset.animations.weapons.AnimsNapoleon to MOD
[258月2026 15:12:10.512] [modloading-worker-0/DEBUG] [net.minecraftforge.fml.javafmlmod.AutomaticEventSubscriber/LOADING]: Auto-subscribing reascer.wom.gameasset.animations.weapons.AnimsMoonless to MOD
[258月2026 15:12:10.517] [modloading-worker-0/DEBUG] [net.minecraftforge.fml.javafmlmod.AutomaticEventSubscriber/LOADING]: Auto-subscribing reascer.wom.gameasset.animations.weapons.AnimsHerrscher to MOD
[258月2026 15:12:10.522] [modloading-worker-0/DEBUG] [net.minecraftforge.fml.javafmlmod.AutomaticEventSubscriber/LOADING]: Auto-subscribing reascer.wom.gameasset.animations.weapons.AnimsEnderblaster to MOD
[258月2026 15:12:10.527] [modloading-worker-0/DEBUG] [net.minecraftforge.fml.javafmlmod.AutomaticEventSubscriber/LOADING]: Auto-subscribing yesman.epicfight.events.WorldEvents to FORGE
[258月2026 15:12:10.528] [modloading-worker-0/DEBUG] [net.minecraftforge.fml.javafmlmod.AutomaticEventSubscriber/LOADING]: Auto-subscribing reascer.wom.gameasset.animations.weapons.AnimsAgony to MOD
[258月2026 15:12:10.531] [modloading-worker-0/DEBUG] [net.minecraftforge.fml.javafmlmod.AutomaticEventSubscriber/LOADING]: Auto-subscribing yesman.epicfight.events.PlayerEvents to FORGE
[258月2026 15:12:10.533] [modloading-worker-0/DEBUG] [net.minecraftforge.fml.javafmlmod.AutomaticEventSubscriber/LOADING]: Auto-subscribing reascer.wom.gameasset.WOMSkills to MOD
[258月2026 15:12:10.538] [modloading-worker-0/DEBUG] [net.minecraftforge.fml.javafmlmod.AutomaticEventSubscriber/LOADING]: Auto-subscribing reascer.wom.gameasset.WOMAnimations to MOD
[258月2026 15:12:10.552] [modloading-worker-0/DEBUG] [net.minecraftforge.fml.javafmlmod.AutomaticEventSubscriber/LOADING]: Auto-subscribing yesman.epicfight.events.EntityEvents to FORGE
[258月2026 15:12:10.561] [modloading-worker-0/DEBUG] [net.minecraftforge.fml.javafmlmod.AutomaticEventSubscriber/LOADING]: Auto-subscribing reascer.wom.events.WOMLivingEntityEvents to FORGE
[258月2026 15:12:10.565] [modloading-worker-0/DEBUG] [epicfight/]: Registered Extendable Enum class com.hm.efn.gameasset.EFNSkillSlots in skill_slot
[258月2026 15:12:10.566] [modloading-worker-0/DEBUG] [epicfight/]: Registered Extendable Enum class com.hm.efn.gameasset.EFNSkillCategories in skill_category
[258月2026 15:12:10.581] [modloading-worker-0/DEBUG] [net.minecraftforge.fml.javafmlmod.AutomaticEventSubscriber/LOADING]: Auto-subscribing reascer.wom.events.PatchedRegisterModBusEvents to MOD
[258月2026 15:12:10.589] [modloading-worker-0/DEBUG] [net.minecraftforge.fml.javafmlmod.AutomaticEventSubscriber/LOADING]: Auto-subscribing yesman.epicfight.events.CapabilityEvents to FORGE
[258月2026 15:12:10.591] [modloading-worker-0/DEBUG] [net.minecraftforge.fml.javafmlmod.AutomaticEventSubscriber/LOADING]: Auto-subscribing yesman.epicfight.data.loot.EpicFightLootTables to FORGE
[258月2026 15:12:10.592] [modloading-worker-0/DEBUG] [net.minecraftforge.fml.javafmlmod.AutomaticEventSubscriber/LOADING]: Auto-subscribing yesman.epicfight.config.ServerConfig to MOD
[258月2026 15:12:10.593] [modloading-worker-0/DEBUG] [net.minecraftforge.fml.javafmlmod.AutomaticEventSubscriber/LOADING]: Auto-subscribing yesman.epicfight.config.CommonConfig to MOD
[258月2026 15:12:10.596] [modloading-worker-0/DEBUG] [net.minecraftforge.fml.config.ConfigTracker/CONFIG]: Config file efn-common.toml for efn tracking
[258月2026 15:12:10.600] [modloading-worker-0/DEBUG] [net.minecraftforge.fml.config.ConfigTracker/CONFIG]: Config file efn-client.toml for efn tracking
[258月2026 15:12:10.600] [modloading-worker-0/DEBUG] [net.minecraftforge.fml.javafmlmod.AutomaticEventSubscriber/LOADING]: Attempting to inject @EventBusSubscriber classes into the eventbus for efn
[258月2026 15:12:10.601] [modloading-worker-0/DEBUG] [net.minecraftforge.fml.javafmlmod.AutomaticEventSubscriber/LOADING]: Auto-subscribing com.hm.efn.skill.weapon_passive.YamatoPassive to FORGE
[258月2026 15:12:10.607] [modloading-worker-0/DEBUG] [mixin/]: Mixing SkillContainerMixin from invincible.mixins.json into yesman.epicfight.skill.SkillContainer
[258月2026 15:12:10.617] [modloading-worker-0/DEBUG] [net.minecraftforge.fml.javafmlmod.AutomaticEventSubscriber/LOADING]: Attempting to inject @EventBusSubscriber classes into the eventbus for ywzj_vehicle
[258月2026 15:12:10.617] [modloading-worker-0/DEBUG] [net.minecraftforge.fml.javafmlmod.AutomaticEventSubscriber/LOADING]: Auto-subscribing org.ywzj.vehicle.resource.BedrockModelLoader to MOD
[258月2026 15:12:10.622] [modloading-worker-0/DEBUG] [net.minecraftforge.fml.javafmlmod.AutomaticEventSubscriber/LOADING]: Auto-subscribing com.hm.efn.skill.passive.ParryMasterPassive$AnimationHandler to FORGE
[258月2026 15:12:10.625] [modloading-worker-0/DEBUG] [net.minecraftforge.fml.javafmlmod.AutomaticEventSubscriber/LOADING]: Auto-subscribing org.ywzj.vehicle.handler.HitboxHelperEvent to FORGE
[258月2026 15:12:10.628] [modloading-worker-0/DEBUG] [net.minecraftforge.fml.javafmlmod.AutomaticEventSubscriber/LOADING]: Auto-subscribing com.hm.efn.skill.ExclusiveSkillHandler to FORGE
[258月2026 15:12:10.628] [modloading-worker-0/DEBUG] [net.minecraftforge.fml.javafmlmod.AutomaticEventSubscriber/LOADING]: Auto-subscribing org.ywzj.vehicle.custom.sync.SyncDataManager to FORGE
[258月2026 15:12:10.631] [modloading-worker-0/DEBUG] [net.minecraftforge.fml.javafmlmod.AutomaticEventSubscriber/LOADING]: Auto-subscribing com.hm.efn.registries.EFNLootModifier to MOD
[258月2026 15:12:10.631] [modloading-worker-0/DEBUG] [net.minecraftforge.fml.javafmlmod.AutomaticEventSubscriber/LOADING]: Auto-subscribing com.hm.efn.mobeffects.Yamato to FORGE
[258月2026 15:12:10.635] [modloading-worker-0/DEBUG] [net.minecraftforge.fml.javafmlmod.AutomaticEventSubscriber/LOADING]: Auto-subscribing com.hm.efn.mobeffects.VulnerabilityEffect to FORGE
[258月2026 15:12:10.638] [modloading-worker-0/DEBUG] [net.minecraftforge.fml.javafmlmod.AutomaticEventSubscriber/LOADING]: Auto-subscribing org.ywzj.vehicle.custom.sync.SyncDataManager$Setup to MOD
[258月2026 15:12:10.640] [modloading-worker-0/DEBUG] [net.minecraftforge.fml.javafmlmod.AutomaticEventSubscriber/LOADING]: Auto-subscribing org.ywzj.vehicle.custom.VehicleWeaponManager to FORGE
[258月2026 15:12:10.640] [modloading-worker-0/DEBUG] [net.minecraftforge.fml.javafmlmod.AutomaticEventSubscriber/LOADING]: Auto-subscribing com.hm.efn.mobeffects.StaminaEnhance to FORGE
[258月2026 15:12:10.644] [modloading-worker-0/DEBUG] [net.minecraftforge.fml.javafmlmod.AutomaticEventSubscriber/LOADING]: Auto-subscribing com.hm.efn.mobeffects.SinStunImmunity to FORGE
[258月2026 15:12:10.645] [modloading-worker-0/DEBUG] [net.minecraftforge.fml.javafmlmod.AutomaticEventSubscriber/LOADING]: Auto-subscribing org.ywzj.vehicle.custom.VehicleDataManager to FORGE
[258月2026 15:12:10.649] [modloading-worker-0/DEBUG] [net.minecraftforge.fml.javafmlmod.AutomaticEventSubscriber/LOADING]: Auto-subscribing org.ywzj.vehicle.custom.CommonAssetsManager to FORGE
[258月2026 15:12:10.649] [modloading-worker-0/DEBUG] [net.minecraftforge.fml.javafmlmod.AutomaticEventSubscriber/LOADING]: Auto-subscribing com.hm.efn.mobeffects.MeenLance to FORGE
[258月2026 15:12:10.652] [modloading-worker-0/DEBUG] [net.minecraftforge.fml.javafmlmod.AutomaticEventSubscriber/LOADING]: Auto-subscribing com.hm.efn.mobeffects.KnockBackResistanceEffect to FORGE
[258月2026 15:12:10.653] [modloading-worker-0/DEBUG] [net.minecraftforge.fml.javafmlmod.AutomaticEventSubscriber/LOADING]: Auto-subscribing org.ywzj.vehicle.compat.ValkyrienSkiesCompat to FORGE
[258月2026 15:12:10.654] [modloading-worker-0/DEBUG] [net.minecraftforge.fml.javafmlmod.AutomaticEventSubscriber/LOADING]: Auto-subscribing org.ywzj.vehicle.compat.CreateCompat to FORGE
[258月2026 15:12:10.655] [modloading-worker-0/DEBUG] [net.minecraftforge.fml.javafmlmod.AutomaticEventSubscriber/LOADING]: Auto-subscribing com.hm.efn.mobeffects.InvincibilityEffect to FORGE
[258月2026 15:12:10.655] [modloading-worker-0/DEBUG] [net.minecraftforge.fml.javafmlmod.AutomaticEventSubscriber/LOADING]: Auto-subscribing org.ywzj.vehicle.all.ModRegistries to MOD
[258月2026 15:12:10.656] [modloading-worker-0/DEBUG] [net.minecraftforge.fml.config.ConfigTracker/CONFIG]: Config file touhou_little_maid-common.toml for touhou_little_maid tracking
[258月2026 15:12:10.656] [modloading-worker-0/DEBUG] [net.minecraftforge.fml.javafmlmod.AutomaticEventSubscriber/LOADING]: Auto-subscribing org.ywzj.vehicle.all.AllEvents$AllModEvents to MOD
[258月2026 15:12:10.657] [modloading-worker-0/DEBUG] [net.minecraftforge.fml.config.ConfigTracker/CONFIG]: Config file touhou_little_maid-server.toml for touhou_little_maid tracking
[258月2026 15:12:10.661] [modloading-worker-0/DEBUG] [net.minecraftforge.fml.javafmlmod.AutomaticEventSubscriber/LOADING]: Auto-subscribing org.ywzj.vehicle.all.AllEvents$AllForgeEvents to FORGE
[258月2026 15:12:10.661] [modloading-worker-0/INFO] [touhou_little_maid/]: common default pack init start...
[258月2026 15:12:10.663] [modloading-worker-0/DEBUG] [net.minecraftforge.fml.javafmlmod.AutomaticEventSubscriber/LOADING]: Auto-subscribing com.hm.efn.mobeffects.HeavyRainStunEffect to FORGE
[258月2026 15:12:10.665] [modloading-worker-0/DEBUG] [net.minecraftforge.fml.javafmlmod.AutomaticEventSubscriber/LOADING]: Auto-subscribing com.hm.efn.mobeffects.GradualHeal$EffectEvents to FORGE
[258月2026 15:12:10.668] [modloading-worker-0/DEBUG] [net.minecraftforge.fml.javafmlmod.AutomaticEventSubscriber/LOADING]: Auto-subscribing com.hm.efn.mobeffects.FalchionBless to FORGE
[258月2026 15:12:10.669] [modloading-worker-0/DEBUG] [net.minecraftforge.fml.javafmlmod.AutomaticEventSubscriber/LOADING]: Auto-subscribing com.hm.efn.mobeffects.ClawEnhance to FORGE
[258月2026 15:12:10.672] [modloading-worker-0/DEBUG] [net.minecraftforge.fml.javafmlmod.AutomaticEventSubscriber/LOADING]: Auto-subscribing org.ywzj.vehicle.all.AllConfigs to MOD
[258月2026 15:12:10.673] [modloading-worker-0/DEBUG] [net.minecraftforge.fml.javafmlmod.AutomaticEventSubscriber/LOADING]: Auto-subscribing com.hm.efn.mobeffects.BloodlustEnhance to FORGE
[258月2026 15:12:10.678] [modloading-worker-0/DEBUG] [net.minecraftforge.fml.javafmlmod.AutomaticEventSubscriber/LOADING]: Auto-subscribing com.hm.efn.mobeffects.BattleContinuationEffect to FORGE
[258月2026 15:12:10.688] [modloading-worker-0/DEBUG] [net.minecraftforge.fml.javafmlmod.AutomaticEventSubscriber/LOADING]: Auto-subscribing com.hm.efn.item.custom.YamatoItem to FORGE
[258月2026 15:12:10.702] [modloading-worker-0/DEBUG] [net.minecraftforge.fml.javafmlmod.AutomaticEventSubscriber/LOADING]: Auto-subscribing com.hm.efn.item.custom.Meen_SpearItem to FORGE
[258月2026 15:12:10.704] [modloading-worker-0/DEBUG] [net.minecraftforge.fml.javafmlmod.AutomaticEventSubscriber/LOADING]: Auto-subscribing com.hm.efn.item.custom.HfMurasamaItem to FORGE
[258月2026 15:12:10.706] [modloading-worker-0/DEBUG] [net.minecraftforge.fml.javafmlmod.AutomaticEventSubscriber/LOADING]: Auto-subscribing com.hm.efn.item.custom.HfBladeItem to FORGE
[258月2026 15:12:10.710] [modloading-worker-0/DEBUG] [net.minecraftforge.fml.javafmlmod.AutomaticEventSubscriber/LOADING]: Auto-subscribing com.hm.efn.item.custom.BroadBladeItem to FORGE
[258月2026 15:12:10.711] [modloading-worker-0/DEBUG] [mixin/]: Mixing ArmaturesAccessor from efn.mixins.json into yesman.epicfight.gameasset.Armatures
[258月2026 15:12:10.712] [modloading-worker-0/DEBUG] [mixin/]: Renaming @Accessor method getEntityTypeArmatureMapper()Ljava/util/Map; to getEntityTypeArmatureMapper_$md$95b6ce$0 in efn.mixins.json:ArmaturesAccessor
[258月2026 15:12:10.738] [modloading-worker-0/DEBUG] [net.minecraftforge.fml.javafmlmod.AutomaticEventSubscriber/LOADING]: Auto-subscribing com.hm.efn.gameasset.combos.Yamato to MOD
[258月2026 15:12:10.742] [modloading-worker-0/DEBUG] [net.minecraftforge.fml.javafmlmod.AutomaticEventSubscriber/LOADING]: Auto-subscribing com.hm.efn.gameasset.combos.Shortsword to MOD
[258月2026 15:12:10.744] [modloading-worker-0/DEBUG] [net.minecraftforge.fml.javafmlmod.AutomaticEventSubscriber/LOADING]: Auto-subscribing com.hm.efn.gameasset.combos.Ruinsgreatsword to MOD
[258月2026 15:12:10.745] [modloading-worker-0/DEBUG] [net.minecraftforge.fml.javafmlmod.AutomaticEventSubscriber/LOADING]: Auto-subscribing com.hm.efn.gameasset.combos.Pioneer to MOD
[258月2026 15:12:10.748] [modloading-worker-0/DEBUG] [net.minecraftforge.fml.javafmlmod.AutomaticEventSubscriber/LOADING]: Auto-subscribing com.hm.efn.gameasset.combos.Murasama to MOD
[258月2026 15:12:10.750] [modloading-worker-0/DEBUG] [net.minecraftforge.fml.javafmlmod.AutomaticEventSubscriber/LOADING]: Auto-subscribing com.hm.efn.gameasset.combos.Meenlance to MOD
[258月2026 15:12:10.753] [modloading-worker-0/DEBUG] [net.minecraftforge.fml.javafmlmod.AutomaticEventSubscriber/LOADING]: Auto-subscribing com.hm.efn.gameasset.combos.Kusabimaru_Enhance to MOD
[258月2026 15:12:10.756] [modloading-worker-0/DEBUG] [net.minecraftforge.fml.javafmlmod.AutomaticEventSubscriber/LOADING]: Auto-subscribing com.hm.efn.gameasset.combos.Kusabimaru to MOD
[258月2026 15:12:10.758] [modloading-worker-0/DEBUG] [net.minecraftforge.fml.javafmlmod.AutomaticEventSubscriber/LOADING]: Auto-subscribing com.hm.efn.gameasset.combos.HfBlade to MOD
[258月2026 15:12:10.761] [modloading-worker-0/DEBUG] [net.minecraftforge.fml.javafmlmod.AutomaticEventSubscriber/LOADING]: Auto-subscribing com.hm.efn.gameasset.combos.Exsiliumgladius to MOD
[258月2026 15:12:10.763] [modloading-worker-0/DEBUG] [net.minecraftforge.fml.javafmlmod.AutomaticEventSubscriber/LOADING]: Auto-subscribing com.hm.efn.gameasset.combos.ExampleCombo to MOD
[258月2026 15:12:10.765] [modloading-worker-0/DEBUG] [net.minecraftforge.fml.javafmlmod.AutomaticEventSubscriber/LOADING]: Auto-subscribing com.hm.efn.gameasset.combos.CrescentMoon to MOD
[258月2026 15:12:10.767] [modloading-worker-0/DEBUG] [net.minecraftforge.fml.javafmlmod.AutomaticEventSubscriber/LOADING]: Auto-subscribing com.hm.efn.gameasset.combos.BroadBlade to MOD
[258月2026 15:12:10.770] [modloading-worker-0/DEBUG] [net.minecraftforge.fml.javafmlmod.AutomaticEventSubscriber/LOADING]: Auto-subscribing com.hm.efn.gameasset.combos.Bloodlust to MOD
[258月2026 15:12:10.772] [modloading-worker-0/DEBUG] [net.minecraftforge.fml.javafmlmod.AutomaticEventSubscriber/LOADING]: Auto-subscribing com.hm.efn.gameasset.combos.Beastclaw to MOD
[258月2026 15:12:10.773] [modloading-worker-0/DEBUG] [net.minecraftforge.fml.javafmlmod.AutomaticEventSubscriber/LOADING]: Auto-subscribing com.hm.efn.gameasset.combos.Aetherialdusk to MOD
[258月2026 15:12:10.776] [modloading-worker-0/DEBUG] [net.minecraftforge.fml.javafmlmod.AutomaticEventSubscriber/LOADING]: Auto-subscribing com.hm.efn.gameasset.animations.EFNZansetsuAnimations_B to MOD
[258月2026 15:12:10.791] [modloading-worker-0/DEBUG] [mixin/]: Mixing EFAttackAnimationMixin from combat_evolution.mixins.json into yesman.epicfight.api.animation.types.AttackAnimation
[258月2026 15:12:10.794] [modloading-worker-0/DEBUG] [mixin/]: Mixing AttackAnimationMixin from annoyingvillagers.mixins.json into yesman.epicfight.api.animation.types.AttackAnimation
[258月2026 15:12:10.838] [modloading-worker-0/DEBUG] [mixin/]: Mixing ActionAnimationMixin from efn.mixins.json into yesman.epicfight.api.animation.types.ActionAnimation
[258月2026 15:12:10.852] [modloading-worker-0/DEBUG] [net.minecraftforge.fml.javafmlmod.AutomaticEventSubscriber/LOADING]: Auto-subscribing com.hm.efn.gameasset.animations.EFNZansetsuAnimations to MOD
[258月2026 15:12:10.857] [modloading-worker-0/DEBUG] [net.minecraftforge.fml.javafmlmod.AutomaticEventSubscriber/LOADING]: Auto-subscribing com.hm.efn.gameasset.animations.EFNYamatoAnimations to MOD
[258月2026 15:12:10.876] [modloading-worker-0/DEBUG] [net.minecraftforge.fml.javafmlmod.AutomaticEventSubscriber/LOADING]: Auto-subscribing com.hm.efn.gameasset.animations.EFNThornWheelAnimations to MOD
[258月2026 15:12:10.886] [modloading-worker-0/DEBUG] [mixin/]: Mixing OpenMatrix4fInvertFixMixin from annoyingvillagers.mixins.json into yesman.epicfight.api.utils.math.OpenMatrix4f
[258月2026 15:12:11.003] [modloading-worker-0/DEBUG] [net.minecraftforge.fml.javafmlmod.AutomaticEventSubscriber/LOADING]: Auto-subscribing com.hm.efn.gameasset.animations.EFNTachiAnimations to MOD
[258月2026 15:12:11.003] [modloading-worker-0/DEBUG] [net.minecraftforge.fml.javafmlmod.AutomaticEventSubscriber/LOADING]: Auto-subscribing com.hm.efn.gameasset.animations.EFNSwordAnimations to MOD
[258月2026 15:12:11.006] [modloading-worker-0/DEBUG] [net.minecraftforge.fml.javafmlmod.AutomaticEventSubscriber/LOADING]: Auto-subscribing com.hm.efn.gameasset.animations.EFNStunAnimations to MOD
[258月2026 15:12:11.008] [modloading-worker-0/DEBUG] [net.minecraftforge.fml.javafmlmod.AutomaticEventSubscriber/LOADING]: Auto-subscribing com.hm.efn.gameasset.animations.EFNSkillAnimations to MOD
[258月2026 15:12:11.013] [modloading-worker-0/DEBUG] [net.minecraftforge.fml.javafmlmod.AutomaticEventSubscriber/LOADING]: Auto-subscribing com.hm.efn.gameasset.animations.EFNShortSwordAnimations to MOD
[258月2026 15:12:11.015] [modloading-worker-0/DEBUG] [net.minecraftforge.fml.javafmlmod.AutomaticEventSubscriber/LOADING]: Auto-subscribing com.hm.efn.gameasset.animations.EFNSekiroAnimations to MOD
[258月2026 15:12:11.039] [modloading-worker-0/DEBUG] [net.minecraftforge.fml.javafmlmod.AutomaticEventSubscriber/LOADING]: Auto-subscribing com.hm.efn.gameasset.animations.EFNScytheAnimations to MOD
[258月2026 15:12:11.043] [modloading-worker-0/DEBUG] [net.minecraftforge.fml.javafmlmod.AutomaticEventSubscriber/LOADING]: Auto-subscribing com.hm.efn.gameasset.animations.EFNMurasamaAnimations to MOD
[258月2026 15:12:11.056] [modloading-worker-0/DEBUG] [net.minecraftforge.fml.javafmlmod.AutomaticEventSubscriber/LOADING]: Auto-subscribing com.hm.efn.gameasset.animations.EFNLanceAnimations to MOD
[258月2026 15:12:11.061] [modloading-worker-0/DEBUG] [net.minecraftforge.fml.javafmlmod.AutomaticEventSubscriber/LOADING]: Auto-subscribing com.hm.efn.gameasset.animations.EFNHfBladeAnimations to MOD
[258月2026 15:12:11.068] [modloading-worker-0/DEBUG] [net.minecraftforge.fml.config.ConfigTracker/CONFIG]: Config file annoyingvillagers-server.toml for annoyingvillagers tracking
[258月2026 15:12:11.071] [modloading-worker-0/DEBUG] [net.minecraftforge.fml.javafmlmod.AutomaticEventSubscriber/LOADING]: Auto-subscribing com.hm.efn.gameasset.animations.EFNGreatSwordAnimations to MOD
[258月2026 15:12:11.075] [modloading-worker-0/DEBUG] [net.minecraftforge.fml.javafmlmod.AutomaticEventSubscriber/LOADING]: Auto-subscribing com.hm.efn.gameasset.animations.EFNFalchionAnimations to MOD
[258月2026 15:12:11.075] [modloading-worker-0/DEBUG] [net.minecraftforge.fml.config.ConfigTracker/CONFIG]: Config file annoyingvillagers-spawns.toml for annoyingvillagers tracking
[258月2026 15:12:11.078] [modloading-worker-0/DEBUG] [net.minecraftforge.fml.javafmlmod.AutomaticEventSubscriber/LOADING]: Attempting to inject @EventBusSubscriber classes into the eventbus for annoyingvillagers
[258月2026 15:12:11.079] [modloading-worker-0/DEBUG] [net.minecraftforge.fml.javafmlmod.AutomaticEventSubscriber/LOADING]: Auto-subscribing com.pla.annoyingvillagers.task.TaskScheduler to FORGE
[258月2026 15:12:11.082] [modloading-worker-0/DEBUG] [net.minecraftforge.fml.javafmlmod.AutomaticEventSubscriber/LOADING]: Auto-subscribing com.pla.annoyingvillagers.network.ThrowingEnderPearlMessage to MOD
[258月2026 15:12:11.082] [modloading-worker-0/DEBUG] [net.minecraftforge.fml.javafmlmod.AutomaticEventSubscriber/LOADING]: Auto-subscribing com.hm.efn.gameasset.animations.EFNExsiliumgladiusAnimations to MOD
[258月2026 15:12:11.083] [modloading-worker-0/DEBUG] [net.minecraftforge.fml.javafmlmod.AutomaticEventSubscriber/LOADING]: Auto-subscribing com.pla.annoyingvillagers.network.SpecialAttackMessage to MOD
[258月2026 15:12:11.083] [modloading-worker-0/DEBUG] [net.minecraftforge.fml.javafmlmod.AutomaticEventSubscriber/LOADING]: Auto-subscribing com.hm.efn.gameasset.animations.EFNDualSwordAnimations to MOD
[258月2026 15:12:11.085] [modloading-worker-0/DEBUG] [net.minecraftforge.fml.javafmlmod.AutomaticEventSubscriber/LOADING]: Auto-subscribing com.pla.annoyingvillagers.item.HookGunItem$Events to FORGE
[258月2026 15:12:11.085] [modloading-worker-0/DEBUG] [net.minecraftforge.fml.javafmlmod.AutomaticEventSubscriber/LOADING]: Auto-subscribing com.hm.efn.gameasset.animations.EFNDodgeAnimations to MOD
[258月2026 15:12:11.086] [modloading-worker-0/DEBUG] [net.minecraftforge.fml.javafmlmod.AutomaticEventSubscriber/LOADING]: Auto-subscribing com.pla.annoyingvillagers.init.AnnoyingVillagersModTrades to FORGE
[258月2026 15:12:11.087] [modloading-worker-0/DEBUG] [net.minecraftforge.fml.javafmlmod.AutomaticEventSubscriber/LOADING]: Auto-subscribing com.hm.efn.gameasset.animations.EFNClawAnimations_N to MOD
[258月2026 15:12:11.088] [modloading-worker-0/DEBUG] [net.minecraftforge.fml.javafmlmod.AutomaticEventSubscriber/LOADING]: Auto-subscribing com.pla.annoyingvillagers.init.AnnoyingVillagersModEntities to MOD
[258月2026 15:12:11.089] [modloading-worker-0/DEBUG] [net.minecraftforge.fml.javafmlmod.AutomaticEventSubscriber/LOADING]: Auto-subscribing com.hm.efn.gameasset.animations.EFNClawAnimations to MOD
[258月2026 15:12:11.090] [modloading-worker-0/DEBUG] [net.minecraftforge.fml.javafmlmod.AutomaticEventSubscriber/LOADING]: Auto-subscribing com.pla.annoyingvillagers.gameasset.AnimsYonchiChikito to MOD
[258月2026 15:12:11.093] [modloading-worker-0/DEBUG] [net.minecraftforge.fml.javafmlmod.AutomaticEventSubscriber/LOADING]: Auto-subscribing com.hm.efn.gameasset.animations.EFNBroadBladeAnimations to MOD
[258月2026 15:12:11.093] [modloading-worker-0/DEBUG] [net.minecraftforge.fml.javafmlmod.AutomaticEventSubscriber/LOADING]: Auto-subscribing com.pla.annoyingvillagers.gameasset.AnimsWom to MOD
[258月2026 15:12:11.095] [modloading-worker-0/DEBUG] [net.minecraftforge.fml.javafmlmod.AutomaticEventSubscriber/LOADING]: Auto-subscribing com.hm.efn.gameasset.ExampleWeaponCapabilityPresets to MOD
[258月2026 15:12:11.098] [modloading-worker-0/DEBUG] [net.minecraftforge.fml.javafmlmod.AutomaticEventSubscriber/LOADING]: Auto-subscribing com.hm.efn.gameasset.EFNWeaponsGuardSkillCompat to MOD
[258月2026 15:12:11.101] [modloading-worker-0/DEBUG] [net.minecraftforge.fml.javafmlmod.AutomaticEventSubscriber/LOADING]: Auto-subscribing com.pla.annoyingvillagers.gameasset.AnimsTacticalImbuements to MOD
[258月2026 15:12:11.101] [modloading-worker-0/DEBUG] [net.minecraftforge.fml.javafmlmod.AutomaticEventSubscriber/LOADING]: Auto-subscribing com.hm.efn.gameasset.EFNWeaponCapabilityPresets to MOD
[258月2026 15:12:11.101] [modloading-worker-0/DEBUG] [net.minecraftforge.fml.javafmlmod.AutomaticEventSubscriber/LOADING]: Auto-subscribing com.pla.annoyingvillagers.gameasset.AnimsSculkSteve to MOD
[258月2026 15:12:11.102] [modloading-worker-0/DEBUG] [net.minecraftforge.fml.javafmlmod.AutomaticEventSubscriber/LOADING]: Auto-subscribing com.pla.annoyingvillagers.gameasset.AnimsPugilistSteve to MOD
[258月2026 15:12:11.107] [modloading-worker-0/DEBUG] [net.minecraftforge.fml.javafmlmod.AutomaticEventSubscriber/LOADING]: Auto-subscribing com.pla.annoyingvillagers.gameasset.AnimsEpicFightValourGuard to MOD
[258月2026 15:12:11.107] [modloading-worker-0/DEBUG] [net.minecraftforge.fml.javafmlmod.AutomaticEventSubscriber/LOADING]: Auto-subscribing com.hm.efn.gameasset.EFNSkills to MOD
[258月2026 15:12:11.107] [modloading-worker-0/DEBUG] [net.minecraftforge.fml.javafmlmod.AutomaticEventSubscriber/LOADING]: Auto-subscribing com.pla.annoyingvillagers.gameasset.AnimsEpicFightSanji to MOD
[258月2026 15:12:11.109] [modloading-worker-0/DEBUG] [net.minecraftforge.fml.javafmlmod.AutomaticEventSubscriber/LOADING]: Auto-subscribing com.pla.annoyingvillagers.gameasset.AnimsEpicFightIronSpell to MOD
[258月2026 15:12:11.110] [modloading-worker-0/DEBUG] [net.minecraftforge.fml.javafmlmod.AutomaticEventSubscriber/LOADING]: Auto-subscribing com.pla.annoyingvillagers.gameasset.AnimsEpicFightInfernalGainer to MOD
[258月2026 15:12:11.111] [modloading-worker-0/DEBUG] [net.minecraftforge.fml.javafmlmod.AutomaticEventSubscriber/LOADING]: Auto-subscribing com.pla.annoyingvillagers.gameasset.AnimsEpicFightGuandao to MOD
[258月2026 15:12:11.112] [modloading-worker-0/DEBUG] [net.minecraftforge.fml.javafmlmod.AutomaticEventSubscriber/LOADING]: Auto-subscribing com.pla.annoyingvillagers.gameasset.AnimsEpicFightDualGreatsword to MOD
[258月2026 15:12:11.113] [modloading-worker-0/DEBUG] [net.minecraftforge.fml.javafmlmod.AutomaticEventSubscriber/LOADING]: Auto-subscribing com.hm.efn.gameasset.EFNAnimations to MOD
[258月2026 15:12:11.113] [modloading-worker-0/DEBUG] [net.minecraftforge.fml.javafmlmod.AutomaticEventSubscriber/LOADING]: Auto-subscribing com.pla.annoyingvillagers.gameasset.AnimsEpicFightBattleArts to MOD
[258月2026 15:12:11.115] [modloading-worker-0/DEBUG] [net.minecraftforge.fml.javafmlmod.AutomaticEventSubscriber/LOADING]: Auto-subscribing com.pla.annoyingvillagers.gameasset.AnimsEpicFightAwaken to MOD
[258月2026 15:12:11.117] [modloading-worker-0/DEBUG] [net.minecraftforge.fml.javafmlmod.AutomaticEventSubscriber/LOADING]: Auto-subscribing com.hm.efn.event.PlayerRandomFireworksServerEvent to FORGE
[258月2026 15:12:11.118] [modloading-worker-0/DEBUG] [net.minecraftforge.fml.javafmlmod.AutomaticEventSubscriber/LOADING]: Auto-subscribing com.pla.annoyingvillagers.gameasset.AnimsEpicFightACG to MOD
[258月2026 15:12:11.119] [modloading-worker-0/DEBUG] [net.minecraftforge.fml.javafmlmod.AutomaticEventSubscriber/LOADING]: Auto-subscribing com.pla.annoyingvillagers.gameasset.AnimsEpicFight to MOD
[258月2026 15:12:11.120] [modloading-worker-0/DEBUG] [net.minecraftforge.fml.javafmlmod.AutomaticEventSubscriber/LOADING]: Auto-subscribing com.hm.efn.event.EntityEvent to FORGE
[258月2026 15:12:11.122] [modloading-worker-0/DEBUG] [net.minecraftforge.fml.javafmlmod.AutomaticEventSubscriber/LOADING]: Auto-subscribing com.pla.annoyingvillagers.gameasset.AVSkills to MOD
[258月2026 15:12:11.122] [modloading-worker-0/DEBUG] [net.minecraftforge.fml.javafmlmod.AutomaticEventSubscriber/LOADING]: Auto-subscribing com.hm.efn.event.DuskFireArmorEffectListener to FORGE
[258月2026 15:12:11.123] [modloading-worker-0/DEBUG] [net.minecraftforge.fml.javafmlmod.AutomaticEventSubscriber/LOADING]: Auto-subscribing com.pla.annoyingvillagers.gameasset.AVAnimations to MOD
[258月2026 15:12:11.124] [modloading-worker-0/DEBUG] [net.minecraftforge.fml.javafmlmod.AutomaticEventSubscriber/LOADING]: Auto-subscribing com.hm.efn.event.BroadBladeEffectManager$CleanupHandler to FORGE
[258月2026 15:12:11.125] [modloading-worker-0/DEBUG] [net.minecraftforge.fml.javafmlmod.AutomaticEventSubscriber/LOADING]: Auto-subscribing com.pla.annoyingvillagers.event.WomFixEvent to FORGE
[258月2026 15:12:11.127] [modloading-worker-0/DEBUG] [net.minecraftforge.fml.javafmlmod.AutomaticEventSubscriber/LOADING]: Auto-subscribing com.hm.efn.entity.EFNEntityHandler to MOD
[258月2026 15:12:11.127] [modloading-worker-0/DEBUG] [net.minecraftforge.fml.javafmlmod.AutomaticEventSubscriber/LOADING]: Auto-subscribing com.pla.annoyingvillagers.event.VillagerHeadSetEvent to FORGE
[258月2026 15:12:11.128] [modloading-worker-0/DEBUG] [net.minecraftforge.fml.javafmlmod.AutomaticEventSubscriber/LOADING]: Auto-subscribing com.pla.annoyingvillagers.event.TotemUsingEvent to FORGE
[258月2026 15:12:11.129] [modloading-worker-0/DEBUG] [net.minecraftforge.fml.javafmlmod.AutomaticEventSubscriber/LOADING]: Auto-subscribing com.hm.efn.datagen.loot.EFNLootTables to FORGE
[258月2026 15:12:11.130] [modloading-worker-0/DEBUG] [net.minecraftforge.fml.javafmlmod.AutomaticEventSubscriber/LOADING]: Auto-subscribing com.hm.efn.datagen.EFNDataGenerators to MOD
[258月2026 15:12:11.130] [modloading-worker-0/DEBUG] [net.minecraftforge.fml.javafmlmod.AutomaticEventSubscriber/LOADING]: Auto-subscribing com.pla.annoyingvillagers.event.SnakeBladeCleanupEvent to FORGE
[258月2026 15:12:11.131] [modloading-worker-0/DEBUG] [net.minecraftforge.fml.javafmlmod.AutomaticEventSubscriber/LOADING]: Auto-subscribing com.hm.efn.data.DataEvents to MOD
[258月2026 15:12:11.131] [modloading-worker-0/DEBUG] [net.minecraftforge.fml.javafmlmod.AutomaticEventSubscriber/LOADING]: Auto-subscribing com.pla.annoyingvillagers.event.SleepPreventEvent to FORGE
[258月2026 15:12:11.133] [modloading-worker-0/DEBUG] [net.minecraftforge.fml.javafmlmod.AutomaticEventSubscriber/LOADING]: Auto-subscribing com.hm.efn.client.events.AddTriggerEvent to FORGE
[258月2026 15:12:11.133] [modloading-worker-0/DEBUG] [net.minecraftforge.fml.javafmlmod.AutomaticEventSubscriber/LOADING]: Auto-subscribing com.pla.annoyingvillagers.event.RiseFromGroundEvent to FORGE
[258月2026 15:12:11.135] [modloading-worker-0/DEBUG] [net.minecraftforge.fml.javafmlmod.AutomaticEventSubscriber/LOADING]: Auto-subscribing com.pla.annoyingvillagers.event.PlayerNpcDeadEvent to FORGE
[258月2026 15:12:11.136] [modloading-worker-0/DEBUG] [net.minecraftforge.fml.javafmlmod.AutomaticEventSubscriber/LOADING]: Auto-subscribing com.pla.annoyingvillagers.event.NullWeaponCleanupEvent to FORGE
[258月2026 15:12:11.137] [modloading-worker-0/DEBUG] [net.minecraftforge.fml.javafmlmod.AutomaticEventSubscriber/LOADING]: Auto-subscribing com.pla.annoyingvillagers.event.NpcGearLoadEvent to FORGE
[258月2026 15:12:11.138] [modloading-worker-0/DEBUG] [net.minecraftforge.fml.javafmlmod.AutomaticEventSubscriber/LOADING]: Auto-subscribing com.pla.annoyingvillagers.event.MonsterHealingEvent to FORGE
[258月2026 15:12:11.138] [modloading-worker-0/DEBUG] [net.minecraftforge.fml.javafmlmod.AutomaticEventSubscriber/LOADING]: Auto-subscribing com.hm.efn.client.command.EFNCommands to FORGE
[258月2026 15:12:11.139] [modloading-worker-0/DEBUG] [net.minecraftforge.fml.javafmlmod.AutomaticEventSubscriber/LOADING]: Auto-subscribing com.pla.annoyingvillagers.event.MobTargetRedirectEvent to FORGE
[258月2026 15:12:11.139] [modloading-worker-0/DEBUG] [net.minecraftforge.fml.javafmlmod.AutomaticEventSubscriber/LOADING]: Auto-subscribing com.hm.efn.capability.OriginalSkillEvents to FORGE
[258月2026 15:12:11.141] [modloading-worker-0/DEBUG] [net.minecraftforge.fml.javafmlmod.AutomaticEventSubscriber/LOADING]: Auto-subscribing com.hm.efn.capability.OriginalSkillEvents$ModBusEvents to MOD
[258月2026 15:12:11.141] [modloading-worker-0/DEBUG] [net.minecraftforge.fml.javafmlmod.AutomaticEventSubscriber/LOADING]: Auto-subscribing com.pla.annoyingvillagers.event.MobPlaceBlockEvent to FORGE
[258月2026 15:12:11.142] [modloading-worker-0/DEBUG] [net.minecraftforge.fml.javafmlmod.AutomaticEventSubscriber/LOADING]: Auto-subscribing com.hm.efn.EFNCommonConfig$EFNModLoadingContext to MOD
[258月2026 15:12:11.144] [modloading-worker-0/DEBUG] [net.minecraftforge.fml.javafmlmod.AutomaticEventSubscriber/LOADING]: Auto-subscribing com.hm.efn.EFNClientConfig$EFNClientModLoadingContext to MOD
[258月2026 15:12:11.144] [modloading-worker-0/DEBUG] [net.minecraftforge.fml.javafmlmod.AutomaticEventSubscriber/LOADING]: Auto-subscribing com.pla.annoyingvillagers.event.KnockdownEvent to FORGE
[258月2026 15:12:11.145] [modloading-worker-0/DEBUG] [net.minecraftforge.fml.javafmlmod.AutomaticEventSubscriber/LOADING]: Auto-subscribing com.pla.annoyingvillagers.event.HookSwordEvent to FORGE
[258月2026 15:12:11.147] [modloading-worker-0/DEBUG] [net.minecraftforge.fml.javafmlmod.AutomaticEventSubscriber/LOADING]: Auto-subscribing com.pla.annoyingvillagers.event.HerobrineDragonDismountEvent to FORGE
[258月2026 15:12:11.148] [modloading-worker-0/DEBUG] [net.minecraftforge.fml.javafmlmod.AutomaticEventSubscriber/LOADING]: Auto-subscribing com.pla.annoyingvillagers.event.FireworkUseEvent to FORGE
[258月2026 15:12:11.150] [modloading-worker-0/DEBUG] [net.minecraftforge.fml.javafmlmod.AutomaticEventSubscriber/LOADING]: Auto-subscribing com.pla.annoyingvillagers.event.ExplosionDamageEvent to FORGE
[258月2026 15:12:11.151] [modloading-worker-0/DEBUG] [net.minecraftforge.fml.javafmlmod.AutomaticEventSubscriber/LOADING]: Auto-subscribing com.pla.annoyingvillagers.event.ExecuteEvent to MOD
[258月2026 15:12:11.153] [modloading-worker-0/DEBUG] [net.minecraftforge.fml.javafmlmod.AutomaticEventSubscriber/LOADING]: Auto-subscribing com.pla.annoyingvillagers.event.EnchantBedDeathEvent to FORGE
[258月2026 15:12:11.156] [modloading-worker-0/DEBUG] [net.minecraftforge.fml.javafmlmod.AutomaticEventSubscriber/LOADING]: Auto-subscribing com.pla.annoyingvillagers.event.BlueDemonTridentOnPlayerHandEvent to FORGE
[258月2026 15:12:11.158] [modloading-worker-0/DEBUG] [net.minecraftforge.fml.javafmlmod.AutomaticEventSubscriber/LOADING]: Auto-subscribing com.pla.annoyingvillagers.event.BlueDemonChestplateEvent to FORGE
[258月2026 15:12:11.160] [modloading-worker-0/DEBUG] [net.minecraftforge.fml.javafmlmod.AutomaticEventSubscriber/LOADING]: Auto-subscribing com.pla.annoyingvillagers.event.AnimationDamageEvent to FORGE
[258月2026 15:12:11.161] [modloading-worker-0/DEBUG] [net.minecraftforge.fml.javafmlmod.AutomaticEventSubscriber/LOADING]: Auto-subscribing com.pla.annoyingvillagers.event.AddStarterSkillEvent to FORGE
[258月2026 15:12:11.162] [modloading-worker-0/DEBUG] [net.minecraftforge.fml.javafmlmod.AutomaticEventSubscriber/LOADING]: Auto-subscribing com.pla.annoyingvillagers.compat.p1nero_bow.AnimsP1neroEpicBow to MOD
[258月2026 15:12:11.164] [modloading-worker-0/DEBUG] [net.minecraftforge.fml.javafmlmod.AutomaticEventSubscriber/LOADING]: Auto-subscribing com.pla.annoyingvillagers.AnnoyingVillagers$initer to MOD
[258月2026 15:12:13.435] [modloading-worker-0/INFO] [touhou_little_maid/]: common default pack init finished, cost time: 2770.392 ms
[258月2026 15:12:13.437] [modloading-worker-0/DEBUG] [net.minecraftforge.fml.javafmlmod.AutomaticEventSubscriber/LOADING]: Attempting to inject @EventBusSubscriber classes into the eventbus for touhou_little_maid
[258月2026 15:12:13.437] [modloading-worker-0/DEBUG] [net.minecraftforge.fml.javafmlmod.AutomaticEventSubscriber/LOADING]: Auto-subscribing com.github.tartaricacid.touhoulittlemaid.item.ItemSubstituteJizo to FORGE
[258月2026 15:12:13.438] [modloading-worker-0/DEBUG] [net.minecraftforge.fml.javafmlmod.AutomaticEventSubscriber/LOADING]: Auto-subscribing com.github.tartaricacid.touhoulittlemaid.init.registry.MobSpawnInfoRegistry to FORGE
[258月2026 15:12:13.440] [modloading-worker-0/DEBUG] [net.minecraftforge.fml.javafmlmod.AutomaticEventSubscriber/LOADING]: Auto-subscribing com.github.tartaricacid.touhoulittlemaid.init.registry.DatapackRegistry to FORGE
[258月2026 15:12:13.440] [modloading-worker-0/DEBUG] [net.minecraftforge.fml.javafmlmod.AutomaticEventSubscriber/LOADING]: Auto-subscribing com.github.tartaricacid.touhoulittlemaid.init.registry.CompatRegistry to MOD
[258月2026 15:12:13.442] [modloading-worker-0/DEBUG] [net.minecraftforge.fml.javafmlmod.AutomaticEventSubscriber/LOADING]: Auto-subscribing com.github.tartaricacid.touhoulittlemaid.init.registry.CommonRegistry to MOD
[258月2026 15:12:13.442] [modloading-worker-0/DEBUG] [net.minecraftforge.fml.javafmlmod.AutomaticEventSubscriber/LOADING]: Auto-subscribing com.github.tartaricacid.touhoulittlemaid.init.registry.CommandRegistry to FORGE
[258月2026 15:12:13.443] [modloading-worker-0/DEBUG] [net.minecraftforge.fml.javafmlmod.AutomaticEventSubscriber/LOADING]: Auto-subscribing com.github.tartaricacid.touhoulittlemaid.init.registry.CapabilityRegistry to MOD
[258月2026 15:12:13.443] [modloading-worker-0/DEBUG] [net.minecraftforge.fml.javafmlmod.AutomaticEventSubscriber/LOADING]: Auto-subscribing com.github.tartaricacid.touhoulittlemaid.init.InitRecipes to MOD
[258月2026 15:12:13.444] [modloading-worker-0/DEBUG] [net.minecraftforge.fml.javafmlmod.AutomaticEventSubscriber/LOADING]: Auto-subscribing com.github.tartaricacid.touhoulittlemaid.init.InitLootModifier to MOD
[258月2026 15:12:13.444] [modloading-worker-0/DEBUG] [net.minecraftforge.fml.javafmlmod.AutomaticEventSubscriber/LOADING]: Auto-subscribing com.github.tartaricacid.touhoulittlemaid.init.InitEntities to MOD
[258月2026 15:12:13.444] [modloading-worker-0/DEBUG] [net.minecraftforge.fml.javafmlmod.AutomaticEventSubscriber/LOADING]: Auto-subscribing com.github.tartaricacid.touhoulittlemaid.event.maid.UseNameTagEvent to FORGE
[258月2026 15:12:13.446] [modloading-worker-0/DEBUG] [net.minecraftforge.fml.javafmlmod.AutomaticEventSubscriber/LOADING]: Auto-subscribing com.github.tartaricacid.touhoulittlemaid.event.maid.UseFavorabilityToolEvent to FORGE
[258月2026 15:12:13.447] [modloading-worker-0/DEBUG] [net.minecraftforge.fml.javafmlmod.AutomaticEventSubscriber/LOADING]: Auto-subscribing com.github.tartaricacid.touhoulittlemaid.event.maid.SwitchSittingEvent to FORGE
[258月2026 15:12:13.447] [modloading-worker-0/DEBUG] [net.minecraftforge.fml.javafmlmod.AutomaticEventSubscriber/LOADING]: Auto-subscribing com.github.tartaricacid.touhoulittlemaid.event.maid.SlabClickEvent to FORGE
[258月2026 15:12:13.448] [modloading-worker-0/DEBUG] [net.minecraftforge.fml.javafmlmod.AutomaticEventSubscriber/LOADING]: Auto-subscribing com.github.tartaricacid.touhoulittlemaid.event.maid.SaddleMaidEvent to FORGE
[258月2026 15:12:13.449] [modloading-worker-0/DEBUG] [net.minecraftforge.fml.javafmlmod.AutomaticEventSubscriber/LOADING]: Auto-subscribing com.github.tartaricacid.touhoulittlemaid.event.maid.PotionItemUse to FORGE
[258月2026 15:12:13.449] [modloading-worker-0/DEBUG] [net.minecraftforge.fml.javafmlmod.AutomaticEventSubscriber/LOADING]: Auto-subscribing com.github.tartaricacid.touhoulittlemaid.event.maid.MaidMountEvent to FORGE
[258月2026 15:12:13.451] [modloading-worker-0/DEBUG] [net.minecraftforge.fml.javafmlmod.AutomaticEventSubscriber/LOADING]: Auto-subscribing com.github.tartaricacid.touhoulittlemaid.event.maid.MaidFarmlandTrample to FORGE
[258月2026 15:12:13.451] [modloading-worker-0/DEBUG] [net.minecraftforge.fml.javafmlmod.AutomaticEventSubscriber/LOADING]: Auto-subscribing com.github.tartaricacid.touhoulittlemaid.event.maid.MaidDropBaubleEvent to FORGE
[258月2026 15:12:13.453] [modloading-worker-0/DEBUG] [net.minecraftforge.fml.javafmlmod.AutomaticEventSubscriber/LOADING]: Auto-subscribing com.github.tartaricacid.touhoulittlemaid.event.maid.MaidDeathFavorability to FORGE
[258月2026 15:12:13.454] [modloading-worker-0/DEBUG] [net.minecraftforge.fml.javafmlmod.AutomaticEventSubscriber/LOADING]: Auto-subscribing com.github.tartaricacid.touhoulittlemaid.event.maid.MaidAreaClickEvent to FORGE
[258月2026 15:12:13.454] [modloading-worker-0/DEBUG] [net.minecraftforge.fml.javafmlmod.AutomaticEventSubscriber/LOADING]: Auto-subscribing com.github.tartaricacid.touhoulittlemaid.event.maid.HandleBackpackEvent to FORGE
[258月2026 15:12:13.455] [modloading-worker-0/DEBUG] [net.minecraftforge.fml.javafmlmod.AutomaticEventSubscriber/LOADING]: Auto-subscribing com.github.tartaricacid.touhoulittlemaid.event.maid.GetExpBottleEvent to FORGE
[258月2026 15:12:13.456] [modloading-worker-0/DEBUG] [net.minecraftforge.fml.javafmlmod.AutomaticEventSubscriber/LOADING]: Auto-subscribing com.github.tartaricacid.touhoulittlemaid.event.maid.DismountMaidEvent to FORGE
[258月2026 15:12:13.456] [modloading-worker-0/DEBUG] [net.minecraftforge.fml.javafmlmod.AutomaticEventSubscriber/LOADING]: Auto-subscribing com.github.tartaricacid.touhoulittlemaid.event.maid.ApplyPotionEffectEvent to FORGE
[258月2026 15:12:13.457] [modloading-worker-0/DEBUG] [net.minecraftforge.fml.javafmlmod.AutomaticEventSubscriber/LOADING]: Auto-subscribing com.github.tartaricacid.touhoulittlemaid.event.maid.ApplyGoldenAppleEvent to FORGE
[258月2026 15:12:13.458] [modloading-worker-0/DEBUG] [net.minecraftforge.fml.javafmlmod.AutomaticEventSubscriber/LOADING]: Auto-subscribing com.github.tartaricacid.touhoulittlemaid.event.food.DefaultEatenEvent to FORGE
[258月2026 15:12:13.460] [modloading-worker-0/DEBUG] [net.minecraftforge.fml.javafmlmod.AutomaticEventSubscriber/LOADING]: Auto-subscribing com.github.tartaricacid.touhoulittlemaid.event.food.BowlFoodEvent to FORGE
[258月2026 15:12:13.460] [modloading-worker-0/DEBUG] [net.minecraftforge.fml.javafmlmod.AutomaticEventSubscriber/LOADING]: Auto-subscribing com.github.tartaricacid.touhoulittlemaid.event.MaidTrackEvent to FORGE
[258月2026 15:12:13.461] [modloading-worker-0/DEBUG] [net.minecraftforge.fml.javafmlmod.AutomaticEventSubscriber/LOADING]: Auto-subscribing com.github.tartaricacid.touhoulittlemaid.event.MaidMealRegConfigEvent to MOD
[258月2026 15:12:13.462] [modloading-worker-0/DEBUG] [net.minecraftforge.fml.javafmlmod.AutomaticEventSubscriber/LOADING]: Auto-subscribing com.github.tartaricacid.touhoulittlemaid.event.MaidLivingEntityEvent to FORGE
[258月2026 15:12:13.463] [modloading-worker-0/DEBUG] [net.minecraftforge.fml.javafmlmod.AutomaticEventSubscriber/LOADING]: Auto-subscribing com.github.tartaricacid.touhoulittlemaid.event.InstallChairEvent to FORGE
[258月2026 15:12:13.464] [modloading-worker-0/DEBUG] [net.minecraftforge.fml.javafmlmod.AutomaticEventSubscriber/LOADING]: Auto-subscribing com.github.tartaricacid.touhoulittlemaid.event.EntityJoinWorldEvent to FORGE
[258月2026 15:12:13.466] [modloading-worker-0/DEBUG] [net.minecraftforge.fml.javafmlmod.AutomaticEventSubscriber/LOADING]: Auto-subscribing com.github.tartaricacid.touhoulittlemaid.event.EntityHurtEvent to FORGE
[258月2026 15:12:13.467] [modloading-worker-0/DEBUG] [net.minecraftforge.fml.javafmlmod.AutomaticEventSubscriber/LOADING]: Auto-subscribing com.github.tartaricacid.touhoulittlemaid.event.EntityDeathEvent to FORGE
[258月2026 15:12:13.468] [modloading-worker-0/DEBUG] [net.minecraftforge.fml.javafmlmod.AutomaticEventSubscriber/LOADING]: Auto-subscribing com.github.tartaricacid.touhoulittlemaid.event.EnterServerEvent to FORGE
[258月2026 15:12:13.468] [modloading-worker-0/DEBUG] [net.minecraftforge.fml.javafmlmod.AutomaticEventSubscriber/LOADING]: Auto-subscribing com.github.tartaricacid.touhoulittlemaid.event.CopyEntityIdEvent to FORGE
[258月2026 15:12:13.469] [modloading-worker-0/DEBUG] [net.minecraftforge.fml.javafmlmod.AutomaticEventSubscriber/LOADING]: Auto-subscribing com.github.tartaricacid.touhoulittlemaid.event.CapabilityEvent to FORGE
[258月2026 15:12:13.471] [modloading-worker-0/DEBUG] [net.minecraftforge.fml.javafmlmod.AutomaticEventSubscriber/LOADING]: Auto-subscribing com.github.tartaricacid.touhoulittlemaid.event.CancelSaddleMaidEvent to FORGE
[258月2026 15:12:13.472] [modloading-worker-0/DEBUG] [net.minecraftforge.fml.javafmlmod.AutomaticEventSubscriber/LOADING]: Auto-subscribing com.github.tartaricacid.touhoulittlemaid.entity.chatbubble.RandomEmoji to FORGE
[258月2026 15:12:13.473] [modloading-worker-0/DEBUG] [net.minecraftforge.fml.javafmlmod.AutomaticEventSubscriber/LOADING]: Auto-subscribing com.github.tartaricacid.touhoulittlemaid.debug.target.SendMaidDebugDataEvent to FORGE
[258月2026 15:12:13.474] [modloading-worker-0/DEBUG] [net.minecraftforge.fml.javafmlmod.AutomaticEventSubscriber/LOADING]: Auto-subscribing com.github.tartaricacid.touhoulittlemaid.debug.event.DebugStickClickEvent to FORGE
[258月2026 15:12:13.475] [modloading-worker-0/DEBUG] [net.minecraftforge.fml.javafmlmod.AutomaticEventSubscriber/LOADING]: Auto-subscribing com.github.tartaricacid.touhoulittlemaid.datagen.MaidDataGenerator to MOD
[258月2026 15:12:13.476] [modloading-worker-0/DEBUG] [net.minecraftforge.fml.javafmlmod.AutomaticEventSubscriber/LOADING]: Auto-subscribing com.github.tartaricacid.touhoulittlemaid.compat.domesticationinnovation.EnchantmentRefuse to FORGE
[258月2026 15:12:13.477] [main/DEBUG] [net.minecraftforge.fml.DeferredWorkQueue/LOADING]: Dispatching synchronous work for work queue CONSTRUCT: 10 jobs
[258月2026 15:12:13.481] [main/DEBUG] [epicfight/]: Loaded enums in class net.EFTLM.EF.Animation.EFTLM_LivingMotions
[258月2026 15:12:13.481] [main/DEBUG] [epicfight/]: Loaded enums in class yesman.epicfight.api.animation.LivingMotions
[258月2026 15:12:13.481] [main/DEBUG] [epicfight/]: All enums are loaded: living_motion [HUG, HUG_WALK, HUG_RUN, HUG_KNEEL, HUG_SNEAK, ALL, INACTION, IDLE, CONFRONT, ANGRY, FLOAT, WALK, RUN, SWIM, FLY, SNEAK, KNEEL, FALL, SIT, MOUNT, DEATH, CHASE, SPELLCAST, JUMP, CELEBRATE, LANDING_RECOVERY, CREATIVE_FLY, CREATIVE_IDLE, SLEEP, DIGGING, ADMIRE, CLIMB, DRINK, EAT, NONE, AIM, BLOCK, BLOCK_SHIELD, RELOAD, SHOT, SPECTATE]
[258月2026 15:12:13.481] [main/DEBUG] [epicfight/]: Loaded enums in class com.pla.efclash_blade.gameasset.EFClashBladeSkillCategories
[258月2026 15:12:13.481] [main/DEBUG] [epicfight/]: Loaded enums in class com.hm.efn.gameasset.EFNSkillCategories
[258月2026 15:12:13.482] [main/DEBUG] [epicfight/]: Loaded enums in class yesman.epicfight.skill.SkillCategories
[258月2026 15:12:13.482] [main/DEBUG] [epicfight/]: All enums are loaded: skill_category [CLASH_BLADE, EFN_ARTS, EFN_SEKIRO, EFN_ZANSETSU, JUDGMENTCUT_END, BASIC_ATTACK, DODGE, PASSIVE, WEAPON_PASSIVE, WEAPON_INNATE, GUARD, KNOCKDOWN_WAKEUP, MOVER, IDENTITY]
[258月2026 15:12:13.482] [main/DEBUG] [epicfight/]: Loaded enums in class com.pla.efclash_blade.gameasset.EFClashBladeSkillSlots
[258月2026 15:12:13.482] [main/DEBUG] [epicfight/]: Loaded enums in class com.hm.efn.gameasset.EFNSkillSlots
[258月2026 15:12:13.482] [main/DEBUG] [epicfight/]: Loaded enums in class yesman.epicfight.skill.SkillSlots
[258月2026 15:12:13.482] [main/DEBUG] [epicfight/]: All enums are loaded: skill_slot [CLASH_BLADE, EFN_ARTS, EFN_SEKIRO, EFN_ZANSETSU, JUDGMENTCUT_END, BASIC_ATTACK, DODGE, PASSIVE1, PASSIVE2, PASSIVE3, WEAPON_PASSIVE, WEAPON_INNATE, GUARD, KNOCKDOWN_WAKEUP, MOVER, IDENTITY]
[258月2026 15:12:13.483] [main/DEBUG] [epicfight/]: Loaded enums in class yesman.epicfight.world.capabilities.item.CapabilityItem$Styles
[258月2026 15:12:13.483] [main/DEBUG] [epicfight/]: All enums are loaded: style [COMMON, ONE_HAND, TWO_HAND, MOUNT, RANGED, SHEATH, OCHS]
[258月2026 15:12:13.483] [main/DEBUG] [epicfight/]: Loaded enums in class com.merlin204.avalon.epicfight.gameassets.AvalonCategories
[258月2026 15:12:13.483] [main/DEBUG] [epicfight/]: Loaded enums in class yesman.epicfight.world.capabilities.item.CapabilityItem$WeaponCategories
[258月2026 15:12:13.483] [main/DEBUG] [epicfight/]: All enums are loaded: weapon_category [ANIMATION_ITEM, NOT_WEAPON, AXE, FIST, GREATSWORD, HOE, PICKAXE, SHOVEL, SWORD, UCHIGATANA, SPEAR, TACHI, TRIDENT, LONGSWORD, DAGGER, SHIELD, CROSSBOW, BOW]
[258月2026 15:12:13.506] [main/DEBUG] [epicfight/]: Loaded enums in class yesman.epicfight.world.capabilities.entitypatch.Factions
[258月2026 15:12:13.506] [main/DEBUG] [epicfight/]: All enums are loaded: faction [NEUTRAL, UNDEAD, BLAZE, ENDERMAN, ILLAGER, PIGLINS, WITHER, VILLAGER, ZOMBIFIED_PIGLIN]
[258月2026 15:12:13.506] [main/DEBUG] [epicfight/]: Loaded enums in class yesman.epicfight.network.EntityPairingPacketTypes
[258月2026 15:12:13.506] [main/DEBUG] [epicfight/]: All enums are loaded: entity_pairing_packet_type [ADRENALINE_ACTIVATED, BONEBREAKER_BEGIN, BONEBREAKER_MAX_STACK, BONEBREAKER_CLEAR, STAMINA_PILLAGER_BODY_ASHES, EMERGENCY_ESCAPE_ACTIVATED, ENDERMAN_RAGE, FLASH_WHITE, PIGLIN_BABY_SPAWN, SET_BOSS_EVENT_OWNER, TECHNICIAN_ACTIVATED, TRIDENT_THROWN, VENGEANCE_OVERLAY, VENGEANCE_TARGET_CANCEL, ZOMBIE_SPAWN]
[258月2026 15:12:13.878] [main/DEBUG] [net.minecraftforge.fml.DeferredWorkQueue/LOADING]: Synchronous work queue completed in 399.0 ms
[258月2026 15:12:13.950] [main/DEBUG] [net.minecraftforge.common.capabilities.CapabilityManager/CAPABILITIES]: Attempting to automatically register: Lnet/minecraftforge/energy/IEnergyStorage;
[258月2026 15:12:13.951] [main/DEBUG] [net.minecraftforge.common.capabilities.CapabilityManager/CAPABILITIES]: Attempting to automatically register: Lnet/minecraftforge/fluids/capability/IFluidHandler;
[258月2026 15:12:13.951] [main/DEBUG] [net.minecraftforge.common.capabilities.CapabilityManager/CAPABILITIES]: Attempting to automatically register: Lnet/minecraftforge/fluids/capability/IFluidHandlerItem;
[258月2026 15:12:13.951] [main/DEBUG] [net.minecraftforge.common.capabilities.CapabilityManager/CAPABILITIES]: Attempting to automatically register: Lnet/minecraftforge/items/IItemHandler;
[258月2026 15:12:13.967] [main/DEBUG] [com.tterrag.registrate.AbstractRegistrate/REGISTRATE.REGISTER]: (player_mobs) Registering 3 known objects of type minecraft:sound_event
[258月2026 15:12:13.971] [main/DEBUG] [com.tterrag.registrate.AbstractRegistrate/REGISTRATE.REGISTER]: Registered player_mobs:player_mob.ambient to registry minecraft:sound_event
[258月2026 15:12:13.971] [main/DEBUG] [com.tterrag.registrate.AbstractRegistrate/REGISTRATE.REGISTER]: Registered player_mobs:player_mob.hurt to registry minecraft:sound_event
[258月2026 15:12:13.971] [main/DEBUG] [com.tterrag.registrate.AbstractRegistrate/REGISTRATE.REGISTER]: Registered player_mobs:player_mob.death to registry minecraft:sound_event
[258月2026 15:12:14.191] [main/DEBUG] [com.tterrag.registrate.AbstractRegistrate/REGISTRATE.REGISTER]: (player_mobs) Registering 1 known objects of type minecraft:item
[258月2026 15:12:14.192] [main/DEBUG] [com.tterrag.registrate.AbstractRegistrate/REGISTRATE.REGISTER]: Registered player_mobs:player_mob_spawn_egg to registry minecraft:item
[258月2026 15:12:14.205] [main/DEBUG] [software.bernie.geckolib.GeckoLib/]: Registered SyncedAnimatable for class com.hm.efn.item.geo.ExcaliburItem
[258月2026 15:12:14.329] [main/DEBUG] [com.tterrag.registrate.AbstractRegistrate/REGISTRATE.REGISTER]: (player_mobs) Registering 1 known objects of type minecraft:entity_type
[258月2026 15:12:14.335] [main/DEBUG] [com.tterrag.registrate.AbstractRegistrate/REGISTRATE.REGISTER]: Registered player_mobs:player_mob to registry minecraft:entity_type
[258月2026 15:12:14.548] [main/DEBUG] [mixin/]: Mixing BasicAttackMixin from annoyingvillagers.mixins.json into yesman.epicfight.skill.BasicAttack
[258月2026 15:12:14.558] [main/DEBUG] [mixin/]: Mixing GuardSkillInvoker from combat_evolution.mixins.json into yesman.epicfight.skill.guard.GuardSkill
[258月2026 15:12:14.558] [main/DEBUG] [mixin/]: Mixing GuardSkillMixin from combat_evolution.mixins.json into yesman.epicfight.skill.guard.GuardSkill
[258月2026 15:12:14.560] [main/DEBUG] [mixin/]: Mixing GuardSkillMixin from efn.mixins.json into yesman.epicfight.skill.guard.GuardSkill
[258月2026 15:12:14.562] [main/DEBUG] [mixin/]: Mixing GuardSkillMixin from annoyingvillagers.mixins.json into yesman.epicfight.skill.guard.GuardSkill
[258月2026 15:12:14.596] [main/DEBUG] [mixin/]: Mixing ImpactGuardSkillMixin from annoyingvillagers.mixins.json into yesman.epicfight.skill.guard.ImpactGuardSkill
[258月2026 15:12:14.992] [main/DEBUG] [mixin/]: Mixing ClashBladeMixin from annoyingvillagers.mixins.json into com.pla.efclash_blade.skill.ClashBladeSkill
[258月2026 15:12:15.059] [main/DEBUG] [mixin/]: Mixing AttributeInstanceMixin from ef_tlm.mixins.json into net.minecraft.world.entity.ai.attributes.AttributeInstance
[258月2026 15:12:15.082] [main/WARN] [net.minecraft.network.syncher.SynchedEntityData/]: defineId called for: class net.minecraft.world.entity.player.Player from class yesman.epicfight.world.capabilities.entitypatch.player.PlayerPatch
[258月2026 15:12:15.088] [main/WARN] [net.minecraft.network.syncher.SynchedEntityData/]: defineId called for: class net.minecraft.world.entity.TamableAnimal from class reascer.wom.world.entity.mob.EnderHand
[258月2026 15:12:15.089] [main/WARN] [net.minecraft.network.syncher.SynchedEntityData/]: defineId called for: class net.minecraft.world.entity.TamableAnimal from class reascer.wom.world.entity.mob.TargetingHelper
[258月2026 15:12:15.098] [main/DEBUG] [mixin/]: Mixing common.MixinDamageSources from mixins.epicfight.json into net.minecraft.world.damagesource.DamageSources
[258月2026 15:12:15.107] [main/DEBUG] [com.merlin204.avalon.main.AvalonMOD/]: 成功注册实体属性: epic_fight_avalon:animation_texture_vfx
[258月2026 15:12:15.107] [main/DEBUG] [com.merlin204.avalon.main.AvalonMOD/]: 成功注册实体属性: epic_fight_avalon:shake_wave
[258月2026 15:12:15.107] [main/DEBUG] [com.merlin204.avalon.main.AvalonMOD/]: 成功注册实体属性: epic_fight_avalon:vfx
[258月2026 15:12:15.130] [main/WARN] [net.minecraft.network.syncher.SynchedEntityData/]: defineId called for: class net.minecraft.world.entity.boss.wither.WitherBoss from class yesman.epicfight.world.capabilities.entitypatch.boss.WitherPatch
[258月2026 15:12:15.130] [main/WARN] [net.minecraft.network.syncher.SynchedEntityData/]: defineId called for: class net.minecraft.world.entity.boss.wither.WitherBoss from class yesman.epicfight.world.capabilities.entitypatch.boss.WitherPatch
[258月2026 15:12:15.130] [main/WARN] [net.minecraft.network.syncher.SynchedEntityData/]: defineId called for: class net.minecraft.world.entity.boss.wither.WitherBoss from class yesman.epicfight.world.capabilities.entitypatch.boss.WitherPatch
[258月2026 15:12:15.130] [main/WARN] [net.minecraft.network.syncher.SynchedEntityData/]: defineId called for: class net.minecraft.world.entity.boss.wither.WitherBoss from class yesman.epicfight.world.capabilities.entitypatch.boss.WitherPatch
[258月2026 15:12:15.131] [main/WARN] [net.minecraft.network.syncher.SynchedEntityData/]: defineId called for: class net.minecraft.world.entity.boss.wither.WitherBoss from class yesman.epicfight.world.capabilities.entitypatch.boss.WitherPatch
[258月2026 15:12:15.131] [main/WARN] [net.minecraft.network.syncher.SynchedEntityData/]: defineId called for: class net.minecraft.world.entity.boss.wither.WitherBoss from class yesman.epicfight.world.capabilities.entitypatch.boss.WitherPatch
[258月2026 15:12:15.131] [main/WARN] [net.minecraft.network.syncher.SynchedEntityData/]: defineId called for: class net.minecraft.world.entity.boss.wither.WitherBoss from class yesman.epicfight.world.capabilities.entitypatch.boss.WitherPatch
[258月2026 15:12:15.131] [main/WARN] [net.minecraft.network.syncher.SynchedEntityData/]: defineId called for: class net.minecraft.world.entity.boss.wither.WitherBoss from class yesman.epicfight.world.capabilities.entitypatch.boss.WitherPatch
[258月2026 15:12:15.131] [main/WARN] [net.minecraft.network.syncher.SynchedEntityData/]: defineId called for: class net.minecraft.world.entity.boss.wither.WitherBoss from class yesman.epicfight.world.capabilities.entitypatch.boss.WitherPatch
[258月2026 15:12:15.134] [main/WARN] [net.minecraft.network.syncher.SynchedEntityData/]: defineId called for: class com.github.tartaricacid.touhoulittlemaid.entity.passive.EntityMaid from class net.EFTLM.EF.Capability.MaidPatch
[258月2026 15:12:15.145] [main/DEBUG] [net.minecraftforge.fml.config.ConfigTracker/CONFIG]: Loading configs type COMMON
[258月2026 15:12:15.146] [main/DEBUG] [net.minecraftforge.fml.config.ConfigFileTypeHandler/CONFIG]: Built TOML config for E:\program\JAVA\touhou little maid - unknow sky area\prod_server\config\efclash_blade-server.toml
[258月2026 15:12:15.147] [main/DEBUG] [net.minecraftforge.fml.config.ConfigFileTypeHandler/CONFIG]: Loaded TOML config file E:\program\JAVA\touhou little maid - unknow sky area\prod_server\config\efclash_blade-server.toml
[258月2026 15:12:15.153] [main/DEBUG] [net.minecraftforge.fml.config.ConfigFileTypeHandler/CONFIG]: Watching TOML config file E:\program\JAVA\touhou little maid - unknow sky area\prod_server\config\efclash_blade-server.toml for changes
[258月2026 15:12:15.155] [main/DEBUG] [net.minecraftforge.fml.config.ConfigFileTypeHandler/CONFIG]: Built TOML config for E:\program\JAVA\touhou little maid - unknow sky area\prod_server\config\combat_evolution-common.toml
[258月2026 15:12:15.155] [main/DEBUG] [net.minecraftforge.fml.config.ConfigFileTypeHandler/CONFIG]: Loaded TOML config file E:\program\JAVA\touhou little maid - unknow sky area\prod_server\config\combat_evolution-common.toml
[258月2026 15:12:15.155] [main/DEBUG] [net.minecraftforge.fml.config.ConfigFileTypeHandler/CONFIG]: Watching TOML config file E:\program\JAVA\touhou little maid - unknow sky area\prod_server\config\combat_evolution-common.toml for changes
[258月2026 15:12:15.157] [main/DEBUG] [net.minecraftforge.fml.config.ConfigFileTypeHandler/CONFIG]: Built TOML config for E:\program\JAVA\touhou little maid - unknow sky area\prod_server\config\player_mobs-common.toml
[258月2026 15:12:15.159] [main/DEBUG] [net.minecraftforge.fml.config.ConfigFileTypeHandler/CONFIG]: Loaded TOML config file E:\program\JAVA\touhou little maid - unknow sky area\prod_server\config\player_mobs-common.toml
[258月2026 15:12:15.159] [main/DEBUG] [net.minecraftforge.fml.config.ConfigFileTypeHandler/CONFIG]: Watching TOML config file E:\program\JAVA\touhou little maid - unknow sky area\prod_server\config\player_mobs-common.toml for changes
[258月2026 15:12:15.163] [main/DEBUG] [net.minecraftforge.fml.config.ConfigFileTypeHandler/CONFIG]: Built TOML config for E:\program\JAVA\touhou little maid - unknow sky area\prod_server\config\ywzj_vehicle-common.toml
[258月2026 15:12:15.165] [main/DEBUG] [net.minecraftforge.fml.config.ConfigFileTypeHandler/CONFIG]: Loaded TOML config file E:\program\JAVA\touhou little maid - unknow sky area\prod_server\config\ywzj_vehicle-common.toml
[258月2026 15:12:15.165] [main/DEBUG] [net.minecraftforge.fml.config.ConfigFileTypeHandler/CONFIG]: Watching TOML config file E:\program\JAVA\touhou little maid - unknow sky area\prod_server\config\ywzj_vehicle-common.toml for changes
[258月2026 15:12:15.166] [main/DEBUG] [net.minecraftforge.fml.config.ConfigFileTypeHandler/CONFIG]: Built TOML config for E:\program\JAVA\touhou little maid - unknow sky area\prod_server\config\invincible-common.toml
[258月2026 15:12:15.167] [main/DEBUG] [net.minecraftforge.fml.config.ConfigFileTypeHandler/CONFIG]: Loaded TOML config file E:\program\JAVA\touhou little maid - unknow sky area\prod_server\config\invincible-common.toml
[258月2026 15:12:15.167] [main/DEBUG] [net.minecraftforge.fml.config.ConfigFileTypeHandler/CONFIG]: Watching TOML config file E:\program\JAVA\touhou little maid - unknow sky area\prod_server\config\invincible-common.toml for changes
[258月2026 15:12:15.169] [main/DEBUG] [net.minecraftforge.fml.config.ConfigFileTypeHandler/CONFIG]: Built TOML config for E:\program\JAVA\touhou little maid - unknow sky area\prod_server\config\epicfight-common.toml
[258月2026 15:12:15.170] [main/DEBUG] [net.minecraftforge.fml.config.ConfigFileTypeHandler/CONFIG]: Loaded TOML config file E:\program\JAVA\touhou little maid - unknow sky area\prod_server\config\epicfight-common.toml
[258月2026 15:12:15.170] [main/DEBUG] [net.minecraftforge.fml.config.ConfigFileTypeHandler/CONFIG]: Watching TOML config file E:\program\JAVA\touhou little maid - unknow sky area\prod_server\config\epicfight-common.toml for changes
[258月2026 15:12:15.171] [main/DEBUG] [net.minecraftforge.fml.config.ConfigFileTypeHandler/CONFIG]: Built TOML config for E:\program\JAVA\touhou little maid - unknow sky area\prod_server\config\efn-common.toml
[258月2026 15:12:15.173] [main/DEBUG] [net.minecraftforge.fml.config.ConfigFileTypeHandler/CONFIG]: Loaded TOML config file E:\program\JAVA\touhou little maid - unknow sky area\prod_server\config\efn-common.toml
[258月2026 15:12:15.173] [main/DEBUG] [net.minecraftforge.fml.config.ConfigFileTypeHandler/CONFIG]: Watching TOML config file E:\program\JAVA\touhou little maid - unknow sky area\prod_server\config\efn-common.toml for changes
[258月2026 15:12:15.175] [main/DEBUG] [net.minecraftforge.fml.config.ConfigFileTypeHandler/CONFIG]: Built TOML config for E:\program\JAVA\touhou little maid - unknow sky area\prod_server\config\touhou_little_maid-common.toml
[258月2026 15:12:15.177] [main/DEBUG] [net.minecraftforge.fml.config.ConfigFileTypeHandler/CONFIG]: Loaded TOML config file E:\program\JAVA\touhou little maid - unknow sky area\prod_server\config\touhou_little_maid-common.toml
[258月2026 15:12:15.178] [main/DEBUG] [net.minecraftforge.fml.config.ConfigFileTypeHandler/CONFIG]: Watching TOML config file E:\program\JAVA\touhou little maid - unknow sky area\prod_server\config\touhou_little_maid-common.toml for changes
[258月2026 15:12:15.179] [main/DEBUG] [net.minecraftforge.fml.config.ConfigFileTypeHandler/CONFIG]: Built TOML config for E:\program\JAVA\touhou little maid - unknow sky area\prod_server\config\annoyingvillagers-server.toml
[258月2026 15:12:15.181] [main/DEBUG] [net.minecraftforge.fml.config.ConfigFileTypeHandler/CONFIG]: Loaded TOML config file E:\program\JAVA\touhou little maid - unknow sky area\prod_server\config\annoyingvillagers-server.toml
[258月2026 15:12:15.181] [main/DEBUG] [net.minecraftforge.fml.config.ConfigFileTypeHandler/CONFIG]: Watching TOML config file E:\program\JAVA\touhou little maid - unknow sky area\prod_server\config\annoyingvillagers-server.toml for changes
[258月2026 15:12:15.184] [main/DEBUG] [net.minecraftforge.fml.config.ConfigFileTypeHandler/CONFIG]: Built TOML config for E:\program\JAVA\touhou little maid - unknow sky area\prod_server\config\annoyingvillagers-spawns.toml
[258月2026 15:12:15.184] [main/DEBUG] [net.minecraftforge.fml.config.ConfigFileTypeHandler/CONFIG]: Loaded TOML config file E:\program\JAVA\touhou little maid - unknow sky area\prod_server\config\annoyingvillagers-spawns.toml
[258月2026 15:12:15.185] [main/DEBUG] [net.minecraftforge.fml.config.ConfigFileTypeHandler/CONFIG]: Watching TOML config file E:\program\JAVA\touhou little maid - unknow sky area\prod_server\config\annoyingvillagers-spawns.toml for changes
[258月2026 15:12:15.186] [Thread-1/DEBUG] [net.minecraftforge.fml.config.ConfigFileTypeHandler/CONFIG]: Config file annoyingvillagers-spawns.toml changed, sending notifies
[258月2026 15:12:15.205] [modloading-worker-0/DEBUG] [mixin/]: Mixing EntityPatchProviderAccessor from invincible.mixins.json into yesman.epicfight.world.capabilities.provider.EntityPatchProvider
[258月2026 15:12:15.205] [modloading-worker-0/DEBUG] [mixin/]: Renaming @Accessor method getCapabilities()Ljava/util/Map; to getCapabilities_$md$95b6ce$0 in invincible.mixins.json:EntityPatchProviderAccessor
[258月2026 15:12:15.205] [modloading-worker-0/DEBUG] [mixin/]: Renaming @Accessor method getCustomCapabilities()Ljava/util/Map; to getCustomCapabilities_$md$95b6ce$1 in invincible.mixins.json:EntityPatchProviderAccessor
[258月2026 15:12:15.248] [main/DEBUG] [net.minecraftforge.fml.DeferredWorkQueue/LOADING]: Dispatching synchronous work for work queue COMMON_SETUP: 23 jobs
[258月2026 15:12:15.260] [main/DEBUG] [touhou_little_maid/ServerCustomPackLoader]: Touhou little maid mod's model is loading...
[258月2026 15:12:15.269] [main/DEBUG] [touhou_little_maid/ServerCustomPackLoader]: Loaded model info: authors_and_credits:wine_fox_maid
[258月2026 15:12:15.269] [main/DEBUG] [touhou_little_maid/ServerCustomPackLoader]: Loaded model info: authors_and_credits:wine_fox_taisho
[258月2026 15:12:15.269] [main/DEBUG] [touhou_little_maid/ServerCustomPackLoader]: Loaded model info: authors_and_credits:sazuki
[258月2026 15:12:15.269] [main/DEBUG] [touhou_little_maid/ServerCustomPackLoader]: Loaded model info: authors_and_credits:pajinyi
[258月2026 15:12:15.269] [main/DEBUG] [touhou_little_maid/ServerCustomPackLoader]: Loaded model info: authors_and_credits:fledge
[258月2026 15:12:15.269] [main/DEBUG] [touhou_little_maid/ServerCustomPackLoader]: Loaded model info: authors_and_credits:clocklalier
[258月2026 15:12:15.269] [main/DEBUG] [touhou_little_maid/ServerCustomPackLoader]: Loaded model info: authors_and_credits:cyra
[258月2026 15:12:15.269] [main/DEBUG] [touhou_little_maid/ServerCustomPackLoader]: Loaded model info: authors_and_credits:cyra_b2eb6fe570df68d353aa9d07b127b902
[258月2026 15:12:15.269] [main/DEBUG] [touhou_little_maid/ServerCustomPackLoader]: Loaded model info: authors_and_credits:cyra_pow_wow
[258月2026 15:12:15.269] [main/DEBUG] [touhou_little_maid/ServerCustomPackLoader]: Loaded model info: authors_and_credits:mory_chan
[258月2026 15:12:15.269] [main/DEBUG] [touhou_little_maid/ServerCustomPackLoader]: Loaded model info: authors_and_credits:flower_candy
[258月2026 15:12:15.269] [main/DEBUG] [touhou_little_maid/ServerCustomPackLoader]: Touhou little maid mod's model is loaded
[258月2026 15:12:15.269] [main/DEBUG] [touhou_little_maid/ServerCustomPackLoader]: Touhou little maid mod's model is loading...
[258月2026 15:12:15.269] [main/DEBUG] [touhou_little_maid/ServerCustomPackLoader]: Touhou little maid mod's model is loading...
[258月2026 15:12:15.271] [main/DEBUG] [touhou_little_maid/ServerCustomPackLoader]: Loaded model info: geckolib:winefox
[258月2026 15:12:15.271] [main/DEBUG] [touhou_little_maid/ServerCustomPackLoader]: Loaded model info: geckolib:winefox_blue
[258月2026 15:12:15.271] [main/DEBUG] [touhou_little_maid/ServerCustomPackLoader]: Loaded model info: geckolib:winefox_nine_tailed
[258月2026 15:12:15.271] [main/DEBUG] [touhou_little_maid/ServerCustomPackLoader]: Loaded model info: geckolib:winefox_nine_tailed_f609258f13252f11c3f44051b51f93c4
[258月2026 15:12:15.271] [main/DEBUG] [touhou_little_maid/ServerCustomPackLoader]: Loaded model info: geckolib:winefox_hanfu
[258月2026 15:12:15.271] [main/DEBUG] [touhou_little_maid/ServerCustomPackLoader]: Loaded model info: geckolib:winefox_new_year
[258月2026 15:12:15.271] [main/DEBUG] [touhou_little_maid/ServerCustomPackLoader]: Loaded model info: geckolib:winefox_jk
[258月2026 15:12:15.271] [main/DEBUG] [touhou_little_maid/ServerCustomPackLoader]: Loaded model info: geckolib:winefox_astronaut
[258月2026 15:12:15.271] [main/DEBUG] [touhou_little_maid/ServerCustomPackLoader]: Loaded model info: geckolib:winefox_kongfu
[258月2026 15:12:15.271] [main/DEBUG] [touhou_little_maid/ServerCustomPackLoader]: Loaded model info: geckolib:winefox_kongfu_163d46bab6d00d2e2910d32b83c7de53
[258月2026 15:12:15.271] [main/DEBUG] [touhou_little_maid/ServerCustomPackLoader]: Loaded model info: geckolib:winefox_kongfu_9dcb55de5689ffa419d9009d3eb82cac
[258月2026 15:12:15.271] [main/DEBUG] [touhou_little_maid/ServerCustomPackLoader]: Loaded model info: geckolib:winefox_kongfu_a4dbe4e83a24193e1005a40204c415ac
[258月2026 15:12:15.271] [main/DEBUG] [touhou_little_maid/ServerCustomPackLoader]: Loaded model info: geckolib:winefox_kongfu_538780bcc09da2d92795797b65aefe87
[258月2026 15:12:15.271] [main/DEBUG] [touhou_little_maid/ServerCustomPackLoader]: Loaded model info: geckolib:winefox_kongfu_15030e12f688c8163573af95dc4c6728
[258月2026 15:12:15.271] [main/DEBUG] [touhou_little_maid/ServerCustomPackLoader]: Loaded model info: geckolib:winefox_magical
[258月2026 15:12:15.271] [main/DEBUG] [touhou_little_maid/ServerCustomPackLoader]: Loaded model info: geckolib:winefox_magical_a12dc19190c076d8d24aff8714515c8e
[258月2026 15:12:15.271] [main/DEBUG] [touhou_little_maid/ServerCustomPackLoader]: Loaded model info: geckolib:winefox_magical_b073380075f0d30ea8bbcde8566f825e
[258月2026 15:12:15.271] [main/DEBUG] [touhou_little_maid/ServerCustomPackLoader]: Loaded model info: geckolib:winefox_magical_3b7aba412b5ededbab0780e258207bf0
[258月2026 15:12:15.271] [main/DEBUG] [touhou_little_maid/ServerCustomPackLoader]: Loaded model info: geckolib:winefox_magical_38ffa7d8d6f062b86c6bf88ac47a4c73
[258月2026 15:12:15.271] [main/DEBUG] [touhou_little_maid/ServerCustomPackLoader]: Loaded model info: geckolib:winefox_magical_7952f4718991f317b2f11926a90cbd10
[258月2026 15:12:15.271] [main/DEBUG] [touhou_little_maid/ServerCustomPackLoader]: Loaded model info: geckolib:winefox_saint
[258月2026 15:12:15.271] [main/DEBUG] [touhou_little_maid/ServerCustomPackLoader]: Loaded model info: geckolib:winefox_saint_c4f14815c46c13e6eb3d82ba88ed2f96
[258月2026 15:12:15.271] [main/DEBUG] [touhou_little_maid/ServerCustomPackLoader]: Loaded model info: geckolib:winefox_elf
[258月2026 15:12:15.271] [main/DEBUG] [touhou_little_maid/ServerCustomPackLoader]: Loaded model info: geckolib:winefox_salesperson
[258月2026 15:12:15.272] [main/DEBUG] [touhou_little_maid/ServerCustomPackLoader]: Loaded model info: geckolib:winefox_salesperson_84961723c2751ef4c6b9a0f8596f95cc
[258月2026 15:12:15.272] [main/DEBUG] [touhou_little_maid/ServerCustomPackLoader]: Loaded model info: geckolib:winefox_little
[258月2026 15:12:15.272] [main/DEBUG] [touhou_little_maid/ServerCustomPackLoader]: Loaded model info: geckolib:winefox_matured
[258月2026 15:12:15.272] [main/DEBUG] [touhou_little_maid/ServerCustomPackLoader]: Loaded model info: geckolib:winefox_momo
[258月2026 15:12:15.272] [main/DEBUG] [touhou_little_maid/ServerCustomPackLoader]: Loaded model info: geckolib:winefox_momo_897c13175aa632e673b32ed45ffd4961
[258月2026 15:12:15.272] [main/DEBUG] [touhou_little_maid/ServerCustomPackLoader]: Loaded model info: geckolib:winefox_wedding
[258月2026 15:12:15.272] [main/DEBUG] [touhou_little_maid/ServerCustomPackLoader]: Loaded model info: geckolib:winefox_tactics
[258月2026 15:12:15.272] [main/DEBUG] [touhou_little_maid/ServerCustomPackLoader]: Loaded model info: geckolib:winefox_mini
[258月2026 15:12:15.272] [main/DEBUG] [touhou_little_maid/ServerCustomPackLoader]: Loaded model info: geckolib:winefox_survivor
[258月2026 15:12:15.272] [main/DEBUG] [touhou_little_maid/ServerCustomPackLoader]: Loaded model info: geckolib:sta
[258月2026 15:12:15.272] [main/DEBUG] [touhou_little_maid/ServerCustomPackLoader]: Loaded model info: geckolib:zhiban
[258月2026 15:12:15.272] [main/DEBUG] [touhou_little_maid/ServerCustomPackLoader]: Loaded model info: geckolib:zhiban_hanfu
[258月2026 15:12:15.272] [main/DEBUG] [touhou_little_maid/ServerCustomPackLoader]: Loaded model info: geckolib:zhiban_new_year
[258月2026 15:12:15.272] [main/DEBUG] [touhou_little_maid/ServerCustomPackLoader]: Loaded model info: geckolib:hailuo_new_year
[258月2026 15:12:15.272] [main/DEBUG] [touhou_little_maid/ServerCustomPackLoader]: Loaded model info: geckolib:kluonoa
[258月2026 15:12:15.272] [main/DEBUG] [touhou_little_maid/ServerCustomPackLoader]: Loaded model info: geckolib:foxmaid
[258月2026 15:12:15.272] [main/DEBUG] [touhou_little_maid/ServerCustomPackLoader]: Loaded model info: geckolib:rice_cake_fox
[258月2026 15:12:15.272] [main/DEBUG] [touhou_little_maid/ServerCustomPackLoader]: Touhou little maid mod's model is loaded
[258月2026 15:12:15.369] [main/DEBUG] [touhou_little_maid/ServerCustomPackLoader]: Touhou little maid mod's model is loading...
[258月2026 15:12:15.372] [main/DEBUG] [touhou_little_maid/ServerCustomPackLoader]: Loaded model info: geckolib:qingluka
[258月2026 15:12:15.373] [main/DEBUG] [touhou_little_maid/ServerCustomPackLoader]: Touhou little maid mod's model is loaded
[258月2026 15:12:15.373] [main/DEBUG] [touhou_little_maid/ServerCustomPackLoader]: Touhou little maid mod's model is loading...
[258月2026 15:12:15.373] [main/DEBUG] [touhou_little_maid/ServerCustomPackLoader]: Touhou little maid mod's model is loading...
[258月2026 15:12:15.373] [main/DEBUG] [touhou_little_maid/ServerCustomPackLoader]: Touhou little maid mod's model is loading...
[258月2026 15:12:15.374] [main/DEBUG] [touhou_little_maid/ServerCustomPackLoader]: Loaded model info: minecraft_15th:alex
[258月2026 15:12:15.374] [main/DEBUG] [touhou_little_maid/ServerCustomPackLoader]: Loaded model info: minecraft_15th:rana
[258月2026 15:12:15.374] [main/DEBUG] [touhou_little_maid/ServerCustomPackLoader]: Loaded model info: minecraft_15th:natalie
[258月2026 15:12:15.374] [main/DEBUG] [touhou_little_maid/ServerCustomPackLoader]: Loaded model info: minecraft_15th:dawn
[258月2026 15:12:15.374] [main/DEBUG] [touhou_little_maid/ServerCustomPackLoader]: Touhou little maid mod's model is loaded
[258月2026 15:12:15.374] [main/DEBUG] [touhou_little_maid/ServerCustomPackLoader]: Touhou little maid mod's model is loading...
[258月2026 15:12:15.374] [main/DEBUG] [touhou_little_maid/ServerCustomPackLoader]: Touhou little maid mod's model is loading...
[258月2026 15:12:15.374] [main/DEBUG] [touhou_little_maid/ServerCustomPackLoader]: Touhou little maid mod's model is loading...
[258月2026 15:12:15.375] [main/DEBUG] [touhou_little_maid/ServerCustomPackLoader]: Loaded model info: next_update_model:stage
[258月2026 15:12:15.375] [main/DEBUG] [touhou_little_maid/ServerCustomPackLoader]: Loaded model info: next_update_model:japanese_lottery_machine
[258月2026 15:12:15.375] [main/DEBUG] [touhou_little_maid/ServerCustomPackLoader]: Loaded model info: next_update_model:fishpond
[258月2026 15:12:15.375] [main/DEBUG] [touhou_little_maid/ServerCustomPackLoader]: Loaded model info: next_update_model:mine
[258月2026 15:12:15.375] [main/DEBUG] [touhou_little_maid/ServerCustomPackLoader]: Loaded model info: next_update_model:logging_hut
[258月2026 15:12:15.375] [main/DEBUG] [touhou_little_maid/ServerCustomPackLoader]: Loaded model info: next_update_model:kitchen
[258月2026 15:12:15.375] [main/DEBUG] [touhou_little_maid/ServerCustomPackLoader]: Loaded model info: next_update_model:dining_table_default
[258月2026 15:12:15.376] [main/DEBUG] [touhou_little_maid/ServerCustomPackLoader]: Loaded model info: next_update_model:dining_table_spring
[258月2026 15:12:15.376] [main/DEBUG] [touhou_little_maid/ServerCustomPackLoader]: Loaded model info: next_update_model:dining_table_summer
[258月2026 15:12:15.376] [main/DEBUG] [touhou_little_maid/ServerCustomPackLoader]: Loaded model info: next_update_model:dining_table_autumn
[258月2026 15:12:15.376] [main/DEBUG] [touhou_little_maid/ServerCustomPackLoader]: Loaded model info: next_update_model:dining_table_winter
[258月2026 15:12:15.376] [main/DEBUG] [touhou_little_maid/ServerCustomPackLoader]: Loaded model info: next_update_model:cumin_lamb_chop
[258月2026 15:12:15.376] [main/DEBUG] [touhou_little_maid/ServerCustomPackLoader]: Loaded model info: next_update_model:hot_spring
[258月2026 15:12:15.376] [main/DEBUG] [touhou_little_maid/ServerCustomPackLoader]: Loaded model info: next_update_model:picnic_cloth
[258月2026 15:12:15.376] [main/DEBUG] [touhou_little_maid/ServerCustomPackLoader]: Loaded model info: next_update_model:elite_slime
[258月2026 15:12:15.376] [main/DEBUG] [touhou_little_maid/ServerCustomPackLoader]: Loaded model info: next_update_model:slime
[258月2026 15:12:15.376] [main/DEBUG] [touhou_little_maid/ServerCustomPackLoader]: Loaded model info: next_update_model:flip_phone
[258月2026 15:12:15.376] [main/DEBUG] [touhou_little_maid/ServerCustomPackLoader]: Loaded model info: next_update_model:fox_demon_statue
[258月2026 15:12:15.376] [main/DEBUG] [touhou_little_maid/ServerCustomPackLoader]: Loaded model info: next_update_model:fox_demon_statue_1
[258月2026 15:12:15.376] [main/DEBUG] [touhou_little_maid/ServerCustomPackLoader]: Loaded model info: next_update_model:bathroom
[258月2026 15:12:15.376] [main/DEBUG] [touhou_little_maid/ServerCustomPackLoader]: Loaded model info: next_update_model:backpack
[258月2026 15:12:15.376] [main/DEBUG] [touhou_little_maid/ServerCustomPackLoader]: Loaded model info: next_update_model:cabinet
[258月2026 15:12:15.376] [main/DEBUG] [touhou_little_maid/ServerCustomPackLoader]: Loaded model info: next_update_model:single_bed
[258月2026 15:12:15.376] [main/DEBUG] [touhou_little_maid/ServerCustomPackLoader]: Loaded model info: next_update_model:double_bed
[258月2026 15:12:15.376] [main/DEBUG] [touhou_little_maid/ServerCustomPackLoader]: Loaded model info: next_update_model:shrine
[258月2026 15:12:15.376] [main/DEBUG] [touhou_little_maid/ServerCustomPackLoader]: Loaded model info: next_update_model:3d_printer
[258月2026 15:12:15.376] [main/DEBUG] [touhou_little_maid/ServerCustomPackLoader]: Loaded model info: next_update_model:doorbell_ground
[258月2026 15:12:15.376] [main/DEBUG] [touhou_little_maid/ServerCustomPackLoader]: Loaded model info: next_update_model:doorbell_wall
[258月2026 15:12:15.376] [main/DEBUG] [touhou_little_maid/ServerCustomPackLoader]: Loaded model info: next_update_model:exchange_machine
[258月2026 15:12:15.376] [main/DEBUG] [touhou_little_maid/ServerCustomPackLoader]: Touhou little maid mod's model is loaded
[258月2026 15:12:15.376] [main/DEBUG] [touhou_little_maid/ServerCustomPackLoader]: Touhou little maid mod's model is loading...
[258月2026 15:12:15.379] [main/DEBUG] [touhou_little_maid/ServerCustomPackLoader]: Loaded model info: touhou_little_maid:hakurei_reimu
[258月2026 15:12:15.380] [main/DEBUG] [touhou_little_maid/ServerCustomPackLoader]: Loaded model info: touhou_little_maid:hakurei_reimu_2
[258月2026 15:12:15.380] [main/DEBUG] [touhou_little_maid/ServerCustomPackLoader]: Loaded model info: touhou_little_maid:hakurei_reimu_type_b
[258月2026 15:12:15.380] [main/DEBUG] [touhou_little_maid/ServerCustomPackLoader]: Loaded model info: touhou_little_maid:hakurei_reimu_type_b_716c27087f2716348835e7775121532f
[258月2026 15:12:15.380] [main/DEBUG] [touhou_little_maid/ServerCustomPackLoader]: Loaded model info: touhou_little_maid:hakurei_reimu_type_b_1720614ea46709023787aae005df1134
[258月2026 15:12:15.380] [main/DEBUG] [touhou_little_maid/ServerCustomPackLoader]: Loaded model info: touhou_little_maid:hakurei_reimu_type_b_9cc0af67a94bdbb6dbae8056ab30c2bc
[258月2026 15:12:15.380] [main/DEBUG] [touhou_little_maid/ServerCustomPackLoader]: Loaded model info: touhou_little_maid:kirisame_marisa
[258月2026 15:12:15.380] [main/DEBUG] [touhou_little_maid/ServerCustomPackLoader]: Loaded model info: touhou_little_maid:kirisame_marisa_2
[258月2026 15:12:15.380] [main/DEBUG] [touhou_little_maid/ServerCustomPackLoader]: Loaded model info: touhou_little_maid:rumia
[258月2026 15:12:15.380] [main/DEBUG] [touhou_little_maid/ServerCustomPackLoader]: Loaded model info: touhou_little_maid:daiyousei
[258月2026 15:12:15.380] [main/DEBUG] [touhou_little_maid/ServerCustomPackLoader]: Loaded model info: touhou_little_maid:cirno
[258月2026 15:12:15.380] [main/DEBUG] [touhou_little_maid/ServerCustomPackLoader]: Loaded model info: touhou_little_maid:cirno_maid
[258月2026 15:12:15.380] [main/DEBUG] [touhou_little_maid/ServerCustomPackLoader]: Loaded model info: touhou_little_maid:cirno_tan
[258月2026 15:12:15.380] [main/DEBUG] [touhou_little_maid/ServerCustomPackLoader]: Loaded model info: touhou_little_maid:cirno_slim
[258月2026 15:12:15.380] [main/DEBUG] [touhou_little_maid/ServerCustomPackLoader]: Loaded model info: touhou_little_maid:cirno_slim_43e8d943f0564065031ec0efc405edbb
[258月2026 15:12:15.380] [main/DEBUG] [touhou_little_maid/ServerCustomPackLoader]: Loaded model info: touhou_little_maid:cirno_slim_af6bc1a4e6e95433d0d72fe108ec09b7
[258月2026 15:12:15.380] [main/DEBUG] [touhou_little_maid/ServerCustomPackLoader]: Loaded model info: touhou_little_maid:hong_meiling
[258月2026 15:12:15.380] [main/DEBUG] [touhou_little_maid/ServerCustomPackLoader]: Loaded model info: touhou_little_maid:koakuma
[258月2026 15:12:15.380] [main/DEBUG] [touhou_little_maid/ServerCustomPackLoader]: Loaded model info: touhou_little_maid:patchouli_knowledge
[258月2026 15:12:15.380] [main/DEBUG] [touhou_little_maid/ServerCustomPackLoader]: Loaded model info: touhou_little_maid:patchouli_knowledge_2
[258月2026 15:12:15.380] [main/DEBUG] [touhou_little_maid/ServerCustomPackLoader]: Loaded model info: touhou_little_maid:izayoi_sakuya
[258月2026 15:12:15.380] [main/DEBUG] [touhou_little_maid/ServerCustomPackLoader]: Loaded model info: touhou_little_maid:remilia_scarlet
[258月2026 15:12:15.380] [main/DEBUG] [touhou_little_maid/ServerCustomPackLoader]: Loaded model info: touhou_little_maid:remilia_scarlet_2
[258月2026 15:12:15.380] [main/DEBUG] [touhou_little_maid/ServerCustomPackLoader]: Loaded model info: touhou_little_maid:flandre_scarlet
[258月2026 15:12:15.380] [main/DEBUG] [touhou_little_maid/ServerCustomPackLoader]: Loaded model info: touhou_little_maid:letty_whiterock
[258月2026 15:12:15.380] [main/DEBUG] [touhou_little_maid/ServerCustomPackLoader]: Loaded model info: touhou_little_maid:chen
[258月2026 15:12:15.380] [main/DEBUG] [touhou_little_maid/ServerCustomPackLoader]: Loaded model info: touhou_little_maid:alice_margatroid
[258月2026 15:12:15.380] [main/DEBUG] [touhou_little_maid/ServerCustomPackLoader]: Loaded model info: touhou_little_maid:shanghai_doll
[258月2026 15:12:15.380] [main/DEBUG] [touhou_little_maid/ServerCustomPackLoader]: Loaded model info: touhou_little_maid:hourai_doll
[258月2026 15:12:15.380] [main/DEBUG] [touhou_little_maid/ServerCustomPackLoader]: Loaded model info: touhou_little_maid:goliath_doll
[258月2026 15:12:15.380] [main/DEBUG] [touhou_little_maid/ServerCustomPackLoader]: Loaded model info: touhou_little_maid:lily_white
[258月2026 15:12:15.380] [main/DEBUG] [touhou_little_maid/ServerCustomPackLoader]: Loaded model info: touhou_little_maid:lily_black
[258月2026 15:12:15.380] [main/DEBUG] [touhou_little_maid/ServerCustomPackLoader]: Loaded model info: touhou_little_maid:lunasa_prismriver
[258月2026 15:12:15.380] [main/DEBUG] [touhou_little_maid/ServerCustomPackLoader]: Loaded model info: touhou_little_maid:merlin_prismriver
[258月2026 15:12:15.380] [main/DEBUG] [touhou_little_maid/ServerCustomPackLoader]: Loaded model info: touhou_little_maid:lyrica_prismriver
[258月2026 15:12:15.380] [main/DEBUG] [touhou_little_maid/ServerCustomPackLoader]: Loaded model info: touhou_little_maid:konpaku_youmu
[258月2026 15:12:15.380] [main/DEBUG] [touhou_little_maid/ServerCustomPackLoader]: Loaded model info: touhou_little_maid:saigyouji_yuyuko
[258月2026 15:12:15.380] [main/DEBUG] [touhou_little_maid/ServerCustomPackLoader]: Loaded model info: touhou_little_maid:yakumo_ran
[258月2026 15:12:15.380] [main/DEBUG] [touhou_little_maid/ServerCustomPackLoader]: Loaded model info: touhou_little_maid:yukari_yakumo
[258月2026 15:12:15.380] [main/DEBUG] [touhou_little_maid/ServerCustomPackLoader]: Loaded model info: touhou_little_maid:ibuki_suika
[258月2026 15:12:15.380] [main/DEBUG] [touhou_little_maid/ServerCustomPackLoader]: Loaded model info: touhou_little_maid:wriggle_nightbug
[258月2026 15:12:15.380] [main/DEBUG] [touhou_little_maid/ServerCustomPackLoader]: Loaded model info: touhou_little_maid:mystia_lorelei
[258月2026 15:12:15.380] [main/DEBUG] [touhou_little_maid/ServerCustomPackLoader]: Loaded model info: touhou_little_maid:keine_kamishirasawa
[258月2026 15:12:15.380] [main/DEBUG] [touhou_little_maid/ServerCustomPackLoader]: Loaded model info: touhou_little_maid:keine_kamishirasawa_2
[258月2026 15:12:15.380] [main/DEBUG] [touhou_little_maid/ServerCustomPackLoader]: Loaded model info: touhou_little_maid:tewi_inaba
[258月2026 15:12:15.380] [main/DEBUG] [touhou_little_maid/ServerCustomPackLoader]: Loaded model info: touhou_little_maid:reisen_udongein_inaba
[258月2026 15:12:15.380] [main/DEBUG] [touhou_little_maid/ServerCustomPackLoader]: Loaded model info: touhou_little_maid:yagokoro_eirin
[258月2026 15:12:15.380] [main/DEBUG] [touhou_little_maid/ServerCustomPackLoader]: Loaded model info: touhou_little_maid:houraisan_kaguya
[258月2026 15:12:15.380] [main/DEBUG] [touhou_little_maid/ServerCustomPackLoader]: Loaded model info: touhou_little_maid:fujiwara_no_mokou
[258月2026 15:12:15.380] [main/DEBUG] [touhou_little_maid/ServerCustomPackLoader]: Loaded model info: touhou_little_maid:syameimaru_aya
[258月2026 15:12:15.380] [main/DEBUG] [touhou_little_maid/ServerCustomPackLoader]: Loaded model info: touhou_little_maid:medicine_melancholy
[258月2026 15:12:15.380] [main/DEBUG] [touhou_little_maid/ServerCustomPackLoader]: Loaded model info: touhou_little_maid:kazami_yuka
[258月2026 15:12:15.380] [main/DEBUG] [touhou_little_maid/ServerCustomPackLoader]: Loaded model info: touhou_little_maid:onozuka_komachi
[258月2026 15:12:15.380] [main/DEBUG] [touhou_little_maid/ServerCustomPackLoader]: Loaded model info: touhou_little_maid:shikieiki_yamaxanadu
[258月2026 15:12:15.380] [main/DEBUG] [touhou_little_maid/ServerCustomPackLoader]: Loaded model info: touhou_little_maid:aki_sizuha
[258月2026 15:12:15.380] [main/DEBUG] [touhou_little_maid/ServerCustomPackLoader]: Loaded model info: touhou_little_maid:minoriko_aki
[258月2026 15:12:15.380] [main/DEBUG] [touhou_little_maid/ServerCustomPackLoader]: Loaded model info: touhou_little_maid:kagiyama_hina
[258月2026 15:12:15.380] [main/DEBUG] [touhou_little_maid/ServerCustomPackLoader]: Loaded model info: touhou_little_maid:kawasiro_nitori
[258月2026 15:12:15.380] [main/DEBUG] [touhou_little_maid/ServerCustomPackLoader]: Loaded model info: touhou_little_maid:inubashiri_momizi
[258月2026 15:12:15.380] [main/DEBUG] [touhou_little_maid/ServerCustomPackLoader]: Loaded model info: touhou_little_maid:kochiya_sanae
[258月2026 15:12:15.380] [main/DEBUG] [touhou_little_maid/ServerCustomPackLoader]: Loaded model info: touhou_little_maid:yasaka_kanako
[258月2026 15:12:15.380] [main/DEBUG] [touhou_little_maid/ServerCustomPackLoader]: Loaded model info: touhou_little_maid:moriya_suwako
[258月2026 15:12:15.380] [main/DEBUG] [touhou_little_maid/ServerCustomPackLoader]: Loaded model info: touhou_little_maid:nagae_iku
[258月2026 15:12:15.380] [main/DEBUG] [touhou_little_maid/ServerCustomPackLoader]: Loaded model info: touhou_little_maid:hinanawi_tenshi
[258月2026 15:12:15.380] [main/DEBUG] [touhou_little_maid/ServerCustomPackLoader]: Loaded model info: touhou_little_maid:kisume
[258月2026 15:12:15.380] [main/DEBUG] [touhou_little_maid/ServerCustomPackLoader]: Loaded model info: touhou_little_maid:kurodani_yamame
[258月2026 15:12:15.380] [main/DEBUG] [touhou_little_maid/ServerCustomPackLoader]: Loaded model info: touhou_little_maid:mizuhashi_parsee
[258月2026 15:12:15.380] [main/DEBUG] [touhou_little_maid/ServerCustomPackLoader]: Loaded model info: touhou_little_maid:hoshiguma_yugi
[258月2026 15:12:15.380] [main/DEBUG] [touhou_little_maid/ServerCustomPackLoader]: Loaded model info: touhou_little_maid:komeiji_satori
[258月2026 15:12:15.380] [main/DEBUG] [touhou_little_maid/ServerCustomPackLoader]: Loaded model info: touhou_little_maid:kaenbyou_rin
[258月2026 15:12:15.380] [main/DEBUG] [touhou_little_maid/ServerCustomPackLoader]: Loaded model info: touhou_little_maid:reiuji_utsuho
[258月2026 15:12:15.380] [main/DEBUG] [touhou_little_maid/ServerCustomPackLoader]: Loaded model info: touhou_little_maid:komeiji_koishi
[258月2026 15:12:15.380] [main/DEBUG] [touhou_little_maid/ServerCustomPackLoader]: Loaded model info: touhou_little_maid:komeiji_koishi_2
[258月2026 15:12:15.380] [main/DEBUG] [touhou_little_maid/ServerCustomPackLoader]: Loaded model info: touhou_little_maid:nazrin
[258月2026 15:12:15.380] [main/DEBUG] [touhou_little_maid/ServerCustomPackLoader]: Loaded model info: touhou_little_maid:tatara_kogasa
[258月2026 15:12:15.380] [main/DEBUG] [touhou_little_maid/ServerCustomPackLoader]: Loaded model info: touhou_little_maid:kumoi_ichirin
[258月2026 15:12:15.380] [main/DEBUG] [touhou_little_maid/ServerCustomPackLoader]: Loaded model info: touhou_little_maid:murasa_minamitsu
[258月2026 15:12:15.380] [main/DEBUG] [touhou_little_maid/ServerCustomPackLoader]: Loaded model info: touhou_little_maid:toramaru_shou
[258月2026 15:12:15.380] [main/DEBUG] [touhou_little_maid/ServerCustomPackLoader]: Loaded model info: touhou_little_maid:hijiri_byakuren
[258月2026 15:12:15.380] [main/DEBUG] [touhou_little_maid/ServerCustomPackLoader]: Loaded model info: touhou_little_maid:houjuu_nue
[258月2026 15:12:15.380] [main/DEBUG] [touhou_little_maid/ServerCustomPackLoader]: Loaded model info: touhou_little_maid:himekaidou_hatate
[258月2026 15:12:15.380] [main/DEBUG] [touhou_little_maid/ServerCustomPackLoader]: Loaded model info: touhou_little_maid:kasodani_kyouko
[258月2026 15:12:15.380] [main/DEBUG] [touhou_little_maid/ServerCustomPackLoader]: Loaded model info: touhou_little_maid:miyako_yoshika
[258月2026 15:12:15.380] [main/DEBUG] [touhou_little_maid/ServerCustomPackLoader]: Loaded model info: touhou_little_maid:kaku_seiga
[258月2026 15:12:15.380] [main/DEBUG] [touhou_little_maid/ServerCustomPackLoader]: Loaded model info: touhou_little_maid:mononobe_no_futo
[258月2026 15:12:15.380] [main/DEBUG] [touhou_little_maid/ServerCustomPackLoader]: Loaded model info: touhou_little_maid:toyosatomimi_no_miko
[258月2026 15:12:15.380] [main/DEBUG] [touhou_little_maid/ServerCustomPackLoader]: Loaded model info: touhou_little_maid:soga_no_toziko
[258月2026 15:12:15.380] [main/DEBUG] [touhou_little_maid/ServerCustomPackLoader]: Loaded model info: touhou_little_maid:hata_no_kokoro
[258月2026 15:12:15.380] [main/DEBUG] [touhou_little_maid/ServerCustomPackLoader]: Loaded model info: touhou_little_maid:hutatsuiwa_mamizou
[258月2026 15:12:15.380] [main/DEBUG] [touhou_little_maid/ServerCustomPackLoader]: Loaded model info: touhou_little_maid:wakasagihime
[258月2026 15:12:15.380] [main/DEBUG] [touhou_little_maid/ServerCustomPackLoader]: Loaded model info: touhou_little_maid:sekibanki
[258月2026 15:12:15.380] [main/DEBUG] [touhou_little_maid/ServerCustomPackLoader]: Loaded model info: touhou_little_maid:imaizumi_kagerou
[258月2026 15:12:15.380] [main/DEBUG] [touhou_little_maid/ServerCustomPackLoader]: Loaded model info: touhou_little_maid:tsukumo_yatsuhashi
[258月2026 15:12:15.380] [main/DEBUG] [touhou_little_maid/ServerCustomPackLoader]: Loaded model info: touhou_little_maid:tsukumo_benben
[258月2026 15:12:15.380] [main/DEBUG] [touhou_little_maid/ServerCustomPackLoader]: Loaded model info: touhou_little_maid:kijin_seija
[258月2026 15:12:15.380] [main/DEBUG] [touhou_little_maid/ServerCustomPackLoader]: Loaded model info: touhou_little_maid:sukuna_shinmyoumaru
[258月2026 15:12:15.380] [main/DEBUG] [touhou_little_maid/ServerCustomPackLoader]: Loaded model info: touhou_little_maid:horikawa_raiko
[258月2026 15:12:15.380] [main/DEBUG] [touhou_little_maid/ServerCustomPackLoader]: Loaded model info: touhou_little_maid:usami_sumireko
[258月2026 15:12:15.380] [main/DEBUG] [touhou_little_maid/ServerCustomPackLoader]: Loaded model info: touhou_little_maid:seiran
[258月2026 15:12:15.380] [main/DEBUG] [touhou_little_maid/ServerCustomPackLoader]: Loaded model info: touhou_little_maid:ringo
[258月2026 15:12:15.380] [main/DEBUG] [touhou_little_maid/ServerCustomPackLoader]: Loaded model info: touhou_little_maid:doremy_sweet
[258月2026 15:12:15.380] [main/DEBUG] [touhou_little_maid/ServerCustomPackLoader]: Loaded model info: touhou_little_maid:kisin_sagume
[258月2026 15:12:15.380] [main/DEBUG] [touhou_little_maid/ServerCustomPackLoader]: Loaded model info: touhou_little_maid:clownpiece
[258月2026 15:12:15.381] [main/DEBUG] [touhou_little_maid/ServerCustomPackLoader]: Loaded model info: touhou_little_maid:junko
[258月2026 15:12:15.381] [main/DEBUG] [touhou_little_maid/ServerCustomPackLoader]: Loaded model info: touhou_little_maid:hecatia_lapislazuli
[258月2026 15:12:15.381] [main/DEBUG] [touhou_little_maid/ServerCustomPackLoader]: Loaded model info: touhou_little_maid:yorigami_jyoon
[258月2026 15:12:15.381] [main/DEBUG] [touhou_little_maid/ServerCustomPackLoader]: Loaded model info: touhou_little_maid:yorigami_shion
[258月2026 15:12:15.381] [main/DEBUG] [touhou_little_maid/ServerCustomPackLoader]: Loaded model info: touhou_little_maid:eternity_larva
[258月2026 15:12:15.381] [main/DEBUG] [touhou_little_maid/ServerCustomPackLoader]: Loaded model info: touhou_little_maid:sakata_nemuno
[258月2026 15:12:15.381] [main/DEBUG] [touhou_little_maid/ServerCustomPackLoader]: Loaded model info: touhou_little_maid:komano_aunn
[258月2026 15:12:15.381] [main/DEBUG] [touhou_little_maid/ServerCustomPackLoader]: Loaded model info: touhou_little_maid:yatadera_narumi
[258月2026 15:12:15.381] [main/DEBUG] [touhou_little_maid/ServerCustomPackLoader]: Loaded model info: touhou_little_maid:nishida_satono
[258月2026 15:12:15.381] [main/DEBUG] [touhou_little_maid/ServerCustomPackLoader]: Loaded model info: touhou_little_maid:teireid_mai
[258月2026 15:12:15.381] [main/DEBUG] [touhou_little_maid/ServerCustomPackLoader]: Loaded model info: touhou_little_maid:matara_okina
[258月2026 15:12:15.381] [main/DEBUG] [touhou_little_maid/ServerCustomPackLoader]: Loaded model info: touhou_little_maid:ebisu_eika
[258月2026 15:12:15.381] [main/DEBUG] [touhou_little_maid/ServerCustomPackLoader]: Loaded model info: touhou_little_maid:ushizaki_urumi
[258月2026 15:12:15.381] [main/DEBUG] [touhou_little_maid/ServerCustomPackLoader]: Loaded model info: touhou_little_maid:niwatari_kutaka
[258月2026 15:12:15.381] [main/DEBUG] [touhou_little_maid/ServerCustomPackLoader]: Loaded model info: touhou_little_maid:kitcho_yachie
[258月2026 15:12:15.381] [main/DEBUG] [touhou_little_maid/ServerCustomPackLoader]: Loaded model info: touhou_little_maid:joutougu_mayumi
[258月2026 15:12:15.381] [main/DEBUG] [touhou_little_maid/ServerCustomPackLoader]: Loaded model info: touhou_little_maid:haniyasushin_keiki
[258月2026 15:12:15.381] [main/DEBUG] [touhou_little_maid/ServerCustomPackLoader]: Loaded model info: touhou_little_maid:kurokoma_saki
[258月2026 15:12:15.381] [main/DEBUG] [touhou_little_maid/ServerCustomPackLoader]: Loaded model info: touhou_little_maid:toutetsu_yuma
[258月2026 15:12:15.381] [main/DEBUG] [touhou_little_maid/ServerCustomPackLoader]: Loaded model info: touhou_little_maid:goutokuzi_mike
[258月2026 15:12:15.381] [main/DEBUG] [touhou_little_maid/ServerCustomPackLoader]: Loaded model info: touhou_little_maid:yamashiro_takane
[258月2026 15:12:15.381] [main/DEBUG] [touhou_little_maid/ServerCustomPackLoader]: Loaded model info: touhou_little_maid:komakusa_sannyo
[258月2026 15:12:15.381] [main/DEBUG] [touhou_little_maid/ServerCustomPackLoader]: Loaded model info: touhou_little_maid:tamatsukuri_misumaru
[258月2026 15:12:15.381] [main/DEBUG] [touhou_little_maid/ServerCustomPackLoader]: Loaded model info: touhou_little_maid:kudamaki_tsukasa
[258月2026 15:12:15.381] [main/DEBUG] [touhou_little_maid/ServerCustomPackLoader]: Loaded model info: touhou_little_maid:iizunamaru_megumu
[258月2026 15:12:15.381] [main/DEBUG] [touhou_little_maid/ServerCustomPackLoader]: Loaded model info: touhou_little_maid:tenkyu_chimata
[258月2026 15:12:15.381] [main/DEBUG] [touhou_little_maid/ServerCustomPackLoader]: Loaded model info: touhou_little_maid:himemushi_momoyo
[258月2026 15:12:15.381] [main/DEBUG] [touhou_little_maid/ServerCustomPackLoader]: Loaded model info: touhou_little_maid:son_biten
[258月2026 15:12:15.381] [main/DEBUG] [touhou_little_maid/ServerCustomPackLoader]: Loaded model info: touhou_little_maid:mitsugashira_enoko
[258月2026 15:12:15.381] [main/DEBUG] [touhou_little_maid/ServerCustomPackLoader]: Loaded model info: touhou_little_maid:tenkajin_chiyari
[258月2026 15:12:15.381] [main/DEBUG] [touhou_little_maid/ServerCustomPackLoader]: Loaded model info: touhou_little_maid:yomotsu_hisami
[258月2026 15:12:15.381] [main/DEBUG] [touhou_little_maid/ServerCustomPackLoader]: Loaded model info: touhou_little_maid:nippaku_zanmu
[258月2026 15:12:15.381] [main/DEBUG] [touhou_little_maid/ServerCustomPackLoader]: Loaded model info: touhou_little_maid:ubame_chirizuka
[258月2026 15:12:15.381] [main/DEBUG] [touhou_little_maid/ServerCustomPackLoader]: Loaded model info: touhou_little_maid:chimi_houjuu
[258月2026 15:12:15.381] [main/DEBUG] [touhou_little_maid/ServerCustomPackLoader]: Loaded model info: touhou_little_maid:nareko_michigami
[258月2026 15:12:15.381] [main/DEBUG] [touhou_little_maid/ServerCustomPackLoader]: Loaded model info: touhou_little_maid:yuiman_asama
[258月2026 15:12:15.381] [main/DEBUG] [touhou_little_maid/ServerCustomPackLoader]: Loaded model info: touhou_little_maid:ariya_iwanaga
[258月2026 15:12:15.381] [main/DEBUG] [touhou_little_maid/ServerCustomPackLoader]: Loaded model info: touhou_little_maid:watari_nina
[258月2026 15:12:15.381] [main/DEBUG] [touhou_little_maid/ServerCustomPackLoader]: Loaded model info: touhou_little_maid:morichika_rinnosuke
[258月2026 15:12:15.381] [main/DEBUG] [touhou_little_maid/ServerCustomPackLoader]: Loaded model info: touhou_little_maid:tokiko
[258月2026 15:12:15.381] [main/DEBUG] [touhou_little_maid/ServerCustomPackLoader]: Loaded model info: touhou_little_maid:sunny_milk
[258月2026 15:12:15.381] [main/DEBUG] [touhou_little_maid/ServerCustomPackLoader]: Loaded model info: touhou_little_maid:luna_child
[258月2026 15:12:15.381] [main/DEBUG] [touhou_little_maid/ServerCustomPackLoader]: Loaded model info: touhou_little_maid:star_sapphire
[258月2026 15:12:15.381] [main/DEBUG] [touhou_little_maid/ServerCustomPackLoader]: Loaded model info: touhou_little_maid:watatsuki_no_toyohime
[258月2026 15:12:15.381] [main/DEBUG] [touhou_little_maid/ServerCustomPackLoader]: Loaded model info: touhou_little_maid:watatsuki_no_yorihime
[258月2026 15:12:15.381] [main/DEBUG] [touhou_little_maid/ServerCustomPackLoader]: Loaded model info: touhou_little_maid:reisen
[258月2026 15:12:15.381] [main/DEBUG] [touhou_little_maid/ServerCustomPackLoader]: Loaded model info: touhou_little_maid:hieda_no_akyuu
[258月2026 15:12:15.381] [main/DEBUG] [touhou_little_maid/ServerCustomPackLoader]: Loaded model info: touhou_little_maid:ibaraki_kasen
[258月2026 15:12:15.381] [main/DEBUG] [touhou_little_maid/ServerCustomPackLoader]: Loaded model info: touhou_little_maid:ibaraki_kasen_2
[258月2026 15:12:15.381] [main/DEBUG] [touhou_little_maid/ServerCustomPackLoader]: Loaded model info: touhou_little_maid:motoori_kosuzu
[258月2026 15:12:15.381] [main/DEBUG] [touhou_little_maid/ServerCustomPackLoader]: Loaded model info: touhou_little_maid:miyadeguchi_mizuchi
[258月2026 15:12:15.381] [main/DEBUG] [touhou_little_maid/ServerCustomPackLoader]: Loaded model info: touhou_little_maid:miyoi_okunoda
[258月2026 15:12:15.381] [main/DEBUG] [touhou_little_maid/ServerCustomPackLoader]: Loaded model info: touhou_little_maid:usami_renko
[258月2026 15:12:15.381] [main/DEBUG] [touhou_little_maid/ServerCustomPackLoader]: Loaded model info: touhou_little_maid:maribel_hearn
[258月2026 15:12:15.381] [main/DEBUG] [touhou_little_maid/ServerCustomPackLoader]: Loaded model info: touhou_little_maid:satsuki_rin
[258月2026 15:12:15.381] [main/DEBUG] [touhou_little_maid/ServerCustomPackLoader]: Touhou little maid mod's model is loaded
[258月2026 15:12:15.381] [main/DEBUG] [touhou_little_maid/ServerCustomPackLoader]: Touhou little maid mod's model is loading...
[258月2026 15:12:15.383] [main/DEBUG] [touhou_little_maid/ServerCustomPackLoader]: Loaded model info: touhou_little_maid:cushion
[258月2026 15:12:15.383] [main/DEBUG] [touhou_little_maid/ServerCustomPackLoader]: Loaded model info: touhou_little_maid:class_desk
[258月2026 15:12:15.383] [main/DEBUG] [touhou_little_maid/ServerCustomPackLoader]: Loaded model info: touhou_little_maid:class_chair
[258月2026 15:12:15.383] [main/DEBUG] [touhou_little_maid/ServerCustomPackLoader]: Loaded model info: touhou_little_maid:kotatsu
[258月2026 15:12:15.383] [main/DEBUG] [touhou_little_maid/ServerCustomPackLoader]: Loaded model info: touhou_little_maid:play_station
[258月2026 15:12:15.383] [main/DEBUG] [touhou_little_maid/ServerCustomPackLoader]: Loaded model info: touhou_little_maid:tall_stool
[258月2026 15:12:15.383] [main/DEBUG] [touhou_little_maid/ServerCustomPackLoader]: Loaded model info: touhou_little_maid:low_stool
[258月2026 15:12:15.383] [main/DEBUG] [touhou_little_maid/ServerCustomPackLoader]: Loaded model info: touhou_little_maid:barbecue_booth
[258月2026 15:12:15.383] [main/DEBUG] [touhou_little_maid/ServerCustomPackLoader]: Loaded model info: touhou_little_maid:barbecue_booth_2
[258月2026 15:12:15.383] [main/DEBUG] [touhou_little_maid/ServerCustomPackLoader]: Loaded model info: touhou_little_maid:long_stool
[258月2026 15:12:15.383] [main/DEBUG] [touhou_little_maid/ServerCustomPackLoader]: Loaded model info: touhou_little_maid:square_table
[258月2026 15:12:15.383] [main/DEBUG] [touhou_little_maid/ServerCustomPackLoader]: Loaded model info: touhou_little_maid:mahjong_table
[258月2026 15:12:15.383] [main/DEBUG] [touhou_little_maid/ServerCustomPackLoader]: Loaded model info: touhou_little_maid:beach_chair
[258月2026 15:12:15.383] [main/DEBUG] [touhou_little_maid/ServerCustomPackLoader]: Loaded model info: touhou_little_maid:parasol
[258月2026 15:12:15.383] [main/DEBUG] [touhou_little_maid/ServerCustomPackLoader]: Loaded model info: touhou_little_maid:water_wheel
[258月2026 15:12:15.383] [main/DEBUG] [touhou_little_maid/ServerCustomPackLoader]: Loaded model info: touhou_little_maid:saisen_bako
[258月2026 15:12:15.383] [main/DEBUG] [touhou_little_maid/ServerCustomPackLoader]: Loaded model info: touhou_little_maid:well
[258月2026 15:12:15.383] [main/DEBUG] [touhou_little_maid/ServerCustomPackLoader]: Loaded model info: touhou_little_maid:torii
[258月2026 15:12:15.383] [main/DEBUG] [touhou_little_maid/ServerCustomPackLoader]: Loaded model info: touhou_little_maid:torii_2
[258月2026 15:12:15.383] [main/DEBUG] [touhou_little_maid/ServerCustomPackLoader]: Loaded model info: touhou_little_maid:torii_3
[258月2026 15:12:15.383] [main/DEBUG] [touhou_little_maid/ServerCustomPackLoader]: Loaded model info: touhou_little_maid:ema
[258月2026 15:12:15.383] [main/DEBUG] [touhou_little_maid/ServerCustomPackLoader]: Loaded model info: touhou_little_maid:anti_collision_bucket
[258月2026 15:12:15.383] [main/DEBUG] [touhou_little_maid/ServerCustomPackLoader]: Loaded model info: touhou_little_maid:park_bench
[258月2026 15:12:15.383] [main/DEBUG] [touhou_little_maid/ServerCustomPackLoader]: Loaded model info: touhou_little_maid:rinnosuke_children_toys
[258月2026 15:12:15.383] [main/DEBUG] [touhou_little_maid/ServerCustomPackLoader]: Loaded model info: touhou_little_maid:moto
[258月2026 15:12:15.383] [main/DEBUG] [touhou_little_maid/ServerCustomPackLoader]: Loaded model info: touhou_little_maid:bowl
[258月2026 15:12:15.383] [main/DEBUG] [touhou_little_maid/ServerCustomPackLoader]: Loaded model info: touhou_little_maid:lucky_cat_2m
[258月2026 15:12:15.383] [main/DEBUG] [touhou_little_maid/ServerCustomPackLoader]: Loaded model info: touhou_little_maid:yumemi_strawberry_milk
[258月2026 15:12:15.383] [main/DEBUG] [touhou_little_maid/ServerCustomPackLoader]: Loaded model info: touhou_little_maid:crystalizedsuns_moms_tombstone
[258月2026 15:12:15.383] [main/DEBUG] [touhou_little_maid/ServerCustomPackLoader]: Loaded model info: touhou_little_maid:legendary_pig_man
[258月2026 15:12:15.383] [main/DEBUG] [touhou_little_maid/ServerCustomPackLoader]: Loaded model info: touhou_little_maid:head_of_academycraft
[258月2026 15:12:15.383] [main/DEBUG] [touhou_little_maid/ServerCustomPackLoader]: Loaded model info: touhou_little_maid:fogg05
[258月2026 15:12:15.383] [main/DEBUG] [touhou_little_maid/ServerCustomPackLoader]: Loaded model info: touhou_little_maid:native_drum
[258月2026 15:12:15.383] [main/DEBUG] [touhou_little_maid/ServerCustomPackLoader]: Touhou little maid mod's model is loaded
[258月2026 15:12:15.383] [main/DEBUG] [touhou_little_maid/ServerCustomPackLoader]: Touhou little maid mod's model is loading...
[258月2026 15:12:15.385] [main/DEBUG] [touhou_little_maid/ServerCustomPackLoader]: Loaded model info: touhou_little_maid_old:reimu_hakurei
[258月2026 15:12:15.385] [main/DEBUG] [touhou_little_maid/ServerCustomPackLoader]: Loaded model info: touhou_little_maid_old:singyoku2
[258月2026 15:12:15.385] [main/DEBUG] [touhou_little_maid/ServerCustomPackLoader]: Loaded model info: touhou_little_maid_old:singyoku3
[258月2026 15:12:15.385] [main/DEBUG] [touhou_little_maid/ServerCustomPackLoader]: Loaded model info: touhou_little_maid_old:mima
[258月2026 15:12:15.385] [main/DEBUG] [touhou_little_maid/ServerCustomPackLoader]: Loaded model info: touhou_little_maid_old:kikuri
[258月2026 15:12:15.385] [main/DEBUG] [touhou_little_maid/ServerCustomPackLoader]: Loaded model info: touhou_little_maid_old:konngara
[258月2026 15:12:15.385] [main/DEBUG] [touhou_little_maid/ServerCustomPackLoader]: Loaded model info: touhou_little_maid_old:yuugen_magan
[258月2026 15:12:15.385] [main/DEBUG] [touhou_little_maid/ServerCustomPackLoader]: Loaded model info: touhou_little_maid_old:elis
[258月2026 15:12:15.385] [main/DEBUG] [touhou_little_maid/ServerCustomPackLoader]: Loaded model info: touhou_little_maid_old:sariel
[258月2026 15:12:15.385] [main/DEBUG] [touhou_little_maid/ServerCustomPackLoader]: Loaded model info: touhou_little_maid_old:genjii
[258月2026 15:12:15.385] [main/DEBUG] [touhou_little_maid/ServerCustomPackLoader]: Loaded model info: touhou_little_maid_old:rika
[258月2026 15:12:15.385] [main/DEBUG] [touhou_little_maid/ServerCustomPackLoader]: Loaded model info: touhou_little_maid_old:meira
[258月2026 15:12:15.385] [main/DEBUG] [touhou_little_maid/ServerCustomPackLoader]: Loaded model info: touhou_little_maid_old:kirisame_marisa
[258月2026 15:12:15.385] [main/DEBUG] [touhou_little_maid/ServerCustomPackLoader]: Loaded model info: touhou_little_maid_old:ellen
[258月2026 15:12:15.385] [main/DEBUG] [touhou_little_maid/ServerCustomPackLoader]: Loaded model info: touhou_little_maid_old:kotohime
[258月2026 15:12:15.385] [main/DEBUG] [touhou_little_maid/ServerCustomPackLoader]: Loaded model info: touhou_little_maid_old:kana_anaberal
[258月2026 15:12:15.385] [main/DEBUG] [touhou_little_maid/ServerCustomPackLoader]: Loaded model info: touhou_little_maid_old:rikako_asakura
[258月2026 15:12:15.385] [main/DEBUG] [touhou_little_maid/ServerCustomPackLoader]: Loaded model info: touhou_little_maid_old:chiyuri_kitashirakawa
[258月2026 15:12:15.385] [main/DEBUG] [touhou_little_maid/ServerCustomPackLoader]: Loaded model info: touhou_little_maid_old:yumemi_okazaki
[258月2026 15:12:15.385] [main/DEBUG] [touhou_little_maid/ServerCustomPackLoader]: Loaded model info: touhou_little_maid_old:orange
[258月2026 15:12:15.385] [main/DEBUG] [touhou_little_maid/ServerCustomPackLoader]: Loaded model info: touhou_little_maid_old:kurumi
[258月2026 15:12:15.385] [main/DEBUG] [touhou_little_maid/ServerCustomPackLoader]: Loaded model info: touhou_little_maid_old:elly
[258月2026 15:12:15.385] [main/DEBUG] [touhou_little_maid/ServerCustomPackLoader]: Loaded model info: touhou_little_maid_old:yuuka_old
[258月2026 15:12:15.385] [main/DEBUG] [touhou_little_maid/ServerCustomPackLoader]: Loaded model info: touhou_little_maid_old:mugetsu
[258月2026 15:12:15.385] [main/DEBUG] [touhou_little_maid/ServerCustomPackLoader]: Loaded model info: touhou_little_maid_old:gengetsu
[258月2026 15:12:15.385] [main/DEBUG] [touhou_little_maid/ServerCustomPackLoader]: Loaded model info: touhou_little_maid_old:sara
[258月2026 15:12:15.385] [main/DEBUG] [touhou_little_maid/ServerCustomPackLoader]: Loaded model info: touhou_little_maid_old:louise
[258月2026 15:12:15.385] [main/DEBUG] [touhou_little_maid/ServerCustomPackLoader]: Loaded model info: touhou_little_maid_old:alice
[258月2026 15:12:15.385] [main/DEBUG] [touhou_little_maid/ServerCustomPackLoader]: Loaded model info: touhou_little_maid_old:yuki
[258月2026 15:12:15.385] [main/DEBUG] [touhou_little_maid/ServerCustomPackLoader]: Loaded model info: touhou_little_maid_old:mai
[258月2026 15:12:15.385] [main/DEBUG] [touhou_little_maid/ServerCustomPackLoader]: Loaded model info: touhou_little_maid_old:yumeko
[258月2026 15:12:15.385] [main/DEBUG] [touhou_little_maid/ServerCustomPackLoader]: Loaded model info: touhou_little_maid_old:shinki
[258月2026 15:12:15.385] [main/DEBUG] [touhou_little_maid/ServerCustomPackLoader]: Loaded model info: touhou_little_maid_old:ruukoto
[258月2026 15:12:15.385] [main/DEBUG] [touhou_little_maid/ServerCustomPackLoader]: Loaded model info: touhou_little_maid_old:trump_king
[258月2026 15:12:15.385] [main/DEBUG] [touhou_little_maid/ServerCustomPackLoader]: Touhou little maid mod's model is loaded
[258月2026 15:12:15.385] [main/DEBUG] [touhou_little_maid/ServerCustomPackLoader]: Touhou little maid mod's model is loading...
[258月2026 15:12:15.385] [main/DEBUG] [touhou_little_maid/ServerCustomPackLoader]: Touhou little maid mod's model is loading...
[258月2026 15:12:15.386] [main/DEBUG] [touhou_little_maid/ServerCustomPackLoader]: Loaded model info: touhou_little_maid_seihou:vivit
[258月2026 15:12:15.386] [main/DEBUG] [touhou_little_maid/ServerCustomPackLoader]: Loaded model info: touhou_little_maid_seihou:vivit_2
[258月2026 15:12:15.386] [main/DEBUG] [touhou_little_maid/ServerCustomPackLoader]: Loaded model info: touhou_little_maid_seihou:milia
[258月2026 15:12:15.386] [main/DEBUG] [touhou_little_maid/ServerCustomPackLoader]: Loaded model info: touhou_little_maid_seihou:mei
[258月2026 15:12:15.386] [main/DEBUG] [touhou_little_maid/ServerCustomPackLoader]: Loaded model info: touhou_little_maid_seihou:mai
[258月2026 15:12:15.386] [main/DEBUG] [touhou_little_maid/ServerCustomPackLoader]: Touhou little maid mod's model is loaded
[258月2026 15:12:15.386] [main/DEBUG] [touhou_little_maid/ServerCustomPackLoader]: Touhou little maid mod's model is loading...
[258月2026 15:12:15.409] [main/INFO] [eftlm_stylish/]: [DIAG] MaidSkillBuildEvent registered: stylish_combat (tab=ef_tlm:skills)
[258月2026 15:12:15.452] [Forge Version Check/INFO] [net.minecraftforge.fml.VersionChecker/]: [player_mobs] Starting version check at https://raw.githubusercontent.com/GoryMoon/PlayerMobs/update/versions.json
[258月2026 15:12:15.631] [Forge Version Check/WARN] [net.minecraftforge.fml.VersionChecker/]: Failed to process update information
javax.net.ssl.SSLHandshakeException: PKIX path building failed: sun.security.provider.certpath.SunCertPathBuilderException: unable to find valid certification path to requested target
	at jdk.internal.net.http.HttpClientImpl.send(HttpClientImpl.java:578) ~[java.net.http:?]
	at jdk.internal.net.http.HttpClientFacade.send(HttpClientFacade.java:123) ~[java.net.http:?]
	at net.minecraftforge.fml.VersionChecker$1.openUrlString(VersionChecker.java:142) ~[fmlcore-1.20.1-47.4.13.jar%23132!/:?]
	at net.minecraftforge.fml.VersionChecker$1.process(VersionChecker.java:180) ~[fmlcore-1.20.1-47.4.13.jar%23132!/:?]
	at java.lang.Iterable.forEach(Iterable.java:75) ~[?:?]
	at net.minecraftforge.fml.VersionChecker$1.run(VersionChecker.java:117) ~[fmlcore-1.20.1-47.4.13.jar%23132!/:?]
Caused by: javax.net.ssl.SSLHandshakeException: PKIX path building failed: sun.security.provider.certpath.SunCertPathBuilderException: unable to find valid certification path to requested target
	at sun.security.ssl.Alert.createSSLException(Alert.java:131) ~[?:?]
	at sun.security.ssl.TransportContext.fatal(TransportContext.java:378) ~[?:?]
	at sun.security.ssl.TransportContext.fatal(TransportContext.java:321) ~[?:?]
	at sun.security.ssl.TransportContext.fatal(TransportContext.java:316) ~[?:?]
	at sun.security.ssl.CertificateMessage$T13CertificateConsumer.checkServerCerts(CertificateMessage.java:1351) ~[?:?]
	at sun.security.ssl.CertificateMessage$T13CertificateConsumer.onConsumeCertificate(CertificateMessage.java:1226) ~[?:?]
	at sun.security.ssl.CertificateMessage$T13CertificateConsumer.consume(CertificateMessage.java:1169) ~[?:?]
	at sun.security.ssl.SSLHandshake.consume(SSLHandshake.java:396) ~[?:?]
	at sun.security.ssl.HandshakeContext.dispatch(HandshakeContext.java:480) ~[?:?]
	at sun.security.ssl.SSLEngineImpl$DelegatedTask$DelegatedAction.run(SSLEngineImpl.java:1277) ~[?:?]
	at sun.security.ssl.SSLEngineImpl$DelegatedTask$DelegatedAction.run(SSLEngineImpl.java:1264) ~[?:?]
	at java.security.AccessController.doPrivileged(AccessController.java:712) ~[?:?]
	at sun.security.ssl.SSLEngineImpl$DelegatedTask.run(SSLEngineImpl.java:1209) ~[?:?]
	at java.util.ArrayList.forEach(ArrayList.java:1511) ~[?:?]
	at jdk.internal.net.http.common.SSLFlowDelegate.lambda$executeTasks$3(SSLFlowDelegate.java:1118) ~[java.net.http:?]
	at jdk.internal.net.http.HttpClientImpl$DelegatingExecutor.execute(HttpClientImpl.java:157) ~[java.net.http:?]
	at jdk.internal.net.http.common.SSLFlowDelegate.executeTasks(SSLFlowDelegate.java:1113) ~[java.net.http:?]
	at jdk.internal.net.http.common.SSLFlowDelegate.doHandshake(SSLFlowDelegate.java:1079) ~[java.net.http:?]
	at jdk.internal.net.http.common.SSLFlowDelegate$Reader.processData(SSLFlowDelegate.java:484) ~[java.net.http:?]
	at jdk.internal.net.http.common.SSLFlowDelegate$Reader$ReaderDownstreamPusher.run(SSLFlowDelegate.java:268) ~[java.net.http:?]
	at jdk.internal.net.http.common.SequentialScheduler$LockingRestartableTask.run(SequentialScheduler.java:205) ~[java.net.http:?]
	at jdk.internal.net.http.common.SequentialScheduler$CompleteRestartableTask.run(SequentialScheduler.java:149) ~[java.net.http:?]
	at jdk.internal.net.http.common.SequentialScheduler$TryEndDeferredCompleter.complete(SequentialScheduler.java:347) ~[java.net.http:?]
	at jdk.internal.net.http.common.SequentialScheduler$CompleteRestartableTask.run(SequentialScheduler.java:151) ~[java.net.http:?]
	at jdk.internal.net.http.common.SequentialScheduler$SchedulableTask.run(SequentialScheduler.java:230) ~[java.net.http:?]
	at java.util.concurrent.ThreadPoolExecutor.runWorker(ThreadPoolExecutor.java:1136) ~[?:?]
	at java.util.concurrent.ThreadPoolExecutor$Worker.run(ThreadPoolExecutor.java:635) ~[?:?]
	at java.lang.Thread.run(Thread.java:842) ~[?:?]
Caused by: sun.security.validator.ValidatorException: PKIX path building failed: sun.security.provider.certpath.SunCertPathBuilderException: unable to find valid certification path to requested target
	at sun.security.validator.PKIXValidator.doBuild(PKIXValidator.java:439) ~[?:?]
	at sun.security.validator.PKIXValidator.engineValidate(PKIXValidator.java:306) ~[?:?]
	at sun.security.validator.Validator.validate(Validator.java:264) ~[?:?]
	at sun.security.ssl.X509TrustManagerImpl.checkTrusted(X509TrustManagerImpl.java:285) ~[?:?]
	at sun.security.ssl.X509TrustManagerImpl.checkServerTrusted(X509TrustManagerImpl.java:144) ~[?:?]
	at sun.security.ssl.CertificateMessage$T13CertificateConsumer.checkServerCerts(CertificateMessage.java:1329) ~[?:?]
	at sun.security.ssl.CertificateMessage$T13CertificateConsumer.onConsumeCertificate(CertificateMessage.java:1226) ~[?:?]
	at sun.security.ssl.CertificateMessage$T13CertificateConsumer.consume(CertificateMessage.java:1169) ~[?:?]
	at sun.security.ssl.SSLHandshake.consume(SSLHandshake.java:396) ~[?:?]
	at sun.security.ssl.HandshakeContext.dispatch(HandshakeContext.java:480) ~[?:?]
	at sun.security.ssl.SSLEngineImpl$DelegatedTask$DelegatedAction.run(SSLEngineImpl.java:1277) ~[?:?]
	at sun.security.ssl.SSLEngineImpl$DelegatedTask$DelegatedAction.run(SSLEngineImpl.java:1264) ~[?:?]
	at java.security.AccessController.doPrivileged(AccessController.java:712) ~[?:?]
	at sun.security.ssl.SSLEngineImpl$DelegatedTask.run(SSLEngineImpl.java:1209) ~[?:?]
	at java.util.ArrayList.forEach(ArrayList.java:1511) ~[?:?]
	at jdk.internal.net.http.common.SSLFlowDelegate.lambda$executeTasks$3(SSLFlowDelegate.java:1118) ~[java.net.http:?]
	at jdk.internal.net.http.HttpClientImpl$DelegatingExecutor.execute(HttpClientImpl.java:157) ~[java.net.http:?]
	at jdk.internal.net.http.common.SSLFlowDelegate.executeTasks(SSLFlowDelegate.java:1113) ~[java.net.http:?]
	at jdk.internal.net.http.common.SSLFlowDelegate.doHandshake(SSLFlowDelegate.java:1079) ~[java.net.http:?]
	at jdk.internal.net.http.common.SSLFlowDelegate$Reader.processData(SSLFlowDelegate.java:484) ~[java.net.http:?]
	at jdk.internal.net.http.common.SSLFlowDelegate$Reader$ReaderDownstreamPusher.run(SSLFlowDelegate.java:268) ~[java.net.http:?]
	at jdk.internal.net.http.common.SequentialScheduler$LockingRestartableTask.run(SequentialScheduler.java:205) ~[java.net.http:?]
	at jdk.internal.net.http.common.SequentialScheduler$CompleteRestartableTask.run(SequentialScheduler.java:149) ~[java.net.http:?]
	at jdk.internal.net.http.common.SequentialScheduler$TryEndDeferredCompleter.complete(SequentialScheduler.java:347) ~[java.net.http:?]
	at jdk.internal.net.http.common.SequentialScheduler$CompleteRestartableTask.run(SequentialScheduler.java:151) ~[java.net.http:?]
	at jdk.internal.net.http.common.SequentialScheduler$SchedulableTask.run(SequentialScheduler.java:230) ~[java.net.http:?]
	at java.util.concurrent.ThreadPoolExecutor.runWorker(ThreadPoolExecutor.java:1136) ~[?:?]
	at java.util.concurrent.ThreadPoolExecutor$Worker.run(ThreadPoolExecutor.java:635) ~[?:?]
	at java.lang.Thread.run(Thread.java:842) ~[?:?]
Caused by: sun.security.provider.certpath.SunCertPathBuilderException: unable to find valid certification path to requested target
	at sun.security.provider.certpath.SunCertPathBuilder.build(SunCertPathBuilder.java:148) ~[?:?]
	at sun.security.provider.certpath.SunCertPathBuilder.engineBuild(SunCertPathBuilder.java:129) ~[?:?]
	at java.security.cert.CertPathBuilder.build(CertPathBuilder.java:297) ~[?:?]
	at sun.security.validator.PKIXValidator.doBuild(PKIXValidator.java:434) ~[?:?]
	at sun.security.validator.PKIXValidator.engineValidate(PKIXValidator.java:306) ~[?:?]
	at sun.security.validator.Validator.validate(Validator.java:264) ~[?:?]
	at sun.security.ssl.X509TrustManagerImpl.checkTrusted(X509TrustManagerImpl.java:285) ~[?:?]
	at sun.security.ssl.X509TrustManagerImpl.checkServerTrusted(X509TrustManagerImpl.java:144) ~[?:?]
	at sun.security.ssl.CertificateMessage$T13CertificateConsumer.checkServerCerts(CertificateMessage.java:1329) ~[?:?]
	at sun.security.ssl.CertificateMessage$T13CertificateConsumer.onConsumeCertificate(CertificateMessage.java:1226) ~[?:?]
	at sun.security.ssl.CertificateMessage$T13CertificateConsumer.consume(CertificateMessage.java:1169) ~[?:?]
	at sun.security.ssl.SSLHandshake.consume(SSLHandshake.java:396) ~[?:?]
	at sun.security.ssl.HandshakeContext.dispatch(HandshakeContext.java:480) ~[?:?]
	at sun.security.ssl.SSLEngineImpl$DelegatedTask$DelegatedAction.run(SSLEngineImpl.java:1277) ~[?:?]
	at sun.security.ssl.SSLEngineImpl$DelegatedTask$DelegatedAction.run(SSLEngineImpl.java:1264) ~[?:?]
	at java.security.AccessController.doPrivileged(AccessController.java:712) ~[?:?]
	at sun.security.ssl.SSLEngineImpl$DelegatedTask.run(SSLEngineImpl.java:1209) ~[?:?]
	at java.util.ArrayList.forEach(ArrayList.java:1511) ~[?:?]
	at jdk.internal.net.http.common.SSLFlowDelegate.lambda$executeTasks$3(SSLFlowDelegate.java:1118) ~[java.net.http:?]
	at jdk.internal.net.http.HttpClientImpl$DelegatingExecutor.execute(HttpClientImpl.java:157) ~[java.net.http:?]
	at jdk.internal.net.http.common.SSLFlowDelegate.executeTasks(SSLFlowDelegate.java:1113) ~[java.net.http:?]
	at jdk.internal.net.http.common.SSLFlowDelegate.doHandshake(SSLFlowDelegate.java:1079) ~[java.net.http:?]
	at jdk.internal.net.http.common.SSLFlowDelegate$Reader.processData(SSLFlowDelegate.java:484) ~[java.net.http:?]
	at jdk.internal.net.http.common.SSLFlowDelegate$Reader$ReaderDownstreamPusher.run(SSLFlowDelegate.java:268) ~[java.net.http:?]
	at jdk.internal.net.http.common.SequentialScheduler$LockingRestartableTask.run(SequentialScheduler.java:205) ~[java.net.http:?]
	at jdk.internal.net.http.common.SequentialScheduler$CompleteRestartableTask.run(SequentialScheduler.java:149) ~[java.net.http:?]
	at jdk.internal.net.http.common.SequentialScheduler$TryEndDeferredCompleter.complete(SequentialScheduler.java:347) ~[java.net.http:?]
	at jdk.internal.net.http.common.SequentialScheduler$CompleteRestartableTask.run(SequentialScheduler.java:151) ~[java.net.http:?]
	at jdk.internal.net.http.common.SequentialScheduler$SchedulableTask.run(SequentialScheduler.java:230) ~[java.net.http:?]
	at java.util.concurrent.ThreadPoolExecutor.runWorker(ThreadPoolExecutor.java:1136) ~[?:?]
	at java.util.concurrent.ThreadPoolExecutor$Worker.run(ThreadPoolExecutor.java:635) ~[?:?]
	at java.lang.Thread.run(Thread.java:842) ~[?:?]
[258月2026 15:12:15.633] [Forge Version Check/INFO] [net.minecraftforge.fml.VersionChecker/]: [forge] Starting version check at https://files.minecraftforge.net/net/minecraftforge/forge/promotions_slim.json
[258月2026 15:12:15.712] [main/DEBUG] [com.merlin204.avalon.main.AvalonMOD/]: Avalon自动注册 EntityPatch: epic_fight_avalon:animation_texture_vfx -> VFXEntityPatch
[258月2026 15:12:15.712] [main/DEBUG] [com.merlin204.avalon.main.AvalonMOD/]: Avalon自动注册 EntityPatch: epic_fight_avalon:shake_wave -> VFXEntityPatch
[258月2026 15:12:15.712] [main/DEBUG] [com.merlin204.avalon.main.AvalonMOD/]: Avalon自动注册 EntityPatch: epic_fight_avalon:vfx -> VFXEntityPatch
[258月2026 15:12:15.721] [main/DEBUG] [net.minecraftforge.fml.DeferredWorkQueue/LOADING]: Synchronous work queue completed in 471.5 ms
[258月2026 15:12:15.724] [main/DEBUG] [net.minecraftforge.fml.DeferredWorkQueue/LOADING]: Dispatching synchronous work for work queue ENQUEUE_IMC: 9 jobs
[258月2026 15:12:15.730] [main/DEBUG] [net.minecraftforge.fml.DeferredWorkQueue/LOADING]: Synchronous work queue completed in 5.080 ms
[258月2026 15:12:15.731] [main/DEBUG] [net.minecraftforge.fml.DeferredWorkQueue/LOADING]: Dispatching synchronous work for work queue COMPLETE: 1 jobs
[258月2026 15:12:15.734] [main/DEBUG] [net.minecraftforge.fml.DeferredWorkQueue/LOADING]: Synchronous work queue completed in 2.187 ms
[258月2026 15:12:16.646] [main/INFO] [epicfight/]: Data keys [invincible:cooldown, invincible:left, invincible:parry_timer, invincible:up, invincible:down, invincible:right, invincible:dodge_success_timer] for invincible:combo_demo
[258月2026 15:12:16.647] [main/INFO] [epicfight/]: Data keys [epicfight:combo_counter, epicfight:basic_attack_active] for epicfight:basic_attack
[258月2026 15:12:16.647] [main/INFO] [epicfight/]: Data keys [epicfight:penalty_restore_counter, epicfight:penalty] for epicfight:guard
[258月2026 15:12:16.648] [main/INFO] [epicfight/]: Data keys [epicfight:penalty_restore_counter, epicfight:last_active, epicfight:parry_motion_counter, epicfight:penalty] for epicfight:parrying
[258月2026 15:12:16.649] [main/INFO] [epicfight/]: Data keys [epicfight:penalty_restore_counter, epicfight:penalty] for epicfight:impact_guard
[258月2026 15:12:16.649] [main/INFO] [epicfight/]: Data keys [epicfight:resisting_damage_type, epicfight:stacks, epicfight:tick_record] for epicfight:adaptive_skin
[258月2026 15:12:16.649] [main/INFO] [epicfight/]: Data keys [epicfight:tick_record] for epicfight:adrenaline_fiend
[258月2026 15:12:16.649] [main/INFO] [epicfight/]: Data keys [epicfight:stacks, epicfight:entity_id] for epicfight:bonebreaker
[258月2026 15:12:16.649] [main/INFO] [epicfight/]: Data keys [epicfight:tick_record, epicfight:entity_id] for epicfight:vengeance
[258月2026 15:12:16.649] [main/INFO] [epicfight/]: Data keys [epicfight:slam_protect_next_fall, epicfight:fall_distance] for epicfight:meteor_slam
[258月2026 15:12:16.651] [main/INFO] [epicfight/]: Data keys [epicfight:stacks] for epicfight:revelation
[258月2026 15:12:16.651] [main/INFO] [epicfight/]: Data keys [epicfight:slam_protect_next_fall] for epicfight:demolition_leap
[258月2026 15:12:16.651] [main/INFO] [epicfight/]: Data keys [epicfight:slam_protect_next_fall, epicfight:jump_key_pressed_last_tick, epicfight:jump_count] for epicfight:phantom_ascent
[258月2026 15:12:16.651] [main/INFO] [epicfight/]: Data keys [epicfight:last_hit_count] for epicfight:grasping_spire
[258月2026 15:12:16.652] [main/INFO] [epicfight/]: Data keys [epicfight:sheath] for epicfight:battojutsu_passive
[258月2026 15:12:16.652] [main/INFO] [epicfight/]: Data keys [epicfight:sheath] for epicfight:battojutsu
[258月2026 15:12:16.652] [main/INFO] [epicfight/]: Data keys [epicfight:combo_counter] for epicfight:blade_rush
[258月2026 15:12:16.653] [main/INFO] [epicfight/]: Data keys [epicfight:thrown_trident_entity_id] for epicfight:everlasting_allegiance
[258月2026 15:12:16.653] [main/INFO] [epicfight/]: Data keys [wom:target_id] for wom:ender_obscuris
[258月2026 15:12:16.653] [main/INFO] [epicfight/]: Data keys [wom:timer_refresh, wom:timer, wom:dodge] for wom:dodge_master
[258月2026 15:12:16.654] [main/INFO] [epicfight/]: Data keys [wom:timer_refresh, wom:cooldown, wom:timer, wom:active, wom:dodge, wom:registered_position, wom:registered_health] for wom:time_travel
[258月2026 15:12:16.654] [main/INFO] [epicfight/]: Data keys [wom:cooldown] for wom:punishment_kick
[258月2026 15:12:16.654] [main/INFO] [epicfight/]: Data keys [epicfight:penalty_restore_counter, wom:parrying, wom:last_active, wom:consumprion_value, epicfight:penalty, wom:holding_rmb] for wom:counter_attack
[258月2026 15:12:16.655] [main/INFO] [epicfight/]: Data keys [wom:timer_refresh, wom:charge, epicfight:penalty_restore_counter, wom:cooldown, wom:timer, wom:holding_stance, wom:consumprion_value, epicfight:penalty, wom:vengence_duration] for wom:vengeful_parry
[258月2026 15:12:16.655] [main/INFO] [epicfight/]: Data keys [wom:charge, epicfight:penalty_restore_counter, wom:cooldown, wom:parrying, epicfight:penalty, wom:holding_rmb] for wom:perfect_bulwark
[258月2026 15:12:16.655] [main/INFO] [epicfight/]: Data keys [wom:charge, wom:cycle] for wom:soul_protection
[258月2026 15:12:16.655] [main/INFO] [epicfight/]: Data keys [wom:charge, wom:cycle] for wom:shulker_cloak
[258月2026 15:12:16.655] [main/INFO] [epicfight/]: Data keys [epicfight:penalty_restore_counter, wom:timer, wom:active, epicfight:penalty, wom:holding_rmb] for wom:buster_parade
[258月2026 15:12:16.656] [main/INFO] [epicfight/]: Data keys [wom:timer_refresh, wom:duree, wom:timer, wom:active] for wom:pain_anticipation
[258月2026 15:12:16.656] [main/INFO] [epicfight/]: Data keys [wom:timer_refresh, wom:duree, wom:timer, wom:active] for wom:latent_retribution
[258月2026 15:12:16.656] [main/INFO] [epicfight/]: Data keys [wom:rate, wom:power] for wom:critical_knowledge
[258月2026 15:12:16.656] [main/INFO] [epicfight/]: Data keys [wom:cooldown, wom:max_shield, wom:recovery_rate] for wom:heart_shield
[258月2026 15:12:16.656] [main/INFO] [epicfight/]: Data keys [wom:melody_index, wom:step, wom:saved_elapsed_time] for wom:dancing_blade
[258月2026 15:12:16.657] [main/INFO] [epicfight/]: Data keys [wom:timer_refresh, wom:duree, wom:timer, wom:active, wom:cycle, wom:stage] for wom:meditation
[258月2026 15:12:16.657] [main/INFO] [epicfight/]: Data keys [wom:cooldown] for wom:dopamine
[258月2026 15:12:16.657] [main/INFO] [epicfight/]: Data keys [wom:last_active] for wom:manipulator
[258月2026 15:12:16.657] [main/INFO] [epicfight/]: Data keys [wom:rate, wom:timer, wom:power, wom:stack] for wom:lethal_focus
[258月2026 15:12:16.657] [main/INFO] [epicfight/]: Data keys [wom:timer_refresh, wom:timer, wom:wall_glide, wom:angle, wom:wall_running, wom:jump_key_up] for wom:spider_techniques
[258月2026 15:12:16.657] [main/INFO] [epicfight/]: Data keys [wom:cooldown, wom:mermaid_movement, wom:diving, wom:crawling, wom:water_dashing, wom:consumprion_value, wom:jump_key_up] for wom:aqua_maneuvre
[258月2026 15:12:16.659] [main/INFO] [epicfight/]: Data keys [wom:timer, wom:active, wom:verso, wom:wall_glide, wom:buffing, wom:consumprion_value, wom:stage, wom:wall_running] for wom:natural_sprinter
[258月2026 15:12:16.659] [main/INFO] [epicfight/]: Data keys [wom:timer] for wom:lunatic_vivacity
[258月2026 15:12:16.659] [main/INFO] [epicfight/]: Data keys [wom:timer, wom:registered_health, wom:consumprion_value] for wom:voodoo_magic
[258月2026 15:12:16.659] [main/INFO] [epicfight/]: Data keys [wom:target_id, wom:target_distance] for wom:back_and_forth
[258月2026 15:12:16.659] [main/INFO] [epicfight/]: Data keys [wom:cooldown, wom:combo] for wom:shooting_style
[258月2026 15:12:16.659] [main/INFO] [epicfight/]: Data keys [wom:timer, wom:active] for wom:proximity_exploiter
[258月2026 15:12:16.659] [main/INFO] [epicfight/]: Data keys [wom:timer, wom:stack] for wom:all_eyes_on_you
[258月2026 15:12:16.659] [main/INFO] [epicfight/]: Data keys [wom:timer, wom:stack] for wom:all_eyes_on_me
[258月2026 15:12:16.660] [main/INFO] [epicfight/]: Data keys [wom:cooldown, wom:timer] for wom:avatar_of_might
[258月2026 15:12:16.661] [main/INFO] [epicfight/]: Data keys [wom:active, wom:attacks, wom:stack] for wom:agony_plunge
[258月2026 15:12:16.661] [main/INFO] [epicfight/]: Data keys [wom:timer_refresh, wom:timer, wom:active, wom:charging, wom:movespeed, wom:saved_charge, wom:charged_attack, wom:holding_rmb, wom:charged, wom:charging_time] for wom:torment_passive
[258月2026 15:12:16.662] [main/INFO] [epicfight/]: Data keys [wom:timer_refresh, wom:timer, wom:active] for wom:true_berserk
[258月2026 15:12:16.662] [main/INFO] [epicfight/]: Data keys [wom:stack] for wom:herrscher_passive
[258月2026 15:12:16.662] [main/INFO] [epicfight/]: Data keys [wom:timer_refresh, wom:strenght, wom:timer, wom:verso, wom:buffing, wom:buffed, wom:expiation, wom:redemptioon] for wom:plunder_perdition
[258月2026 15:12:16.663] [main/INFO] [epicfight/]: Data keys [wom:sheath] for wom:satsujin_passive
[258月2026 15:12:16.663] [main/INFO] [epicfight/]: Data keys [wom:charge, wom:active, wom:charging, wom:second_draw, wom:damage, wom:timer_refresh, wom:cooldown, wom:frequency, wom:timer, wom:attacks, wom:timedslash, wom:saved_charge, wom:holding_stance, wom:holding_rmb, wom:stack] for wom:sakura_state
[258月2026 15:12:16.663] [main/INFO] [epicfight/]: Data keys [wom:cooldown, wom:shoot, wom:using_item, wom:zoom, wom:reload_cooldown, wom:holding_rmb, wom:combo, wom:zoom_cooldown, wom:nofalldamage] for wom:ender_blast
[258月2026 15:12:16.664] [main/INFO] [epicfight/]: Data keys [wom:cooldown, wom:shoot, wom:using_item, wom:zoom, wom:side, wom:reload_cooldown, wom:holding_rmb, wom:combo, wom:zoom_cooldown, wom:nofalldamage] for wom:ender_fusion
[258月2026 15:12:16.664] [main/INFO] [epicfight/]: Data keys [wom:gesetz_sprengkopf, wom:cooldown, wom:parrying, wom:guard_point, wom:holding_stance, wom:guard_point_result, wom:holding_rmb, wom:combo, wom:charged, wom:charging_time] for wom:regierung
[258月2026 15:12:16.665] [main/INFO] [epicfight/]: Data keys [wom:timer_refresh, wom:lunar_eclipse_stack, wom:timer, wom:echo, wom:crescent] for wom:lunar_eclipse
[258月2026 15:12:16.665] [main/INFO] [epicfight/]: Data keys [wom:verso, wom:idle] for wom:lunar_echo_passive
[258月2026 15:12:16.665] [main/INFO] [epicfight/]: Data keys [wom:darkness_portal_angle, wom:blackhole_vec, wom:shoot, wom:zoom, wom:zoom_cooldown, wom:timer_refresh, wom:ascending, wom:blackhole_timer, wom:darkness_target_vec, wom:darkness_target, wom:blackhole, wom:darkness_activate_portal, wom:darkness_portal_vec, wom:serius_focus, wom:active, wom:witherccatharsis, wom:darkness_target_reaped, wom:shoot_cooldown, wom:darkness_portal_timer, wom:darkness_target_hited, wom:blackhole_active, wom:timer, wom:serius_focus_cooldown, wom:witheraftereffect, wom:holding_rmb] for wom:demonic_ascension
[258月2026 15:12:16.665] [main/INFO] [epicfight/]: Data keys [wom:lapse, wom:blink, wom:idle, wom:particle, wom:basic_attack, wom:catharsis, wom:withercurse] for wom:demon_mark_passive
[258月2026 15:12:16.666] [main/INFO] [epicfight/]: Data keys [wom:charge, wom:charging, wom:stored_heat_level, wom:particle, wom:heat_level, wom:solar_obscuridad_ta_timer, wom:timer_refresh, wom:timer, wom:solar_crematorio, wom:solar_infernio, wom:timed_attack, wom:heating_speed, wom:solar_obscuridad, wom:cycle, wom:holding_rmb] for wom:solar_arcano
[258月2026 15:12:16.666] [main/INFO] [epicfight/]: Data keys [wom:charge, wom:charging, wom:stored_heat_level, wom:particle, wom:heat_level, wom:solar_obscuridad_ta_timer, wom:timer_refresh, wom:timer, wom:solar_crematorio, wom:solar_infernio, wom:timed_attack, wom:heating_speed, wom:solar_obscuridad, wom:cycle] for wom:solar_passive
[258月2026 15:12:16.666] [main/INFO] [epicfight/]: Data keys [wom:serius_focus_cooldown, wom:serius_focus] for wom:rechargement
[258月2026 15:12:16.668] [main/INFO] [epicfight/]: Data keys [wom:charge, wom:shell_anim, wom:active, wom:shell_delay, wom:bullet_overloaded, wom:bullet_loaded_old, wom:super_reload, wom:cycle, wom:charged, wom:bullet_loaded, wom:shell_number] for wom:napoleon_passive
[258月2026 15:12:16.668] [main/INFO] [epicfight/]: Data keys [efn:scythe_blood_power, efn:scythe_sheath] for efn:scythe_skill
[258月2026 15:12:16.668] [main/INFO] [epicfight/]: Data keys [efn:thornwheel_loop, efn:press_innate, efn:thornwheel_loop_available] for efn:thornwheel
[258月2026 15:12:16.669] [main/INFO] [epicfight/]: Data keys [efn:jump_count, efn:murasama_forward_dodge, efn:jump_key_pressed_last_tick] for efn:murasama_dodge
[258月2026 15:12:16.669] [main/INFO] [epicfight/]: Data keys [efn:base_puncture_chance, efn:puncture_increment, efn:current_puncture_chance, efn:max_puncture_chance] for efn:parry_master
[258月2026 15:12:16.669] [main/INFO] [epicfight/]: Data keys [efn:defense_start_tick, efn:buff_end_tick, efn:buff_active] for efn:precise_parry
[258月2026 15:12:16.669] [main/INFO] [epicfight/]: Data keys [efn:cooldown_1, efn:cooldown_2, efn:cooldown] for efn:judgementcutend
[258月2026 15:12:16.669] [main/INFO] [epicfight/]: Data keys [efn:cooldown_1, efn:cooldown_2, efn:cooldown] for efn:stomp
[258月2026 15:12:16.670] [main/INFO] [epicfight/]: Data keys [efn:murasama_opposite_triggered, efn:murasama_zansetsu_start_time, efn:murasama_zandatsu_end_time, efn:murasama_zansetsu_slash_release, efn:murasama_zandatsu_start_time, efn:murasama_zansetsu_sector, efn:murasama_key_left_down, efn:murasama_key_right_down, efn:murasama_zansetsu_end_time, efn:arts_key_pressed, efn:murasama_zansetsu_timer, efn:murasama_zandatsu_available, efn:murasama_left_mouse_pressed, efn:arts_key, efn:murasama_zansetsu_attack_counter, efn:murasama_zansetsu_input_mode, efn:murasama_input_mode_switch_pressed, efn:murasama_zansetsu_active, efn:murasama_pair_flag, efn:murasama_last_triggered_sector] for efn:zansetsu
[258月2026 15:12:16.670] [main/INFO] [epicfight/]: Data keys [efn:cooldown_1, efn:cooldown_2, efn:cooldown] for efn:execution
[258月2026 15:12:16.670] [main/INFO] [epicfight/]: Data keys [efn:efn_starting_parry, epicfight:penalty_restore_counter, efn:efn_last_guard_start_tick, efn:efn_last_successful_defense_tick, efn:efn_last_parry_time, efn:efn_first_shake, epicfight:penalty, efn:efn_last_active, efn:efn_delay_protection_end, efn:efn_parry_motion_counter, efn:efn_shake_penalty_count, efn:efn_shake_detected] for efn:efn_parry
[258月2026 15:12:16.671] [main/INFO] [epicfight/]: Data keys [efn:efn_starting_parry, epicfight:penalty_restore_counter, efn:efn_last_guard_start_tick, efn:efn_last_successful_defense_tick, efn:efn_last_parry_time, efn:efn_first_shake, epicfight:penalty, efn:efn_last_active, efn:efn_delay_protection_end, efn:efn_parry_motion_counter, efn:efn_shake_penalty_count, efn:efn_shake_detected] for efn:murasama_parry
[258月2026 15:12:16.671] [main/INFO] [epicfight/]: Data keys [efn:cooldown_1, efn:cooldown_2, efn:arts_key_pressed, efn:arts_key, efn:cooldown, efn:sekiro_art_index, efn:arts_input_buffer] for efn:mortal_blade
[258月2026 15:12:16.671] [main/INFO] [epicfight/]: Data keys [efn:have_doppelganger, efn:energy_check, efn:doppelganger_tick, efn:pressing_innate, invincible:cooldown, invincible:parry_timer, efn:pressing_key4, efn:down_key, efn:sneak_key, efn:is_pressing, efn:pressing_key1, invincible:left, efn:charge_message, efn:doppelganger_delay, efn:force_release, efn:press_key2, efn:is_charging, efn:charge_power, efn:combo_counter, efn:key3_press_timer, efn:full_charge_message, efn:cooldown_1, efn:arts_key_pressed, efn:angel_key, efn:arts_key, efn:charge_stage, efn:press_key3, efn:press_doppelganger, efn:cooldown_2, efn:press_key1, efn:key1_press_timer, efn:up_key, efn:guard_key, efn:was_long_pressed, efn:pressing_key2, efn:jump_key, efn:press_innate, efn:charge_ticks, efn:press_summon_sword, invincible:down, efn:pressing_key3, invincible:right, efn:doppelganger_style, invincible:up, efn:key4_press_timer, efn:key2_press_timer, efn:cooldown, efn:demon_key, efn:sprint_key, efn:innate_press_timer, efn:press_key4, invincible:dodge_success_timer] for efn:yamato
[258月2026 15:12:16.671] [main/INFO] [epicfight/]: Data keys [efn:doppelganger_tick, efn:doppelganger_style, efn:parry_cooldown, efn:have_doppelganger, efn:doppelganger_delay, efn:stun_cooldown] for efn:yamato_passive
[258月2026 15:12:16.671] [main/INFO] [epicfight/]: Data keys [efn:energy_check, efn:replay_enhanced, efn:pressing_innate, invincible:cooldown, invincible:parry_timer, efn:pressing_key4, efn:down_key, efn:sneak_key, efn:is_pressing, efn:pressing_key1, invincible:left, efn:charge_message, efn:force_release, efn:press_key2, efn:is_charging, efn:charge_power, efn:combo_counter, efn:key3_press_timer, efn:full_charge_message, efn:cooldown_1, efn:arts_key_pressed, efn:angel_key, efn:arts_key, efn:charge_stage, efn:press_key3, efn:cooldown_2, efn:press_key1, efn:key1_press_timer, efn:up_key, efn:guard_key, efn:was_long_pressed, efn:pressing_key2, efn:jump_key, efn:damage_history, efn:press_innate, efn:charge_ticks, efn:press_summon_sword, invincible:down, efn:pressing_key3, invincible:right, efn:is_replay_damage, invincible:up, efn:key4_press_timer, efn:key2_press_timer, efn:cooldown, efn:demon_key, efn:sprint_key, efn:innate_press_timer, efn:press_key4, invincible:dodge_success_timer] for efn:shortsword
[258月2026 15:12:16.672] [main/INFO] [epicfight/]: Data keys [efn:cooldown_2, efn:press_key1, efn:energy_check, efn:key1_press_timer, efn:up_key, efn:guard_key, efn:was_long_pressed, efn:pressing_key2, efn:pressing_innate, invincible:cooldown, invincible:parry_timer, efn:jump_key, efn:pressing_key4, efn:press_innate, efn:charge_ticks, efn:press_summon_sword, invincible:down, efn:pressing_key3, efn:down_key, invincible:right, efn:sneak_key, efn:is_pressing, efn:pressing_key1, invincible:left, efn:charge_message, invincible:up, efn:force_release, efn:press_key2, efn:key4_press_timer, efn:is_charging, efn:key2_press_timer, efn:charge_power, efn:combo_counter, efn:cooldown, efn:key3_press_timer, efn:full_charge_message, efn:demon_key, efn:sprint_key, efn:cooldown_1, efn:arts_key_pressed, efn:angel_key, efn:arts_key, efn:charge_stage, efn:innate_press_timer, efn:press_key3, efn:press_key4, invincible:dodge_success_timer] for efn:ruinsgreatsword
[258月2026 15:12:16.674] [main/INFO] [epicfight/]: Data keys [efn:cooldown_2, efn:press_key1, efn:energy_check, efn:key1_press_timer, efn:up_key, efn:guard_key, efn:was_long_pressed, efn:pressing_key2, efn:pressing_innate, invincible:cooldown, invincible:parry_timer, efn:jump_key, efn:pressing_key4, efn:press_innate, efn:charge_ticks, efn:press_summon_sword, invincible:down, efn:pressing_key3, efn:down_key, invincible:right, efn:sneak_key, efn:is_pressing, efn:pressing_key1, invincible:left, efn:charge_message, invincible:up, efn:force_release, efn:press_key2, efn:key4_press_timer, efn:is_charging, efn:key2_press_timer, efn:charge_power, efn:combo_counter, efn:cooldown, efn:key3_press_timer, efn:full_charge_message, efn:demon_key, efn:sprint_key, efn:cooldown_1, efn:arts_key_pressed, efn:angel_key, efn:arts_key, efn:charge_stage, efn:innate_press_timer, efn:press_key3, efn:press_key4, invincible:dodge_success_timer] for efn:pioneer
[258月2026 15:12:16.674] [main/INFO] [epicfight/]: Data keys [efn:murasama_opposite_triggered, efn:murasama_zansetsu_start_time, efn:murasama_sheath, efn:murasama_zandatsu_end_time, efn:energy_check, efn:murasama_zandatsu_start_time, efn:manual_unsheath, efn:pressing_innate, invincible:cooldown, invincible:parry_timer, efn:pressing_key4, efn:murasama_zansetsu_input_mode, efn:down_key, efn:sneak_key, efn:is_pressing, efn:pressing_key1, invincible:left, efn:charge_message, efn:murasama_forward_dodge, efn:force_release, efn:press_key2, efn:murasama_sheath_timer, efn:sprint_sheath_timer, efn:is_charging, efn:murasama_zansetsu_slash_release, efn:charge_power, efn:combo_counter, efn:key3_press_timer, efn:murasama_key_left_down, efn:full_charge_message, efn:cooldown_1, efn:arts_key_pressed, efn:angel_key, efn:arts_key, efn:murasama_zansetsu_active, efn:charge_stage, efn:press_key3, efn:murasama_air_borne, efn:cooldown_2, efn:press_key1, efn:key1_press_timer, efn:up_key, efn:guard_key, efn:was_long_pressed, efn:murasama_zansetsu_sector, efn:pressing_key2, efn:murasama_zansetsu_end_time, efn:murasama_zansetsu_timer, efn:murasama_zandatsu_available, efn:jump_key, efn:press_innate, efn:charge_ticks, efn:murasama_left_mouse_pressed, efn:press_summon_sword, invincible:down, efn:murasama_zansetsu_attack_counter, efn:pressing_key3, efn:murasama_input_mode_switch_pressed, efn:murasama_pair_flag, invincible:right, efn:murasama_last_triggered_sector, invincible:up, efn:key4_press_timer, efn:key2_press_timer, efn:cooldown, efn:murasama_key_right_down, efn:demon_key, efn:sprint_key, efn:innate_press_timer, efn:press_key4, invincible:dodge_success_timer] for efn:murasama
[258月2026 15:12:16.675] [main/INFO] [epicfight/]: Data keys [efn:murasama_opposite_triggered, efn:murasama_zansetsu_start_time, efn:murasama_sheath, efn:murasama_zandatsu_end_time, efn:was_double_tap_sprint, efn:forward_backward_window_active, efn:jump_key_pressed_last_tick, efn:murasama_zandatsu_start_time, efn:murasama_zansetsu_sector, efn:manual_unsheath, efn:double_tap_timer, efn:forward_backward_remaining_ticks, efn:murasama_zansetsu_end_time, efn:murasama_zansetsu_timer, efn:murasama_zandatsu_available, efn:murasama_left_mouse_pressed, efn:murasama_zansetsu_attack_counter, efn:murasama_zansetsu_input_mode, efn:murasama_input_mode_switch_pressed, efn:murasama_pair_flag, efn:backward_pressed_last_tick, efn:murasama_last_triggered_sector, efn:forward_backward_success, efn:forward_pressed_last_tick, efn:murasama_forward_dodge, efn:murasama_sheath_timer, efn:sprint_sheath_timer, efn:murasama_zansetsu_slash_release, efn:murasama_key_left_down, efn:murasama_key_right_down, efn:up_key_pressed_last_tick, efn:forward_backward_timer, efn:jump_count, efn:is_double_tap_sprint, efn:forward_backward_end_tick, efn:murasama_zansetsu_active] for efn:murasama_passive
[258月2026 15:12:16.675] [main/INFO] [epicfight/]: Data keys [efn:cooldown_2, efn:press_key1, efn:energy_check, efn:key1_press_timer, efn:up_key, efn:guard_key, efn:was_long_pressed, efn:pressing_key2, efn:pressing_innate, invincible:cooldown, invincible:parry_timer, efn:jump_key, efn:pressing_key4, efn:press_innate, efn:charge_ticks, efn:press_summon_sword, invincible:down, efn:pressing_key3, efn:down_key, invincible:right, efn:sneak_key, efn:is_pressing, efn:pressing_key1, invincible:left, efn:charge_message, invincible:up, efn:force_release, efn:press_key2, efn:key4_press_timer, efn:is_charging, efn:key2_press_timer, efn:charge_power, efn:combo_counter, efn:cooldown, efn:key3_press_timer, efn:full_charge_message, efn:demon_key, efn:sprint_key, efn:cooldown_1, efn:arts_key_pressed, efn:angel_key, efn:arts_key, efn:charge_stage, efn:innate_press_timer, efn:press_key3, efn:press_key4, invincible:dodge_success_timer] for efn:meenlance
[258月2026 15:12:16.676] [main/INFO] [epicfight/]: Data keys [efn:cooldown_2, efn:press_key1, efn:energy_check, efn:key1_press_timer, efn:up_key, efn:guard_key, efn:was_long_pressed, efn:pressing_key2, efn:pressing_innate, invincible:cooldown, invincible:parry_timer, efn:jump_key, efn:pressing_key4, efn:press_innate, efn:charge_ticks, efn:press_summon_sword, invincible:down, efn:pressing_key3, efn:down_key, invincible:right, efn:sneak_key, efn:is_pressing, efn:pressing_key1, invincible:left, efn:charge_message, invincible:up, efn:force_release, efn:press_key2, efn:key4_press_timer, efn:is_charging, efn:key2_press_timer, efn:charge_power, efn:combo_counter, efn:cooldown, efn:key3_press_timer, efn:full_charge_message, efn:demon_key, efn:sprint_key, efn:cooldown_1, efn:arts_key_pressed, efn:angel_key, efn:arts_key, efn:charge_stage, efn:innate_press_timer, efn:press_key3, efn:press_key4, invincible:dodge_success_timer] for efn:kusabimaru
[258月2026 15:12:16.676] [main/INFO] [epicfight/]: Data keys [efn:murasama_opposite_triggered, efn:murasama_zansetsu_start_time, efn:murasama_sheath, efn:murasama_zandatsu_end_time, efn:energy_check, efn:murasama_zandatsu_start_time, efn:manual_unsheath, efn:pressing_innate, invincible:cooldown, invincible:parry_timer, efn:pressing_key4, efn:murasama_zansetsu_input_mode, efn:down_key, efn:sneak_key, efn:is_pressing, efn:pressing_key1, invincible:left, efn:charge_message, efn:murasama_forward_dodge, efn:force_release, efn:press_key2, efn:murasama_sheath_timer, efn:sprint_sheath_timer, efn:is_charging, efn:murasama_zansetsu_slash_release, efn:charge_power, efn:combo_counter, efn:key3_press_timer, efn:murasama_key_left_down, efn:full_charge_message, efn:cooldown_1, efn:arts_key_pressed, efn:angel_key, efn:arts_key, efn:murasama_zansetsu_active, efn:charge_stage, efn:press_key3, efn:murasama_air_borne, efn:cooldown_2, efn:press_key1, efn:key1_press_timer, efn:up_key, efn:guard_key, efn:was_long_pressed, efn:murasama_zansetsu_sector, efn:pressing_key2, efn:murasama_zansetsu_end_time, efn:murasama_zansetsu_timer, efn:murasama_zandatsu_available, efn:jump_key, efn:press_innate, efn:charge_ticks, efn:murasama_left_mouse_pressed, efn:press_summon_sword, invincible:down, efn:murasama_zansetsu_attack_counter, efn:pressing_key3, efn:murasama_input_mode_switch_pressed, efn:murasama_pair_flag, invincible:right, efn:murasama_last_triggered_sector, invincible:up, efn:key4_press_timer, efn:key2_press_timer, efn:cooldown, efn:murasama_key_right_down, efn:demon_key, efn:sprint_key, efn:innate_press_timer, efn:press_key4, invincible:dodge_success_timer] for efn:hf_blade
[258月2026 15:12:16.677] [main/INFO] [epicfight/]: Data keys [efn:murasama_opposite_triggered, efn:murasama_zansetsu_start_time, efn:murasama_sheath, efn:murasama_zandatsu_end_time, efn:was_double_tap_sprint, efn:forward_backward_window_active, efn:jump_key_pressed_last_tick, efn:murasama_zandatsu_start_time, efn:murasama_zansetsu_sector, efn:manual_unsheath, efn:double_tap_timer, efn:forward_backward_remaining_ticks, efn:murasama_zansetsu_end_time, efn:murasama_zansetsu_timer, efn:murasama_zandatsu_available, efn:murasama_left_mouse_pressed, efn:murasama_zansetsu_attack_counter, efn:murasama_zansetsu_input_mode, efn:murasama_input_mode_switch_pressed, efn:murasama_pair_flag, efn:backward_pressed_last_tick, efn:murasama_last_triggered_sector, efn:forward_backward_success, efn:forward_pressed_last_tick, efn:murasama_forward_dodge, efn:murasama_sheath_timer, efn:sprint_sheath_timer, efn:murasama_zansetsu_slash_release, efn:murasama_key_left_down, efn:murasama_key_right_down, efn:up_key_pressed_last_tick, efn:forward_backward_timer, efn:jump_count, efn:is_double_tap_sprint, efn:forward_backward_end_tick, efn:murasama_zansetsu_active] for efn:hf_blade_passive
[258月2026 15:12:16.677] [main/INFO] [epicfight/]: Data keys [efn:cooldown_2, efn:press_key1, efn:energy_check, efn:key1_press_timer, efn:up_key, efn:guard_key, efn:was_long_pressed, efn:pressing_key2, efn:pressing_innate, invincible:cooldown, invincible:parry_timer, efn:jump_key, efn:pressing_key4, efn:press_innate, efn:charge_ticks, efn:press_summon_sword, invincible:down, efn:pressing_key3, efn:down_key, invincible:right, efn:sneak_key, efn:is_pressing, efn:pressing_key1, invincible:left, efn:charge_message, invincible:up, efn:force_release, efn:press_key2, efn:key4_press_timer, efn:is_charging, efn:key2_press_timer, efn:charge_power, efn:combo_counter, efn:cooldown, efn:key3_press_timer, efn:full_charge_message, efn:demon_key, efn:sprint_key, efn:cooldown_1, efn:arts_key_pressed, efn:angel_key, efn:arts_key, efn:charge_stage, efn:innate_press_timer, efn:press_key3, efn:press_key4, invincible:dodge_success_timer] for efn:exsiliumgladius
[258月2026 15:12:16.678] [main/INFO] [epicfight/]: Data keys [invincible:cooldown, invincible:left, invincible:parry_timer, invincible:up, invincible:down, invincible:right, invincible:dodge_success_timer] for efn:examplecombo
[258月2026 15:12:16.678] [main/INFO] [epicfight/]: Data keys [efn:cooldown_2, efn:press_key1, efn:energy_check, efn:key1_press_timer, efn:up_key, efn:guard_key, efn:was_long_pressed, efn:pressing_key2, efn:pressing_innate, invincible:cooldown, invincible:parry_timer, efn:jump_key, efn:pressing_key4, efn:press_innate, efn:charge_ticks, efn:press_summon_sword, invincible:down, efn:pressing_key3, efn:down_key, invincible:right, efn:sneak_key, efn:is_pressing, efn:pressing_key1, invincible:left, efn:charge_message, invincible:up, efn:force_release, efn:press_key2, efn:key4_press_timer, efn:is_charging, efn:key2_press_timer, efn:charge_power, efn:combo_counter, efn:cooldown, efn:key3_press_timer, efn:full_charge_message, efn:demon_key, efn:sprint_key, efn:cooldown_1, efn:arts_key_pressed, efn:angel_key, efn:arts_key, efn:charge_stage, efn:innate_press_timer, efn:press_key3, efn:press_key4, invincible:dodge_success_timer] for efn:crescentmoon
[258月2026 15:12:16.678] [main/INFO] [epicfight/]: Data keys [efn:cooldown_2, efn:press_key1, efn:energy_check, efn:key1_press_timer, efn:up_key, efn:guard_key, efn:was_long_pressed, efn:pressing_key2, efn:pressing_innate, invincible:cooldown, invincible:parry_timer, efn:jump_key, efn:pressing_key4, efn:press_innate, efn:charge_ticks, efn:press_summon_sword, invincible:down, efn:pressing_key3, efn:down_key, invincible:right, efn:sneak_key, efn:is_pressing, efn:pressing_key1, invincible:left, efn:charge_message, invincible:up, efn:force_release, efn:press_key2, efn:key4_press_timer, efn:is_charging, efn:key2_press_timer, efn:charge_power, efn:combo_counter, efn:cooldown, efn:key3_press_timer, efn:full_charge_message, efn:demon_key, efn:sprint_key, efn:cooldown_1, efn:arts_key_pressed, efn:angel_key, efn:arts_key, efn:charge_stage, efn:innate_press_timer, efn:press_key3, efn:press_key4, invincible:dodge_success_timer] for efn:broadblade
[258月2026 15:12:16.680] [main/INFO] [epicfight/]: Data keys [efn:cooldown_2, efn:press_key1, efn:energy_check, efn:key1_press_timer, efn:up_key, efn:guard_key, efn:was_long_pressed, efn:pressing_key2, efn:pressing_innate, invincible:cooldown, invincible:parry_timer, efn:jump_key, efn:pressing_key4, efn:press_innate, efn:charge_ticks, efn:press_summon_sword, invincible:down, efn:pressing_key3, efn:down_key, invincible:right, efn:sneak_key, efn:is_pressing, efn:pressing_key1, invincible:left, efn:charge_message, invincible:up, efn:force_release, efn:press_key2, efn:key4_press_timer, efn:is_charging, efn:key2_press_timer, efn:charge_power, efn:combo_counter, efn:cooldown, efn:key3_press_timer, efn:full_charge_message, efn:demon_key, efn:sprint_key, efn:cooldown_1, efn:arts_key_pressed, efn:angel_key, efn:arts_key, efn:charge_stage, efn:innate_press_timer, efn:press_key3, efn:press_key4, invincible:dodge_success_timer] for efn:bloodlust
[258月2026 15:12:16.680] [main/INFO] [epicfight/]: Data keys [efn:cooldown_2, efn:press_key1, efn:energy_check, efn:key1_press_timer, efn:up_key, efn:guard_key, efn:was_long_pressed, efn:pressing_key2, efn:pressing_innate, invincible:cooldown, invincible:parry_timer, efn:jump_key, efn:pressing_key4, efn:press_innate, efn:charge_ticks, efn:press_summon_sword, invincible:down, efn:pressing_key3, efn:down_key, invincible:right, efn:sneak_key, efn:is_pressing, efn:pressing_key1, invincible:left, efn:charge_message, invincible:up, efn:force_release, efn:press_key2, efn:key4_press_timer, efn:is_charging, efn:key2_press_timer, efn:charge_power, efn:combo_counter, efn:cooldown, efn:key3_press_timer, efn:full_charge_message, efn:demon_key, efn:sprint_key, efn:cooldown_1, efn:arts_key_pressed, efn:angel_key, efn:arts_key, efn:charge_stage, efn:innate_press_timer, efn:press_key3, efn:press_key4, invincible:dodge_success_timer] for efn:beastclaw
[258月2026 15:12:16.681] [main/INFO] [epicfight/]: Data keys [efn:cooldown_2, efn:press_key1, efn:energy_check, efn:key1_press_timer, efn:up_key, efn:guard_key, efn:was_long_pressed, efn:pressing_key2, efn:pressing_innate, invincible:cooldown, invincible:parry_timer, efn:jump_key, efn:pressing_key4, efn:press_innate, efn:charge_ticks, efn:press_summon_sword, invincible:down, efn:pressing_key3, efn:down_key, invincible:right, efn:sneak_key, efn:is_pressing, efn:pressing_key1, invincible:left, efn:charge_message, invincible:up, efn:force_release, efn:press_key2, efn:key4_press_timer, efn:is_charging, efn:key2_press_timer, efn:charge_power, efn:combo_counter, efn:cooldown, efn:key3_press_timer, efn:full_charge_message, efn:demon_key, efn:sprint_key, efn:cooldown_1, efn:arts_key_pressed, efn:angel_key, efn:arts_key, efn:charge_stage, efn:innate_press_timer, efn:press_key3, efn:press_key4, invincible:dodge_success_timer] for efn:aetherialdusk
[258月2026 15:12:16.681] [main/INFO] [epicfight/]: Data keys [annoyingvillagers:is_trident_ranged_mode, annoyingvillagers:trident_amount] for annoyingvillagers:trident_festival
[258月2026 15:12:16.736] [main/INFO] [com.mojang.authlib.yggdrasil.YggdrasilAuthenticationService/]: Environment: authHost='https://authserver.mojang.com', accountsHost='https://api.mojang.com', sessionHost='https://sessionserver.mojang.com', servicesHost='https://api.minecraftservices.com', name='PROD'
[258月2026 15:12:16.798] [Forge Version Check/DEBUG] [net.minecraftforge.fml.VersionChecker/]: [forge] Received version check data:
{
  "homepage": "https://files.minecraftforge.net/net/minecraftforge/forge/",
  "promos": {
    "1.1-latest": "1.3.4.29",
    "1.2.3-latest": "1.4.1.64",
    "1.2.4-latest": "2.0.0.68",
    "1.2.5-latest": "3.4.9.171",
    "1.3.2-latest": "4.3.5.318",
    "1.4.0-latest": "5.0.0.326",
    "1.4.1-latest": "6.0.0.329",
    "1.4.2-latest": "6.0.1.355",
    "1.4.3-latest": "6.2.1.358",
    "1.4.4-latest": "6.3.0.378",
    "1.4.5-latest": "6.4.2.448",
    "1.4.6-latest": "6.5.0.489",
    "1.4.7-latest": "6.6.2.534",
    "1.5-latest": "7.7.0.598",
    "1.5.1-latest": "7.7.2.682",
    "1.5.2-latest": "7.8.1.738",
    "1.5.2-recommended": "7.8.1.738",
    "1.6.1-latest": "8.9.0.775",
    "1.6.2-latest": "9.10.1.871",
    "1.6.2-recommended": "9.10.1.871",
    "1.6.3-latest": "9.11.0.878",
    "1.6.4-latest": "9.11.1.1345",
    "1.6.4-recommended": "9.11.1.1345",
    "1.7.2-latest": "10.12.2.1161",
    "1.7.2-recommended": "10.12.2.1161",
    "1.7.10-latest": "10.13.4.1614",
    "1.7.10-recommended": "10.13.4.1614",
    "1.8-latest": "11.14.4.1577",
    "1.8-recommended": "11.14.4.1563",
    "1.8.8-latest": "11.15.0.1655",
    "1.8.9-latest": "11.15.1.2318",
    "1.8.9-recommended": "11.15.1.2318",
    "1.9-latest": "12.16.1.1938",
    "1.9-recommended": "12.16.1.1887",
    "1.9.4-latest": "12.17.0.2317",
    "1.9.4-recommended": "12.17.0.2317",
    "1.10-latest": "12.18.0.2000",
    "1.10.2-latest": "12.18.3.2511",
    "1.10.2-recommended": "12.18.3.2511",
    "1.11-latest": "13.19.1.2199",
    "1.11-recommended": "13.19.1.2189",
    "1.11.2-latest": "13.20.1.2588",
    "1.11.2-recommended": "13.20.1.2588",
    "1.12-latest": "14.21.1.2443",
    "1.12-recommended": "14.21.1.2387",
    "1.12.1-latest": "14.22.1.2485",
    "1.12.1-recommended": "14.22.1.2478",
    "1.12.2-latest": "14.23.5.2864",
    "1.12.2-recommended": "14.23.5.2859",
    "1.13.2-latest": "25.0.223",
    "1.14.2-latest": "26.0.63",
    "1.14.3-latest": "27.0.60",
    "1.14.4-latest": "28.2.30",
    "1.14.4-recommended": "28.2.26",
    "1.15-latest": "29.0.4",
    "1.15.1-latest": "30.0.51",
    "1.15.2-latest": "31.2.62",
    "1.15.2-recommended": "31.2.57",
    "1.16.1-latest": "32.0.108",
    "1.16.2-latest": "33.0.61",
    "1.16.3-latest": "34.1.42",
    "1.16.3-recommended": "34.1.0",
    "1.16.4-latest": "35.1.37",
    "1.16.4-recommended": "35.1.4",
    "1.16.5-latest": "36.2.42",
    "1.16.5-recommended": "36.2.34",
    "1.17.1-latest": "37.1.1",
    "1.17.1-recommended": "37.1.1",
    "1.18-latest": "38.0.17",
    "1.18.1-latest": "39.1.2",
    "1.18.1-recommended": "39.1.0",
    "1.18.2-recommended": "40.3.0",
    "1.18.2-latest": "40.3.12",
    "1.19-latest": "41.1.0",
    "1.19-recommended": "41.1.0",
    "1.19.1-latest": "42.0.9",
    "1.19.2-recommended": "43.5.0",
    "1.19.2-latest": "43.5.2",
    "1.19.3-latest": "44.1.23",
    "1.19.3-recommended": "44.1.0",
    "1.19.4-recommended": "45.4.0",
    "1.19.4-latest": "45.4.3",
    "1.20-latest": "46.0.14",
    "1.20.1-recommended": "47.4.10",
    "1.20.1-latest": "47.4.23",
    "1.20.2-latest": "48.1.0",
    "1.20.2-recommended": "48.1.0",
    "1.20.3-latest": "49.0.2",
    "1.20.4-latest": "49.2.8",
    "1.20.4-recommended": "49.2.0",
    "1.20.6-latest": "50.2.10",
    "1.20.6-recommended": "50.2.0",
    "1.21-latest": "51.0.33",
    "1.21.1-latest": "52.1.16",
    "1.21.1-recommended": "52.1.0",
    "1.21.3-latest": "53.1.12",
    "1.21.3-recommended": "53.1.0",
    "1.21.4-latest": "54.1.18",
    "1.21.4-recommended": "54.1.14",
    "1.21.5-latest": "55.1.13",
    "1.21.5-recommended": "55.1.0",
    "1.21.6-latest": "56.0.9",
    "1.21.7-latest": "57.0.3",
    "1.21.8-latest": "58.1.22",
    "1.21.8-recommended": "58.1.0",
    "1.21.9-latest": "59.0.5",
    "1.21.10-latest": "60.1.15",
    "1.21.10-recommended": "60.1.0",
    "1.21.11-latest": "61.2.1",
    "1.21.11-recommended": "61.2.0",
    "26.1-latest": "62.0.9",
    "26.1.1-latest": "63.0.2",
    "26.1.2-latest": "64.1.2",
    "26.1.2-recommended": "64.1.0",
    "26.2-latest": "65.1.2",
    "26.2-recommended": "65.1.0"
  }
}
[258月2026 15:12:16.799] [Forge Version Check/INFO] [net.minecraftforge.fml.VersionChecker/]: [forge] Found status: OUTDATED Current: 47.4.13 Target: 47.4.23
[258月2026 15:12:17.343] [main/INFO] [epicfight/]: Data keys [invincible:cooldown, invincible:left, invincible:parry_timer, invincible:up, invincible:down, invincible:right, invincible:dodge_success_timer] for invincible:combo_demo
[258月2026 15:12:17.343] [main/INFO] [epicfight/]: Data keys [epicfight:combo_counter, epicfight:basic_attack_active] for epicfight:basic_attack
[258月2026 15:12:17.344] [main/INFO] [epicfight/]: Data keys [epicfight:penalty_restore_counter, epicfight:penalty] for epicfight:guard
[258月2026 15:12:17.344] [main/INFO] [epicfight/]: Data keys [epicfight:penalty_restore_counter, epicfight:last_active, epicfight:parry_motion_counter, epicfight:penalty] for epicfight:parrying
[258月2026 15:12:17.344] [main/INFO] [epicfight/]: Data keys [epicfight:penalty_restore_counter, epicfight:penalty] for epicfight:impact_guard
[258月2026 15:12:17.344] [main/INFO] [epicfight/]: Data keys [epicfight:resisting_damage_type, epicfight:stacks, epicfight:tick_record] for epicfight:adaptive_skin
[258月2026 15:12:17.345] [main/INFO] [epicfight/]: Data keys [epicfight:tick_record] for epicfight:adrenaline_fiend
[258月2026 15:12:17.345] [main/INFO] [epicfight/]: Data keys [epicfight:stacks, epicfight:entity_id] for epicfight:bonebreaker
[258月2026 15:12:17.345] [main/INFO] [epicfight/]: Data keys [epicfight:tick_record, epicfight:entity_id] for epicfight:vengeance
[258月2026 15:12:17.345] [main/INFO] [epicfight/]: Data keys [epicfight:slam_protect_next_fall, epicfight:fall_distance] for epicfight:meteor_slam
[258月2026 15:12:17.345] [main/INFO] [epicfight/]: Data keys [epicfight:stacks] for epicfight:revelation
[258月2026 15:12:17.345] [main/INFO] [epicfight/]: Data keys [epicfight:slam_protect_next_fall] for epicfight:demolition_leap
[258月2026 15:12:17.345] [main/INFO] [epicfight/]: Data keys [epicfight:slam_protect_next_fall, epicfight:jump_key_pressed_last_tick, epicfight:jump_count] for epicfight:phantom_ascent
[258月2026 15:12:17.346] [main/INFO] [epicfight/]: Data keys [epicfight:last_hit_count] for epicfight:grasping_spire
[258月2026 15:12:17.346] [main/INFO] [epicfight/]: Data keys [epicfight:sheath] for epicfight:battojutsu_passive
[258月2026 15:12:17.346] [main/INFO] [epicfight/]: Data keys [epicfight:sheath] for epicfight:battojutsu
[258月2026 15:12:17.346] [main/INFO] [epicfight/]: Data keys [epicfight:combo_counter] for epicfight:blade_rush
[258月2026 15:12:17.346] [main/INFO] [epicfight/]: Data keys [epicfight:thrown_trident_entity_id] for epicfight:everlasting_allegiance
[258月2026 15:12:17.346] [main/INFO] [epicfight/]: Data keys [wom:target_id] for wom:ender_obscuris
[258月2026 15:12:17.346] [main/INFO] [epicfight/]: Data keys [wom:timer_refresh, wom:timer, wom:dodge] for wom:dodge_master
[258月2026 15:12:17.346] [main/INFO] [epicfight/]: Data keys [wom:timer_refresh, wom:cooldown, wom:timer, wom:active, wom:dodge, wom:registered_position, wom:registered_health] for wom:time_travel
[258月2026 15:12:17.346] [main/INFO] [epicfight/]: Data keys [wom:cooldown] for wom:punishment_kick
[258月2026 15:12:17.347] [main/INFO] [epicfight/]: Data keys [epicfight:penalty_restore_counter, wom:parrying, wom:last_active, wom:consumprion_value, epicfight:penalty, wom:holding_rmb] for wom:counter_attack
[258月2026 15:12:17.347] [main/INFO] [epicfight/]: Data keys [wom:timer_refresh, wom:charge, epicfight:penalty_restore_counter, wom:cooldown, wom:timer, wom:holding_stance, wom:consumprion_value, epicfight:penalty, wom:vengence_duration] for wom:vengeful_parry
[258月2026 15:12:17.347] [main/INFO] [epicfight/]: Data keys [wom:charge, epicfight:penalty_restore_counter, wom:cooldown, wom:parrying, epicfight:penalty, wom:holding_rmb] for wom:perfect_bulwark
[258月2026 15:12:17.349] [main/INFO] [epicfight/]: Data keys [wom:charge, wom:cycle] for wom:soul_protection
[258月2026 15:12:17.349] [main/INFO] [epicfight/]: Data keys [wom:charge, wom:cycle] for wom:shulker_cloak
[258月2026 15:12:17.349] [main/INFO] [epicfight/]: Data keys [epicfight:penalty_restore_counter, wom:timer, wom:active, epicfight:penalty, wom:holding_rmb] for wom:buster_parade
[258月2026 15:12:17.349] [main/INFO] [epicfight/]: Data keys [wom:timer_refresh, wom:duree, wom:timer, wom:active] for wom:pain_anticipation
[258月2026 15:12:17.349] [main/INFO] [epicfight/]: Data keys [wom:timer_refresh, wom:duree, wom:timer, wom:active] for wom:latent_retribution
[258月2026 15:12:17.350] [main/INFO] [epicfight/]: Data keys [wom:rate, wom:power] for wom:critical_knowledge
[258月2026 15:12:17.350] [main/INFO] [epicfight/]: Data keys [wom:cooldown, wom:max_shield, wom:recovery_rate] for wom:heart_shield
[258月2026 15:12:17.350] [main/INFO] [epicfight/]: Data keys [wom:melody_index, wom:step, wom:saved_elapsed_time] for wom:dancing_blade
[258月2026 15:12:17.350] [main/INFO] [epicfight/]: Data keys [wom:timer_refresh, wom:duree, wom:timer, wom:active, wom:cycle, wom:stage] for wom:meditation
[258月2026 15:12:17.351] [main/INFO] [epicfight/]: Data keys [wom:cooldown] for wom:dopamine
[258月2026 15:12:17.351] [main/INFO] [epicfight/]: Data keys [wom:last_active] for wom:manipulator
[258月2026 15:12:17.351] [main/INFO] [epicfight/]: Data keys [wom:rate, wom:timer, wom:power, wom:stack] for wom:lethal_focus
[258月2026 15:12:17.351] [main/INFO] [epicfight/]: Data keys [wom:timer_refresh, wom:timer, wom:wall_glide, wom:angle, wom:wall_running, wom:jump_key_up] for wom:spider_techniques
[258月2026 15:12:17.351] [main/INFO] [epicfight/]: Data keys [wom:cooldown, wom:mermaid_movement, wom:diving, wom:crawling, wom:water_dashing, wom:consumprion_value, wom:jump_key_up] for wom:aqua_maneuvre
[258月2026 15:12:17.351] [main/INFO] [epicfight/]: Data keys [wom:timer, wom:active, wom:verso, wom:wall_glide, wom:buffing, wom:consumprion_value, wom:stage, wom:wall_running] for wom:natural_sprinter
[258月2026 15:12:17.352] [main/INFO] [epicfight/]: Data keys [wom:timer] for wom:lunatic_vivacity
[258月2026 15:12:17.352] [main/INFO] [epicfight/]: Data keys [wom:timer, wom:registered_health, wom:consumprion_value] for wom:voodoo_magic
[258月2026 15:12:17.352] [main/INFO] [epicfight/]: Data keys [wom:target_id, wom:target_distance] for wom:back_and_forth
[258月2026 15:12:17.352] [main/INFO] [epicfight/]: Data keys [wom:cooldown, wom:combo] for wom:shooting_style
[258月2026 15:12:17.352] [main/INFO] [epicfight/]: Data keys [wom:timer, wom:active] for wom:proximity_exploiter
[258月2026 15:12:17.352] [main/INFO] [epicfight/]: Data keys [wom:timer, wom:stack] for wom:all_eyes_on_you
[258月2026 15:12:17.352] [main/INFO] [epicfight/]: Data keys [wom:timer, wom:stack] for wom:all_eyes_on_me
[258月2026 15:12:17.352] [main/INFO] [epicfight/]: Data keys [wom:cooldown, wom:timer] for wom:avatar_of_might
[258月2026 15:12:17.352] [main/INFO] [epicfight/]: Data keys [wom:active, wom:attacks, wom:stack] for wom:agony_plunge
[258月2026 15:12:17.353] [main/INFO] [epicfight/]: Data keys [wom:timer_refresh, wom:timer, wom:active, wom:charging, wom:movespeed, wom:saved_charge, wom:charged_attack, wom:holding_rmb, wom:charged, wom:charging_time] for wom:torment_passive
[258月2026 15:12:17.353] [main/INFO] [epicfight/]: Data keys [wom:timer_refresh, wom:timer, wom:active] for wom:true_berserk
[258月2026 15:12:17.353] [main/INFO] [epicfight/]: Data keys [wom:stack] for wom:herrscher_passive
[258月2026 15:12:17.353] [main/INFO] [epicfight/]: Data keys [wom:timer_refresh, wom:strenght, wom:timer, wom:verso, wom:buffing, wom:buffed, wom:expiation, wom:redemptioon] for wom:plunder_perdition
[258月2026 15:12:17.353] [main/INFO] [epicfight/]: Data keys [wom:sheath] for wom:satsujin_passive
[258月2026 15:12:17.353] [main/INFO] [epicfight/]: Data keys [wom:charge, wom:active, wom:charging, wom:second_draw, wom:damage, wom:timer_refresh, wom:cooldown, wom:frequency, wom:timer, wom:attacks, wom:timedslash, wom:saved_charge, wom:holding_stance, wom:holding_rmb, wom:stack] for wom:sakura_state
[258月2026 15:12:17.353] [main/INFO] [epicfight/]: Data keys [wom:cooldown, wom:shoot, wom:using_item, wom:zoom, wom:reload_cooldown, wom:holding_rmb, wom:combo, wom:zoom_cooldown, wom:nofalldamage] for wom:ender_blast
[258月2026 15:12:17.354] [main/INFO] [epicfight/]: Data keys [wom:cooldown, wom:shoot, wom:using_item, wom:zoom, wom:side, wom:reload_cooldown, wom:holding_rmb, wom:combo, wom:zoom_cooldown, wom:nofalldamage] for wom:ender_fusion
[258月2026 15:12:17.354] [main/INFO] [epicfight/]: Data keys [wom:gesetz_sprengkopf, wom:cooldown, wom:parrying, wom:guard_point, wom:holding_stance, wom:guard_point_result, wom:holding_rmb, wom:combo, wom:charged, wom:charging_time] for wom:regierung
[258月2026 15:12:17.354] [main/INFO] [epicfight/]: Data keys [wom:timer_refresh, wom:lunar_eclipse_stack, wom:timer, wom:echo, wom:crescent] for wom:lunar_eclipse
[258月2026 15:12:17.355] [main/INFO] [epicfight/]: Data keys [wom:verso, wom:idle] for wom:lunar_echo_passive
[258月2026 15:12:17.355] [main/INFO] [epicfight/]: Data keys [wom:darkness_portal_angle, wom:blackhole_vec, wom:shoot, wom:zoom, wom:zoom_cooldown, wom:timer_refresh, wom:ascending, wom:blackhole_timer, wom:darkness_target_vec, wom:darkness_target, wom:blackhole, wom:darkness_activate_portal, wom:darkness_portal_vec, wom:serius_focus, wom:active, wom:witherccatharsis, wom:darkness_target_reaped, wom:shoot_cooldown, wom:darkness_portal_timer, wom:darkness_target_hited, wom:blackhole_active, wom:timer, wom:serius_focus_cooldown, wom:witheraftereffect, wom:holding_rmb] for wom:demonic_ascension
[258月2026 15:12:17.355] [main/INFO] [epicfight/]: Data keys [wom:lapse, wom:blink, wom:idle, wom:particle, wom:basic_attack, wom:catharsis, wom:withercurse] for wom:demon_mark_passive
[258月2026 15:12:17.355] [main/INFO] [epicfight/]: Data keys [wom:charge, wom:charging, wom:stored_heat_level, wom:particle, wom:heat_level, wom:solar_obscuridad_ta_timer, wom:timer_refresh, wom:timer, wom:solar_crematorio, wom:solar_infernio, wom:timed_attack, wom:heating_speed, wom:solar_obscuridad, wom:cycle, wom:holding_rmb] for wom:solar_arcano
[258月2026 15:12:17.355] [main/INFO] [epicfight/]: Data keys [wom:charge, wom:charging, wom:stored_heat_level, wom:particle, wom:heat_level, wom:solar_obscuridad_ta_timer, wom:timer_refresh, wom:timer, wom:solar_crematorio, wom:solar_infernio, wom:timed_attack, wom:heating_speed, wom:solar_obscuridad, wom:cycle] for wom:solar_passive
[258月2026 15:12:17.356] [main/INFO] [epicfight/]: Data keys [wom:serius_focus_cooldown, wom:serius_focus] for wom:rechargement
[258月2026 15:12:17.356] [main/INFO] [epicfight/]: Data keys [wom:charge, wom:shell_anim, wom:active, wom:shell_delay, wom:bullet_overloaded, wom:bullet_loaded_old, wom:super_reload, wom:cycle, wom:charged, wom:bullet_loaded, wom:shell_number] for wom:napoleon_passive
[258月2026 15:12:17.356] [main/INFO] [epicfight/]: Data keys [efn:scythe_blood_power, efn:scythe_sheath] for efn:scythe_skill
[258月2026 15:12:17.356] [main/INFO] [epicfight/]: Data keys [efn:thornwheel_loop, efn:press_innate, efn:thornwheel_loop_available] for efn:thornwheel
[258月2026 15:12:17.356] [main/INFO] [epicfight/]: Data keys [efn:jump_count, efn:murasama_forward_dodge, efn:jump_key_pressed_last_tick] for efn:murasama_dodge
[258月2026 15:12:17.356] [main/INFO] [epicfight/]: Data keys [efn:base_puncture_chance, efn:puncture_increment, efn:current_puncture_chance, efn:max_puncture_chance] for efn:parry_master
[258月2026 15:12:17.357] [main/INFO] [epicfight/]: Data keys [efn:defense_start_tick, efn:buff_end_tick, efn:buff_active] for efn:precise_parry
[258月2026 15:12:17.357] [main/INFO] [epicfight/]: Data keys [efn:cooldown_1, efn:cooldown_2, efn:cooldown] for efn:judgementcutend
[258月2026 15:12:17.357] [main/INFO] [epicfight/]: Data keys [efn:cooldown_1, efn:cooldown_2, efn:cooldown] for efn:stomp
[258月2026 15:12:17.357] [main/INFO] [epicfight/]: Data keys [efn:murasama_opposite_triggered, efn:murasama_zansetsu_start_time, efn:murasama_zandatsu_end_time, efn:murasama_zansetsu_slash_release, efn:murasama_zandatsu_start_time, efn:murasama_zansetsu_sector, efn:murasama_key_left_down, efn:murasama_key_right_down, efn:murasama_zansetsu_end_time, efn:arts_key_pressed, efn:murasama_zansetsu_timer, efn:murasama_zandatsu_available, efn:murasama_left_mouse_pressed, efn:arts_key, efn:murasama_zansetsu_attack_counter, efn:murasama_zansetsu_input_mode, efn:murasama_input_mode_switch_pressed, efn:murasama_zansetsu_active, efn:murasama_pair_flag, efn:murasama_last_triggered_sector] for efn:zansetsu
[258月2026 15:12:17.357] [main/INFO] [epicfight/]: Data keys [efn:cooldown_1, efn:cooldown_2, efn:cooldown] for efn:execution
[258月2026 15:12:17.358] [main/INFO] [epicfight/]: Data keys [efn:efn_starting_parry, epicfight:penalty_restore_counter, efn:efn_last_guard_start_tick, efn:efn_last_successful_defense_tick, efn:efn_last_parry_time, efn:efn_first_shake, epicfight:penalty, efn:efn_last_active, efn:efn_delay_protection_end, efn:efn_parry_motion_counter, efn:efn_shake_penalty_count, efn:efn_shake_detected] for efn:efn_parry
[258月2026 15:12:17.358] [main/INFO] [epicfight/]: Data keys [efn:efn_starting_parry, epicfight:penalty_restore_counter, efn:efn_last_guard_start_tick, efn:efn_last_successful_defense_tick, efn:efn_last_parry_time, efn:efn_first_shake, epicfight:penalty, efn:efn_last_active, efn:efn_delay_protection_end, efn:efn_parry_motion_counter, efn:efn_shake_penalty_count, efn:efn_shake_detected] for efn:murasama_parry
[258月2026 15:12:17.358] [main/INFO] [epicfight/]: Data keys [efn:cooldown_1, efn:cooldown_2, efn:arts_key_pressed, efn:arts_key, efn:cooldown, efn:sekiro_art_index, efn:arts_input_buffer] for efn:mortal_blade
[258月2026 15:12:17.358] [main/INFO] [epicfight/]: Data keys [efn:have_doppelganger, efn:energy_check, efn:doppelganger_tick, efn:pressing_innate, invincible:cooldown, invincible:parry_timer, efn:pressing_key4, efn:down_key, efn:sneak_key, efn:is_pressing, efn:pressing_key1, invincible:left, efn:charge_message, efn:doppelganger_delay, efn:force_release, efn:press_key2, efn:is_charging, efn:charge_power, efn:combo_counter, efn:key3_press_timer, efn:full_charge_message, efn:cooldown_1, efn:arts_key_pressed, efn:angel_key, efn:arts_key, efn:charge_stage, efn:press_key3, efn:press_doppelganger, efn:cooldown_2, efn:press_key1, efn:key1_press_timer, efn:up_key, efn:guard_key, efn:was_long_pressed, efn:pressing_key2, efn:jump_key, efn:press_innate, efn:charge_ticks, efn:press_summon_sword, invincible:down, efn:pressing_key3, invincible:right, efn:doppelganger_style, invincible:up, efn:key4_press_timer, efn:key2_press_timer, efn:cooldown, efn:demon_key, efn:sprint_key, efn:innate_press_timer, efn:press_key4, invincible:dodge_success_timer] for efn:yamato
[258月2026 15:12:17.358] [main/INFO] [epicfight/]: Data keys [efn:doppelganger_tick, efn:doppelganger_style, efn:parry_cooldown, efn:have_doppelganger, efn:doppelganger_delay, efn:stun_cooldown] for efn:yamato_passive
[258月2026 15:12:17.358] [main/INFO] [epicfight/]: Data keys [efn:energy_check, efn:replay_enhanced, efn:pressing_innate, invincible:cooldown, invincible:parry_timer, efn:pressing_key4, efn:down_key, efn:sneak_key, efn:is_pressing, efn:pressing_key1, invincible:left, efn:charge_message, efn:force_release, efn:press_key2, efn:is_charging, efn:charge_power, efn:combo_counter, efn:key3_press_timer, efn:full_charge_message, efn:cooldown_1, efn:arts_key_pressed, efn:angel_key, efn:arts_key, efn:charge_stage, efn:press_key3, efn:cooldown_2, efn:press_key1, efn:key1_press_timer, efn:up_key, efn:guard_key, efn:was_long_pressed, efn:pressing_key2, efn:jump_key, efn:damage_history, efn:press_innate, efn:charge_ticks, efn:press_summon_sword, invincible:down, efn:pressing_key3, invincible:right, efn:is_replay_damage, invincible:up, efn:key4_press_timer, efn:key2_press_timer, efn:cooldown, efn:demon_key, efn:sprint_key, efn:innate_press_timer, efn:press_key4, invincible:dodge_success_timer] for efn:shortsword
[258月2026 15:12:17.358] [main/INFO] [epicfight/]: Data keys [efn:cooldown_2, efn:press_key1, efn:energy_check, efn:key1_press_timer, efn:up_key, efn:guard_key, efn:was_long_pressed, efn:pressing_key2, efn:pressing_innate, invincible:cooldown, invincible:parry_timer, efn:jump_key, efn:pressing_key4, efn:press_innate, efn:charge_ticks, efn:press_summon_sword, invincible:down, efn:pressing_key3, efn:down_key, invincible:right, efn:sneak_key, efn:is_pressing, efn:pressing_key1, invincible:left, efn:charge_message, invincible:up, efn:force_release, efn:press_key2, efn:key4_press_timer, efn:is_charging, efn:key2_press_timer, efn:charge_power, efn:combo_counter, efn:cooldown, efn:key3_press_timer, efn:full_charge_message, efn:demon_key, efn:sprint_key, efn:cooldown_1, efn:arts_key_pressed, efn:angel_key, efn:arts_key, efn:charge_stage, efn:innate_press_timer, efn:press_key3, efn:press_key4, invincible:dodge_success_timer] for efn:ruinsgreatsword
[258月2026 15:12:17.358] [main/INFO] [epicfight/]: Data keys [efn:cooldown_2, efn:press_key1, efn:energy_check, efn:key1_press_timer, efn:up_key, efn:guard_key, efn:was_long_pressed, efn:pressing_key2, efn:pressing_innate, invincible:cooldown, invincible:parry_timer, efn:jump_key, efn:pressing_key4, efn:press_innate, efn:charge_ticks, efn:press_summon_sword, invincible:down, efn:pressing_key3, efn:down_key, invincible:right, efn:sneak_key, efn:is_pressing, efn:pressing_key1, invincible:left, efn:charge_message, invincible:up, efn:force_release, efn:press_key2, efn:key4_press_timer, efn:is_charging, efn:key2_press_timer, efn:charge_power, efn:combo_counter, efn:cooldown, efn:key3_press_timer, efn:full_charge_message, efn:demon_key, efn:sprint_key, efn:cooldown_1, efn:arts_key_pressed, efn:angel_key, efn:arts_key, efn:charge_stage, efn:innate_press_timer, efn:press_key3, efn:press_key4, invincible:dodge_success_timer] for efn:pioneer
[258月2026 15:12:17.359] [main/INFO] [epicfight/]: Data keys [efn:murasama_opposite_triggered, efn:murasama_zansetsu_start_time, efn:murasama_sheath, efn:murasama_zandatsu_end_time, efn:energy_check, efn:murasama_zandatsu_start_time, efn:manual_unsheath, efn:pressing_innate, invincible:cooldown, invincible:parry_timer, efn:pressing_key4, efn:murasama_zansetsu_input_mode, efn:down_key, efn:sneak_key, efn:is_pressing, efn:pressing_key1, invincible:left, efn:charge_message, efn:murasama_forward_dodge, efn:force_release, efn:press_key2, efn:murasama_sheath_timer, efn:sprint_sheath_timer, efn:is_charging, efn:murasama_zansetsu_slash_release, efn:charge_power, efn:combo_counter, efn:key3_press_timer, efn:murasama_key_left_down, efn:full_charge_message, efn:cooldown_1, efn:arts_key_pressed, efn:angel_key, efn:arts_key, efn:murasama_zansetsu_active, efn:charge_stage, efn:press_key3, efn:murasama_air_borne, efn:cooldown_2, efn:press_key1, efn:key1_press_timer, efn:up_key, efn:guard_key, efn:was_long_pressed, efn:murasama_zansetsu_sector, efn:pressing_key2, efn:murasama_zansetsu_end_time, efn:murasama_zansetsu_timer, efn:murasama_zandatsu_available, efn:jump_key, efn:press_innate, efn:charge_ticks, efn:murasama_left_mouse_pressed, efn:press_summon_sword, invincible:down, efn:murasama_zansetsu_attack_counter, efn:pressing_key3, efn:murasama_input_mode_switch_pressed, efn:murasama_pair_flag, invincible:right, efn:murasama_last_triggered_sector, invincible:up, efn:key4_press_timer, efn:key2_press_timer, efn:cooldown, efn:murasama_key_right_down, efn:demon_key, efn:sprint_key, efn:innate_press_timer, efn:press_key4, invincible:dodge_success_timer] for efn:murasama
[258月2026 15:12:17.359] [main/INFO] [epicfight/]: Data keys [efn:murasama_opposite_triggered, efn:murasama_zansetsu_start_time, efn:murasama_sheath, efn:murasama_zandatsu_end_time, efn:was_double_tap_sprint, efn:forward_backward_window_active, efn:jump_key_pressed_last_tick, efn:murasama_zandatsu_start_time, efn:murasama_zansetsu_sector, efn:manual_unsheath, efn:double_tap_timer, efn:forward_backward_remaining_ticks, efn:murasama_zansetsu_end_time, efn:murasama_zansetsu_timer, efn:murasama_zandatsu_available, efn:murasama_left_mouse_pressed, efn:murasama_zansetsu_attack_counter, efn:murasama_zansetsu_input_mode, efn:murasama_input_mode_switch_pressed, efn:murasama_pair_flag, efn:backward_pressed_last_tick, efn:murasama_last_triggered_sector, efn:forward_backward_success, efn:forward_pressed_last_tick, efn:murasama_forward_dodge, efn:murasama_sheath_timer, efn:sprint_sheath_timer, efn:murasama_zansetsu_slash_release, efn:murasama_key_left_down, efn:murasama_key_right_down, efn:up_key_pressed_last_tick, efn:forward_backward_timer, efn:jump_count, efn:is_double_tap_sprint, efn:forward_backward_end_tick, efn:murasama_zansetsu_active] for efn:murasama_passive
[258月2026 15:12:17.359] [main/INFO] [epicfight/]: Data keys [efn:cooldown_2, efn:press_key1, efn:energy_check, efn:key1_press_timer, efn:up_key, efn:guard_key, efn:was_long_pressed, efn:pressing_key2, efn:pressing_innate, invincible:cooldown, invincible:parry_timer, efn:jump_key, efn:pressing_key4, efn:press_innate, efn:charge_ticks, efn:press_summon_sword, invincible:down, efn:pressing_key3, efn:down_key, invincible:right, efn:sneak_key, efn:is_pressing, efn:pressing_key1, invincible:left, efn:charge_message, invincible:up, efn:force_release, efn:press_key2, efn:key4_press_timer, efn:is_charging, efn:key2_press_timer, efn:charge_power, efn:combo_counter, efn:cooldown, efn:key3_press_timer, efn:full_charge_message, efn:demon_key, efn:sprint_key, efn:cooldown_1, efn:arts_key_pressed, efn:angel_key, efn:arts_key, efn:charge_stage, efn:innate_press_timer, efn:press_key3, efn:press_key4, invincible:dodge_success_timer] for efn:meenlance
[258月2026 15:12:17.359] [main/INFO] [epicfight/]: Data keys [efn:cooldown_2, efn:press_key1, efn:energy_check, efn:key1_press_timer, efn:up_key, efn:guard_key, efn:was_long_pressed, efn:pressing_key2, efn:pressing_innate, invincible:cooldown, invincible:parry_timer, efn:jump_key, efn:pressing_key4, efn:press_innate, efn:charge_ticks, efn:press_summon_sword, invincible:down, efn:pressing_key3, efn:down_key, invincible:right, efn:sneak_key, efn:is_pressing, efn:pressing_key1, invincible:left, efn:charge_message, invincible:up, efn:force_release, efn:press_key2, efn:key4_press_timer, efn:is_charging, efn:key2_press_timer, efn:charge_power, efn:combo_counter, efn:cooldown, efn:key3_press_timer, efn:full_charge_message, efn:demon_key, efn:sprint_key, efn:cooldown_1, efn:arts_key_pressed, efn:angel_key, efn:arts_key, efn:charge_stage, efn:innate_press_timer, efn:press_key3, efn:press_key4, invincible:dodge_success_timer] for efn:kusabimaru
[258月2026 15:12:17.359] [main/INFO] [epicfight/]: Data keys [efn:murasama_opposite_triggered, efn:murasama_zansetsu_start_time, efn:murasama_sheath, efn:murasama_zandatsu_end_time, efn:energy_check, efn:murasama_zandatsu_start_time, efn:manual_unsheath, efn:pressing_innate, invincible:cooldown, invincible:parry_timer, efn:pressing_key4, efn:murasama_zansetsu_input_mode, efn:down_key, efn:sneak_key, efn:is_pressing, efn:pressing_key1, invincible:left, efn:charge_message, efn:murasama_forward_dodge, efn:force_release, efn:press_key2, efn:murasama_sheath_timer, efn:sprint_sheath_timer, efn:is_charging, efn:murasama_zansetsu_slash_release, efn:charge_power, efn:combo_counter, efn:key3_press_timer, efn:murasama_key_left_down, efn:full_charge_message, efn:cooldown_1, efn:arts_key_pressed, efn:angel_key, efn:arts_key, efn:murasama_zansetsu_active, efn:charge_stage, efn:press_key3, efn:murasama_air_borne, efn:cooldown_2, efn:press_key1, efn:key1_press_timer, efn:up_key, efn:guard_key, efn:was_long_pressed, efn:murasama_zansetsu_sector, efn:pressing_key2, efn:murasama_zansetsu_end_time, efn:murasama_zansetsu_timer, efn:murasama_zandatsu_available, efn:jump_key, efn:press_innate, efn:charge_ticks, efn:murasama_left_mouse_pressed, efn:press_summon_sword, invincible:down, efn:murasama_zansetsu_attack_counter, efn:pressing_key3, efn:murasama_input_mode_switch_pressed, efn:murasama_pair_flag, invincible:right, efn:murasama_last_triggered_sector, invincible:up, efn:key4_press_timer, efn:key2_press_timer, efn:cooldown, efn:murasama_key_right_down, efn:demon_key, efn:sprint_key, efn:innate_press_timer, efn:press_key4, invincible:dodge_success_timer] for efn:hf_blade
[258月2026 15:12:17.360] [main/INFO] [epicfight/]: Data keys [efn:murasama_opposite_triggered, efn:murasama_zansetsu_start_time, efn:murasama_sheath, efn:murasama_zandatsu_end_time, efn:was_double_tap_sprint, efn:forward_backward_window_active, efn:jump_key_pressed_last_tick, efn:murasama_zandatsu_start_time, efn:murasama_zansetsu_sector, efn:manual_unsheath, efn:double_tap_timer, efn:forward_backward_remaining_ticks, efn:murasama_zansetsu_end_time, efn:murasama_zansetsu_timer, efn:murasama_zandatsu_available, efn:murasama_left_mouse_pressed, efn:murasama_zansetsu_attack_counter, efn:murasama_zansetsu_input_mode, efn:murasama_input_mode_switch_pressed, efn:murasama_pair_flag, efn:backward_pressed_last_tick, efn:murasama_last_triggered_sector, efn:forward_backward_success, efn:forward_pressed_last_tick, efn:murasama_forward_dodge, efn:murasama_sheath_timer, efn:sprint_sheath_timer, efn:murasama_zansetsu_slash_release, efn:murasama_key_left_down, efn:murasama_key_right_down, efn:up_key_pressed_last_tick, efn:forward_backward_timer, efn:jump_count, efn:is_double_tap_sprint, efn:forward_backward_end_tick, efn:murasama_zansetsu_active] for efn:hf_blade_passive
[258月2026 15:12:17.360] [main/INFO] [epicfight/]: Data keys [efn:cooldown_2, efn:press_key1, efn:energy_check, efn:key1_press_timer, efn:up_key, efn:guard_key, efn:was_long_pressed, efn:pressing_key2, efn:pressing_innate, invincible:cooldown, invincible:parry_timer, efn:jump_key, efn:pressing_key4, efn:press_innate, efn:charge_ticks, efn:press_summon_sword, invincible:down, efn:pressing_key3, efn:down_key, invincible:right, efn:sneak_key, efn:is_pressing, efn:pressing_key1, invincible:left, efn:charge_message, invincible:up, efn:force_release, efn:press_key2, efn:key4_press_timer, efn:is_charging, efn:key2_press_timer, efn:charge_power, efn:combo_counter, efn:cooldown, efn:key3_press_timer, efn:full_charge_message, efn:demon_key, efn:sprint_key, efn:cooldown_1, efn:arts_key_pressed, efn:angel_key, efn:arts_key, efn:charge_stage, efn:innate_press_timer, efn:press_key3, efn:press_key4, invincible:dodge_success_timer] for efn:exsiliumgladius
[258月2026 15:12:17.360] [main/INFO] [epicfight/]: Data keys [invincible:cooldown, invincible:left, invincible:parry_timer, invincible:up, invincible:down, invincible:right, invincible:dodge_success_timer] for efn:examplecombo
[258月2026 15:12:17.360] [main/INFO] [epicfight/]: Data keys [efn:cooldown_2, efn:press_key1, efn:energy_check, efn:key1_press_timer, efn:up_key, efn:guard_key, efn:was_long_pressed, efn:pressing_key2, efn:pressing_innate, invincible:cooldown, invincible:parry_timer, efn:jump_key, efn:pressing_key4, efn:press_innate, efn:charge_ticks, efn:press_summon_sword, invincible:down, efn:pressing_key3, efn:down_key, invincible:right, efn:sneak_key, efn:is_pressing, efn:pressing_key1, invincible:left, efn:charge_message, invincible:up, efn:force_release, efn:press_key2, efn:key4_press_timer, efn:is_charging, efn:key2_press_timer, efn:charge_power, efn:combo_counter, efn:cooldown, efn:key3_press_timer, efn:full_charge_message, efn:demon_key, efn:sprint_key, efn:cooldown_1, efn:arts_key_pressed, efn:angel_key, efn:arts_key, efn:charge_stage, efn:innate_press_timer, efn:press_key3, efn:press_key4, invincible:dodge_success_timer] for efn:crescentmoon
[258月2026 15:12:17.360] [main/INFO] [epicfight/]: Data keys [efn:cooldown_2, efn:press_key1, efn:energy_check, efn:key1_press_timer, efn:up_key, efn:guard_key, efn:was_long_pressed, efn:pressing_key2, efn:pressing_innate, invincible:cooldown, invincible:parry_timer, efn:jump_key, efn:pressing_key4, efn:press_innate, efn:charge_ticks, efn:press_summon_sword, invincible:down, efn:pressing_key3, efn:down_key, invincible:right, efn:sneak_key, efn:is_pressing, efn:pressing_key1, invincible:left, efn:charge_message, invincible:up, efn:force_release, efn:press_key2, efn:key4_press_timer, efn:is_charging, efn:key2_press_timer, efn:charge_power, efn:combo_counter, efn:cooldown, efn:key3_press_timer, efn:full_charge_message, efn:demon_key, efn:sprint_key, efn:cooldown_1, efn:arts_key_pressed, efn:angel_key, efn:arts_key, efn:charge_stage, efn:innate_press_timer, efn:press_key3, efn:press_key4, invincible:dodge_success_timer] for efn:broadblade
[258月2026 15:12:17.360] [main/INFO] [epicfight/]: Data keys [efn:cooldown_2, efn:press_key1, efn:energy_check, efn:key1_press_timer, efn:up_key, efn:guard_key, efn:was_long_pressed, efn:pressing_key2, efn:pressing_innate, invincible:cooldown, invincible:parry_timer, efn:jump_key, efn:pressing_key4, efn:press_innate, efn:charge_ticks, efn:press_summon_sword, invincible:down, efn:pressing_key3, efn:down_key, invincible:right, efn:sneak_key, efn:is_pressing, efn:pressing_key1, invincible:left, efn:charge_message, invincible:up, efn:force_release, efn:press_key2, efn:key4_press_timer, efn:is_charging, efn:key2_press_timer, efn:charge_power, efn:combo_counter, efn:cooldown, efn:key3_press_timer, efn:full_charge_message, efn:demon_key, efn:sprint_key, efn:cooldown_1, efn:arts_key_pressed, efn:angel_key, efn:arts_key, efn:charge_stage, efn:innate_press_timer, efn:press_key3, efn:press_key4, invincible:dodge_success_timer] for efn:bloodlust
[258月2026 15:12:17.360] [main/INFO] [epicfight/]: Data keys [efn:cooldown_2, efn:press_key1, efn:energy_check, efn:key1_press_timer, efn:up_key, efn:guard_key, efn:was_long_pressed, efn:pressing_key2, efn:pressing_innate, invincible:cooldown, invincible:parry_timer, efn:jump_key, efn:pressing_key4, efn:press_innate, efn:charge_ticks, efn:press_summon_sword, invincible:down, efn:pressing_key3, efn:down_key, invincible:right, efn:sneak_key, efn:is_pressing, efn:pressing_key1, invincible:left, efn:charge_message, invincible:up, efn:force_release, efn:press_key2, efn:key4_press_timer, efn:is_charging, efn:key2_press_timer, efn:charge_power, efn:combo_counter, efn:cooldown, efn:key3_press_timer, efn:full_charge_message, efn:demon_key, efn:sprint_key, efn:cooldown_1, efn:arts_key_pressed, efn:angel_key, efn:arts_key, efn:charge_stage, efn:innate_press_timer, efn:press_key3, efn:press_key4, invincible:dodge_success_timer] for efn:beastclaw
[258月2026 15:12:17.361] [main/INFO] [epicfight/]: Data keys [efn:cooldown_2, efn:press_key1, efn:energy_check, efn:key1_press_timer, efn:up_key, efn:guard_key, efn:was_long_pressed, efn:pressing_key2, efn:pressing_innate, invincible:cooldown, invincible:parry_timer, efn:jump_key, efn:pressing_key4, efn:press_innate, efn:charge_ticks, efn:press_summon_sword, invincible:down, efn:pressing_key3, efn:down_key, invincible:right, efn:sneak_key, efn:is_pressing, efn:pressing_key1, invincible:left, efn:charge_message, invincible:up, efn:force_release, efn:press_key2, efn:key4_press_timer, efn:is_charging, efn:key2_press_timer, efn:charge_power, efn:combo_counter, efn:cooldown, efn:key3_press_timer, efn:full_charge_message, efn:demon_key, efn:sprint_key, efn:cooldown_1, efn:arts_key_pressed, efn:angel_key, efn:arts_key, efn:charge_stage, efn:innate_press_timer, efn:press_key3, efn:press_key4, invincible:dodge_success_timer] for efn:aetherialdusk
[258月2026 15:12:17.361] [main/INFO] [epicfight/]: Data keys [annoyingvillagers:is_trident_ranged_mode, annoyingvillagers:trident_amount] for annoyingvillagers:trident_festival
[258月2026 15:12:17.444] [main/WARN] [net.minecraft.server.packs.VanillaPackResourcesBuilder/]: Assets URL 'union:/E:/program/JAVA/touhou%20little%20maid%20-%20unknow%20sky%20area/prod_server/libraries/net/minecraft/server/1.20.1-20230612.114412/server-1.20.1-20230612.114412-srg.jar%23131!/assets/.mcassetsroot' uses unexpected schema
[258月2026 15:12:17.445] [main/WARN] [net.minecraft.server.packs.VanillaPackResourcesBuilder/]: Assets URL 'union:/E:/program/JAVA/touhou%20little%20maid%20-%20unknow%20sky%20area/prod_server/libraries/net/minecraft/server/1.20.1-20230612.114412/server-1.20.1-20230612.114412-srg.jar%23131!/data/.mcassetsroot' uses unexpected schema
[258月2026 15:12:17.634] [main/DEBUG] [net.minecraftforge.server.ServerLifecycleHooks/CORE]: Generating PackInfo named mod:invincible for mod file E:\program\JAVA\touhou little maid - unknow sky area\prod_server\mods\[无坚不摧] epic-fight-invincible-lib-20.14.8.2-mc1.20.1-forge.jar
[258月2026 15:12:17.634] [main/DEBUG] [net.minecraftforge.server.ServerLifecycleHooks/CORE]: Generating PackInfo named mod:mixinsquared for mod file 
[258月2026 15:12:17.635] [main/DEBUG] [net.minecraftforge.server.ServerLifecycleHooks/CORE]: Generating PackInfo named mod:geckolib for mod file 
[258月2026 15:12:17.635] [main/DEBUG] [net.minecraftforge.server.ServerLifecycleHooks/CORE]: Generating PackInfo named mod:combat_evolution for mod file E:\program\JAVA\touhou little maid - unknow sky area\prod_server\mods\CombatEvolution-2.1.10.jar
[258月2026 15:12:17.635] [main/DEBUG] [net.minecraftforge.server.ServerLifecycleHooks/CORE]: Generating PackInfo named mod:maid_weapon_refill for mod file E:\program\JAVA\touhou little maid - unknow sky area\prod_server\mods\maid_weapon_refill-1.0.0.jar
[258月2026 15:12:17.635] [main/DEBUG] [net.minecraftforge.server.ServerLifecycleHooks/CORE]: Generating PackInfo named mod:touhou_little_maid for mod file E:\program\JAVA\touhou little maid - unknow sky area\prod_server\mods\[车万女仆] touhoulittlemaid-1.5.3-forge+mc1.20.1.jar
[258月2026 15:12:17.635] [main/DEBUG] [net.minecraftforge.server.ServerLifecycleHooks/CORE]: Generating PackInfo named mod:simplebedrockmodel for mod file 
[258月2026 15:12:17.635] [main/DEBUG] [net.minecraftforge.server.ServerLifecycleHooks/CORE]: Generating PackInfo named mod:epicfight for mod file E:\program\JAVA\touhou little maid - unknow sky area\prod_server\mods\[史诗战斗] epic-fight-20.14.17-mc1.20.1-forge.jar
[258月2026 15:12:17.635] [main/DEBUG] [net.minecraftforge.server.ServerLifecycleHooks/CORE]: Generating PackInfo named mod:wom for mod file E:\program\JAVA\touhou little maid - unknow sky area\prod_server\mods\[奇迹武器] WeaponsOfMiracles-2.0.164-mc1.20.1-forge.jar
[258月2026 15:12:17.635] [main/DEBUG] [net.minecraftforge.server.ServerLifecycleHooks/CORE]: Generating PackInfo named mod:epic_fight_avalon for mod file E:\program\JAVA\touhou little maid - unknow sky area\prod_server\mods\epic_fight_avalon-20.12.6.4.jar
[258月2026 15:12:17.636] [main/DEBUG] [net.minecraftforge.server.ServerLifecycleHooks/CORE]: Generating PackInfo named mod:player_mobs for mod file E:\program\JAVA\touhou little maid - unknow sky area\prod_server\mods\PlayerMobs-1.20.1-4.1.0.37.jar
[258月2026 15:12:17.636] [main/DEBUG] [net.minecraftforge.server.ServerLifecycleHooks/CORE]: Generating PackInfo named mod:mixinextras for mod file 
[258月2026 15:12:17.636] [main/DEBUG] [net.minecraftforge.server.ServerLifecycleHooks/CORE]: Generating PackInfo named mod:vix for mod file 
[258月2026 15:12:17.636] [main/DEBUG] [net.minecraftforge.server.ServerLifecycleHooks/CORE]: Generating PackInfo named mod:architectury for mod file E:\program\JAVA\touhou little maid - unknow sky area\prod_server\mods\architectury-9.2.14-forge.jar
[258月2026 15:12:17.636] [main/DEBUG] [net.minecraftforge.server.ServerLifecycleHooks/CORE]: Generating PackInfo named mod:efn for mod file E:\program\JAVA\touhou little maid - unknow sky area\prod_server\mods\[史诗战斗：夜幕] EpicFight Nightfall-3.4.0.jar
[258月2026 15:12:17.636] [main/DEBUG] [net.minecraftforge.server.ServerLifecycleHooks/CORE]: Generating PackInfo named mod:annoyingvillagers for mod file E:\program\JAVA\touhou little maid - unknow sky area\prod_server\mods\[烦人的村民] AnnoyingVillagers-1.20.1-1.4.7.jar
[258月2026 15:12:17.636] [main/DEBUG] [net.minecraftforge.server.ServerLifecycleHooks/CORE]: Generating PackInfo named mod:efclash_blade for mod file E:\program\JAVA\touhou little maid - unknow sky area\prod_server\mods\[史诗战斗：冲击之刃] Epicfight-ClashBlade-1.20.1-2.1.jar
[258月2026 15:12:17.636] [main/DEBUG] [net.minecraftforge.server.ServerLifecycleHooks/CORE]: Generating PackInfo named mod:ywzj_vehicle for mod file E:\program\JAVA\touhou little maid - unknow sky area\prod_server\mods\ywzj_vehicle-1.20.1-0.5.8.jar
[258月2026 15:12:17.637] [main/DEBUG] [net.minecraftforge.server.ServerLifecycleHooks/CORE]: Generating PackInfo named mod:ef_tlm for mod file E:\program\JAVA\touhou little maid - unknow sky area\prod_server\mods\[史诗战斗：车万女仆] [史诗战斗：车万女仆]EpicFight_TouhouLittleMaid-1.20.1-1.3.2-all.jar
[258月2026 15:12:17.637] [main/DEBUG] [net.minecraftforge.server.ServerLifecycleHooks/CORE]: Generating PackInfo named mod:ysm_geo_compat for mod file 
[258月2026 15:12:17.637] [main/DEBUG] [net.minecraftforge.server.ServerLifecycleHooks/CORE]: Generating PackInfo named mod:forge for mod file E:\program\JAVA\touhou little maid - unknow sky area\prod_server\libraries\net\minecraftforge\forge\1.20.1-47.4.13\forge-1.20.1-47.4.13-universal.jar
[258月2026 15:12:17.637] [main/DEBUG] [net.minecraftforge.server.ServerLifecycleHooks/CORE]: Generating PackInfo named mod:eftlm_stylish for mod file E:\program\JAVA\touhou little maid - unknow sky area\prod_server\mods\eftlm_stylish-1.0.0.jar
[258月2026 15:12:18.296] [main/DEBUG] [mixin/]: Mixing MixinLootDataManager from architectury.mixins.json into net.minecraft.world.level.storage.loot.LootDataManager
[258月2026 15:12:18.465] [main/DEBUG] [net.minecraftforge.coremod.transformer.CoreModBaseTransformer/COREMOD]: Transforming net/minecraft/server/commands/SummonCommand
[258月2026 15:12:18.746] [Worker-Main-6/ERROR] [simplebedrockmodel/]: Not found model file: ywzj_vehicle:models/bedrock/entity/grenade_40mm.json
[258月2026 15:12:18.748] [Worker-Main-6/ERROR] [simplebedrockmodel/]: Not found model file: ywzj_vehicle:models/bedrock/entity/aerial_bomb.json
[258月2026 15:12:18.751] [Worker-Main-6/ERROR] [simplebedrockmodel/]: Not found model file: ywzj_vehicle:models/bedrock/block/machine_max_block.json
[258月2026 15:12:18.751] [Worker-Main-6/ERROR] [simplebedrockmodel/]: Not found model file: ywzj_vehicle:models/bedrock/entity/missile_akd10.json
[258月2026 15:12:18.752] [Worker-Main-6/ERROR] [simplebedrockmodel/]: Not found model file: ywzj_vehicle:models/bedrock/entity/basic_bullet.json
[258月2026 15:12:18.753] [Worker-Main-6/ERROR] [simplebedrockmodel/]: Not found model file: ywzj_vehicle:models/bedrock/entity/rocket_57mm.json
[258月2026 15:12:19.028] [Worker-Main-1/DEBUG] [net.minecraftforge.coremod.transformer.CoreModBaseTransformer/COREMOD]: Transforming net/minecraft/world/entity/raid/Raid
[258月2026 15:12:19.059] [Worker-Main-1/DEBUG] [mixin/]: Mixing FishingHookPredicateMixin from touhou_little_maid.mixins.json into net.minecraft.advancements.critereon.FishingHookPredicate
[258月2026 15:12:19.281] [Worker-Main-1/ERROR] [net.minecraftforge.common.ForgeHooks/]: Couldn't parse element loot_tables:touhou_little_maid:grant_book_on_first_join
com.google.gson.JsonSyntaxException: Expected name to be an item, was unknown string 'patchouli:guide_book'
	at net.minecraft.util.GsonHelper.m_13866_(GsonHelper.java:145) ~[server-1.20.1-20230612.114412-srg.jar%23131!/:?]
	at java.util.Optional.orElseThrow(Optional.java:403) ~[?:?]
	at net.minecraft.util.GsonHelper.m_13874_(GsonHelper.java:145) ~[server-1.20.1-20230612.114412-srg.jar%23131!/:?]
	at net.minecraft.util.GsonHelper.m_13909_(GsonHelper.java:153) ~[server-1.20.1-20230612.114412-srg.jar%23131!/:?]
	at net.minecraft.world.level.storage.loot.entries.LootItem$Serializer.m_7267_(LootItem.java:55) ~[server-1.20.1-20230612.114412-srg.jar%23131!/:?]
	at net.minecraft.world.level.storage.loot.entries.LootItem$Serializer.m_7267_(LootItem.java:40) ~[server-1.20.1-20230612.114412-srg.jar%23131!/:?]
	at net.minecraft.world.level.storage.loot.entries.LootPoolSingletonContainer$Serializer.m_5921_(LootPoolSingletonContainer.java:151) ~[server-1.20.1-20230612.114412-srg.jar%23131!/:?]
	at net.minecraft.world.level.storage.loot.entries.LootPoolSingletonContainer$Serializer.m_5921_(LootPoolSingletonContainer.java:129) ~[server-1.20.1-20230612.114412-srg.jar%23131!/:?]
	at net.minecraft.world.level.storage.loot.entries.LootPoolEntryContainer$Serializer.m_7561_(LootPoolEntryContainer.java:86) ~[server-1.20.1-20230612.114412-srg.jar%23131!/:?]
	at net.minecraft.world.level.storage.loot.entries.LootPoolEntryContainer$Serializer.m_7561_(LootPoolEntryContainer.java:74) ~[server-1.20.1-20230612.114412-srg.jar%23131!/:?]
	at net.minecraft.world.level.storage.loot.GsonAdapterFactory$JsonAdapter.deserialize(GsonAdapterFactory.java:102) ~[server-1.20.1-20230612.114412-srg.jar%23131!/:?]
	at com.google.gson.internal.bind.TreeTypeAdapter.read(TreeTypeAdapter.java:76) ~[gson-2.10.jar%2372!/:?]
	at com.google.gson.internal.bind.TypeAdapterRuntimeTypeWrapper.read(TypeAdapterRuntimeTypeWrapper.java:40) ~[gson-2.10.jar%2372!/:?]
	at com.google.gson.internal.bind.ArrayTypeAdapter.read(ArrayTypeAdapter.java:72) ~[gson-2.10.jar%2372!/:?]
	at com.google.gson.Gson.fromJson(Gson.java:1214) ~[gson-2.10.jar%2372!/:?]
	at com.google.gson.Gson.fromJson(Gson.java:1319) ~[gson-2.10.jar%2372!/:?]
	at com.google.gson.Gson.fromJson(Gson.java:1290) ~[gson-2.10.jar%2372!/:?]
	at com.google.gson.internal.bind.TreeTypeAdapter$GsonContextImpl.deserialize(TreeTypeAdapter.java:179) ~[gson-2.10.jar%2372!/:?]
	at net.minecraft.util.GsonHelper.m_13808_(GsonHelper.java:463) ~[server-1.20.1-20230612.114412-srg.jar%23131!/:?]
	at net.minecraft.util.GsonHelper.m_13836_(GsonHelper.java:471) ~[server-1.20.1-20230612.114412-srg.jar%23131!/:?]
	at net.minecraft.world.level.storage.loot.LootPool$Serializer.deserialize(LootPool.java:192) ~[server-1.20.1-20230612.114412-srg.jar%23131!/:?]
	at net.minecraft.world.level.storage.loot.LootPool$Serializer.deserialize(LootPool.java:189) ~[server-1.20.1-20230612.114412-srg.jar%23131!/:?]
	at com.google.gson.internal.bind.TreeTypeAdapter.read(TreeTypeAdapter.java:76) ~[gson-2.10.jar%2372!/:?]
	at com.google.gson.internal.bind.TypeAdapterRuntimeTypeWrapper.read(TypeAdapterRuntimeTypeWrapper.java:40) ~[gson-2.10.jar%2372!/:?]
	at com.google.gson.internal.bind.ArrayTypeAdapter.read(ArrayTypeAdapter.java:72) ~[gson-2.10.jar%2372!/:?]
	at com.google.gson.Gson.fromJson(Gson.java:1214) ~[gson-2.10.jar%2372!/:?]
	at com.google.gson.Gson.fromJson(Gson.java:1319) ~[gson-2.10.jar%2372!/:?]
	at com.google.gson.Gson.fromJson(Gson.java:1290) ~[gson-2.10.jar%2372!/:?]
	at com.google.gson.internal.bind.TreeTypeAdapter$GsonContextImpl.deserialize(TreeTypeAdapter.java:179) ~[gson-2.10.jar%2372!/:?]
	at net.minecraft.util.GsonHelper.m_13808_(GsonHelper.java:463) ~[server-1.20.1-20230612.114412-srg.jar%23131!/:?]
	at net.minecraft.util.GsonHelper.m_13845_(GsonHelper.java:481) ~[server-1.20.1-20230612.114412-srg.jar%23131!/:?]
	at net.minecraft.world.level.storage.loot.LootTable$Serializer.deserialize(LootTable.java:294) ~[server-1.20.1-20230612.114412-srg.jar%23131!/:?]
	at net.minecraft.world.level.storage.loot.LootTable$Serializer.deserialize(LootTable.java:291) ~[server-1.20.1-20230612.114412-srg.jar%23131!/:?]
	at com.google.gson.internal.bind.TreeTypeAdapter.read(TreeTypeAdapter.java:76) ~[gson-2.10.jar%2372!/:?]
	at com.google.gson.Gson.fromJson(Gson.java:1214) ~[gson-2.10.jar%2372!/:?]
	at com.google.gson.Gson.fromJson(Gson.java:1319) ~[gson-2.10.jar%2372!/:?]
	at com.google.gson.Gson.fromJson(Gson.java:1261) ~[gson-2.10.jar%2372!/:?]
	at net.minecraftforge.common.ForgeHooks.loadLootTable(ForgeHooks.java:872) ~[forge-1.20.1-47.4.13-universal.jar%23136!/:?]
	at net.minecraftforge.common.ForgeHooks.lambda$getLootTableDeserializer$3(ForgeHooks.java:849) ~[forge-1.20.1-47.4.13-universal.jar%23136!/:?]
	at net.minecraft.world.level.storage.loot.LootDataType.deserialize(LootDataType.java:45) ~[server-1.20.1-20230612.114412-srg.jar%23131!/:?]
	at net.minecraft.world.level.storage.loot.LootDataManager.lambda$scheduleElementParse$4(LootDataManager.java:56) ~[server-1.20.1-20230612.114412-srg.jar%23131!/:?]
	at java.util.HashMap.forEach(HashMap.java:1421) ~[?:?]
	at net.minecraft.world.level.storage.loot.LootDataManager.m_278660_(LootDataManager.java:55) ~[server-1.20.1-20230612.114412-srg.jar%23131!/:?]
	at java.util.concurrent.CompletableFuture$AsyncRun.run(CompletableFuture.java:1804) ~[?:?]
	at java.util.concurrent.CompletableFuture$AsyncRun.exec(CompletableFuture.java:1796) ~[?:?]
	at java.util.concurrent.ForkJoinTask.doExec(ForkJoinTask.java:373) ~[?:?]
	at java.util.concurrent.ForkJoinPool$WorkQueue.topLevelExec(ForkJoinPool.java:1182) ~[?:?]
	at java.util.concurrent.ForkJoinPool.scan(ForkJoinPool.java:1655) ~[?:?]
	at java.util.concurrent.ForkJoinPool.runWorker(ForkJoinPool.java:1622) ~[?:?]
	at java.util.concurrent.ForkJoinWorkerThread.run(ForkJoinWorkerThread.java:165) ~[?:?]
[258月2026 15:12:19.414] [main/INFO] [net.minecraft.world.item.crafting.RecipeManager/]: Skipping loading recipe touhou_little_maid:memorizable_gensokyo as it's serializer returned null
[258月2026 15:12:19.430] [main/INFO] [net.minecraft.world.item.crafting.RecipeManager/]: Loaded 9 recipes
[258月2026 15:12:19.513] [main/INFO] [net.minecraft.advancements.AdvancementList/]: Loaded 1353 advancements
[258月2026 15:12:30.463] [main/WARN] [epicfight/]: Skill efn:example doesn't exist in the registry.
[258月2026 15:12:30.492] [main/WARN] [epicfight/]: Item Capability Exception: No item named annoyingvillagers:air
[258月2026 15:12:30.509] [main/WARN] [epicfight/]: Can't find a particle type epicfight:entity.hit.blunt in invincible:custom_combo_demo
[258月2026 15:12:30.516] [main/WARN] [epicfight/]: Item Capability Exception: No item named efn:scythe
[258月2026 15:12:30.522] [main/WARN] [epicfight/]: Item Capability Exception: No item named annoyingvillagers:diamond_durandal
[258月2026 15:12:31.016] [main/DEBUG] [net.minecraftforge.common.ForgeHooks/WP]: Gathering id map for writing to world save maid_pilot_world
[258月2026 15:12:31.032] [main/DEBUG] [net.minecraftforge.common.ForgeHooks/WP]: ID Map collection complete maid_pilot_world
[258月2026 15:12:31.080] [Server thread/INFO] [net.minecraft.server.dedicated.DedicatedServer/]: Starting minecraft server version 1.20.1
[258月2026 15:12:31.080] [Server thread/INFO] [net.minecraft.server.dedicated.DedicatedServer/]: Loading properties
[258月2026 15:12:31.080] [Server thread/INFO] [net.minecraft.server.dedicated.DedicatedServer/]: Default game type: SURVIVAL
[258月2026 15:12:31.081] [Server thread/INFO] [net.minecraft.server.MinecraftServer/]: Generating keypair
[258月2026 15:12:31.154] [Server thread/INFO] [net.minecraft.server.dedicated.DedicatedServer/]: Starting Minecraft server on *:25565
[258月2026 15:12:31.155] [Server thread/DEBUG] [net.minecraftforge.network.DualStackUtils/]: Detected IPv6 address: "0:0:0:0:0:0:0:0"
[258月2026 15:12:31.177] [Server thread/INFO] [net.minecraft.server.network.ServerConnectionListener/]: Using default channel type
[258月2026 15:12:31.201] [Server thread/DEBUG] [io.netty.channel.MultithreadEventLoopGroup/]: -Dio.netty.eventLoopThreads: 32
[258月2026 15:12:31.221] [Server thread/DEBUG] [io.netty.util.internal.InternalThreadLocalMap/]: -Dio.netty.threadLocalMap.stringBuilder.initialSize: 1024
[258月2026 15:12:31.222] [Server thread/DEBUG] [io.netty.util.internal.InternalThreadLocalMap/]: -Dio.netty.threadLocalMap.stringBuilder.maxSize: 4096
[258月2026 15:12:31.231] [Server thread/DEBUG] [io.netty.channel.nio.NioEventLoop/]: -Dio.netty.noKeySetOptimization: false
[258月2026 15:12:31.231] [Server thread/DEBUG] [io.netty.channel.nio.NioEventLoop/]: -Dio.netty.selectorAutoRebuildThreshold: 512
[258月2026 15:12:31.240] [Server thread/DEBUG] [io.netty.util.internal.PlatformDependent/]: org.jctools-core.MpscChunkedArrayQueue: available
[258月2026 15:12:31.379] [Server thread/DEBUG] [io.netty.channel.DefaultChannelId/]: -Dio.netty.processId: 20372 (auto-detected)
[258月2026 15:12:31.381] [Server thread/DEBUG] [io.netty.util.NetUtil/]: -Djava.net.preferIPv4Stack: false
[258月2026 15:12:31.381] [Server thread/DEBUG] [io.netty.util.NetUtil/]: -Djava.net.preferIPv6Addresses: true
[258月2026 15:12:31.394] [Server thread/DEBUG] [io.netty.util.NetUtilInitializations/]: Loopback interface: lo (Software Loopback Interface 1, 127.0.0.1)
[258月2026 15:12:31.395] [Server thread/DEBUG] [io.netty.util.NetUtil/]: Failed to get SOMAXCONN from sysctl and file \proc\sys\net\core\somaxconn. Default: 200
[258月2026 15:12:31.444] [Server thread/DEBUG] [io.netty.channel.DefaultChannelId/]: -Dio.netty.machineId: 00:00:00:00:00:00:00:e0 (auto-detected)
[258月2026 15:12:31.475] [Server thread/DEBUG] [io.netty.buffer.PooledByteBufAllocator/]: -Dio.netty.allocator.numHeapArenas: 32
[258月2026 15:12:31.475] [Server thread/DEBUG] [io.netty.buffer.PooledByteBufAllocator/]: -Dio.netty.allocator.numDirectArenas: 32
[258月2026 15:12:31.475] [Server thread/DEBUG] [io.netty.buffer.PooledByteBufAllocator/]: -Dio.netty.allocator.pageSize: 8192
[258月2026 15:12:31.475] [Server thread/DEBUG] [io.netty.buffer.PooledByteBufAllocator/]: -Dio.netty.allocator.maxOrder: 9
[258月2026 15:12:31.475] [Server thread/DEBUG] [io.netty.buffer.PooledByteBufAllocator/]: -Dio.netty.allocator.chunkSize: 4194304
[258月2026 15:12:31.475] [Server thread/DEBUG] [io.netty.buffer.PooledByteBufAllocator/]: -Dio.netty.allocator.smallCacheSize: 256
[258月2026 15:12:31.475] [Server thread/DEBUG] [io.netty.buffer.PooledByteBufAllocator/]: -Dio.netty.allocator.normalCacheSize: 64
[258月2026 15:12:31.475] [Server thread/DEBUG] [io.netty.buffer.PooledByteBufAllocator/]: -Dio.netty.allocator.maxCachedBufferCapacity: 32768
[258月2026 15:12:31.475] [Server thread/DEBUG] [io.netty.buffer.PooledByteBufAllocator/]: -Dio.netty.allocator.cacheTrimInterval: 8192
[258月2026 15:12:31.475] [Server thread/DEBUG] [io.netty.buffer.PooledByteBufAllocator/]: -Dio.netty.allocator.cacheTrimIntervalMillis: 0
[258月2026 15:12:31.475] [Server thread/DEBUG] [io.netty.buffer.PooledByteBufAllocator/]: -Dio.netty.allocator.useCacheForAllThreads: false
[258月2026 15:12:31.475] [Server thread/DEBUG] [io.netty.buffer.PooledByteBufAllocator/]: -Dio.netty.allocator.maxCachedByteBuffersPerChunk: 1023
[258月2026 15:12:31.484] [Server thread/DEBUG] [io.netty.buffer.ByteBufUtil/]: -Dio.netty.allocator.type: pooled
[258月2026 15:12:31.484] [Server thread/DEBUG] [io.netty.buffer.ByteBufUtil/]: -Dio.netty.threadLocalDirectBufferSize: 0
[258月2026 15:12:31.484] [Server thread/DEBUG] [io.netty.buffer.ByteBufUtil/]: -Dio.netty.maxThreadLocalCharBufferSize: 16384
[258月2026 15:12:31.509] [Server thread/DEBUG] [net.minecraftforge.fml.config.ConfigTracker/CONFIG]: Loading configs type SERVER
[258月2026 15:12:31.509] [Server thread/DEBUG] [net.minecraftforge.fml.config.ConfigFileTypeHandler/CONFIG]: Built TOML config for .\maid_pilot_world\serverconfig\epicfight-server.toml
[258月2026 15:12:31.509] [Server thread/DEBUG] [net.minecraftforge.fml.config.ConfigFileTypeHandler/CONFIG]: Loaded TOML config file .\maid_pilot_world\serverconfig\epicfight-server.toml
[258月2026 15:12:31.510] [Server thread/DEBUG] [net.minecraftforge.fml.config.ConfigFileTypeHandler/CONFIG]: Watching TOML config file .\maid_pilot_world\serverconfig\epicfight-server.toml for changes
[258月2026 15:12:31.511] [Server thread/DEBUG] [net.minecraftforge.fml.config.ConfigFileTypeHandler/CONFIG]: Built TOML config for .\maid_pilot_world\serverconfig\ywzj_vehicle-server.toml
[258月2026 15:12:31.512] [Server thread/DEBUG] [net.minecraftforge.fml.config.ConfigFileTypeHandler/CONFIG]: Loaded TOML config file .\maid_pilot_world\serverconfig\ywzj_vehicle-server.toml
[258月2026 15:12:31.512] [Server thread/DEBUG] [net.minecraftforge.fml.config.ConfigFileTypeHandler/CONFIG]: Watching TOML config file .\maid_pilot_world\serverconfig\ywzj_vehicle-server.toml for changes
[258月2026 15:12:31.513] [Server thread/DEBUG] [net.minecraftforge.fml.config.ConfigFileTypeHandler/CONFIG]: Built TOML config for .\maid_pilot_world\serverconfig\forge-server.toml
[258月2026 15:12:31.514] [Server thread/DEBUG] [net.minecraftforge.fml.config.ConfigFileTypeHandler/CONFIG]: Loaded TOML config file .\maid_pilot_world\serverconfig\forge-server.toml
[258月2026 15:12:31.514] [Server thread/DEBUG] [net.minecraftforge.fml.config.ConfigFileTypeHandler/CONFIG]: Watching TOML config file .\maid_pilot_world\serverconfig\forge-server.toml for changes
[258月2026 15:12:31.514] [Server thread/DEBUG] [net.minecraftforge.common.ForgeConfig/FORGEMOD]: Loaded forge config file forge-server.toml
[258月2026 15:12:31.516] [Server thread/DEBUG] [net.minecraftforge.fml.config.ConfigFileTypeHandler/CONFIG]: Built TOML config for .\maid_pilot_world\serverconfig\touhou_little_maid-server.toml
[258月2026 15:12:31.517] [Server thread/DEBUG] [net.minecraftforge.fml.config.ConfigFileTypeHandler/CONFIG]: Loaded TOML config file .\maid_pilot_world\serverconfig\touhou_little_maid-server.toml
[258月2026 15:12:31.517] [Server thread/DEBUG] [net.minecraftforge.fml.config.ConfigFileTypeHandler/CONFIG]: Watching TOML config file .\maid_pilot_world\serverconfig\touhou_little_maid-server.toml for changes
[258月2026 15:12:31.531] [Thread-1/DEBUG] [net.minecraftforge.fml.config.ConfigFileTypeHandler/CONFIG]: Config file forge-server.toml changed, sending notifies
[258月2026 15:12:31.531] [Thread-1/DEBUG] [net.minecraftforge.common.ForgeConfig/FORGEMOD]: Forge config just got changed on the file system!
[258月2026 15:12:31.564] [Server thread/INFO] [net.minecraft.server.dedicated.DedicatedServer/]: Preparing level "maid_pilot_world"
[258月2026 15:12:31.573] [Server thread/DEBUG] [net.minecraftforge.coremod.transformer.CoreModBaseTransformer/COREMOD]: Transforming net/minecraft/world/level/levelgen/PhantomSpawner
[258月2026 15:12:31.578] [Server thread/DEBUG] [net.minecraftforge.coremod.transformer.CoreModBaseTransformer/COREMOD]: Transforming net/minecraft/world/level/levelgen/PatrolSpawner
[258月2026 15:12:31.582] [Server thread/DEBUG] [net.minecraftforge.coremod.transformer.CoreModBaseTransformer/COREMOD]: Transforming net/minecraft/world/entity/npc/CatSpawner
[258月2026 15:12:31.587] [Server thread/DEBUG] [net.minecraftforge.coremod.transformer.CoreModBaseTransformer/COREMOD]: Transforming net/minecraft/world/entity/ai/village/VillageSiege
[258月2026 15:12:31.642] [Server thread/DEBUG] [mixin/]: Mixing PersistentEntitySectionManagerMixin from touhou_little_maid.mixins.json into net.minecraft.world.level.entity.PersistentEntitySectionManager
[258月2026 15:12:31.643] [Server thread/DEBUG] [mixin/]: Renaming synthetic method lambda$companionTick$0(J)V to md95b6ce$lambda$companionTick$0$0 in touhou_little_maid.mixins.json:PersistentEntitySectionManagerMixin
[258月2026 15:12:31.819] [Server thread/INFO] [net.minecraft.server.MinecraftServer/]: Preparing start region for dimension minecraft:overworld
[258月2026 15:12:32.467] [Server thread/DEBUG] [mixin/]: Mixing MixinChunkSerializer from architectury.mixins.json into net.minecraft.world.level.chunk.storage.ChunkSerializer
[258月2026 15:12:33.320] [Worker-Main-8/INFO] [net.minecraft.server.level.progress.LoggerChunkProgressListener/]: Preparing spawn area: 0%
[258月2026 15:12:33.321] [Worker-Main-1/INFO] [net.minecraft.server.level.progress.LoggerChunkProgressListener/]: Preparing spawn area: 0%
[258月2026 15:12:33.322] [Worker-Main-1/INFO] [net.minecraft.server.level.progress.LoggerChunkProgressListener/]: Preparing spawn area: 0%
[258月2026 15:12:33.323] [Worker-Main-8/INFO] [net.minecraft.server.level.progress.LoggerChunkProgressListener/]: Preparing spawn area: 0%
[258月2026 15:12:33.623] [Server thread/DEBUG] [mixin/]: Mixing AnimationPlayerMixin from invincible.mixins.json into yesman.epicfight.api.animation.AnimationPlayer
[258月2026 15:12:33.623] [Server thread/DEBUG] [mixin/]: Renaming synthetic method lambda$invincible$injectTick$0(Lyesman/epicfight/world/capabilities/entitypatch/LivingEntityPatch;Lyesman/epicfight/world/capabilities/entitypatch/player/PlayerPatch;Lcom/p1nero/invincible/capability/InvinciblePlayer;)V to md95b6ce$lambda$invincible$injectTick$0$0 in invincible.mixins.json:AnimationPlayerMixin
[258月2026 15:12:33.627] [Server thread/DEBUG] [mixin/]: Mixing AnimationPlayerMixin from combat_evolution.mixins.json into yesman.epicfight.api.animation.AnimationPlayer
[258月2026 15:12:33.628] [Server thread/DEBUG] [mixin/]: Mixing AnimationPlayerMixin from efn.mixins.json into yesman.epicfight.api.animation.AnimationPlayer
[258月2026 15:12:33.665] [Server thread/DEBUG] [mixin/]: Mixing NodeEvaluatorBurningCacher from touhou_little_maid.mixins.json into net.minecraft.world.level.pathfinder.WalkNodeEvaluator
[258月2026 15:12:33.714] [Server thread/DEBUG] [io.netty.buffer.AbstractByteBuf/]: -Dio.netty.buffer.checkAccessible: true
[258月2026 15:12:33.715] [Server thread/DEBUG] [io.netty.buffer.AbstractByteBuf/]: -Dio.netty.buffer.checkBounds: true
[258月2026 15:12:33.716] [Server thread/DEBUG] [io.netty.util.ResourceLeakDetectorFactory/]: Loaded default ResourceLeakDetector: io.netty.util.ResourceLeakDetector@14307562
[258月2026 15:12:33.740] [Server thread/DEBUG] [mixin/]: Mixing common.ProjectileUtilMixin from mixins.ywzj_vehicle.json into net.minecraft.world.entity.projectile.ProjectileUtil
[258月2026 15:12:33.796] [Server thread/INFO] [eftlm_stylish/]: [DIAG] WOM behaviors registered: 19 items, 2 style-mapped items
[258月2026 15:12:33.823] [Worker-Main-7/INFO] [net.minecraft.server.level.progress.LoggerChunkProgressListener/]: Preparing spawn area: 4%
[258月2026 15:12:33.834] [Server thread/INFO] [eftlm_stylish/]: [DIAG] EFN behaviors registered: 51 items
[258月2026 15:12:33.834] [Server thread/INFO] [eftlm_stylish/]: [DIAG] CombatBehaviorsEvent registered: 8 weapon categories + WOM behaviors (wom=true)
[258月2026 15:12:33.941] [Server thread/DEBUG] [mixin/]: Mixing ItemCooldownsMixin from annoyingvillagers.mixins.json into net.minecraft.world.item.ItemCooldowns
[258月2026 15:12:34.144] [Server thread/INFO] [net.minecraft.server.level.progress.LoggerChunkProgressListener/]: Time elapsed: 2321 ms
[258月2026 15:12:34.144] [Server thread/INFO] [net.minecraft.server.dedicated.DedicatedServer/]: Done (2.636s)! For help, type "help"
[258月2026 15:12:34.144] [Server thread/INFO] [net.minecraft.server.dedicated.DedicatedServer/]: Starting remote control listener
[258月2026 15:12:34.147] [Server thread/INFO] [net.minecraft.server.rcon.thread.GenericThread/]: Thread RCON Listener started
[258月2026 15:12:34.147] [Server thread/INFO] [net.minecraft.server.rcon.thread.RconThread/]: RCON running on 0.0.0.0:25575
[258月2026 15:12:34.155] [Server thread/DEBUG] [net.minecraftforge.network.DualStackUtils/]: Detected IPv6 address: "0:0:0:0:0:0:0:0"
[258月2026 15:12:34.172] [Server thread/DEBUG] [net.minecraftforge.common.ForgeI18n/CORE]: Loading I18N data entries: 3977
[258月2026 15:12:34.176] [Server thread/INFO] [net.minecraftforge.server.permission.PermissionAPI/]: Successfully initialized permission handler forge:default_handler
[258月2026 15:12:34.178] [Server thread/INFO] [eftlm_stylish/]: [SKILL] test mode OFF
[258月2026 15:12:34.180] [Server thread/INFO] [eftlm_stylish/]: [Arena] cleared 0 leftover maids, 0 leftover mobs
[258月2026 15:12:34.186] [Server thread/INFO] [eftlm_stylish/]: [Arena] platform built: 21x21 bedrock at y=-60, world border 21x21 (5ms)
[258月2026 15:12:34.187] [Server thread/INFO] [eftlm_stylish/]: [Arena] enabled: center=(8,-59,8) entities=minecraft:warden,annoyingvillagers:armored_herobrine,annoyingvillagers:glaive_herobrine,annoyingvillagers:herobrine_7,annoyingvillagers:swordsman_herobrine,annoyingvillagers:sledgehammer_herobrine,annoyingvillagers:null count=1 interval=400
[258月2026 15:12:34.221] [Server thread/DEBUG] [net.minecraftforge.coremod.transformer.CoreModBaseTransformer/COREMOD]: Transforming net/minecraft/world/level/NaturalSpawner
[258月2026 15:12:34.263] [Server thread/INFO] [eftlm_stylish/]: [DIAG] Maid join world: name=model.touhou_little_maid.hakurei_reimu.name patch=MaidPatch
[258月2026 15:12:34.362] [Server thread/INFO] [eftlm_stylish/]: [RL] config loaded: enable_all_maids=true epsilon=0.08 arbitration=hybrid model_file=rl_model.bin
[258月2026 15:12:34.371] [Server thread/INFO] [eftlm_stylish/]: [RL] model loaded: sizes=[18, 64, 64, 64] dims=18->64
[258月2026 15:12:34.441] [Server thread/DEBUG] [mixin/]: Mixing MixinClientboundSetEntityMotionPacket from mixins.wom.json into net.minecraft.network.protocol.game.ClientboundSetEntityMotionPacket
[258月2026 15:12:34.515] [Server thread/INFO] [eftlm_stylish/]: [RL] action executor registered: generic (fixed=true)
[258月2026 15:12:34.515] [Server thread/INFO] [eftlm_stylish/]: [RL] action executor registered: efn_skill (fixed=false)
[258月2026 15:12:34.516] [Server thread/INFO] [eftlm_stylish/]: [RL] action executor registered: defense (fixed=false)
[258月2026 15:12:34.524] [Server thread/INFO] [eftlm_stylish/]: [SKILLS] catalog loaded: 32 weapons, 313 skills (source=jar:/eftlm_stylish/skills.json)
[258月2026 15:12:35.316] [Server thread/INFO] [eftlm_stylish/]: [DIAG] WOM behaviors registered: 19 items, 2 style-mapped items
[258月2026 15:12:35.316] [Server thread/INFO] [eftlm_stylish/]: [DIAG] EFN behaviors registered: 51 items
[258月2026 15:12:35.316] [Server thread/INFO] [eftlm_stylish/]: [DIAG] CombatBehaviorsEvent registered: 8 weapon categories + WOM behaviors (wom=true)
[258月2026 15:12:35.320] [Server thread/INFO] [eftlm_stylish/]: [DIAG] Maid join world: name=model.touhou_little_maid.hakurei_reimu.name patch=MaidPatch
[258月2026 15:12:35.326] [Server thread/INFO] [eftlm_stylish/]: [Arena] maid spawned at BlockPos{x=8, y=-59, z=8} id=568 main=efn:yamato_dmc4 melee=efn:kusabimaru/efn:meen_spear task=ef_tlm:fight_mode_task patch=OK
[258月2026 15:12:36.524] [Server thread/INFO] [maid_weapon_refill/]: [WeaponRefill] boss annoyingvillagers:null_skeleton killed by arena maid model.touhou_little_maid.hakurei_reimu.name, reset durability on 0 item(s)
[258月2026 15:12:36.525] [Server thread/INFO] [eftlm_stylish/]: [SKILL] KILL detected: entity.annoyingvillagers.null_skeleton by entity.touhou_little_maid.maid source=entity.touhou_little_maid.maid
[258月2026 15:12:37.246] [Server thread/INFO] [eftlm_stylish/]: [DIAG] maid=model.touhou_little_maid.hakurei_reimu.name pos=BlockPos{x=8, y=-59, z=8} patch=MaidPatch isFightMode=true task=ef_tlm:fight_mode_task learnedSkills=[eftlm_stylish:stylish_combat, ]
[258月2026 15:12:39.685] [Server thread/INFO] [eftlm_stylish/]: [DIAG] maid=model.touhou_little_maid.hakurei_reimu.name pos=BlockPos{x=8, y=-59, z=8} patch=MaidPatch isFightMode=true task=ef_tlm:fight_mode_task learnedSkills=[eftlm_stylish:stylish_combat, ]
[258月2026 15:12:40.150] [Server thread/INFO] [eftlm_stylish/]: [RL] heartbeat: tick=100 action=1 buffer=20 stack=3 skills=8
[258月2026 15:12:42.231] [Server thread/INFO] [eftlm_stylish/]: [DIAG] maid=model.touhou_little_maid.hakurei_reimu.name pos=BlockPos{x=8, y=-59, z=8} patch=MaidPatch isFightMode=true task=ef_tlm:fight_mode_task learnedSkills=[eftlm_stylish:stylish_combat, ]
[258月2026 15:12:44.369] [Server thread/DEBUG] [epicfight/]: [EpicFightMod] No joint named Leg_R.KINEMATICS in EFNStunAnimation efn:animmodels/animations/biped/yamato/biped_hitup_1.json
[258月2026 15:12:44.369] [Server thread/DEBUG] [epicfight/]: [EpicFightMod] No joint named Leg_L.KINEMATICS in EFNStunAnimation efn:animmodels/animations/biped/yamato/biped_hitup_1.json
[258月2026 15:12:44.369] [Server thread/DEBUG] [epicfight/]: [EpicFightMod] No joint named Knee_R.KINEMATICS in EFNStunAnimation efn:animmodels/animations/biped/yamato/biped_hitup_1.json
[258月2026 15:12:44.369] [Server thread/DEBUG] [epicfight/]: [EpicFightMod] No joint named Knee_L.KINEMATICS in EFNStunAnimation efn:animmodels/animations/biped/yamato/biped_hitup_1.json
[258月2026 15:12:44.369] [Server thread/DEBUG] [epicfight/]: [EpicFightMod] No joint named Hand_R.KINEMATICS in EFNStunAnimation efn:animmodels/animations/biped/yamato/biped_hitup_1.json
[258月2026 15:12:44.369] [Server thread/DEBUG] [epicfight/]: [EpicFightMod] No joint named Hand_L.KINEMATICS in EFNStunAnimation efn:animmodels/animations/biped/yamato/biped_hitup_1.json
[258月2026 15:12:44.369] [Server thread/DEBUG] [epicfight/]: [EpicFightMod] No joint named Elbow_R.KINEMATICS in EFNStunAnimation efn:animmodels/animations/biped/yamato/biped_hitup_1.json
[258月2026 15:12:44.369] [Server thread/DEBUG] [epicfight/]: [EpicFightMod] No joint named Elbow_L.KINEMATICS in EFNStunAnimation efn:animmodels/animations/biped/yamato/biped_hitup_1.json
[258月2026 15:12:44.696] [Server thread/INFO] [eftlm_stylish/]: [DIAG] maid=model.touhou_little_maid.hakurei_reimu.name pos=BlockPos{x=8, y=-59, z=8} patch=MaidPatch isFightMode=true task=ef_tlm:fight_mode_task learnedSkills=[eftlm_stylish:stylish_combat, ]
[258月2026 15:12:45.161] [Server thread/INFO] [eftlm_stylish/]: [RL] heartbeat: tick=200 action=9 buffer=40 stack=3 skills=6
[258月2026 15:12:45.163] [Server thread/INFO] [eftlm_stylish/]: [RL] diag target: patch=entity.annoyingvillagers.null_shovel tlm=entity.annoyingvillagers.null_shovel dist=3.6
[258月2026 15:12:47.249] [Server thread/INFO] [eftlm_stylish/]: [DIAG] maid=model.touhou_little_maid.hakurei_reimu.name pos=BlockPos{x=8, y=-59, z=8} patch=MaidPatch isFightMode=true task=ef_tlm:fight_mode_task learnedSkills=[eftlm_stylish:stylish_combat, ]
[258月2026 15:12:49.704] [Server thread/INFO] [eftlm_stylish/]: [DIAG] maid=model.touhou_little_maid.hakurei_reimu.name pos=BlockPos{x=11, y=-58, z=9} patch=MaidPatch isFightMode=true task=ef_tlm:fight_mode_task learnedSkills=[eftlm_stylish:stylish_combat, ]
[258月2026 15:12:50.156] [Server thread/INFO] [eftlm_stylish/]: [RL] heartbeat: tick=300 action=9 buffer=60 stack=3 skills=26
[258月2026 15:12:52.240] [Server thread/INFO] [eftlm_stylish/]: [DIAG] maid=model.touhou_little_maid.hakurei_reimu.name pos=BlockPos{x=10, y=-59, z=10} patch=MaidPatch isFightMode=true task=ef_tlm:fight_mode_task learnedSkills=[eftlm_stylish:stylish_combat, ]
[258月2026 15:12:54.358] [Server thread/DEBUG] [epicfight/]: [EpicFightMod] No joint named Leg_R_IK in WomLongHitAnimation wom:animmodels/animations/biped/living/biped_hit_extra_long.json
[258月2026 15:12:54.358] [Server thread/DEBUG] [epicfight/]: [EpicFightMod] No joint named Leg_L_IK in WomLongHitAnimation wom:animmodels/animations/biped/living/biped_hit_extra_long.json
[258月2026 15:12:54.702] [Server thread/INFO] [eftlm_stylish/]: [DIAG] maid=model.touhou_little_maid.hakurei_reimu.name pos=BlockPos{x=10, y=-59, z=9} patch=MaidPatch isFightMode=true task=ef_tlm:fight_mode_task learnedSkills=[eftlm_stylish:stylish_combat, ]
[258月2026 15:12:55.138] [Server thread/INFO] [eftlm_stylish/]: [RL] heartbeat: tick=400 action=3 buffer=80 stack=5 skills=4
[258月2026 15:12:55.139] [Server thread/INFO] [eftlm_stylish/]: [RL] diag target: patch=entity.annoyingvillagers.null tlm=entity.annoyingvillagers.null dist=5.0
[258月2026 15:12:57.246] [Server thread/INFO] [eftlm_stylish/]: [DIAG] maid=model.touhou_little_maid.hakurei_reimu.name pos=BlockPos{x=10, y=-59, z=10} patch=MaidPatch isFightMode=true task=ef_tlm:fight_mode_task learnedSkills=[eftlm_stylish:stylish_combat, ]
[258月2026 15:12:57.953] [Server thread/DEBUG] [io.netty.util.internal.ThreadLocalRandom/]: -Dio.netty.initialSeedUniquifier: 0x54d704ec220dd9c7
[258月2026 15:12:59.707] [Server thread/INFO] [eftlm_stylish/]: [DIAG] maid=model.touhou_little_maid.hakurei_reimu.name pos=BlockPos{x=10, y=-59, z=10} patch=MaidPatch isFightMode=true task=ef_tlm:fight_mode_task learnedSkills=[eftlm_stylish:stylish_combat, ]
[258月2026 15:13:00.158] [Server thread/INFO] [eftlm_stylish/]: [RL] heartbeat: tick=500 action=9 buffer=100 stack=5 skills=24
[258月2026 15:13:02.218] [Server thread/INFO] [eftlm_stylish/]: [DIAG] maid=model.touhou_little_maid.hakurei_reimu.name pos=BlockPos{x=10, y=-58, z=10} patch=MaidPatch isFightMode=true task=ef_tlm:fight_mode_task learnedSkills=[eftlm_stylish:stylish_combat, ]
[258月2026 15:13:03.585] [Server thread/DEBUG] [epicfight/]: [EpicFightMod] No joint named IK-Thigh_R in StaticAnimation annoyingvillagers:animmodels/animations/biped/epicfight_ironspell/casting_one_hand_buff.json
[258月2026 15:13:03.585] [Server thread/DEBUG] [epicfight/]: [EpicFightMod] No joint named IK-Leg_R in StaticAnimation annoyingvillagers:animmodels/animations/biped/epicfight_ironspell/casting_one_hand_buff.json
[258月2026 15:13:03.585] [Server thread/DEBUG] [epicfight/]: [EpicFightMod] No joint named IK-Thigh_L in StaticAnimation annoyingvillagers:animmodels/animations/biped/epicfight_ironspell/casting_one_hand_buff.json
[258月2026 15:13:04.700] [Server thread/INFO] [eftlm_stylish/]: [DIAG] maid=model.touhou_little_maid.hakurei_reimu.name pos=BlockPos{x=11, y=-59, z=10} patch=MaidPatch isFightMode=true task=ef_tlm:fight_mode_task learnedSkills=[eftlm_stylish:stylish_combat, ]
[258月2026 15:13:05.145] [Server thread/INFO] [eftlm_stylish/]: [RL] heartbeat: tick=600 action=4 buffer=120 stack=0 skills=2
[258月2026 15:13:05.145] [Server thread/INFO] [eftlm_stylish/]: [RL] diag target: patch=entity.annoyingvillagers.null_shovel tlm=entity.annoyingvillagers.null_shovel dist=6.1
[258月2026 15:13:07.234] [Server thread/INFO] [eftlm_stylish/]: [DIAG] maid=model.touhou_little_maid.hakurei_reimu.name pos=BlockPos{x=12, y=-59, z=11} patch=MaidPatch isFightMode=true task=ef_tlm:fight_mode_task learnedSkills=[eftlm_stylish:stylish_combat, ef_tlm:meen_innate, ]
[258月2026 15:13:09.710] [Server thread/INFO] [eftlm_stylish/]: [DIAG] maid=model.touhou_little_maid.hakurei_reimu.name pos=BlockPos{x=12, y=-59, z=11} patch=MaidPatch isFightMode=true task=ef_tlm:fight_mode_task learnedSkills=[eftlm_stylish:stylish_combat, ]
[258月2026 15:13:10.163] [Server thread/INFO] [eftlm_stylish/]: [RL] heartbeat: tick=700 action=9 buffer=140 stack=3 skills=26
[258月2026 15:13:12.245] [Server thread/INFO] [eftlm_stylish/]: [DIAG] maid=model.touhou_little_maid.hakurei_reimu.name pos=BlockPos{x=12, y=-59, z=11} patch=MaidPatch isFightMode=true task=ef_tlm:fight_mode_task learnedSkills=[eftlm_stylish:stylish_combat, ]
[258月2026 15:13:14.686] [Server thread/INFO] [eftlm_stylish/]: [DIAG] maid=model.touhou_little_maid.hakurei_reimu.name pos=BlockPos{x=13, y=-59, z=11} patch=MaidPatch isFightMode=true task=ef_tlm:fight_mode_task learnedSkills=[eftlm_stylish:stylish_combat, ]
[258月2026 15:13:15.152] [Server thread/INFO] [eftlm_stylish/]: [RL] heartbeat: tick=800 action=9 buffer=160 stack=5 skills=22
[258月2026 15:13:15.153] [Server thread/INFO] [eftlm_stylish/]: [RL] diag target: patch=entity.annoyingvillagers.null_shovel tlm=entity.annoyingvillagers.null_shovel dist=1.5
[258月2026 15:13:15.239] [Server thread/INFO] [eftlm_stylish/]: [Arena] target locked: entity.annoyingvillagers.null at 4.2 blocks
[258月2026 15:13:17.249] [Server thread/INFO] [eftlm_stylish/]: [DIAG] maid=model.touhou_little_maid.hakurei_reimu.name pos=BlockPos{x=13, y=-59, z=11} patch=MaidPatch isFightMode=true task=ef_tlm:fight_mode_task learnedSkills=[eftlm_stylish:stylish_combat, ]
[258月2026 15:13:19.243] [Server thread/INFO] [eftlm_stylish/]: [Arena] maid REVIVED by elixir: durability 5/6 (revived 1 times this life)
[258月2026 15:13:19.483] [RCON Listener #1/INFO] [net.minecraft.server.rcon.thread.GenericThread/]: Thread RCON Client /127.0.0.1 started
[258月2026 15:13:19.531] [Server thread/DEBUG] [net.minecraftforge.common.ForgeHooks/WP]: Gathering id map for writing to world save maid_pilot_world
[258月2026 15:13:19.540] [Server thread/DEBUG] [net.minecraftforge.common.ForgeHooks/WP]: ID Map collection complete maid_pilot_world
[258月2026 15:13:19.557] [Server thread/INFO] [net.minecraft.server.MinecraftServer/]: [Rcon: Saved the game]
[258月2026 15:13:19.557] [RCON Client /127.0.0.1 #2/INFO] [net.minecraft.server.rcon.thread.RconClient/]: Thread RCON Client /127.0.0.1 shutting down
[258月2026 15:13:19.558] [RCON Listener #1/INFO] [net.minecraft.server.rcon.thread.GenericThread/]: Thread RCON Client /127.0.0.1 started
[258月2026 15:13:19.578] [Server thread/INFO] [net.minecraft.server.MinecraftServer/]: [Rcon: Stopping the server]
[258月2026 15:13:19.579] [RCON Client /127.0.0.1 #3/INFO] [net.minecraft.server.rcon.thread.RconClient/]: Thread RCON Client /127.0.0.1 shutting down
[258月2026 15:13:19.611] [Server thread/INFO] [net.minecraft.server.MinecraftServer/]: Stopping server
[258月2026 15:13:19.612] [Server thread/INFO] [net.minecraft.server.MinecraftServer/]: Saving players
[258月2026 15:13:19.612] [Server thread/INFO] [net.minecraft.server.MinecraftServer/]: Saving worlds
[258月2026 15:13:20.145] [Server thread/INFO] [net.minecraft.server.MinecraftServer/]: Saving chunks for level 'ServerLevel[maid_pilot_world]'/minecraft:overworld
[258月2026 15:13:20.513] [Server thread/INFO] [net.minecraft.server.MinecraftServer/]: Saving chunks for level 'ServerLevel[maid_pilot_world]'/minecraft:the_nether
[258月2026 15:13:20.515] [Server thread/INFO] [net.minecraft.server.MinecraftServer/]: Saving chunks for level 'ServerLevel[maid_pilot_world]'/minecraft:the_end
[258月2026 15:13:20.518] [Server thread/DEBUG] [net.minecraftforge.common.ForgeHooks/WP]: Gathering id map for writing to world save maid_pilot_world
[258月2026 15:13:20.533] [Server thread/DEBUG] [net.minecraftforge.common.ForgeHooks/WP]: ID Map collection complete maid_pilot_world
[258月2026 15:13:20.549] [Server thread/INFO] [net.minecraft.server.MinecraftServer/]: ThreadedAnvilChunkStorage (maid_pilot_world): All chunks are saved
[258月2026 15:13:20.550] [Server thread/INFO] [net.minecraft.server.MinecraftServer/]: ThreadedAnvilChunkStorage (DIM-1): All chunks are saved
[258月2026 15:13:20.550] [Server thread/INFO] [net.minecraft.server.MinecraftServer/]: ThreadedAnvilChunkStorage (DIM1): All chunks are saved
[258月2026 15:13:20.550] [Server thread/INFO] [net.minecraft.server.MinecraftServer/]: ThreadedAnvilChunkStorage: All dimensions are saved
[258月2026 15:13:20.567] [Server thread/DEBUG] [net.minecraftforge.fml.config.ConfigTracker/CONFIG]: Unloading configs type SERVER
[258月2026 15:13:20.573] [Server thread/INFO] [net.minecraft.server.rcon.thread.GenericThread/]: Thread RCON Listener stopped
