[258月2026 15:11:57.432] [main/INFO] [cpw.mods.modlauncher.Launcher/MODLAUNCHER]: ModLauncher running: args [--launchTarget, forgeserver, --fml.forgeVersion, 47.4.13, --fml.mcVersion, 1.20.1, --fml.forgeGroup, net.minecraftforge, --fml.mcpVersion, 20230612.114412, nogui]
[258月2026 15:11:57.438] [main/INFO] [cpw.mods.modlauncher.Launcher/MODLAUNCHER]: ModLauncher 10.0.9+10.0.9+main.dcd20f30 starting: java version 17.0.10 by Oracle Corporation; OS Windows 11 arch amd64 version 10.0
[258月2026 15:11:58.040] [main/INFO] [net.minecraftforge.fml.loading.ImmediateWindowHandler/]: ImmediateWindowProvider not loading because launch target is forgeserver
[258月2026 15:11:58.134] [main/INFO] [mixin/]: SpongePowered MIXIN Subsystem Version=0.8.5 Source=union:/E:/program/JAVA/touhou%20little%20maid%20-%20unknow%20sky%20area/prod_server/libraries/org/spongepowered/mixin/0.8.5/mixin-0.8.5.jar%2365!/ Service=ModLauncher Env=SERVER
[258月2026 15:11:58.483] [main/WARN] [net.minecraftforge.fml.loading.moddiscovery.ModFileParser/LOADING]: Mod file E:\program\JAVA\touhou little maid - unknow sky area\prod_server\libraries\net\minecraftforge\fmlcore\1.20.1-47.4.13\fmlcore-1.20.1-47.4.13.jar is missing mods.toml file
[258月2026 15:11:58.493] [main/WARN] [net.minecraftforge.fml.loading.moddiscovery.ModFileParser/LOADING]: Mod file E:\program\JAVA\touhou little maid - unknow sky area\prod_server\libraries\net\minecraftforge\javafmllanguage\1.20.1-47.4.13\javafmllanguage-1.20.1-47.4.13.jar is missing mods.toml file
[258月2026 15:11:58.503] [main/WARN] [net.minecraftforge.fml.loading.moddiscovery.ModFileParser/LOADING]: Mod file E:\program\JAVA\touhou little maid - unknow sky area\prod_server\libraries\net\minecraftforge\lowcodelanguage\1.20.1-47.4.13\lowcodelanguage-1.20.1-47.4.13.jar is missing mods.toml file
[258月2026 15:11:58.511] [main/WARN] [net.minecraftforge.fml.loading.moddiscovery.ModFileParser/LOADING]: Mod file E:\program\JAVA\touhou little maid - unknow sky area\prod_server\libraries\net\minecraftforge\mclanguage\1.20.1-47.4.13\mclanguage-1.20.1-47.4.13.jar is missing mods.toml file
[258月2026 15:11:58.824] [main/INFO] [net.minecraftforge.fml.loading.moddiscovery.JarInJarDependencyLocator/]: Found 12 dependencies adding them to mods collection
[258月2026 15:12:00.602] [main/INFO] [mixin/]: Compatibility level set to JAVA_17
[258月2026 15:12:00.648] [main/INFO] [cpw.mods.modlauncher.LaunchServiceHandler/MODLAUNCHER]: Launching target 'forgeserver' with arguments [nogui]
[258月2026 15:12:02.044] [main/WARN] [mixin/]: Error loading class: net/minecraft/client/renderer/RenderBuffers (java.lang.ClassNotFoundException: net.minecraft.client.renderer.RenderBuffers)
[258月2026 15:12:02.045] [main/WARN] [mixin/]: @Mixin target net.minecraft.client.renderer.RenderBuffers was not found annoyingvillagers.mixins.json:RenderBuffersMixin
[258月2026 15:12:02.096] [main/WARN] [mixin/]: Error loading class: com/simibubi/create/content/contraptions/ContraptionCollider (java.lang.ClassNotFoundException: com.simibubi.create.content.contraptions.ContraptionCollider)
[258月2026 15:12:02.098] [main/WARN] [mixin/]: @Mixin target com.simibubi.create.content.contraptions.ContraptionCollider was not found mixins.ywzj_vehicle.json:create.ContraptionColliderMixin
[258月2026 15:12:02.099] [main/WARN] [mixin/]: Error loading class: com/tacz/guns/util/EntityUtil (java.lang.ClassNotFoundException: com.tacz.guns.util.EntityUtil)
[258月2026 15:12:02.155] [main/WARN] [mixin/]: Error loading class: com/mojang/blaze3d/platform/InputConstants$Key (java.lang.ClassNotFoundException: com.mojang.blaze3d.platform.InputConstants$Key)
[258月2026 15:12:02.170] [main/WARN] [mixin/]: Error loading class: net/minecraft/client/renderer/entity/EntityRendererProvider$Context (java.lang.ClassNotFoundException: net.minecraft.client.renderer.entity.EntityRendererProvider$Context)
[258月2026 15:12:02.180] [main/WARN] [mixin/]: Error loading class: net/minecraft/client/renderer/entity/EntityRendererProvider$Context (java.lang.ClassNotFoundException: net.minecraft.client.renderer.entity.EntityRendererProvider$Context)
[258月2026 15:12:03.075] [main/WARN] [oshi.driver.windows.perfmon.PerfmonDisabled/]: Invalid registry value type detected for PerfOS counters. Should be REG_DWORD. Ignoring: HKEY_LOCAL_MACHINE\SYSTEM\CurrentControlSet\Services\PerfOS\Performance\Disable Performance Counters.
[258月2026 15:12:04.304] [main/INFO] [MixinExtras|Service/]: Initializing MixinExtras via com.llamalad7.mixinextras.service.MixinExtrasServiceImpl(version=0.4.1).
[258月2026 15:12:06.655] [main/WARN] [mixin/]: @Final field f_31427_:[I in mixins.epicfight.json:common.MixinWitherBoss should be final
[258月2026 15:12:06.655] [main/WARN] [mixin/]: @Final field f_31428_:[I in mixins.epicfight.json:common.MixinWitherBoss should be final
[258月2026 15:12:08.533] [main/WARN] [net.minecraft.network.syncher.SynchedEntityData/]: defineId called for: class net.minecraft.world.entity.LivingEntity from class yesman.epicfight.world.capabilities.entitypatch.LivingEntityPatch
[258月2026 15:12:08.534] [main/WARN] [net.minecraft.network.syncher.SynchedEntityData/]: defineId called for: class net.minecraft.world.entity.LivingEntity from class yesman.epicfight.world.capabilities.entitypatch.LivingEntityPatch
[258月2026 15:12:08.534] [main/WARN] [net.minecraft.network.syncher.SynchedEntityData/]: defineId called for: class net.minecraft.world.entity.LivingEntity from class yesman.epicfight.world.capabilities.entitypatch.LivingEntityPatch
[258月2026 15:12:08.534] [main/WARN] [net.minecraft.network.syncher.SynchedEntityData/]: defineId called for: class net.minecraft.world.entity.LivingEntity from class yesman.epicfight.world.capabilities.entitypatch.LivingEntityPatch
[258月2026 15:12:08.534] [main/WARN] [net.minecraft.network.syncher.SynchedEntityData/]: defineId called for: class net.minecraft.world.entity.LivingEntity from class yesman.epicfight.world.capabilities.entitypatch.LivingEntityPatch
[258月2026 15:12:08.535] [main/WARN] [net.minecraft.network.syncher.SynchedEntityData/]: defineId called for: class net.minecraft.world.entity.LivingEntity from class yesman.epicfight.world.capabilities.entitypatch.LivingEntityPatch
[258月2026 15:12:08.535] [main/WARN] [net.minecraft.network.syncher.SynchedEntityData/]: defineId called for: class net.minecraft.world.entity.LivingEntity from class yesman.epicfight.world.capabilities.entitypatch.LivingEntityPatch
[258月2026 15:12:08.535] [main/WARN] [net.minecraft.network.syncher.SynchedEntityData/]: defineId called for: class net.minecraft.world.entity.LivingEntity from class yesman.epicfight.world.capabilities.entitypatch.LivingEntityPatch
[258月2026 15:12:08.535] [main/WARN] [net.minecraft.network.syncher.SynchedEntityData/]: defineId called for: class net.minecraft.world.entity.LivingEntity from class yesman.epicfight.world.capabilities.entitypatch.LivingEntityPatch
[258月2026 15:12:08.536] [main/WARN] [net.minecraft.network.syncher.SynchedEntityData/]: defineId called for: class net.minecraft.world.entity.LivingEntity from class yesman.epicfight.world.capabilities.entitypatch.LivingEntityPatch
[258月2026 15:12:08.536] [main/WARN] [net.minecraft.network.syncher.SynchedEntityData/]: defineId called for: class net.minecraft.world.entity.LivingEntity from class yesman.epicfight.world.capabilities.entitypatch.LivingEntityPatch
[258月2026 15:12:08.536] [main/WARN] [net.minecraft.network.syncher.SynchedEntityData/]: defineId called for: class net.minecraft.world.entity.LivingEntity from class yesman.epicfight.world.capabilities.entitypatch.LivingEntityPatch
[258月2026 15:12:10.052] [modloading-worker-0/INFO] [com.merlin204.avalon.main.AvalonMOD/]: 自动注册实体: SHAKE_WAVE -> shake_wave
[258月2026 15:12:10.054] [modloading-worker-0/INFO] [com.merlin204.avalon.main.AvalonMOD/]: 自动注册实体: VFX -> vfx
[258月2026 15:12:10.054] [modloading-worker-0/INFO] [com.merlin204.avalon.main.AvalonMOD/]: 自动注册实体: ANIMATION_TEXTURE_VFX -> animation_texture_vfx
[258月2026 15:12:10.058] [modloading-worker-0/INFO] [YSM-GEO Compat/]: YSM-GEO Compat: Initialized successfully
[258月2026 15:12:10.063] [modloading-worker-0/INFO] [org.eftlm.stylish.EFTLMStylish/]: EFTLM Stylish Combat loaded!
[258月2026 15:12:10.067] [modloading-worker-0/INFO] [eftlm_stylish/]: [DIAG] ===== EFTLM Stylish environment =====
[258月2026 15:12:10.069] [modloading-worker-0/INFO] [eftlm_stylish/]: [DIAG] ef_tlm version: 1.3.2
[258月2026 15:12:10.070] [modloading-worker-0/INFO] [eftlm_stylish/]: [DIAG] epicfight version: 20.14.17
[258月2026 15:12:10.071] [modloading-worker-0/INFO] [eftlm_stylish/]: [DIAG] touhou_little_maid version: 1.5.3-forge+mc1.20.1
[258月2026 15:12:10.071] [modloading-worker-0/INFO] [eftlm_stylish/]: [DIAG] wom loaded: true version: 2.0.164
[258月2026 15:12:10.072] [modloading-worker-0/INFO] [eftlm_stylish/]: [DIAG] =======================================
[258月2026 15:12:10.099] [modloading-worker-0/INFO] [org.ywzj.vehicle.YwzjVehicle/VehiclePackFinder]: Start scanning for vehicle packs in E:\program\JAVA\touhou little maid - unknow sky area\prod_server\limitless_vehicle
[258月2026 15:12:10.104] [modloading-worker-0/INFO] [org.ywzj.vehicle.YwzjVehicle/VehiclePackFinder]: - default_vehicle, Main namespace: ywzj_vehicle
[258月2026 15:12:10.104] [modloading-worker-0/INFO] [org.ywzj.vehicle.YwzjVehicle/VehiclePackFinder]: Found 1 possible vehicle pack(s)
[258月2026 15:12:10.143] [modloading-worker-0/INFO] [net.minecraftforge.common.ForgeMod/FORGEMOD]: Forge mod loading, version 47.4.13, for MC 1.20.1 with MCP 20230612.114412
[258月2026 15:12:10.144] [modloading-worker-0/INFO] [net.minecraftforge.common.MinecraftForge/FORGE]: MinecraftForge v47.4.13 Initialized
[258月2026 15:12:10.359] [modloading-worker-0/INFO] [dev.architectury.networking.forge.NetworkManagerImpl/]: Registering C2S receiver with id architectury:sync_ids
[258月2026 15:12:10.398] [modloading-worker-0/INFO] [epicfight/]: Loaded mod compat: GeckolibCompat
[258月2026 15:12:10.661] [modloading-worker-0/INFO] [touhou_little_maid/]: common default pack init start...
[258月2026 15:12:13.435] [modloading-worker-0/INFO] [touhou_little_maid/]: common default pack init finished, cost time: 2770.392 ms
[258月2026 15:12:15.082] [main/WARN] [net.minecraft.network.syncher.SynchedEntityData/]: defineId called for: class net.minecraft.world.entity.player.Player from class yesman.epicfight.world.capabilities.entitypatch.player.PlayerPatch
[258月2026 15:12:15.088] [main/WARN] [net.minecraft.network.syncher.SynchedEntityData/]: defineId called for: class net.minecraft.world.entity.TamableAnimal from class reascer.wom.world.entity.mob.EnderHand
[258月2026 15:12:15.089] [main/WARN] [net.minecraft.network.syncher.SynchedEntityData/]: defineId called for: class net.minecraft.world.entity.TamableAnimal from class reascer.wom.world.entity.mob.TargetingHelper
[258月2026 15:12:15.130] [main/WARN] [net.minecraft.network.syncher.SynchedEntityData/]: defineId called for: class net.minecraft.world.entity.boss.wither.WitherBoss from class yesman.epicfight.world.capabilities.entitypatch.boss.WitherPatch
[258月2026 15:12:15.130] [main/WARN] [net.minecraft.network.syncher.SynchedEntityData/]: defineId called for: class net.minecraft.world.entity.boss.wither.WitherBoss from class yesman.epicfight.world.capabilities.entitypatch.boss.WitherPatch
[258月2026 15:12:15.130] [main/WARN] [net.minecraft.network.syncher.SynchedEntityData/]: defineId called for: class net.minecraft.world.entity.boss.wither.WitherBoss from class yesman.epicfight.world.capabilities.entitypatch.boss.WitherPatch
[258月2026 15:12:15.130] [main/WARN] [net.minecraft.network.syncher.SynchedEntityData/]: defineId called for: class net.minecraft.world.entity.boss.wither.WitherBoss from class yesman.epicfight.world.capabilities.entitypatch.boss.WitherPatch
[258月2026 15:12:15.131] [main/WARN] [net.minecraft.network.syncher.SynchedEntityData/]: defineId called for: class net.minecraft.world.entity.boss.wither.WitherBoss from class yesman.epicfight.world.capabilities.entitypatch.boss.WitherPatch
[258月2026 15:12:15.131] [main/WARN] [net.minecraft.network.syncher.SynchedEntityData/]: defineId called for: class net.minecraft.world.entity.boss.wither.WitherBoss from class yesman.epicfight.world.capabilities.entitypatch.boss.WitherPatch
[258月2026 15:12:15.131] [main/WARN] [net.minecraft.network.syncher.SynchedEntityData/]: defineId called for: class net.minecraft.world.entity.boss.wither.WitherBoss from class yesman.epicfight.world.capabilities.entitypatch.boss.WitherPatch
[258月2026 15:12:15.131] [main/WARN] [net.minecraft.network.syncher.SynchedEntityData/]: defineId called for: class net.minecraft.world.entity.boss.wither.WitherBoss from class yesman.epicfight.world.capabilities.entitypatch.boss.WitherPatch
[258月2026 15:12:15.131] [main/WARN] [net.minecraft.network.syncher.SynchedEntityData/]: defineId called for: class net.minecraft.world.entity.boss.wither.WitherBoss from class yesman.epicfight.world.capabilities.entitypatch.boss.WitherPatch
[258月2026 15:12:15.134] [main/WARN] [net.minecraft.network.syncher.SynchedEntityData/]: defineId called for: class com.github.tartaricacid.touhoulittlemaid.entity.passive.EntityMaid from class net.EFTLM.EF.Capability.MaidPatch
[258月2026 15:12:15.409] [main/INFO] [eftlm_stylish/]: [DIAG] MaidSkillBuildEvent registered: stylish_combat (tab=ef_tlm:skills)
[258月2026 15:12:15.452] [Forge Version Check/INFO] [net.minecraftforge.fml.VersionChecker/]: [player_mobs] Starting version check at https://raw.githubusercontent.com/GoryMoon/PlayerMobs/update/versions.json
[258月2026 15:12:15.631] [Forge Version Check/WARN] [net.minecraftforge.fml.VersionChecker/]: Failed to process update information
javax.net.ssl.SSLHandshakeException: PKIX path building failed: sun.security.provider.certpath.SunCertPathBuilderException: unable to find valid certification path to requested target
	at jdk.internal.net.http.HttpClientImpl.send(HttpClientImpl.java:578) ~[java.net.http:?]
	at jdk.internal.net.http.HttpClientFacade.send(HttpClientFacade.java:123) ~[java.net.http:?]
	at net.minecraftforge.fml.VersionChecker$1.openUrlString(VersionChecker.java:142) ~[fmlcore-1.20.1-47.4.13.jar%23132!/:?]
	at net.minecraftforge.fml.VersionChecker$1.process(VersionChecker.java:180) ~[fmlcore-1.20.1-47.4.13.jar%23132!/:?]
	at java.lang.Iterable.forEach(Iterable.java:75) ~[?:?]
	at net.minecraftforge.fml.VersionChecker$1.run(VersionChecker.java:117) ~[fmlcore-1.20.1-47.4.13.jar%23132!/:?]
Caused by: javax.net.ssl.SSLHandshakeException: PKIX path building failed: sun.security.provider.certpath.SunCertPathBuilderException: unable to find valid certification path to requested target
	at sun.security.ssl.Alert.createSSLException(Alert.java:131) ~[?:?]
	at sun.security.ssl.TransportContext.fatal(TransportContext.java:378) ~[?:?]
	at sun.security.ssl.TransportContext.fatal(TransportContext.java:321) ~[?:?]
	at sun.security.ssl.TransportContext.fatal(TransportContext.java:316) ~[?:?]
	at sun.security.ssl.CertificateMessage$T13CertificateConsumer.checkServerCerts(CertificateMessage.java:1351) ~[?:?]
	at sun.security.ssl.CertificateMessage$T13CertificateConsumer.onConsumeCertificate(CertificateMessage.java:1226) ~[?:?]
	at sun.security.ssl.CertificateMessage$T13CertificateConsumer.consume(CertificateMessage.java:1169) ~[?:?]
	at sun.security.ssl.SSLHandshake.consume(SSLHandshake.java:396) ~[?:?]
	at sun.security.ssl.HandshakeContext.dispatch(HandshakeContext.java:480) ~[?:?]
	at sun.security.ssl.SSLEngineImpl$DelegatedTask$DelegatedAction.run(SSLEngineImpl.java:1277) ~[?:?]
	at sun.security.ssl.SSLEngineImpl$DelegatedTask$DelegatedAction.run(SSLEngineImpl.java:1264) ~[?:?]
	at java.security.AccessController.doPrivileged(AccessController.java:712) ~[?:?]
	at sun.security.ssl.SSLEngineImpl$DelegatedTask.run(SSLEngineImpl.java:1209) ~[?:?]
	at java.util.ArrayList.forEach(ArrayList.java:1511) ~[?:?]
	at jdk.internal.net.http.common.SSLFlowDelegate.lambda$executeTasks$3(SSLFlowDelegate.java:1118) ~[java.net.http:?]
	at jdk.internal.net.http.HttpClientImpl$DelegatingExecutor.execute(HttpClientImpl.java:157) ~[java.net.http:?]
	at jdk.internal.net.http.common.SSLFlowDelegate.executeTasks(SSLFlowDelegate.java:1113) ~[java.net.http:?]
	at jdk.internal.net.http.common.SSLFlowDelegate.doHandshake(SSLFlowDelegate.java:1079) ~[java.net.http:?]
	at jdk.internal.net.http.common.SSLFlowDelegate$Reader.processData(SSLFlowDelegate.java:484) ~[java.net.http:?]
	at jdk.internal.net.http.common.SSLFlowDelegate$Reader$ReaderDownstreamPusher.run(SSLFlowDelegate.java:268) ~[java.net.http:?]
	at jdk.internal.net.http.common.SequentialScheduler$LockingRestartableTask.run(SequentialScheduler.java:205) ~[java.net.http:?]
	at jdk.internal.net.http.common.SequentialScheduler$CompleteRestartableTask.run(SequentialScheduler.java:149) ~[java.net.http:?]
	at jdk.internal.net.http.common.SequentialScheduler$TryEndDeferredCompleter.complete(SequentialScheduler.java:347) ~[java.net.http:?]
	at jdk.internal.net.http.common.SequentialScheduler$CompleteRestartableTask.run(SequentialScheduler.java:151) ~[java.net.http:?]
	at jdk.internal.net.http.common.SequentialScheduler$SchedulableTask.run(SequentialScheduler.java:230) ~[java.net.http:?]
	at java.util.concurrent.ThreadPoolExecutor.runWorker(ThreadPoolExecutor.java:1136) ~[?:?]
	at java.util.concurrent.ThreadPoolExecutor$Worker.run(ThreadPoolExecutor.java:635) ~[?:?]
	at java.lang.Thread.run(Thread.java:842) ~[?:?]
Caused by: sun.security.validator.ValidatorException: PKIX path building failed: sun.security.provider.certpath.SunCertPathBuilderException: unable to find valid certification path to requested target
	at sun.security.validator.PKIXValidator.doBuild(PKIXValidator.java:439) ~[?:?]
	at sun.security.validator.PKIXValidator.engineValidate(PKIXValidator.java:306) ~[?:?]
	at sun.security.validator.Validator.validate(Validator.java:264) ~[?:?]
	at sun.security.ssl.X509TrustManagerImpl.checkTrusted(X509TrustManagerImpl.java:285) ~[?:?]
	at sun.security.ssl.X509TrustManagerImpl.checkServerTrusted(X509TrustManagerImpl.java:144) ~[?:?]
	at sun.security.ssl.CertificateMessage$T13CertificateConsumer.checkServerCerts(CertificateMessage.java:1329) ~[?:?]
	at sun.security.ssl.CertificateMessage$T13CertificateConsumer.onConsumeCertificate(CertificateMessage.java:1226) ~[?:?]
	at sun.security.ssl.CertificateMessage$T13CertificateConsumer.consume(CertificateMessage.java:1169) ~[?:?]
	at sun.security.ssl.SSLHandshake.consume(SSLHandshake.java:396) ~[?:?]
	at sun.security.ssl.HandshakeContext.dispatch(HandshakeContext.java:480) ~[?:?]
	at sun.security.ssl.SSLEngineImpl$DelegatedTask$DelegatedAction.run(SSLEngineImpl.java:1277) ~[?:?]
	at sun.security.ssl.SSLEngineImpl$DelegatedTask$DelegatedAction.run(SSLEngineImpl.java:1264) ~[?:?]
	at java.security.AccessController.doPrivileged(AccessController.java:712) ~[?:?]
	at sun.security.ssl.SSLEngineImpl$DelegatedTask.run(SSLEngineImpl.java:1209) ~[?:?]
	at java.util.ArrayList.forEach(ArrayList.java:1511) ~[?:?]
	at jdk.internal.net.http.common.SSLFlowDelegate.lambda$executeTasks$3(SSLFlowDelegate.java:1118) ~[java.net.http:?]
	at jdk.internal.net.http.HttpClientImpl$DelegatingExecutor.execute(HttpClientImpl.java:157) ~[java.net.http:?]
	at jdk.internal.net.http.common.SSLFlowDelegate.executeTasks(SSLFlowDelegate.java:1113) ~[java.net.http:?]
	at jdk.internal.net.http.common.SSLFlowDelegate.doHandshake(SSLFlowDelegate.java:1079) ~[java.net.http:?]
	at jdk.internal.net.http.common.SSLFlowDelegate$Reader.processData(SSLFlowDelegate.java:484) ~[java.net.http:?]
	at jdk.internal.net.http.common.SSLFlowDelegate$Reader$ReaderDownstreamPusher.run(SSLFlowDelegate.java:268) ~[java.net.http:?]
	at jdk.internal.net.http.common.SequentialScheduler$LockingRestartableTask.run(SequentialScheduler.java:205) ~[java.net.http:?]
	at jdk.internal.net.http.common.SequentialScheduler$CompleteRestartableTask.run(SequentialScheduler.java:149) ~[java.net.http:?]
	at jdk.internal.net.http.common.SequentialScheduler$TryEndDeferredCompleter.complete(SequentialScheduler.java:347) ~[java.net.http:?]
	at jdk.internal.net.http.common.SequentialScheduler$CompleteRestartableTask.run(SequentialScheduler.java:151) ~[java.net.http:?]
	at jdk.internal.net.http.common.SequentialScheduler$SchedulableTask.run(SequentialScheduler.java:230) ~[java.net.http:?]
	at java.util.concurrent.ThreadPoolExecutor.runWorker(ThreadPoolExecutor.java:1136) ~[?:?]
	at java.util.concurrent.ThreadPoolExecutor$Worker.run(ThreadPoolExecutor.java:635) ~[?:?]
	at java.lang.Thread.run(Thread.java:842) ~[?:?]
Caused by: sun.security.provider.certpath.SunCertPathBuilderException: unable to find valid certification path to requested target
	at sun.security.provider.certpath.SunCertPathBuilder.build(SunCertPathBuilder.java:148) ~[?:?]
	at sun.security.provider.certpath.SunCertPathBuilder.engineBuild(SunCertPathBuilder.java:129) ~[?:?]
	at java.security.cert.CertPathBuilder.build(CertPathBuilder.java:297) ~[?:?]
	at sun.security.validator.PKIXValidator.doBuild(PKIXValidator.java:434) ~[?:?]
	at sun.security.validator.PKIXValidator.engineValidate(PKIXValidator.java:306) ~[?:?]
	at sun.security.validator.Validator.validate(Validator.java:264) ~[?:?]
	at sun.security.ssl.X509TrustManagerImpl.checkTrusted(X509TrustManagerImpl.java:285) ~[?:?]
	at sun.security.ssl.X509TrustManagerImpl.checkServerTrusted(X509TrustManagerImpl.java:144) ~[?:?]
	at sun.security.ssl.CertificateMessage$T13CertificateConsumer.checkServerCerts(CertificateMessage.java:1329) ~[?:?]
	at sun.security.ssl.CertificateMessage$T13CertificateConsumer.onConsumeCertificate(CertificateMessage.java:1226) ~[?:?]
	at sun.security.ssl.CertificateMessage$T13CertificateConsumer.consume(CertificateMessage.java:1169) ~[?:?]
	at sun.security.ssl.SSLHandshake.consume(SSLHandshake.java:396) ~[?:?]
	at sun.security.ssl.HandshakeContext.dispatch(HandshakeContext.java:480) ~[?:?]
	at sun.security.ssl.SSLEngineImpl$DelegatedTask$DelegatedAction.run(SSLEngineImpl.java:1277) ~[?:?]
	at sun.security.ssl.SSLEngineImpl$DelegatedTask$DelegatedAction.run(SSLEngineImpl.java:1264) ~[?:?]
	at java.security.AccessController.doPrivileged(AccessController.java:712) ~[?:?]
	at sun.security.ssl.SSLEngineImpl$DelegatedTask.run(SSLEngineImpl.java:1209) ~[?:?]
	at java.util.ArrayList.forEach(ArrayList.java:1511) ~[?:?]
	at jdk.internal.net.http.common.SSLFlowDelegate.lambda$executeTasks$3(SSLFlowDelegate.java:1118) ~[java.net.http:?]
	at jdk.internal.net.http.HttpClientImpl$DelegatingExecutor.execute(HttpClientImpl.java:157) ~[java.net.http:?]
	at jdk.internal.net.http.common.SSLFlowDelegate.executeTasks(SSLFlowDelegate.java:1113) ~[java.net.http:?]
	at jdk.internal.net.http.common.SSLFlowDelegate.doHandshake(SSLFlowDelegate.java:1079) ~[java.net.http:?]
	at jdk.internal.net.http.common.SSLFlowDelegate$Reader.processData(SSLFlowDelegate.java:484) ~[java.net.http:?]
	at jdk.internal.net.http.common.SSLFlowDelegate$Reader$ReaderDownstreamPusher.run(SSLFlowDelegate.java:268) ~[java.net.http:?]
	at jdk.internal.net.http.common.SequentialScheduler$LockingRestartableTask.run(SequentialScheduler.java:205) ~[java.net.http:?]
	at jdk.internal.net.http.common.SequentialScheduler$CompleteRestartableTask.run(SequentialScheduler.java:149) ~[java.net.http:?]
	at jdk.internal.net.http.common.SequentialScheduler$TryEndDeferredCompleter.complete(SequentialScheduler.java:347) ~[java.net.http:?]
	at jdk.internal.net.http.common.SequentialScheduler$CompleteRestartableTask.run(SequentialScheduler.java:151) ~[java.net.http:?]
	at jdk.internal.net.http.common.SequentialScheduler$SchedulableTask.run(SequentialScheduler.java:230) ~[java.net.http:?]
	at java.util.concurrent.ThreadPoolExecutor.runWorker(ThreadPoolExecutor.java:1136) ~[?:?]
	at java.util.concurrent.ThreadPoolExecutor$Worker.run(ThreadPoolExecutor.java:635) ~[?:?]
	at java.lang.Thread.run(Thread.java:842) ~[?:?]
[258月2026 15:12:15.633] [Forge Version Check/INFO] [net.minecraftforge.fml.VersionChecker/]: [forge] Starting version check at https://files.minecraftforge.net/net/minecraftforge/forge/promotions_slim.json
[258月2026 15:12:16.646] [main/INFO] [epicfight/]: Data keys [invincible:cooldown, invincible:left, invincible:parry_timer, invincible:up, invincible:down, invincible:right, invincible:dodge_success_timer] for invincible:combo_demo
[258月2026 15:12:16.647] [main/INFO] [epicfight/]: Data keys [epicfight:combo_counter, epicfight:basic_attack_active] for epicfight:basic_attack
[258月2026 15:12:16.647] [main/INFO] [epicfight/]: Data keys [epicfight:penalty_restore_counter, epicfight:penalty] for epicfight:guard
[258月2026 15:12:16.648] [main/INFO] [epicfight/]: Data keys [epicfight:penalty_restore_counter, epicfight:last_active, epicfight:parry_motion_counter, epicfight:penalty] for epicfight:parrying
[258月2026 15:12:16.649] [main/INFO] [epicfight/]: Data keys [epicfight:penalty_restore_counter, epicfight:penalty] for epicfight:impact_guard
[258月2026 15:12:16.649] [main/INFO] [epicfight/]: Data keys [epicfight:resisting_damage_type, epicfight:stacks, epicfight:tick_record] for epicfight:adaptive_skin
[258月2026 15:12:16.649] [main/INFO] [epicfight/]: Data keys [epicfight:tick_record] for epicfight:adrenaline_fiend
[258月2026 15:12:16.649] [main/INFO] [epicfight/]: Data keys [epicfight:stacks, epicfight:entity_id] for epicfight:bonebreaker
[258月2026 15:12:16.649] [main/INFO] [epicfight/]: Data keys [epicfight:tick_record, epicfight:entity_id] for epicfight:vengeance
[258月2026 15:12:16.649] [main/INFO] [epicfight/]: Data keys [epicfight:slam_protect_next_fall, epicfight:fall_distance] for epicfight:meteor_slam
[258月2026 15:12:16.651] [main/INFO] [epicfight/]: Data keys [epicfight:stacks] for epicfight:revelation
[258月2026 15:12:16.651] [main/INFO] [epicfight/]: Data keys [epicfight:slam_protect_next_fall] for epicfight:demolition_leap
[258月2026 15:12:16.651] [main/INFO] [epicfight/]: Data keys [epicfight:slam_protect_next_fall, epicfight:jump_key_pressed_last_tick, epicfight:jump_count] for epicfight:phantom_ascent
[258月2026 15:12:16.651] [main/INFO] [epicfight/]: Data keys [epicfight:last_hit_count] for epicfight:grasping_spire
[258月2026 15:12:16.652] [main/INFO] [epicfight/]: Data keys [epicfight:sheath] for epicfight:battojutsu_passive
[258月2026 15:12:16.652] [main/INFO] [epicfight/]: Data keys [epicfight:sheath] for epicfight:battojutsu
[258月2026 15:12:16.652] [main/INFO] [epicfight/]: Data keys [epicfight:combo_counter] for epicfight:blade_rush
[258月2026 15:12:16.653] [main/INFO] [epicfight/]: Data keys [epicfight:thrown_trident_entity_id] for epicfight:everlasting_allegiance
[258月2026 15:12:16.653] [main/INFO] [epicfight/]: Data keys [wom:target_id] for wom:ender_obscuris
[258月2026 15:12:16.653] [main/INFO] [epicfight/]: Data keys [wom:timer_refresh, wom:timer, wom:dodge] for wom:dodge_master
[258月2026 15:12:16.654] [main/INFO] [epicfight/]: Data keys [wom:timer_refresh, wom:cooldown, wom:timer, wom:active, wom:dodge, wom:registered_position, wom:registered_health] for wom:time_travel
[258月2026 15:12:16.654] [main/INFO] [epicfight/]: Data keys [wom:cooldown] for wom:punishment_kick
[258月2026 15:12:16.654] [main/INFO] [epicfight/]: Data keys [epicfight:penalty_restore_counter, wom:parrying, wom:last_active, wom:consumprion_value, epicfight:penalty, wom:holding_rmb] for wom:counter_attack
[258月2026 15:12:16.655] [main/INFO] [epicfight/]: Data keys [wom:timer_refresh, wom:charge, epicfight:penalty_restore_counter, wom:cooldown, wom:timer, wom:holding_stance, wom:consumprion_value, epicfight:penalty, wom:vengence_duration] for wom:vengeful_parry
[258月2026 15:12:16.655] [main/INFO] [epicfight/]: Data keys [wom:charge, epicfight:penalty_restore_counter, wom:cooldown, wom:parrying, epicfight:penalty, wom:holding_rmb] for wom:perfect_bulwark
[258月2026 15:12:16.655] [main/INFO] [epicfight/]: Data keys [wom:charge, wom:cycle] for wom:soul_protection
[258月2026 15:12:16.655] [main/INFO] [epicfight/]: Data keys [wom:charge, wom:cycle] for wom:shulker_cloak
[258月2026 15:12:16.655] [main/INFO] [epicfight/]: Data keys [epicfight:penalty_restore_counter, wom:timer, wom:active, epicfight:penalty, wom:holding_rmb] for wom:buster_parade
[258月2026 15:12:16.656] [main/INFO] [epicfight/]: Data keys [wom:timer_refresh, wom:duree, wom:timer, wom:active] for wom:pain_anticipation
[258月2026 15:12:16.656] [main/INFO] [epicfight/]: Data keys [wom:timer_refresh, wom:duree, wom:timer, wom:active] for wom:latent_retribution
[258月2026 15:12:16.656] [main/INFO] [epicfight/]: Data keys [wom:rate, wom:power] for wom:critical_knowledge
[258月2026 15:12:16.656] [main/INFO] [epicfight/]: Data keys [wom:cooldown, wom:max_shield, wom:recovery_rate] for wom:heart_shield
[258月2026 15:12:16.656] [main/INFO] [epicfight/]: Data keys [wom:melody_index, wom:step, wom:saved_elapsed_time] for wom:dancing_blade
[258月2026 15:12:16.657] [main/INFO] [epicfight/]: Data keys [wom:timer_refresh, wom:duree, wom:timer, wom:active, wom:cycle, wom:stage] for wom:meditation
[258月2026 15:12:16.657] [main/INFO] [epicfight/]: Data keys [wom:cooldown] for wom:dopamine
[258月2026 15:12:16.657] [main/INFO] [epicfight/]: Data keys [wom:last_active] for wom:manipulator
[258月2026 15:12:16.657] [main/INFO] [epicfight/]: Data keys [wom:rate, wom:timer, wom:power, wom:stack] for wom:lethal_focus
[258月2026 15:12:16.657] [main/INFO] [epicfight/]: Data keys [wom:timer_refresh, wom:timer, wom:wall_glide, wom:angle, wom:wall_running, wom:jump_key_up] for wom:spider_techniques
[258月2026 15:12:16.657] [main/INFO] [epicfight/]: Data keys [wom:cooldown, wom:mermaid_movement, wom:diving, wom:crawling, wom:water_dashing, wom:consumprion_value, wom:jump_key_up] for wom:aqua_maneuvre
[258月2026 15:12:16.659] [main/INFO] [epicfight/]: Data keys [wom:timer, wom:active, wom:verso, wom:wall_glide, wom:buffing, wom:consumprion_value, wom:stage, wom:wall_running] for wom:natural_sprinter
[258月2026 15:12:16.659] [main/INFO] [epicfight/]: Data keys [wom:timer] for wom:lunatic_vivacity
[258月2026 15:12:16.659] [main/INFO] [epicfight/]: Data keys [wom:timer, wom:registered_health, wom:consumprion_value] for wom:voodoo_magic
[258月2026 15:12:16.659] [main/INFO] [epicfight/]: Data keys [wom:target_id, wom:target_distance] for wom:back_and_forth
[258月2026 15:12:16.659] [main/INFO] [epicfight/]: Data keys [wom:cooldown, wom:combo] for wom:shooting_style
[258月2026 15:12:16.659] [main/INFO] [epicfight/]: Data keys [wom:timer, wom:active] for wom:proximity_exploiter
[258月2026 15:12:16.659] [main/INFO] [epicfight/]: Data keys [wom:timer, wom:stack] for wom:all_eyes_on_you
[258月2026 15:12:16.659] [main/INFO] [epicfight/]: Data keys [wom:timer, wom:stack] for wom:all_eyes_on_me
[258月2026 15:12:16.660] [main/INFO] [epicfight/]: Data keys [wom:cooldown, wom:timer] for wom:avatar_of_might
[258月2026 15:12:16.661] [main/INFO] [epicfight/]: Data keys [wom:active, wom:attacks, wom:stack] for wom:agony_plunge
[258月2026 15:12:16.661] [main/INFO] [epicfight/]: Data keys [wom:timer_refresh, wom:timer, wom:active, wom:charging, wom:movespeed, wom:saved_charge, wom:charged_attack, wom:holding_rmb, wom:charged, wom:charging_time] for wom:torment_passive
[258月2026 15:12:16.662] [main/INFO] [epicfight/]: Data keys [wom:timer_refresh, wom:timer, wom:active] for wom:true_berserk
[258月2026 15:12:16.662] [main/INFO] [epicfight/]: Data keys [wom:stack] for wom:herrscher_passive
[258月2026 15:12:16.662] [main/INFO] [epicfight/]: Data keys [wom:timer_refresh, wom:strenght, wom:timer, wom:verso, wom:buffing, wom:buffed, wom:expiation, wom:redemptioon] for wom:plunder_perdition
[258月2026 15:12:16.663] [main/INFO] [epicfight/]: Data keys [wom:sheath] for wom:satsujin_passive
[258月2026 15:12:16.663] [main/INFO] [epicfight/]: Data keys [wom:charge, wom:active, wom:charging, wom:second_draw, wom:damage, wom:timer_refresh, wom:cooldown, wom:frequency, wom:timer, wom:attacks, wom:timedslash, wom:saved_charge, wom:holding_stance, wom:holding_rmb, wom:stack] for wom:sakura_state
[258月2026 15:12:16.663] [main/INFO] [epicfight/]: Data keys [wom:cooldown, wom:shoot, wom:using_item, wom:zoom, wom:reload_cooldown, wom:holding_rmb, wom:combo, wom:zoom_cooldown, wom:nofalldamage] for wom:ender_blast
[258月2026 15:12:16.664] [main/INFO] [epicfight/]: Data keys [wom:cooldown, wom:shoot, wom:using_item, wom:zoom, wom:side, wom:reload_cooldown, wom:holding_rmb, wom:combo, wom:zoom_cooldown, wom:nofalldamage] for wom:ender_fusion
[258月2026 15:12:16.664] [main/INFO] [epicfight/]: Data keys [wom:gesetz_sprengkopf, wom:cooldown, wom:parrying, wom:guard_point, wom:holding_stance, wom:guard_point_result, wom:holding_rmb, wom:combo, wom:charged, wom:charging_time] for wom:regierung
[258月2026 15:12:16.665] [main/INFO] [epicfight/]: Data keys [wom:timer_refresh, wom:lunar_eclipse_stack, wom:timer, wom:echo, wom:crescent] for wom:lunar_eclipse
[258月2026 15:12:16.665] [main/INFO] [epicfight/]: Data keys [wom:verso, wom:idle] for wom:lunar_echo_passive
[258月2026 15:12:16.665] [main/INFO] [epicfight/]: Data keys [wom:darkness_portal_angle, wom:blackhole_vec, wom:shoot, wom:zoom, wom:zoom_cooldown, wom:timer_refresh, wom:ascending, wom:blackhole_timer, wom:darkness_target_vec, wom:darkness_target, wom:blackhole, wom:darkness_activate_portal, wom:darkness_portal_vec, wom:serius_focus, wom:active, wom:witherccatharsis, wom:darkness_target_reaped, wom:shoot_cooldown, wom:darkness_portal_timer, wom:darkness_target_hited, wom:blackhole_active, wom:timer, wom:serius_focus_cooldown, wom:witheraftereffect, wom:holding_rmb] for wom:demonic_ascension
[258月2026 15:12:16.665] [main/INFO] [epicfight/]: Data keys [wom:lapse, wom:blink, wom:idle, wom:particle, wom:basic_attack, wom:catharsis, wom:withercurse] for wom:demon_mark_passive
[258月2026 15:12:16.666] [main/INFO] [epicfight/]: Data keys [wom:charge, wom:charging, wom:stored_heat_level, wom:particle, wom:heat_level, wom:solar_obscuridad_ta_timer, wom:timer_refresh, wom:timer, wom:solar_crematorio, wom:solar_infernio, wom:timed_attack, wom:heating_speed, wom:solar_obscuridad, wom:cycle, wom:holding_rmb] for wom:solar_arcano
[258月2026 15:12:16.666] [main/INFO] [epicfight/]: Data keys [wom:charge, wom:charging, wom:stored_heat_level, wom:particle, wom:heat_level, wom:solar_obscuridad_ta_timer, wom:timer_refresh, wom:timer, wom:solar_crematorio, wom:solar_infernio, wom:timed_attack, wom:heating_speed, wom:solar_obscuridad, wom:cycle] for wom:solar_passive
[258月2026 15:12:16.666] [main/INFO] [epicfight/]: Data keys [wom:serius_focus_cooldown, wom:serius_focus] for wom:rechargement
[258月2026 15:12:16.668] [main/INFO] [epicfight/]: Data keys [wom:charge, wom:shell_anim, wom:active, wom:shell_delay, wom:bullet_overloaded, wom:bullet_loaded_old, wom:super_reload, wom:cycle, wom:charged, wom:bullet_loaded, wom:shell_number] for wom:napoleon_passive
[258月2026 15:12:16.668] [main/INFO] [epicfight/]: Data keys [efn:scythe_blood_power, efn:scythe_sheath] for efn:scythe_skill
[258月2026 15:12:16.668] [main/INFO] [epicfight/]: Data keys [efn:thornwheel_loop, efn:press_innate, efn:thornwheel_loop_available] for efn:thornwheel
[258月2026 15:12:16.669] [main/INFO] [epicfight/]: Data keys [efn:jump_count, efn:murasama_forward_dodge, efn:jump_key_pressed_last_tick] for efn:murasama_dodge
[258月2026 15:12:16.669] [main/INFO] [epicfight/]: Data keys [efn:base_puncture_chance, efn:puncture_increment, efn:current_puncture_chance, efn:max_puncture_chance] for efn:parry_master
[258月2026 15:12:16.669] [main/INFO] [epicfight/]: Data keys [efn:defense_start_tick, efn:buff_end_tick, efn:buff_active] for efn:precise_parry
[258月2026 15:12:16.669] [main/INFO] [epicfight/]: Data keys [efn:cooldown_1, efn:cooldown_2, efn:cooldown] for efn:judgementcutend
[258月2026 15:12:16.669] [main/INFO] [epicfight/]: Data keys [efn:cooldown_1, efn:cooldown_2, efn:cooldown] for efn:stomp
[258月2026 15:12:16.670] [main/INFO] [epicfight/]: Data keys [efn:murasama_opposite_triggered, efn:murasama_zansetsu_start_time, efn:murasama_zandatsu_end_time, efn:murasama_zansetsu_slash_release, efn:murasama_zandatsu_start_time, efn:murasama_zansetsu_sector, efn:murasama_key_left_down, efn:murasama_key_right_down, efn:murasama_zansetsu_end_time, efn:arts_key_pressed, efn:murasama_zansetsu_timer, efn:murasama_zandatsu_available, efn:murasama_left_mouse_pressed, efn:arts_key, efn:murasama_zansetsu_attack_counter, efn:murasama_zansetsu_input_mode, efn:murasama_input_mode_switch_pressed, efn:murasama_zansetsu_active, efn:murasama_pair_flag, efn:murasama_last_triggered_sector] for efn:zansetsu
[258月2026 15:12:16.670] [main/INFO] [epicfight/]: Data keys [efn:cooldown_1, efn:cooldown_2, efn:cooldown] for efn:execution
[258月2026 15:12:16.670] [main/INFO] [epicfight/]: Data keys [efn:efn_starting_parry, epicfight:penalty_restore_counter, efn:efn_last_guard_start_tick, efn:efn_last_successful_defense_tick, efn:efn_last_parry_time, efn:efn_first_shake, epicfight:penalty, efn:efn_last_active, efn:efn_delay_protection_end, efn:efn_parry_motion_counter, efn:efn_shake_penalty_count, efn:efn_shake_detected] for efn:efn_parry
[258月2026 15:12:16.671] [main/INFO] [epicfight/]: Data keys [efn:efn_starting_parry, epicfight:penalty_restore_counter, efn:efn_last_guard_start_tick, efn:efn_last_successful_defense_tick, efn:efn_last_parry_time, efn:efn_first_shake, epicfight:penalty, efn:efn_last_active, efn:efn_delay_protection_end, efn:efn_parry_motion_counter, efn:efn_shake_penalty_count, efn:efn_shake_detected] for efn:murasama_parry
[258月2026 15:12:16.671] [main/INFO] [epicfight/]: Data keys [efn:cooldown_1, efn:cooldown_2, efn:arts_key_pressed, efn:arts_key, efn:cooldown, efn:sekiro_art_index, efn:arts_input_buffer] for efn:mortal_blade
[258月2026 15:12:16.671] [main/INFO] [epicfight/]: Data keys [efn:have_doppelganger, efn:energy_check, efn:doppelganger_tick, efn:pressing_innate, invincible:cooldown, invincible:parry_timer, efn:pressing_key4, efn:down_key, efn:sneak_key, efn:is_pressing, efn:pressing_key1, invincible:left, efn:charge_message, efn:doppelganger_delay, efn:force_release, efn:press_key2, efn:is_charging, efn:charge_power, efn:combo_counter, efn:key3_press_timer, efn:full_charge_message, efn:cooldown_1, efn:arts_key_pressed, efn:angel_key, efn:arts_key, efn:charge_stage, efn:press_key3, efn:press_doppelganger, efn:cooldown_2, efn:press_key1, efn:key1_press_timer, efn:up_key, efn:guard_key, efn:was_long_pressed, efn:pressing_key2, efn:jump_key, efn:press_innate, efn:charge_ticks, efn:press_summon_sword, invincible:down, efn:pressing_key3, invincible:right, efn:doppelganger_style, invincible:up, efn:key4_press_timer, efn:key2_press_timer, efn:cooldown, efn:demon_key, efn:sprint_key, efn:innate_press_timer, efn:press_key4, invincible:dodge_success_timer] for efn:yamato
[258月2026 15:12:16.671] [main/INFO] [epicfight/]: Data keys [efn:doppelganger_tick, efn:doppelganger_style, efn:parry_cooldown, efn:have_doppelganger, efn:doppelganger_delay, efn:stun_cooldown] for efn:yamato_passive
[258月2026 15:12:16.671] [main/INFO] [epicfight/]: Data keys [efn:energy_check, efn:replay_enhanced, efn:pressing_innate, invincible:cooldown, invincible:parry_timer, efn:pressing_key4, efn:down_key, efn:sneak_key, efn:is_pressing, efn:pressing_key1, invincible:left, efn:charge_message, efn:force_release, efn:press_key2, efn:is_charging, efn:charge_power, efn:combo_counter, efn:key3_press_timer, efn:full_charge_message, efn:cooldown_1, efn:arts_key_pressed, efn:angel_key, efn:arts_key, efn:charge_stage, efn:press_key3, efn:cooldown_2, efn:press_key1, efn:key1_press_timer, efn:up_key, efn:guard_key, efn:was_long_pressed, efn:pressing_key2, efn:jump_key, efn:damage_history, efn:press_innate, efn:charge_ticks, efn:press_summon_sword, invincible:down, efn:pressing_key3, invincible:right, efn:is_replay_damage, invincible:up, efn:key4_press_timer, efn:key2_press_timer, efn:cooldown, efn:demon_key, efn:sprint_key, efn:innate_press_timer, efn:press_key4, invincible:dodge_success_timer] for efn:shortsword
[258月2026 15:12:16.672] [main/INFO] [epicfight/]: Data keys [efn:cooldown_2, efn:press_key1, efn:energy_check, efn:key1_press_timer, efn:up_key, efn:guard_key, efn:was_long_pressed, efn:pressing_key2, efn:pressing_innate, invincible:cooldown, invincible:parry_timer, efn:jump_key, efn:pressing_key4, efn:press_innate, efn:charge_ticks, efn:press_summon_sword, invincible:down, efn:pressing_key3, efn:down_key, invincible:right, efn:sneak_key, efn:is_pressing, efn:pressing_key1, invincible:left, efn:charge_message, invincible:up, efn:force_release, efn:press_key2, efn:key4_press_timer, efn:is_charging, efn:key2_press_timer, efn:charge_power, efn:combo_counter, efn:cooldown, efn:key3_press_timer, efn:full_charge_message, efn:demon_key, efn:sprint_key, efn:cooldown_1, efn:arts_key_pressed, efn:angel_key, efn:arts_key, efn:charge_stage, efn:innate_press_timer, efn:press_key3, efn:press_key4, invincible:dodge_success_timer] for efn:ruinsgreatsword
[258月2026 15:12:16.674] [main/INFO] [epicfight/]: Data keys [efn:cooldown_2, efn:press_key1, efn:energy_check, efn:key1_press_timer, efn:up_key, efn:guard_key, efn:was_long_pressed, efn:pressing_key2, efn:pressing_innate, invincible:cooldown, invincible:parry_timer, efn:jump_key, efn:pressing_key4, efn:press_innate, efn:charge_ticks, efn:press_summon_sword, invincible:down, efn:pressing_key3, efn:down_key, invincible:right, efn:sneak_key, efn:is_pressing, efn:pressing_key1, invincible:left, efn:charge_message, invincible:up, efn:force_release, efn:press_key2, efn:key4_press_timer, efn:is_charging, efn:key2_press_timer, efn:charge_power, efn:combo_counter, efn:cooldown, efn:key3_press_timer, efn:full_charge_message, efn:demon_key, efn:sprint_key, efn:cooldown_1, efn:arts_key_pressed, efn:angel_key, efn:arts_key, efn:charge_stage, efn:innate_press_timer, efn:press_key3, efn:press_key4, invincible:dodge_success_timer] for efn:pioneer
[258月2026 15:12:16.674] [main/INFO] [epicfight/]: Data keys [efn:murasama_opposite_triggered, efn:murasama_zansetsu_start_time, efn:murasama_sheath, efn:murasama_zandatsu_end_time, efn:energy_check, efn:murasama_zandatsu_start_time, efn:manual_unsheath, efn:pressing_innate, invincible:cooldown, invincible:parry_timer, efn:pressing_key4, efn:murasama_zansetsu_input_mode, efn:down_key, efn:sneak_key, efn:is_pressing, efn:pressing_key1, invincible:left, efn:charge_message, efn:murasama_forward_dodge, efn:force_release, efn:press_key2, efn:murasama_sheath_timer, efn:sprint_sheath_timer, efn:is_charging, efn:murasama_zansetsu_slash_release, efn:charge_power, efn:combo_counter, efn:key3_press_timer, efn:murasama_key_left_down, efn:full_charge_message, efn:cooldown_1, efn:arts_key_pressed, efn:angel_key, efn:arts_key, efn:murasama_zansetsu_active, efn:charge_stage, efn:press_key3, efn:murasama_air_borne, efn:cooldown_2, efn:press_key1, efn:key1_press_timer, efn:up_key, efn:guard_key, efn:was_long_pressed, efn:murasama_zansetsu_sector, efn:pressing_key2, efn:murasama_zansetsu_end_time, efn:murasama_zansetsu_timer, efn:murasama_zandatsu_available, efn:jump_key, efn:press_innate, efn:charge_ticks, efn:murasama_left_mouse_pressed, efn:press_summon_sword, invincible:down, efn:murasama_zansetsu_attack_counter, efn:pressing_key3, efn:murasama_input_mode_switch_pressed, efn:murasama_pair_flag, invincible:right, efn:murasama_last_triggered_sector, invincible:up, efn:key4_press_timer, efn:key2_press_timer, efn:cooldown, efn:murasama_key_right_down, efn:demon_key, efn:sprint_key, efn:innate_press_timer, efn:press_key4, invincible:dodge_success_timer] for efn:murasama
[258月2026 15:12:16.675] [main/INFO] [epicfight/]: Data keys [efn:murasama_opposite_triggered, efn:murasama_zansetsu_start_time, efn:murasama_sheath, efn:murasama_zandatsu_end_time, efn:was_double_tap_sprint, efn:forward_backward_window_active, efn:jump_key_pressed_last_tick, efn:murasama_zandatsu_start_time, efn:murasama_zansetsu_sector, efn:manual_unsheath, efn:double_tap_timer, efn:forward_backward_remaining_ticks, efn:murasama_zansetsu_end_time, efn:murasama_zansetsu_timer, efn:murasama_zandatsu_available, efn:murasama_left_mouse_pressed, efn:murasama_zansetsu_attack_counter, efn:murasama_zansetsu_input_mode, efn:murasama_input_mode_switch_pressed, efn:murasama_pair_flag, efn:backward_pressed_last_tick, efn:murasama_last_triggered_sector, efn:forward_backward_success, efn:forward_pressed_last_tick, efn:murasama_forward_dodge, efn:murasama_sheath_timer, efn:sprint_sheath_timer, efn:murasama_zansetsu_slash_release, efn:murasama_key_left_down, efn:murasama_key_right_down, efn:up_key_pressed_last_tick, efn:forward_backward_timer, efn:jump_count, efn:is_double_tap_sprint, efn:forward_backward_end_tick, efn:murasama_zansetsu_active] for efn:murasama_passive
[258月2026 15:12:16.675] [main/INFO] [epicfight/]: Data keys [efn:cooldown_2, efn:press_key1, efn:energy_check, efn:key1_press_timer, efn:up_key, efn:guard_key, efn:was_long_pressed, efn:pressing_key2, efn:pressing_innate, invincible:cooldown, invincible:parry_timer, efn:jump_key, efn:pressing_key4, efn:press_innate, efn:charge_ticks, efn:press_summon_sword, invincible:down, efn:pressing_key3, efn:down_key, invincible:right, efn:sneak_key, efn:is_pressing, efn:pressing_key1, invincible:left, efn:charge_message, invincible:up, efn:force_release, efn:press_key2, efn:key4_press_timer, efn:is_charging, efn:key2_press_timer, efn:charge_power, efn:combo_counter, efn:cooldown, efn:key3_press_timer, efn:full_charge_message, efn:demon_key, efn:sprint_key, efn:cooldown_1, efn:arts_key_pressed, efn:angel_key, efn:arts_key, efn:charge_stage, efn:innate_press_timer, efn:press_key3, efn:press_key4, invincible:dodge_success_timer] for efn:meenlance
[258月2026 15:12:16.676] [main/INFO] [epicfight/]: Data keys [efn:cooldown_2, efn:press_key1, efn:energy_check, efn:key1_press_timer, efn:up_key, efn:guard_key, efn:was_long_pressed, efn:pressing_key2, efn:pressing_innate, invincible:cooldown, invincible:parry_timer, efn:jump_key, efn:pressing_key4, efn:press_innate, efn:charge_ticks, efn:press_summon_sword, invincible:down, efn:pressing_key3, efn:down_key, invincible:right, efn:sneak_key, efn:is_pressing, efn:pressing_key1, invincible:left, efn:charge_message, invincible:up, efn:force_release, efn:press_key2, efn:key4_press_timer, efn:is_charging, efn:key2_press_timer, efn:charge_power, efn:combo_counter, efn:cooldown, efn:key3_press_timer, efn:full_charge_message, efn:demon_key, efn:sprint_key, efn:cooldown_1, efn:arts_key_pressed, efn:angel_key, efn:arts_key, efn:charge_stage, efn:innate_press_timer, efn:press_key3, efn:press_key4, invincible:dodge_success_timer] for efn:kusabimaru
[258月2026 15:12:16.676] [main/INFO] [epicfight/]: Data keys [efn:murasama_opposite_triggered, efn:murasama_zansetsu_start_time, efn:murasama_sheath, efn:murasama_zandatsu_end_time, efn:energy_check, efn:murasama_zandatsu_start_time, efn:manual_unsheath, efn:pressing_innate, invincible:cooldown, invincible:parry_timer, efn:pressing_key4, efn:murasama_zansetsu_input_mode, efn:down_key, efn:sneak_key, efn:is_pressing, efn:pressing_key1, invincible:left, efn:charge_message, efn:murasama_forward_dodge, efn:force_release, efn:press_key2, efn:murasama_sheath_timer, efn:sprint_sheath_timer, efn:is_charging, efn:murasama_zansetsu_slash_release, efn:charge_power, efn:combo_counter, efn:key3_press_timer, efn:murasama_key_left_down, efn:full_charge_message, efn:cooldown_1, efn:arts_key_pressed, efn:angel_key, efn:arts_key, efn:murasama_zansetsu_active, efn:charge_stage, efn:press_key3, efn:murasama_air_borne, efn:cooldown_2, efn:press_key1, efn:key1_press_timer, efn:up_key, efn:guard_key, efn:was_long_pressed, efn:murasama_zansetsu_sector, efn:pressing_key2, efn:murasama_zansetsu_end_time, efn:murasama_zansetsu_timer, efn:murasama_zandatsu_available, efn:jump_key, efn:press_innate, efn:charge_ticks, efn:murasama_left_mouse_pressed, efn:press_summon_sword, invincible:down, efn:murasama_zansetsu_attack_counter, efn:pressing_key3, efn:murasama_input_mode_switch_pressed, efn:murasama_pair_flag, invincible:right, efn:murasama_last_triggered_sector, invincible:up, efn:key4_press_timer, efn:key2_press_timer, efn:cooldown, efn:murasama_key_right_down, efn:demon_key, efn:sprint_key, efn:innate_press_timer, efn:press_key4, invincible:dodge_success_timer] for efn:hf_blade
[258月2026 15:12:16.677] [main/INFO] [epicfight/]: Data keys [efn:murasama_opposite_triggered, efn:murasama_zansetsu_start_time, efn:murasama_sheath, efn:murasama_zandatsu_end_time, efn:was_double_tap_sprint, efn:forward_backward_window_active, efn:jump_key_pressed_last_tick, efn:murasama_zandatsu_start_time, efn:murasama_zansetsu_sector, efn:manual_unsheath, efn:double_tap_timer, efn:forward_backward_remaining_ticks, efn:murasama_zansetsu_end_time, efn:murasama_zansetsu_timer, efn:murasama_zandatsu_available, efn:murasama_left_mouse_pressed, efn:murasama_zansetsu_attack_counter, efn:murasama_zansetsu_input_mode, efn:murasama_input_mode_switch_pressed, efn:murasama_pair_flag, efn:backward_pressed_last_tick, efn:murasama_last_triggered_sector, efn:forward_backward_success, efn:forward_pressed_last_tick, efn:murasama_forward_dodge, efn:murasama_sheath_timer, efn:sprint_sheath_timer, efn:murasama_zansetsu_slash_release, efn:murasama_key_left_down, efn:murasama_key_right_down, efn:up_key_pressed_last_tick, efn:forward_backward_timer, efn:jump_count, efn:is_double_tap_sprint, efn:forward_backward_end_tick, efn:murasama_zansetsu_active] for efn:hf_blade_passive
[258月2026 15:12:16.677] [main/INFO] [epicfight/]: Data keys [efn:cooldown_2, efn:press_key1, efn:energy_check, efn:key1_press_timer, efn:up_key, efn:guard_key, efn:was_long_pressed, efn:pressing_key2, efn:pressing_innate, invincible:cooldown, invincible:parry_timer, efn:jump_key, efn:pressing_key4, efn:press_innate, efn:charge_ticks, efn:press_summon_sword, invincible:down, efn:pressing_key3, efn:down_key, invincible:right, efn:sneak_key, efn:is_pressing, efn:pressing_key1, invincible:left, efn:charge_message, invincible:up, efn:force_release, efn:press_key2, efn:key4_press_timer, efn:is_charging, efn:key2_press_timer, efn:charge_power, efn:combo_counter, efn:cooldown, efn:key3_press_timer, efn:full_charge_message, efn:demon_key, efn:sprint_key, efn:cooldown_1, efn:arts_key_pressed, efn:angel_key, efn:arts_key, efn:charge_stage, efn:innate_press_timer, efn:press_key3, efn:press_key4, invincible:dodge_success_timer] for efn:exsiliumgladius
[258月2026 15:12:16.678] [main/INFO] [epicfight/]: Data keys [invincible:cooldown, invincible:left, invincible:parry_timer, invincible:up, invincible:down, invincible:right, invincible:dodge_success_timer] for efn:examplecombo
[258月2026 15:12:16.678] [main/INFO] [epicfight/]: Data keys [efn:cooldown_2, efn:press_key1, efn:energy_check, efn:key1_press_timer, efn:up_key, efn:guard_key, efn:was_long_pressed, efn:pressing_key2, efn:pressing_innate, invincible:cooldown, invincible:parry_timer, efn:jump_key, efn:pressing_key4, efn:press_innate, efn:charge_ticks, efn:press_summon_sword, invincible:down, efn:pressing_key3, efn:down_key, invincible:right, efn:sneak_key, efn:is_pressing, efn:pressing_key1, invincible:left, efn:charge_message, invincible:up, efn:force_release, efn:press_key2, efn:key4_press_timer, efn:is_charging, efn:key2_press_timer, efn:charge_power, efn:combo_counter, efn:cooldown, efn:key3_press_timer, efn:full_charge_message, efn:demon_key, efn:sprint_key, efn:cooldown_1, efn:arts_key_pressed, efn:angel_key, efn:arts_key, efn:charge_stage, efn:innate_press_timer, efn:press_key3, efn:press_key4, invincible:dodge_success_timer] for efn:crescentmoon
[258月2026 15:12:16.678] [main/INFO] [epicfight/]: Data keys [efn:cooldown_2, efn:press_key1, efn:energy_check, efn:key1_press_timer, efn:up_key, efn:guard_key, efn:was_long_pressed, efn:pressing_key2, efn:pressing_innate, invincible:cooldown, invincible:parry_timer, efn:jump_key, efn:pressing_key4, efn:press_innate, efn:charge_ticks, efn:press_summon_sword, invincible:down, efn:pressing_key3, efn:down_key, invincible:right, efn:sneak_key, efn:is_pressing, efn:pressing_key1, invincible:left, efn:charge_message, invincible:up, efn:force_release, efn:press_key2, efn:key4_press_timer, efn:is_charging, efn:key2_press_timer, efn:charge_power, efn:combo_counter, efn:cooldown, efn:key3_press_timer, efn:full_charge_message, efn:demon_key, efn:sprint_key, efn:cooldown_1, efn:arts_key_pressed, efn:angel_key, efn:arts_key, efn:charge_stage, efn:innate_press_timer, efn:press_key3, efn:press_key4, invincible:dodge_success_timer] for efn:broadblade
[258月2026 15:12:16.680] [main/INFO] [epicfight/]: Data keys [efn:cooldown_2, efn:press_key1, efn:energy_check, efn:key1_press_timer, efn:up_key, efn:guard_key, efn:was_long_pressed, efn:pressing_key2, efn:pressing_innate, invincible:cooldown, invincible:parry_timer, efn:jump_key, efn:pressing_key4, efn:press_innate, efn:charge_ticks, efn:press_summon_sword, invincible:down, efn:pressing_key3, efn:down_key, invincible:right, efn:sneak_key, efn:is_pressing, efn:pressing_key1, invincible:left, efn:charge_message, invincible:up, efn:force_release, efn:press_key2, efn:key4_press_timer, efn:is_charging, efn:key2_press_timer, efn:charge_power, efn:combo_counter, efn:cooldown, efn:key3_press_timer, efn:full_charge_message, efn:demon_key, efn:sprint_key, efn:cooldown_1, efn:arts_key_pressed, efn:angel_key, efn:arts_key, efn:charge_stage, efn:innate_press_timer, efn:press_key3, efn:press_key4, invincible:dodge_success_timer] for efn:bloodlust
[258月2026 15:12:16.680] [main/INFO] [epicfight/]: Data keys [efn:cooldown_2, efn:press_key1, efn:energy_check, efn:key1_press_timer, efn:up_key, efn:guard_key, efn:was_long_pressed, efn:pressing_key2, efn:pressing_innate, invincible:cooldown, invincible:parry_timer, efn:jump_key, efn:pressing_key4, efn:press_innate, efn:charge_ticks, efn:press_summon_sword, invincible:down, efn:pressing_key3, efn:down_key, invincible:right, efn:sneak_key, efn:is_pressing, efn:pressing_key1, invincible:left, efn:charge_message, invincible:up, efn:force_release, efn:press_key2, efn:key4_press_timer, efn:is_charging, efn:key2_press_timer, efn:charge_power, efn:combo_counter, efn:cooldown, efn:key3_press_timer, efn:full_charge_message, efn:demon_key, efn:sprint_key, efn:cooldown_1, efn:arts_key_pressed, efn:angel_key, efn:arts_key, efn:charge_stage, efn:innate_press_timer, efn:press_key3, efn:press_key4, invincible:dodge_success_timer] for efn:beastclaw
[258月2026 15:12:16.681] [main/INFO] [epicfight/]: Data keys [efn:cooldown_2, efn:press_key1, efn:energy_check, efn:key1_press_timer, efn:up_key, efn:guard_key, efn:was_long_pressed, efn:pressing_key2, efn:pressing_innate, invincible:cooldown, invincible:parry_timer, efn:jump_key, efn:pressing_key4, efn:press_innate, efn:charge_ticks, efn:press_summon_sword, invincible:down, efn:pressing_key3, efn:down_key, invincible:right, efn:sneak_key, efn:is_pressing, efn:pressing_key1, invincible:left, efn:charge_message, invincible:up, efn:force_release, efn:press_key2, efn:key4_press_timer, efn:is_charging, efn:key2_press_timer, efn:charge_power, efn:combo_counter, efn:cooldown, efn:key3_press_timer, efn:full_charge_message, efn:demon_key, efn:sprint_key, efn:cooldown_1, efn:arts_key_pressed, efn:angel_key, efn:arts_key, efn:charge_stage, efn:innate_press_timer, efn:press_key3, efn:press_key4, invincible:dodge_success_timer] for efn:aetherialdusk
[258月2026 15:12:16.681] [main/INFO] [epicfight/]: Data keys [annoyingvillagers:is_trident_ranged_mode, annoyingvillagers:trident_amount] for annoyingvillagers:trident_festival
[258月2026 15:12:16.736] [main/INFO] [com.mojang.authlib.yggdrasil.YggdrasilAuthenticationService/]: Environment: authHost='https://authserver.mojang.com', accountsHost='https://api.mojang.com', sessionHost='https://sessionserver.mojang.com', servicesHost='https://api.minecraftservices.com', name='PROD'
[258月2026 15:12:16.799] [Forge Version Check/INFO] [net.minecraftforge.fml.VersionChecker/]: [forge] Found status: OUTDATED Current: 47.4.13 Target: 47.4.23
[258月2026 15:12:17.343] [main/INFO] [epicfight/]: Data keys [invincible:cooldown, invincible:left, invincible:parry_timer, invincible:up, invincible:down, invincible:right, invincible:dodge_success_timer] for invincible:combo_demo
[258月2026 15:12:17.343] [main/INFO] [epicfight/]: Data keys [epicfight:combo_counter, epicfight:basic_attack_active] for epicfight:basic_attack
[258月2026 15:12:17.344] [main/INFO] [epicfight/]: Data keys [epicfight:penalty_restore_counter, epicfight:penalty] for epicfight:guard
[258月2026 15:12:17.344] [main/INFO] [epicfight/]: Data keys [epicfight:penalty_restore_counter, epicfight:last_active, epicfight:parry_motion_counter, epicfight:penalty] for epicfight:parrying
[258月2026 15:12:17.344] [main/INFO] [epicfight/]: Data keys [epicfight:penalty_restore_counter, epicfight:penalty] for epicfight:impact_guard
[258月2026 15:12:17.344] [main/INFO] [epicfight/]: Data keys [epicfight:resisting_damage_type, epicfight:stacks, epicfight:tick_record] for epicfight:adaptive_skin
[258月2026 15:12:17.345] [main/INFO] [epicfight/]: Data keys [epicfight:tick_record] for epicfight:adrenaline_fiend
[258月2026 15:12:17.345] [main/INFO] [epicfight/]: Data keys [epicfight:stacks, epicfight:entity_id] for epicfight:bonebreaker
[258月2026 15:12:17.345] [main/INFO] [epicfight/]: Data keys [epicfight:tick_record, epicfight:entity_id] for epicfight:vengeance
[258月2026 15:12:17.345] [main/INFO] [epicfight/]: Data keys [epicfight:slam_protect_next_fall, epicfight:fall_distance] for epicfight:meteor_slam
[258月2026 15:12:17.345] [main/INFO] [epicfight/]: Data keys [epicfight:stacks] for epicfight:revelation
[258月2026 15:12:17.345] [main/INFO] [epicfight/]: Data keys [epicfight:slam_protect_next_fall] for epicfight:demolition_leap
[258月2026 15:12:17.345] [main/INFO] [epicfight/]: Data keys [epicfight:slam_protect_next_fall, epicfight:jump_key_pressed_last_tick, epicfight:jump_count] for epicfight:phantom_ascent
[258月2026 15:12:17.346] [main/INFO] [epicfight/]: Data keys [epicfight:last_hit_count] for epicfight:grasping_spire
[258月2026 15:12:17.346] [main/INFO] [epicfight/]: Data keys [epicfight:sheath] for epicfight:battojutsu_passive
[258月2026 15:12:17.346] [main/INFO] [epicfight/]: Data keys [epicfight:sheath] for epicfight:battojutsu
[258月2026 15:12:17.346] [main/INFO] [epicfight/]: Data keys [epicfight:combo_counter] for epicfight:blade_rush
[258月2026 15:12:17.346] [main/INFO] [epicfight/]: Data keys [epicfight:thrown_trident_entity_id] for epicfight:everlasting_allegiance
[258月2026 15:12:17.346] [main/INFO] [epicfight/]: Data keys [wom:target_id] for wom:ender_obscuris
[258月2026 15:12:17.346] [main/INFO] [epicfight/]: Data keys [wom:timer_refresh, wom:timer, wom:dodge] for wom:dodge_master
[258月2026 15:12:17.346] [main/INFO] [epicfight/]: Data keys [wom:timer_refresh, wom:cooldown, wom:timer, wom:active, wom:dodge, wom:registered_position, wom:registered_health] for wom:time_travel
[258月2026 15:12:17.346] [main/INFO] [epicfight/]: Data keys [wom:cooldown] for wom:punishment_kick
[258月2026 15:12:17.347] [main/INFO] [epicfight/]: Data keys [epicfight:penalty_restore_counter, wom:parrying, wom:last_active, wom:consumprion_value, epicfight:penalty, wom:holding_rmb] for wom:counter_attack
[258月2026 15:12:17.347] [main/INFO] [epicfight/]: Data keys [wom:timer_refresh, wom:charge, epicfight:penalty_restore_counter, wom:cooldown, wom:timer, wom:holding_stance, wom:consumprion_value, epicfight:penalty, wom:vengence_duration] for wom:vengeful_parry
[258月2026 15:12:17.347] [main/INFO] [epicfight/]: Data keys [wom:charge, epicfight:penalty_restore_counter, wom:cooldown, wom:parrying, epicfight:penalty, wom:holding_rmb] for wom:perfect_bulwark
[258月2026 15:12:17.349] [main/INFO] [epicfight/]: Data keys [wom:charge, wom:cycle] for wom:soul_protection
[258月2026 15:12:17.349] [main/INFO] [epicfight/]: Data keys [wom:charge, wom:cycle] for wom:shulker_cloak
[258月2026 15:12:17.349] [main/INFO] [epicfight/]: Data keys [epicfight:penalty_restore_counter, wom:timer, wom:active, epicfight:penalty, wom:holding_rmb] for wom:buster_parade
[258月2026 15:12:17.349] [main/INFO] [epicfight/]: Data keys [wom:timer_refresh, wom:duree, wom:timer, wom:active] for wom:pain_anticipation
[258月2026 15:12:17.349] [main/INFO] [epicfight/]: Data keys [wom:timer_refresh, wom:duree, wom:timer, wom:active] for wom:latent_retribution
[258月2026 15:12:17.350] [main/INFO] [epicfight/]: Data keys [wom:rate, wom:power] for wom:critical_knowledge
[258月2026 15:12:17.350] [main/INFO] [epicfight/]: Data keys [wom:cooldown, wom:max_shield, wom:recovery_rate] for wom:heart_shield
[258月2026 15:12:17.350] [main/INFO] [epicfight/]: Data keys [wom:melody_index, wom:step, wom:saved_elapsed_time] for wom:dancing_blade
[258月2026 15:12:17.350] [main/INFO] [epicfight/]: Data keys [wom:timer_refresh, wom:duree, wom:timer, wom:active, wom:cycle, wom:stage] for wom:meditation
[258月2026 15:12:17.351] [main/INFO] [epicfight/]: Data keys [wom:cooldown] for wom:dopamine
[258月2026 15:12:17.351] [main/INFO] [epicfight/]: Data keys [wom:last_active] for wom:manipulator
[258月2026 15:12:17.351] [main/INFO] [epicfight/]: Data keys [wom:rate, wom:timer, wom:power, wom:stack] for wom:lethal_focus
[258月2026 15:12:17.351] [main/INFO] [epicfight/]: Data keys [wom:timer_refresh, wom:timer, wom:wall_glide, wom:angle, wom:wall_running, wom:jump_key_up] for wom:spider_techniques
[258月2026 15:12:17.351] [main/INFO] [epicfight/]: Data keys [wom:cooldown, wom:mermaid_movement, wom:diving, wom:crawling, wom:water_dashing, wom:consumprion_value, wom:jump_key_up] for wom:aqua_maneuvre
[258月2026 15:12:17.351] [main/INFO] [epicfight/]: Data keys [wom:timer, wom:active, wom:verso, wom:wall_glide, wom:buffing, wom:consumprion_value, wom:stage, wom:wall_running] for wom:natural_sprinter
[258月2026 15:12:17.352] [main/INFO] [epicfight/]: Data keys [wom:timer] for wom:lunatic_vivacity
[258月2026 15:12:17.352] [main/INFO] [epicfight/]: Data keys [wom:timer, wom:registered_health, wom:consumprion_value] for wom:voodoo_magic
[258月2026 15:12:17.352] [main/INFO] [epicfight/]: Data keys [wom:target_id, wom:target_distance] for wom:back_and_forth
[258月2026 15:12:17.352] [main/INFO] [epicfight/]: Data keys [wom:cooldown, wom:combo] for wom:shooting_style
[258月2026 15:12:17.352] [main/INFO] [epicfight/]: Data keys [wom:timer, wom:active] for wom:proximity_exploiter
[258月2026 15:12:17.352] [main/INFO] [epicfight/]: Data keys [wom:timer, wom:stack] for wom:all_eyes_on_you
[258月2026 15:12:17.352] [main/INFO] [epicfight/]: Data keys [wom:timer, wom:stack] for wom:all_eyes_on_me
[258月2026 15:12:17.352] [main/INFO] [epicfight/]: Data keys [wom:cooldown, wom:timer] for wom:avatar_of_might
[258月2026 15:12:17.352] [main/INFO] [epicfight/]: Data keys [wom:active, wom:attacks, wom:stack] for wom:agony_plunge
[258月2026 15:12:17.353] [main/INFO] [epicfight/]: Data keys [wom:timer_refresh, wom:timer, wom:active, wom:charging, wom:movespeed, wom:saved_charge, wom:charged_attack, wom:holding_rmb, wom:charged, wom:charging_time] for wom:torment_passive
[258月2026 15:12:17.353] [main/INFO] [epicfight/]: Data keys [wom:timer_refresh, wom:timer, wom:active] for wom:true_berserk
[258月2026 15:12:17.353] [main/INFO] [epicfight/]: Data keys [wom:stack] for wom:herrscher_passive
[258月2026 15:12:17.353] [main/INFO] [epicfight/]: Data keys [wom:timer_refresh, wom:strenght, wom:timer, wom:verso, wom:buffing, wom:buffed, wom:expiation, wom:redemptioon] for wom:plunder_perdition
[258月2026 15:12:17.353] [main/INFO] [epicfight/]: Data keys [wom:sheath] for wom:satsujin_passive
[258月2026 15:12:17.353] [main/INFO] [epicfight/]: Data keys [wom:charge, wom:active, wom:charging, wom:second_draw, wom:damage, wom:timer_refresh, wom:cooldown, wom:frequency, wom:timer, wom:attacks, wom:timedslash, wom:saved_charge, wom:holding_stance, wom:holding_rmb, wom:stack] for wom:sakura_state
[258月2026 15:12:17.353] [main/INFO] [epicfight/]: Data keys [wom:cooldown, wom:shoot, wom:using_item, wom:zoom, wom:reload_cooldown, wom:holding_rmb, wom:combo, wom:zoom_cooldown, wom:nofalldamage] for wom:ender_blast
[258月2026 15:12:17.354] [main/INFO] [epicfight/]: Data keys [wom:cooldown, wom:shoot, wom:using_item, wom:zoom, wom:side, wom:reload_cooldown, wom:holding_rmb, wom:combo, wom:zoom_cooldown, wom:nofalldamage] for wom:ender_fusion
[258月2026 15:12:17.354] [main/INFO] [epicfight/]: Data keys [wom:gesetz_sprengkopf, wom:cooldown, wom:parrying, wom:guard_point, wom:holding_stance, wom:guard_point_result, wom:holding_rmb, wom:combo, wom:charged, wom:charging_time] for wom:regierung
[258月2026 15:12:17.354] [main/INFO] [epicfight/]: Data keys [wom:timer_refresh, wom:lunar_eclipse_stack, wom:timer, wom:echo, wom:crescent] for wom:lunar_eclipse
[258月2026 15:12:17.355] [main/INFO] [epicfight/]: Data keys [wom:verso, wom:idle] for wom:lunar_echo_passive
[258月2026 15:12:17.355] [main/INFO] [epicfight/]: Data keys [wom:darkness_portal_angle, wom:blackhole_vec, wom:shoot, wom:zoom, wom:zoom_cooldown, wom:timer_refresh, wom:ascending, wom:blackhole_timer, wom:darkness_target_vec, wom:darkness_target, wom:blackhole, wom:darkness_activate_portal, wom:darkness_portal_vec, wom:serius_focus, wom:active, wom:witherccatharsis, wom:darkness_target_reaped, wom:shoot_cooldown, wom:darkness_portal_timer, wom:darkness_target_hited, wom:blackhole_active, wom:timer, wom:serius_focus_cooldown, wom:witheraftereffect, wom:holding_rmb] for wom:demonic_ascension
[258月2026 15:12:17.355] [main/INFO] [epicfight/]: Data keys [wom:lapse, wom:blink, wom:idle, wom:particle, wom:basic_attack, wom:catharsis, wom:withercurse] for wom:demon_mark_passive
[258月2026 15:12:17.355] [main/INFO] [epicfight/]: Data keys [wom:charge, wom:charging, wom:stored_heat_level, wom:particle, wom:heat_level, wom:solar_obscuridad_ta_timer, wom:timer_refresh, wom:timer, wom:solar_crematorio, wom:solar_infernio, wom:timed_attack, wom:heating_speed, wom:solar_obscuridad, wom:cycle, wom:holding_rmb] for wom:solar_arcano
[258月2026 15:12:17.355] [main/INFO] [epicfight/]: Data keys [wom:charge, wom:charging, wom:stored_heat_level, wom:particle, wom:heat_level, wom:solar_obscuridad_ta_timer, wom:timer_refresh, wom:timer, wom:solar_crematorio, wom:solar_infernio, wom:timed_attack, wom:heating_speed, wom:solar_obscuridad, wom:cycle] for wom:solar_passive
[258月2026 15:12:17.356] [main/INFO] [epicfight/]: Data keys [wom:serius_focus_cooldown, wom:serius_focus] for wom:rechargement
[258月2026 15:12:17.356] [main/INFO] [epicfight/]: Data keys [wom:charge, wom:shell_anim, wom:active, wom:shell_delay, wom:bullet_overloaded, wom:bullet_loaded_old, wom:super_reload, wom:cycle, wom:charged, wom:bullet_loaded, wom:shell_number] for wom:napoleon_passive
[258月2026 15:12:17.356] [main/INFO] [epicfight/]: Data keys [efn:scythe_blood_power, efn:scythe_sheath] for efn:scythe_skill
[258月2026 15:12:17.356] [main/INFO] [epicfight/]: Data keys [efn:thornwheel_loop, efn:press_innate, efn:thornwheel_loop_available] for efn:thornwheel
[258月2026 15:12:17.356] [main/INFO] [epicfight/]: Data keys [efn:jump_count, efn:murasama_forward_dodge, efn:jump_key_pressed_last_tick] for efn:murasama_dodge
[258月2026 15:12:17.356] [main/INFO] [epicfight/]: Data keys [efn:base_puncture_chance, efn:puncture_increment, efn:current_puncture_chance, efn:max_puncture_chance] for efn:parry_master
[258月2026 15:12:17.357] [main/INFO] [epicfight/]: Data keys [efn:defense_start_tick, efn:buff_end_tick, efn:buff_active] for efn:precise_parry
[258月2026 15:12:17.357] [main/INFO] [epicfight/]: Data keys [efn:cooldown_1, efn:cooldown_2, efn:cooldown] for efn:judgementcutend
[258月2026 15:12:17.357] [main/INFO] [epicfight/]: Data keys [efn:cooldown_1, efn:cooldown_2, efn:cooldown] for efn:stomp
[258月2026 15:12:17.357] [main/INFO] [epicfight/]: Data keys [efn:murasama_opposite_triggered, efn:murasama_zansetsu_start_time, efn:murasama_zandatsu_end_time, efn:murasama_zansetsu_slash_release, efn:murasama_zandatsu_start_time, efn:murasama_zansetsu_sector, efn:murasama_key_left_down, efn:murasama_key_right_down, efn:murasama_zansetsu_end_time, efn:arts_key_pressed, efn:murasama_zansetsu_timer, efn:murasama_zandatsu_available, efn:murasama_left_mouse_pressed, efn:arts_key, efn:murasama_zansetsu_attack_counter, efn:murasama_zansetsu_input_mode, efn:murasama_input_mode_switch_pressed, efn:murasama_zansetsu_active, efn:murasama_pair_flag, efn:murasama_last_triggered_sector] for efn:zansetsu
[258月2026 15:12:17.357] [main/INFO] [epicfight/]: Data keys [efn:cooldown_1, efn:cooldown_2, efn:cooldown] for efn:execution
[258月2026 15:12:17.358] [main/INFO] [epicfight/]: Data keys [efn:efn_starting_parry, epicfight:penalty_restore_counter, efn:efn_last_guard_start_tick, efn:efn_last_successful_defense_tick, efn:efn_last_parry_time, efn:efn_first_shake, epicfight:penalty, efn:efn_last_active, efn:efn_delay_protection_end, efn:efn_parry_motion_counter, efn:efn_shake_penalty_count, efn:efn_shake_detected] for efn:efn_parry
[258月2026 15:12:17.358] [main/INFO] [epicfight/]: Data keys [efn:efn_starting_parry, epicfight:penalty_restore_counter, efn:efn_last_guard_start_tick, efn:efn_last_successful_defense_tick, efn:efn_last_parry_time, efn:efn_first_shake, epicfight:penalty, efn:efn_last_active, efn:efn_delay_protection_end, efn:efn_parry_motion_counter, efn:efn_shake_penalty_count, efn:efn_shake_detected] for efn:murasama_parry
[258月2026 15:12:17.358] [main/INFO] [epicfight/]: Data keys [efn:cooldown_1, efn:cooldown_2, efn:arts_key_pressed, efn:arts_key, efn:cooldown, efn:sekiro_art_index, efn:arts_input_buffer] for efn:mortal_blade
[258月2026 15:12:17.358] [main/INFO] [epicfight/]: Data keys [efn:have_doppelganger, efn:energy_check, efn:doppelganger_tick, efn:pressing_innate, invincible:cooldown, invincible:parry_timer, efn:pressing_key4, efn:down_key, efn:sneak_key, efn:is_pressing, efn:pressing_key1, invincible:left, efn:charge_message, efn:doppelganger_delay, efn:force_release, efn:press_key2, efn:is_charging, efn:charge_power, efn:combo_counter, efn:key3_press_timer, efn:full_charge_message, efn:cooldown_1, efn:arts_key_pressed, efn:angel_key, efn:arts_key, efn:charge_stage, efn:press_key3, efn:press_doppelganger, efn:cooldown_2, efn:press_key1, efn:key1_press_timer, efn:up_key, efn:guard_key, efn:was_long_pressed, efn:pressing_key2, efn:jump_key, efn:press_innate, efn:charge_ticks, efn:press_summon_sword, invincible:down, efn:pressing_key3, invincible:right, efn:doppelganger_style, invincible:up, efn:key4_press_timer, efn:key2_press_timer, efn:cooldown, efn:demon_key, efn:sprint_key, efn:innate_press_timer, efn:press_key4, invincible:dodge_success_timer] for efn:yamato
[258月2026 15:12:17.358] [main/INFO] [epicfight/]: Data keys [efn:doppelganger_tick, efn:doppelganger_style, efn:parry_cooldown, efn:have_doppelganger, efn:doppelganger_delay, efn:stun_cooldown] for efn:yamato_passive
[258月2026 15:12:17.358] [main/INFO] [epicfight/]: Data keys [efn:energy_check, efn:replay_enhanced, efn:pressing_innate, invincible:cooldown, invincible:parry_timer, efn:pressing_key4, efn:down_key, efn:sneak_key, efn:is_pressing, efn:pressing_key1, invincible:left, efn:charge_message, efn:force_release, efn:press_key2, efn:is_charging, efn:charge_power, efn:combo_counter, efn:key3_press_timer, efn:full_charge_message, efn:cooldown_1, efn:arts_key_pressed, efn:angel_key, efn:arts_key, efn:charge_stage, efn:press_key3, efn:cooldown_2, efn:press_key1, efn:key1_press_timer, efn:up_key, efn:guard_key, efn:was_long_pressed, efn:pressing_key2, efn:jump_key, efn:damage_history, efn:press_innate, efn:charge_ticks, efn:press_summon_sword, invincible:down, efn:pressing_key3, invincible:right, efn:is_replay_damage, invincible:up, efn:key4_press_timer, efn:key2_press_timer, efn:cooldown, efn:demon_key, efn:sprint_key, efn:innate_press_timer, efn:press_key4, invincible:dodge_success_timer] for efn:shortsword
[258月2026 15:12:17.358] [main/INFO] [epicfight/]: Data keys [efn:cooldown_2, efn:press_key1, efn:energy_check, efn:key1_press_timer, efn:up_key, efn:guard_key, efn:was_long_pressed, efn:pressing_key2, efn:pressing_innate, invincible:cooldown, invincible:parry_timer, efn:jump_key, efn:pressing_key4, efn:press_innate, efn:charge_ticks, efn:press_summon_sword, invincible:down, efn:pressing_key3, efn:down_key, invincible:right, efn:sneak_key, efn:is_pressing, efn:pressing_key1, invincible:left, efn:charge_message, invincible:up, efn:force_release, efn:press_key2, efn:key4_press_timer, efn:is_charging, efn:key2_press_timer, efn:charge_power, efn:combo_counter, efn:cooldown, efn:key3_press_timer, efn:full_charge_message, efn:demon_key, efn:sprint_key, efn:cooldown_1, efn:arts_key_pressed, efn:angel_key, efn:arts_key, efn:charge_stage, efn:innate_press_timer, efn:press_key3, efn:press_key4, invincible:dodge_success_timer] for efn:ruinsgreatsword
[258月2026 15:12:17.358] [main/INFO] [epicfight/]: Data keys [efn:cooldown_2, efn:press_key1, efn:energy_check, efn:key1_press_timer, efn:up_key, efn:guard_key, efn:was_long_pressed, efn:pressing_key2, efn:pressing_innate, invincible:cooldown, invincible:parry_timer, efn:jump_key, efn:pressing_key4, efn:press_innate, efn:charge_ticks, efn:press_summon_sword, invincible:down, efn:pressing_key3, efn:down_key, invincible:right, efn:sneak_key, efn:is_pressing, efn:pressing_key1, invincible:left, efn:charge_message, invincible:up, efn:force_release, efn:press_key2, efn:key4_press_timer, efn:is_charging, efn:key2_press_timer, efn:charge_power, efn:combo_counter, efn:cooldown, efn:key3_press_timer, efn:full_charge_message, efn:demon_key, efn:sprint_key, efn:cooldown_1, efn:arts_key_pressed, efn:angel_key, efn:arts_key, efn:charge_stage, efn:innate_press_timer, efn:press_key3, efn:press_key4, invincible:dodge_success_timer] for efn:pioneer
[258月2026 15:12:17.359] [main/INFO] [epicfight/]: Data keys [efn:murasama_opposite_triggered, efn:murasama_zansetsu_start_time, efn:murasama_sheath, efn:murasama_zandatsu_end_time, efn:energy_check, efn:murasama_zandatsu_start_time, efn:manual_unsheath, efn:pressing_innate, invincible:cooldown, invincible:parry_timer, efn:pressing_key4, efn:murasama_zansetsu_input_mode, efn:down_key, efn:sneak_key, efn:is_pressing, efn:pressing_key1, invincible:left, efn:charge_message, efn:murasama_forward_dodge, efn:force_release, efn:press_key2, efn:murasama_sheath_timer, efn:sprint_sheath_timer, efn:is_charging, efn:murasama_zansetsu_slash_release, efn:charge_power, efn:combo_counter, efn:key3_press_timer, efn:murasama_key_left_down, efn:full_charge_message, efn:cooldown_1, efn:arts_key_pressed, efn:angel_key, efn:arts_key, efn:murasama_zansetsu_active, efn:charge_stage, efn:press_key3, efn:murasama_air_borne, efn:cooldown_2, efn:press_key1, efn:key1_press_timer, efn:up_key, efn:guard_key, efn:was_long_pressed, efn:murasama_zansetsu_sector, efn:pressing_key2, efn:murasama_zansetsu_end_time, efn:murasama_zansetsu_timer, efn:murasama_zandatsu_available, efn:jump_key, efn:press_innate, efn:charge_ticks, efn:murasama_left_mouse_pressed, efn:press_summon_sword, invincible:down, efn:murasama_zansetsu_attack_counter, efn:pressing_key3, efn:murasama_input_mode_switch_pressed, efn:murasama_pair_flag, invincible:right, efn:murasama_last_triggered_sector, invincible:up, efn:key4_press_timer, efn:key2_press_timer, efn:cooldown, efn:murasama_key_right_down, efn:demon_key, efn:sprint_key, efn:innate_press_timer, efn:press_key4, invincible:dodge_success_timer] for efn:murasama
[258月2026 15:12:17.359] [main/INFO] [epicfight/]: Data keys [efn:murasama_opposite_triggered, efn:murasama_zansetsu_start_time, efn:murasama_sheath, efn:murasama_zandatsu_end_time, efn:was_double_tap_sprint, efn:forward_backward_window_active, efn:jump_key_pressed_last_tick, efn:murasama_zandatsu_start_time, efn:murasama_zansetsu_sector, efn:manual_unsheath, efn:double_tap_timer, efn:forward_backward_remaining_ticks, efn:murasama_zansetsu_end_time, efn:murasama_zansetsu_timer, efn:murasama_zandatsu_available, efn:murasama_left_mouse_pressed, efn:murasama_zansetsu_attack_counter, efn:murasama_zansetsu_input_mode, efn:murasama_input_mode_switch_pressed, efn:murasama_pair_flag, efn:backward_pressed_last_tick, efn:murasama_last_triggered_sector, efn:forward_backward_success, efn:forward_pressed_last_tick, efn:murasama_forward_dodge, efn:murasama_sheath_timer, efn:sprint_sheath_timer, efn:murasama_zansetsu_slash_release, efn:murasama_key_left_down, efn:murasama_key_right_down, efn:up_key_pressed_last_tick, efn:forward_backward_timer, efn:jump_count, efn:is_double_tap_sprint, efn:forward_backward_end_tick, efn:murasama_zansetsu_active] for efn:murasama_passive
[258月2026 15:12:17.359] [main/INFO] [epicfight/]: Data keys [efn:cooldown_2, efn:press_key1, efn:energy_check, efn:key1_press_timer, efn:up_key, efn:guard_key, efn:was_long_pressed, efn:pressing_key2, efn:pressing_innate, invincible:cooldown, invincible:parry_timer, efn:jump_key, efn:pressing_key4, efn:press_innate, efn:charge_ticks, efn:press_summon_sword, invincible:down, efn:pressing_key3, efn:down_key, invincible:right, efn:sneak_key, efn:is_pressing, efn:pressing_key1, invincible:left, efn:charge_message, invincible:up, efn:force_release, efn:press_key2, efn:key4_press_timer, efn:is_charging, efn:key2_press_timer, efn:charge_power, efn:combo_counter, efn:cooldown, efn:key3_press_timer, efn:full_charge_message, efn:demon_key, efn:sprint_key, efn:cooldown_1, efn:arts_key_pressed, efn:angel_key, efn:arts_key, efn:charge_stage, efn:innate_press_timer, efn:press_key3, efn:press_key4, invincible:dodge_success_timer] for efn:meenlance
[258月2026 15:12:17.359] [main/INFO] [epicfight/]: Data keys [efn:cooldown_2, efn:press_key1, efn:energy_check, efn:key1_press_timer, efn:up_key, efn:guard_key, efn:was_long_pressed, efn:pressing_key2, efn:pressing_innate, invincible:cooldown, invincible:parry_timer, efn:jump_key, efn:pressing_key4, efn:press_innate, efn:charge_ticks, efn:press_summon_sword, invincible:down, efn:pressing_key3, efn:down_key, invincible:right, efn:sneak_key, efn:is_pressing, efn:pressing_key1, invincible:left, efn:charge_message, invincible:up, efn:force_release, efn:press_key2, efn:key4_press_timer, efn:is_charging, efn:key2_press_timer, efn:charge_power, efn:combo_counter, efn:cooldown, efn:key3_press_timer, efn:full_charge_message, efn:demon_key, efn:sprint_key, efn:cooldown_1, efn:arts_key_pressed, efn:angel_key, efn:arts_key, efn:charge_stage, efn:innate_press_timer, efn:press_key3, efn:press_key4, invincible:dodge_success_timer] for efn:kusabimaru
[258月2026 15:12:17.359] [main/INFO] [epicfight/]: Data keys [efn:murasama_opposite_triggered, efn:murasama_zansetsu_start_time, efn:murasama_sheath, efn:murasama_zandatsu_end_time, efn:energy_check, efn:murasama_zandatsu_start_time, efn:manual_unsheath, efn:pressing_innate, invincible:cooldown, invincible:parry_timer, efn:pressing_key4, efn:murasama_zansetsu_input_mode, efn:down_key, efn:sneak_key, efn:is_pressing, efn:pressing_key1, invincible:left, efn:charge_message, efn:murasama_forward_dodge, efn:force_release, efn:press_key2, efn:murasama_sheath_timer, efn:sprint_sheath_timer, efn:is_charging, efn:murasama_zansetsu_slash_release, efn:charge_power, efn:combo_counter, efn:key3_press_timer, efn:murasama_key_left_down, efn:full_charge_message, efn:cooldown_1, efn:arts_key_pressed, efn:angel_key, efn:arts_key, efn:murasama_zansetsu_active, efn:charge_stage, efn:press_key3, efn:murasama_air_borne, efn:cooldown_2, efn:press_key1, efn:key1_press_timer, efn:up_key, efn:guard_key, efn:was_long_pressed, efn:murasama_zansetsu_sector, efn:pressing_key2, efn:murasama_zansetsu_end_time, efn:murasama_zansetsu_timer, efn:murasama_zandatsu_available, efn:jump_key, efn:press_innate, efn:charge_ticks, efn:murasama_left_mouse_pressed, efn:press_summon_sword, invincible:down, efn:murasama_zansetsu_attack_counter, efn:pressing_key3, efn:murasama_input_mode_switch_pressed, efn:murasama_pair_flag, invincible:right, efn:murasama_last_triggered_sector, invincible:up, efn:key4_press_timer, efn:key2_press_timer, efn:cooldown, efn:murasama_key_right_down, efn:demon_key, efn:sprint_key, efn:innate_press_timer, efn:press_key4, invincible:dodge_success_timer] for efn:hf_blade
[258月2026 15:12:17.360] [main/INFO] [epicfight/]: Data keys [efn:murasama_opposite_triggered, efn:murasama_zansetsu_start_time, efn:murasama_sheath, efn:murasama_zandatsu_end_time, efn:was_double_tap_sprint, efn:forward_backward_window_active, efn:jump_key_pressed_last_tick, efn:murasama_zandatsu_start_time, efn:murasama_zansetsu_sector, efn:manual_unsheath, efn:double_tap_timer, efn:forward_backward_remaining_ticks, efn:murasama_zansetsu_end_time, efn:murasama_zansetsu_timer, efn:murasama_zandatsu_available, efn:murasama_left_mouse_pressed, efn:murasama_zansetsu_attack_counter, efn:murasama_zansetsu_input_mode, efn:murasama_input_mode_switch_pressed, efn:murasama_pair_flag, efn:backward_pressed_last_tick, efn:murasama_last_triggered_sector, efn:forward_backward_success, efn:forward_pressed_last_tick, efn:murasama_forward_dodge, efn:murasama_sheath_timer, efn:sprint_sheath_timer, efn:murasama_zansetsu_slash_release, efn:murasama_key_left_down, efn:murasama_key_right_down, efn:up_key_pressed_last_tick, efn:forward_backward_timer, efn:jump_count, efn:is_double_tap_sprint, efn:forward_backward_end_tick, efn:murasama_zansetsu_active] for efn:hf_blade_passive
[258月2026 15:12:17.360] [main/INFO] [epicfight/]: Data keys [efn:cooldown_2, efn:press_key1, efn:energy_check, efn:key1_press_timer, efn:up_key, efn:guard_key, efn:was_long_pressed, efn:pressing_key2, efn:pressing_innate, invincible:cooldown, invincible:parry_timer, efn:jump_key, efn:pressing_key4, efn:press_innate, efn:charge_ticks, efn:press_summon_sword, invincible:down, efn:pressing_key3, efn:down_key, invincible:right, efn:sneak_key, efn:is_pressing, efn:pressing_key1, invincible:left, efn:charge_message, invincible:up, efn:force_release, efn:press_key2, efn:key4_press_timer, efn:is_charging, efn:key2_press_timer, efn:charge_power, efn:combo_counter, efn:cooldown, efn:key3_press_timer, efn:full_charge_message, efn:demon_key, efn:sprint_key, efn:cooldown_1, efn:arts_key_pressed, efn:angel_key, efn:arts_key, efn:charge_stage, efn:innate_press_timer, efn:press_key3, efn:press_key4, invincible:dodge_success_timer] for efn:exsiliumgladius
[258月2026 15:12:17.360] [main/INFO] [epicfight/]: Data keys [invincible:cooldown, invincible:left, invincible:parry_timer, invincible:up, invincible:down, invincible:right, invincible:dodge_success_timer] for efn:examplecombo
[258月2026 15:12:17.360] [main/INFO] [epicfight/]: Data keys [efn:cooldown_2, efn:press_key1, efn:energy_check, efn:key1_press_timer, efn:up_key, efn:guard_key, efn:was_long_pressed, efn:pressing_key2, efn:pressing_innate, invincible:cooldown, invincible:parry_timer, efn:jump_key, efn:pressing_key4, efn:press_innate, efn:charge_ticks, efn:press_summon_sword, invincible:down, efn:pressing_key3, efn:down_key, invincible:right, efn:sneak_key, efn:is_pressing, efn:pressing_key1, invincible:left, efn:charge_message, invincible:up, efn:force_release, efn:press_key2, efn:key4_press_timer, efn:is_charging, efn:key2_press_timer, efn:charge_power, efn:combo_counter, efn:cooldown, efn:key3_press_timer, efn:full_charge_message, efn:demon_key, efn:sprint_key, efn:cooldown_1, efn:arts_key_pressed, efn:angel_key, efn:arts_key, efn:charge_stage, efn:innate_press_timer, efn:press_key3, efn:press_key4, invincible:dodge_success_timer] for efn:crescentmoon
[258月2026 15:12:17.360] [main/INFO] [epicfight/]: Data keys [efn:cooldown_2, efn:press_key1, efn:energy_check, efn:key1_press_timer, efn:up_key, efn:guard_key, efn:was_long_pressed, efn:pressing_key2, efn:pressing_innate, invincible:cooldown, invincible:parry_timer, efn:jump_key, efn:pressing_key4, efn:press_innate, efn:charge_ticks, efn:press_summon_sword, invincible:down, efn:pressing_key3, efn:down_key, invincible:right, efn:sneak_key, efn:is_pressing, efn:pressing_key1, invincible:left, efn:charge_message, invincible:up, efn:force_release, efn:press_key2, efn:key4_press_timer, efn:is_charging, efn:key2_press_timer, efn:charge_power, efn:combo_counter, efn:cooldown, efn:key3_press_timer, efn:full_charge_message, efn:demon_key, efn:sprint_key, efn:cooldown_1, efn:arts_key_pressed, efn:angel_key, efn:arts_key, efn:charge_stage, efn:innate_press_timer, efn:press_key3, efn:press_key4, invincible:dodge_success_timer] for efn:broadblade
[258月2026 15:12:17.360] [main/INFO] [epicfight/]: Data keys [efn:cooldown_2, efn:press_key1, efn:energy_check, efn:key1_press_timer, efn:up_key, efn:guard_key, efn:was_long_pressed, efn:pressing_key2, efn:pressing_innate, invincible:cooldown, invincible:parry_timer, efn:jump_key, efn:pressing_key4, efn:press_innate, efn:charge_ticks, efn:press_summon_sword, invincible:down, efn:pressing_key3, efn:down_key, invincible:right, efn:sneak_key, efn:is_pressing, efn:pressing_key1, invincible:left, efn:charge_message, invincible:up, efn:force_release, efn:press_key2, efn:key4_press_timer, efn:is_charging, efn:key2_press_timer, efn:charge_power, efn:combo_counter, efn:cooldown, efn:key3_press_timer, efn:full_charge_message, efn:demon_key, efn:sprint_key, efn:cooldown_1, efn:arts_key_pressed, efn:angel_key, efn:arts_key, efn:charge_stage, efn:innate_press_timer, efn:press_key3, efn:press_key4, invincible:dodge_success_timer] for efn:bloodlust
[258月2026 15:12:17.360] [main/INFO] [epicfight/]: Data keys [efn:cooldown_2, efn:press_key1, efn:energy_check, efn:key1_press_timer, efn:up_key, efn:guard_key, efn:was_long_pressed, efn:pressing_key2, efn:pressing_innate, invincible:cooldown, invincible:parry_timer, efn:jump_key, efn:pressing_key4, efn:press_innate, efn:charge_ticks, efn:press_summon_sword, invincible:down, efn:pressing_key3, efn:down_key, invincible:right, efn:sneak_key, efn:is_pressing, efn:pressing_key1, invincible:left, efn:charge_message, invincible:up, efn:force_release, efn:press_key2, efn:key4_press_timer, efn:is_charging, efn:key2_press_timer, efn:charge_power, efn:combo_counter, efn:cooldown, efn:key3_press_timer, efn:full_charge_message, efn:demon_key, efn:sprint_key, efn:cooldown_1, efn:arts_key_pressed, efn:angel_key, efn:arts_key, efn:charge_stage, efn:innate_press_timer, efn:press_key3, efn:press_key4, invincible:dodge_success_timer] for efn:beastclaw
[258月2026 15:12:17.361] [main/INFO] [epicfight/]: Data keys [efn:cooldown_2, efn:press_key1, efn:energy_check, efn:key1_press_timer, efn:up_key, efn:guard_key, efn:was_long_pressed, efn:pressing_key2, efn:pressing_innate, invincible:cooldown, invincible:parry_timer, efn:jump_key, efn:pressing_key4, efn:press_innate, efn:charge_ticks, efn:press_summon_sword, invincible:down, efn:pressing_key3, efn:down_key, invincible:right, efn:sneak_key, efn:is_pressing, efn:pressing_key1, invincible:left, efn:charge_message, invincible:up, efn:force_release, efn:press_key2, efn:key4_press_timer, efn:is_charging, efn:key2_press_timer, efn:charge_power, efn:combo_counter, efn:cooldown, efn:key3_press_timer, efn:full_charge_message, efn:demon_key, efn:sprint_key, efn:cooldown_1, efn:arts_key_pressed, efn:angel_key, efn:arts_key, efn:charge_stage, efn:innate_press_timer, efn:press_key3, efn:press_key4, invincible:dodge_success_timer] for efn:aetherialdusk
[258月2026 15:12:17.361] [main/INFO] [epicfight/]: Data keys [annoyingvillagers:is_trident_ranged_mode, annoyingvillagers:trident_amount] for annoyingvillagers:trident_festival
[258月2026 15:12:17.444] [main/WARN] [net.minecraft.server.packs.VanillaPackResourcesBuilder/]: Assets URL 'union:/E:/program/JAVA/touhou%20little%20maid%20-%20unknow%20sky%20area/prod_server/libraries/net/minecraft/server/1.20.1-20230612.114412/server-1.20.1-20230612.114412-srg.jar%23131!/assets/.mcassetsroot' uses unexpected schema
[258月2026 15:12:17.445] [main/WARN] [net.minecraft.server.packs.VanillaPackResourcesBuilder/]: Assets URL 'union:/E:/program/JAVA/touhou%20little%20maid%20-%20unknow%20sky%20area/prod_server/libraries/net/minecraft/server/1.20.1-20230612.114412/server-1.20.1-20230612.114412-srg.jar%23131!/data/.mcassetsroot' uses unexpected schema
[258月2026 15:12:18.746] [Worker-Main-6/ERROR] [simplebedrockmodel/]: Not found model file: ywzj_vehicle:models/bedrock/entity/grenade_40mm.json
[258月2026 15:12:18.748] [Worker-Main-6/ERROR] [simplebedrockmodel/]: Not found model file: ywzj_vehicle:models/bedrock/entity/aerial_bomb.json
[258月2026 15:12:18.751] [Worker-Main-6/ERROR] [simplebedrockmodel/]: Not found model file: ywzj_vehicle:models/bedrock/block/machine_max_block.json
[258月2026 15:12:18.751] [Worker-Main-6/ERROR] [simplebedrockmodel/]: Not found model file: ywzj_vehicle:models/bedrock/entity/missile_akd10.json
[258月2026 15:12:18.752] [Worker-Main-6/ERROR] [simplebedrockmodel/]: Not found model file: ywzj_vehicle:models/bedrock/entity/basic_bullet.json
[258月2026 15:12:18.753] [Worker-Main-6/ERROR] [simplebedrockmodel/]: Not found model file: ywzj_vehicle:models/bedrock/entity/rocket_57mm.json
[258月2026 15:12:19.281] [Worker-Main-1/ERROR] [net.minecraftforge.common.ForgeHooks/]: Couldn't parse element loot_tables:touhou_little_maid:grant_book_on_first_join
com.google.gson.JsonSyntaxException: Expected name to be an item, was unknown string 'patchouli:guide_book'
	at net.minecraft.util.GsonHelper.m_13866_(GsonHelper.java:145) ~[server-1.20.1-20230612.114412-srg.jar%23131!/:?]
	at java.util.Optional.orElseThrow(Optional.java:403) ~[?:?]
	at net.minecraft.util.GsonHelper.m_13874_(GsonHelper.java:145) ~[server-1.20.1-20230612.114412-srg.jar%23131!/:?]
	at net.minecraft.util.GsonHelper.m_13909_(GsonHelper.java:153) ~[server-1.20.1-20230612.114412-srg.jar%23131!/:?]
	at net.minecraft.world.level.storage.loot.entries.LootItem$Serializer.m_7267_(LootItem.java:55) ~[server-1.20.1-20230612.114412-srg.jar%23131!/:?]
	at net.minecraft.world.level.storage.loot.entries.LootItem$Serializer.m_7267_(LootItem.java:40) ~[server-1.20.1-20230612.114412-srg.jar%23131!/:?]
	at net.minecraft.world.level.storage.loot.entries.LootPoolSingletonContainer$Serializer.m_5921_(LootPoolSingletonContainer.java:151) ~[server-1.20.1-20230612.114412-srg.jar%23131!/:?]
	at net.minecraft.world.level.storage.loot.entries.LootPoolSingletonContainer$Serializer.m_5921_(LootPoolSingletonContainer.java:129) ~[server-1.20.1-20230612.114412-srg.jar%23131!/:?]
	at net.minecraft.world.level.storage.loot.entries.LootPoolEntryContainer$Serializer.m_7561_(LootPoolEntryContainer.java:86) ~[server-1.20.1-20230612.114412-srg.jar%23131!/:?]
	at net.minecraft.world.level.storage.loot.entries.LootPoolEntryContainer$Serializer.m_7561_(LootPoolEntryContainer.java:74) ~[server-1.20.1-20230612.114412-srg.jar%23131!/:?]
	at net.minecraft.world.level.storage.loot.GsonAdapterFactory$JsonAdapter.deserialize(GsonAdapterFactory.java:102) ~[server-1.20.1-20230612.114412-srg.jar%23131!/:?]
	at com.google.gson.internal.bind.TreeTypeAdapter.read(TreeTypeAdapter.java:76) ~[gson-2.10.jar%2372!/:?]
	at com.google.gson.internal.bind.TypeAdapterRuntimeTypeWrapper.read(TypeAdapterRuntimeTypeWrapper.java:40) ~[gson-2.10.jar%2372!/:?]
	at com.google.gson.internal.bind.ArrayTypeAdapter.read(ArrayTypeAdapter.java:72) ~[gson-2.10.jar%2372!/:?]
	at com.google.gson.Gson.fromJson(Gson.java:1214) ~[gson-2.10.jar%2372!/:?]
	at com.google.gson.Gson.fromJson(Gson.java:1319) ~[gson-2.10.jar%2372!/:?]
	at com.google.gson.Gson.fromJson(Gson.java:1290) ~[gson-2.10.jar%2372!/:?]
	at com.google.gson.internal.bind.TreeTypeAdapter$GsonContextImpl.deserialize(TreeTypeAdapter.java:179) ~[gson-2.10.jar%2372!/:?]
	at net.minecraft.util.GsonHelper.m_13808_(GsonHelper.java:463) ~[server-1.20.1-20230612.114412-srg.jar%23131!/:?]
	at net.minecraft.util.GsonHelper.m_13836_(GsonHelper.java:471) ~[server-1.20.1-20230612.114412-srg.jar%23131!/:?]
	at net.minecraft.world.level.storage.loot.LootPool$Serializer.deserialize(LootPool.java:192) ~[server-1.20.1-20230612.114412-srg.jar%23131!/:?]
	at net.minecraft.world.level.storage.loot.LootPool$Serializer.deserialize(LootPool.java:189) ~[server-1.20.1-20230612.114412-srg.jar%23131!/:?]
	at com.google.gson.internal.bind.TreeTypeAdapter.read(TreeTypeAdapter.java:76) ~[gson-2.10.jar%2372!/:?]
	at com.google.gson.internal.bind.TypeAdapterRuntimeTypeWrapper.read(TypeAdapterRuntimeTypeWrapper.java:40) ~[gson-2.10.jar%2372!/:?]
	at com.google.gson.internal.bind.ArrayTypeAdapter.read(ArrayTypeAdapter.java:72) ~[gson-2.10.jar%2372!/:?]
	at com.google.gson.Gson.fromJson(Gson.java:1214) ~[gson-2.10.jar%2372!/:?]
	at com.google.gson.Gson.fromJson(Gson.java:1319) ~[gson-2.10.jar%2372!/:?]
	at com.google.gson.Gson.fromJson(Gson.java:1290) ~[gson-2.10.jar%2372!/:?]
	at com.google.gson.internal.bind.TreeTypeAdapter$GsonContextImpl.deserialize(TreeTypeAdapter.java:179) ~[gson-2.10.jar%2372!/:?]
	at net.minecraft.util.GsonHelper.m_13808_(GsonHelper.java:463) ~[server-1.20.1-20230612.114412-srg.jar%23131!/:?]
	at net.minecraft.util.GsonHelper.m_13845_(GsonHelper.java:481) ~[server-1.20.1-20230612.114412-srg.jar%23131!/:?]
	at net.minecraft.world.level.storage.loot.LootTable$Serializer.deserialize(LootTable.java:294) ~[server-1.20.1-20230612.114412-srg.jar%23131!/:?]
	at net.minecraft.world.level.storage.loot.LootTable$Serializer.deserialize(LootTable.java:291) ~[server-1.20.1-20230612.114412-srg.jar%23131!/:?]
	at com.google.gson.internal.bind.TreeTypeAdapter.read(TreeTypeAdapter.java:76) ~[gson-2.10.jar%2372!/:?]
	at com.google.gson.Gson.fromJson(Gson.java:1214) ~[gson-2.10.jar%2372!/:?]
	at com.google.gson.Gson.fromJson(Gson.java:1319) ~[gson-2.10.jar%2372!/:?]
	at com.google.gson.Gson.fromJson(Gson.java:1261) ~[gson-2.10.jar%2372!/:?]
	at net.minecraftforge.common.ForgeHooks.loadLootTable(ForgeHooks.java:872) ~[forge-1.20.1-47.4.13-universal.jar%23136!/:?]
	at net.minecraftforge.common.ForgeHooks.lambda$getLootTableDeserializer$3(ForgeHooks.java:849) ~[forge-1.20.1-47.4.13-universal.jar%23136!/:?]
	at net.minecraft.world.level.storage.loot.LootDataType.deserialize(LootDataType.java:45) ~[server-1.20.1-20230612.114412-srg.jar%23131!/:?]
	at net.minecraft.world.level.storage.loot.LootDataManager.lambda$scheduleElementParse$4(LootDataManager.java:56) ~[server-1.20.1-20230612.114412-srg.jar%23131!/:?]
	at java.util.HashMap.forEach(HashMap.java:1421) ~[?:?]
	at net.minecraft.world.level.storage.loot.LootDataManager.m_278660_(LootDataManager.java:55) ~[server-1.20.1-20230612.114412-srg.jar%23131!/:?]
	at java.util.concurrent.CompletableFuture$AsyncRun.run(CompletableFuture.java:1804) ~[?:?]
	at java.util.concurrent.CompletableFuture$AsyncRun.exec(CompletableFuture.java:1796) ~[?:?]
	at java.util.concurrent.ForkJoinTask.doExec(ForkJoinTask.java:373) ~[?:?]
	at java.util.concurrent.ForkJoinPool$WorkQueue.topLevelExec(ForkJoinPool.java:1182) ~[?:?]
	at java.util.concurrent.ForkJoinPool.scan(ForkJoinPool.java:1655) ~[?:?]
	at java.util.concurrent.ForkJoinPool.runWorker(ForkJoinPool.java:1622) ~[?:?]
	at java.util.concurrent.ForkJoinWorkerThread.run(ForkJoinWorkerThread.java:165) ~[?:?]
[258月2026 15:12:19.414] [main/INFO] [net.minecraft.world.item.crafting.RecipeManager/]: Skipping loading recipe touhou_little_maid:memorizable_gensokyo as it's serializer returned null
[258月2026 15:12:19.430] [main/INFO] [net.minecraft.world.item.crafting.RecipeManager/]: Loaded 9 recipes
[258月2026 15:12:19.513] [main/INFO] [net.minecraft.advancements.AdvancementList/]: Loaded 1353 advancements
[258月2026 15:12:30.463] [main/WARN] [epicfight/]: Skill efn:example doesn't exist in the registry.
[258月2026 15:12:30.492] [main/WARN] [epicfight/]: Item Capability Exception: No item named annoyingvillagers:air
[258月2026 15:12:30.509] [main/WARN] [epicfight/]: Can't find a particle type epicfight:entity.hit.blunt in invincible:custom_combo_demo
[258月2026 15:12:30.516] [main/WARN] [epicfight/]: Item Capability Exception: No item named efn:scythe
[258月2026 15:12:30.522] [main/WARN] [epicfight/]: Item Capability Exception: No item named annoyingvillagers:diamond_durandal
[258月2026 15:12:31.080] [Server thread/INFO] [net.minecraft.server.dedicated.DedicatedServer/]: Starting minecraft server version 1.20.1
[258月2026 15:12:31.080] [Server thread/INFO] [net.minecraft.server.dedicated.DedicatedServer/]: Loading properties
[258月2026 15:12:31.080] [Server thread/INFO] [net.minecraft.server.dedicated.DedicatedServer/]: Default game type: SURVIVAL
[258月2026 15:12:31.081] [Server thread/INFO] [net.minecraft.server.MinecraftServer/]: Generating keypair
[258月2026 15:12:31.154] [Server thread/INFO] [net.minecraft.server.dedicated.DedicatedServer/]: Starting Minecraft server on *:25565
[258月2026 15:12:31.177] [Server thread/INFO] [net.minecraft.server.network.ServerConnectionListener/]: Using default channel type
[258月2026 15:12:31.564] [Server thread/INFO] [net.minecraft.server.dedicated.DedicatedServer/]: Preparing level "maid_pilot_world"
[258月2026 15:12:31.819] [Server thread/INFO] [net.minecraft.server.MinecraftServer/]: Preparing start region for dimension minecraft:overworld
[258月2026 15:12:33.320] [Worker-Main-8/INFO] [net.minecraft.server.level.progress.LoggerChunkProgressListener/]: Preparing spawn area: 0%
[258月2026 15:12:33.321] [Worker-Main-1/INFO] [net.minecraft.server.level.progress.LoggerChunkProgressListener/]: Preparing spawn area: 0%
[258月2026 15:12:33.322] [Worker-Main-1/INFO] [net.minecraft.server.level.progress.LoggerChunkProgressListener/]: Preparing spawn area: 0%
[258月2026 15:12:33.323] [Worker-Main-8/INFO] [net.minecraft.server.level.progress.LoggerChunkProgressListener/]: Preparing spawn area: 0%
[258月2026 15:12:33.796] [Server thread/INFO] [eftlm_stylish/]: [DIAG] WOM behaviors registered: 19 items, 2 style-mapped items
[258月2026 15:12:33.823] [Worker-Main-7/INFO] [net.minecraft.server.level.progress.LoggerChunkProgressListener/]: Preparing spawn area: 4%
[258月2026 15:12:33.834] [Server thread/INFO] [eftlm_stylish/]: [DIAG] EFN behaviors registered: 51 items
[258月2026 15:12:33.834] [Server thread/INFO] [eftlm_stylish/]: [DIAG] CombatBehaviorsEvent registered: 8 weapon categories + WOM behaviors (wom=true)
[258月2026 15:12:34.144] [Server thread/INFO] [net.minecraft.server.level.progress.LoggerChunkProgressListener/]: Time elapsed: 2321 ms
[258月2026 15:12:34.144] [Server thread/INFO] [net.minecraft.server.dedicated.DedicatedServer/]: Done (2.636s)! For help, type "help"
[258月2026 15:12:34.144] [Server thread/INFO] [net.minecraft.server.dedicated.DedicatedServer/]: Starting remote control listener
[258月2026 15:12:34.147] [Server thread/INFO] [net.minecraft.server.rcon.thread.GenericThread/]: Thread RCON Listener started
[258月2026 15:12:34.147] [Server thread/INFO] [net.minecraft.server.rcon.thread.RconThread/]: RCON running on 0.0.0.0:25575
[258月2026 15:12:34.176] [Server thread/INFO] [net.minecraftforge.server.permission.PermissionAPI/]: Successfully initialized permission handler forge:default_handler
[258月2026 15:12:34.178] [Server thread/INFO] [eftlm_stylish/]: [SKILL] test mode OFF
[258月2026 15:12:34.180] [Server thread/INFO] [eftlm_stylish/]: [Arena] cleared 0 leftover maids, 0 leftover mobs
[258月2026 15:12:34.186] [Server thread/INFO] [eftlm_stylish/]: [Arena] platform built: 21x21 bedrock at y=-60, world border 21x21 (5ms)
[258月2026 15:12:34.187] [Server thread/INFO] [eftlm_stylish/]: [Arena] enabled: center=(8,-59,8) entities=minecraft:warden,annoyingvillagers:armored_herobrine,annoyingvillagers:glaive_herobrine,annoyingvillagers:herobrine_7,annoyingvillagers:swordsman_herobrine,annoyingvillagers:sledgehammer_herobrine,annoyingvillagers:null count=1 interval=400
[258月2026 15:12:34.263] [Server thread/INFO] [eftlm_stylish/]: [DIAG] Maid join world: name=model.touhou_little_maid.hakurei_reimu.name patch=MaidPatch
[258月2026 15:12:34.362] [Server thread/INFO] [eftlm_stylish/]: [RL] config loaded: enable_all_maids=true epsilon=0.08 arbitration=hybrid model_file=rl_model.bin
[258月2026 15:12:34.371] [Server thread/INFO] [eftlm_stylish/]: [RL] model loaded: sizes=[18, 64, 64, 64] dims=18->64
[258月2026 15:12:34.515] [Server thread/INFO] [eftlm_stylish/]: [RL] action executor registered: generic (fixed=true)
[258月2026 15:12:34.515] [Server thread/INFO] [eftlm_stylish/]: [RL] action executor registered: efn_skill (fixed=false)
[258月2026 15:12:34.516] [Server thread/INFO] [eftlm_stylish/]: [RL] action executor registered: defense (fixed=false)
[258月2026 15:12:34.524] [Server thread/INFO] [eftlm_stylish/]: [SKILLS] catalog loaded: 32 weapons, 313 skills (source=jar:/eftlm_stylish/skills.json)
[258月2026 15:12:35.316] [Server thread/INFO] [eftlm_stylish/]: [DIAG] WOM behaviors registered: 19 items, 2 style-mapped items
[258月2026 15:12:35.316] [Server thread/INFO] [eftlm_stylish/]: [DIAG] EFN behaviors registered: 51 items
[258月2026 15:12:35.316] [Server thread/INFO] [eftlm_stylish/]: [DIAG] CombatBehaviorsEvent registered: 8 weapon categories + WOM behaviors (wom=true)
[258月2026 15:12:35.320] [Server thread/INFO] [eftlm_stylish/]: [DIAG] Maid join world: name=model.touhou_little_maid.hakurei_reimu.name patch=MaidPatch
[258月2026 15:12:35.326] [Server thread/INFO] [eftlm_stylish/]: [Arena] maid spawned at BlockPos{x=8, y=-59, z=8} id=568 main=efn:yamato_dmc4 melee=efn:kusabimaru/efn:meen_spear task=ef_tlm:fight_mode_task patch=OK
[258月2026 15:12:36.524] [Server thread/INFO] [maid_weapon_refill/]: [WeaponRefill] boss annoyingvillagers:null_skeleton killed by arena maid model.touhou_little_maid.hakurei_reimu.name, reset durability on 0 item(s)
[258月2026 15:12:36.525] [Server thread/INFO] [eftlm_stylish/]: [SKILL] KILL detected: entity.annoyingvillagers.null_skeleton by entity.touhou_little_maid.maid source=entity.touhou_little_maid.maid
[258月2026 15:12:37.246] [Server thread/INFO] [eftlm_stylish/]: [DIAG] maid=model.touhou_little_maid.hakurei_reimu.name pos=BlockPos{x=8, y=-59, z=8} patch=MaidPatch isFightMode=true task=ef_tlm:fight_mode_task learnedSkills=[eftlm_stylish:stylish_combat, ]
[258月2026 15:12:39.685] [Server thread/INFO] [eftlm_stylish/]: [DIAG] maid=model.touhou_little_maid.hakurei_reimu.name pos=BlockPos{x=8, y=-59, z=8} patch=MaidPatch isFightMode=true task=ef_tlm:fight_mode_task learnedSkills=[eftlm_stylish:stylish_combat, ]
[258月2026 15:12:40.150] [Server thread/INFO] [eftlm_stylish/]: [RL] heartbeat: tick=100 action=1 buffer=20 stack=3 skills=8
[258月2026 15:12:42.231] [Server thread/INFO] [eftlm_stylish/]: [DIAG] maid=model.touhou_little_maid.hakurei_reimu.name pos=BlockPos{x=8, y=-59, z=8} patch=MaidPatch isFightMode=true task=ef_tlm:fight_mode_task learnedSkills=[eftlm_stylish:stylish_combat, ]
[258月2026 15:12:44.696] [Server thread/INFO] [eftlm_stylish/]: [DIAG] maid=model.touhou_little_maid.hakurei_reimu.name pos=BlockPos{x=8, y=-59, z=8} patch=MaidPatch isFightMode=true task=ef_tlm:fight_mode_task learnedSkills=[eftlm_stylish:stylish_combat, ]
[258月2026 15:12:45.161] [Server thread/INFO] [eftlm_stylish/]: [RL] heartbeat: tick=200 action=9 buffer=40 stack=3 skills=6
[258月2026 15:12:45.163] [Server thread/INFO] [eftlm_stylish/]: [RL] diag target: patch=entity.annoyingvillagers.null_shovel tlm=entity.annoyingvillagers.null_shovel dist=3.6
[258月2026 15:12:47.249] [Server thread/INFO] [eftlm_stylish/]: [DIAG] maid=model.touhou_little_maid.hakurei_reimu.name pos=BlockPos{x=8, y=-59, z=8} patch=MaidPatch isFightMode=true task=ef_tlm:fight_mode_task learnedSkills=[eftlm_stylish:stylish_combat, ]
[258月2026 15:12:49.704] [Server thread/INFO] [eftlm_stylish/]: [DIAG] maid=model.touhou_little_maid.hakurei_reimu.name pos=BlockPos{x=11, y=-58, z=9} patch=MaidPatch isFightMode=true task=ef_tlm:fight_mode_task learnedSkills=[eftlm_stylish:stylish_combat, ]
[258月2026 15:12:50.156] [Server thread/INFO] [eftlm_stylish/]: [RL] heartbeat: tick=300 action=9 buffer=60 stack=3 skills=26
[258月2026 15:12:52.240] [Server thread/INFO] [eftlm_stylish/]: [DIAG] maid=model.touhou_little_maid.hakurei_reimu.name pos=BlockPos{x=10, y=-59, z=10} patch=MaidPatch isFightMode=true task=ef_tlm:fight_mode_task learnedSkills=[eftlm_stylish:stylish_combat, ]
[258月2026 15:12:54.702] [Server thread/INFO] [eftlm_stylish/]: [DIAG] maid=model.touhou_little_maid.hakurei_reimu.name pos=BlockPos{x=10, y=-59, z=9} patch=MaidPatch isFightMode=true task=ef_tlm:fight_mode_task learnedSkills=[eftlm_stylish:stylish_combat, ]
[258月2026 15:12:55.138] [Server thread/INFO] [eftlm_stylish/]: [RL] heartbeat: tick=400 action=3 buffer=80 stack=5 skills=4
[258月2026 15:12:55.139] [Server thread/INFO] [eftlm_stylish/]: [RL] diag target: patch=entity.annoyingvillagers.null tlm=entity.annoyingvillagers.null dist=5.0
[258月2026 15:12:57.246] [Server thread/INFO] [eftlm_stylish/]: [DIAG] maid=model.touhou_little_maid.hakurei_reimu.name pos=BlockPos{x=10, y=-59, z=10} patch=MaidPatch isFightMode=true task=ef_tlm:fight_mode_task learnedSkills=[eftlm_stylish:stylish_combat, ]
[258月2026 15:12:59.707] [Server thread/INFO] [eftlm_stylish/]: [DIAG] maid=model.touhou_little_maid.hakurei_reimu.name pos=BlockPos{x=10, y=-59, z=10} patch=MaidPatch isFightMode=true task=ef_tlm:fight_mode_task learnedSkills=[eftlm_stylish:stylish_combat, ]
[258月2026 15:13:00.158] [Server thread/INFO] [eftlm_stylish/]: [RL] heartbeat: tick=500 action=9 buffer=100 stack=5 skills=24
[258月2026 15:13:02.218] [Server thread/INFO] [eftlm_stylish/]: [DIAG] maid=model.touhou_little_maid.hakurei_reimu.name pos=BlockPos{x=10, y=-58, z=10} patch=MaidPatch isFightMode=true task=ef_tlm:fight_mode_task learnedSkills=[eftlm_stylish:stylish_combat, ]
[258月2026 15:13:04.700] [Server thread/INFO] [eftlm_stylish/]: [DIAG] maid=model.touhou_little_maid.hakurei_reimu.name pos=BlockPos{x=11, y=-59, z=10} patch=MaidPatch isFightMode=true task=ef_tlm:fight_mode_task learnedSkills=[eftlm_stylish:stylish_combat, ]
[258月2026 15:13:05.145] [Server thread/INFO] [eftlm_stylish/]: [RL] heartbeat: tick=600 action=4 buffer=120 stack=0 skills=2
[258月2026 15:13:05.145] [Server thread/INFO] [eftlm_stylish/]: [RL] diag target: patch=entity.annoyingvillagers.null_shovel tlm=entity.annoyingvillagers.null_shovel dist=6.1
[258月2026 15:13:07.234] [Server thread/INFO] [eftlm_stylish/]: [DIAG] maid=model.touhou_little_maid.hakurei_reimu.name pos=BlockPos{x=12, y=-59, z=11} patch=MaidPatch isFightMode=true task=ef_tlm:fight_mode_task learnedSkills=[eftlm_stylish:stylish_combat, ef_tlm:meen_innate, ]
[258月2026 15:13:09.710] [Server thread/INFO] [eftlm_stylish/]: [DIAG] maid=model.touhou_little_maid.hakurei_reimu.name pos=BlockPos{x=12, y=-59, z=11} patch=MaidPatch isFightMode=true task=ef_tlm:fight_mode_task learnedSkills=[eftlm_stylish:stylish_combat, ]
[258月2026 15:13:10.163] [Server thread/INFO] [eftlm_stylish/]: [RL] heartbeat: tick=700 action=9 buffer=140 stack=3 skills=26
[258月2026 15:13:12.245] [Server thread/INFO] [eftlm_stylish/]: [DIAG] maid=model.touhou_little_maid.hakurei_reimu.name pos=BlockPos{x=12, y=-59, z=11} patch=MaidPatch isFightMode=true task=ef_tlm:fight_mode_task learnedSkills=[eftlm_stylish:stylish_combat, ]
[258月2026 15:13:14.686] [Server thread/INFO] [eftlm_stylish/]: [DIAG] maid=model.touhou_little_maid.hakurei_reimu.name pos=BlockPos{x=13, y=-59, z=11} patch=MaidPatch isFightMode=true task=ef_tlm:fight_mode_task learnedSkills=[eftlm_stylish:stylish_combat, ]
[258月2026 15:13:15.152] [Server thread/INFO] [eftlm_stylish/]: [RL] heartbeat: tick=800 action=9 buffer=160 stack=5 skills=22
[258月2026 15:13:15.153] [Server thread/INFO] [eftlm_stylish/]: [RL] diag target: patch=entity.annoyingvillagers.null_shovel tlm=entity.annoyingvillagers.null_shovel dist=1.5
[258月2026 15:13:15.239] [Server thread/INFO] [eftlm_stylish/]: [Arena] target locked: entity.annoyingvillagers.null at 4.2 blocks
[258月2026 15:13:17.249] [Server thread/INFO] [eftlm_stylish/]: [DIAG] maid=model.touhou_little_maid.hakurei_reimu.name pos=BlockPos{x=13, y=-59, z=11} patch=MaidPatch isFightMode=true task=ef_tlm:fight_mode_task learnedSkills=[eftlm_stylish:stylish_combat, ]
[258月2026 15:13:19.243] [Server thread/INFO] [eftlm_stylish/]: [Arena] maid REVIVED by elixir: durability 5/6 (revived 1 times this life)
[258月2026 15:13:19.483] [RCON Listener #1/INFO] [net.minecraft.server.rcon.thread.GenericThread/]: Thread RCON Client /127.0.0.1 started
[258月2026 15:13:19.557] [Server thread/INFO] [net.minecraft.server.MinecraftServer/]: [Rcon: Saved the game]
[258月2026 15:13:19.557] [RCON Client /127.0.0.1 #2/INFO] [net.minecraft.server.rcon.thread.RconClient/]: Thread RCON Client /127.0.0.1 shutting down
[258月2026 15:13:19.558] [RCON Listener #1/INFO] [net.minecraft.server.rcon.thread.GenericThread/]: Thread RCON Client /127.0.0.1 started
[258月2026 15:13:19.578] [Server thread/INFO] [net.minecraft.server.MinecraftServer/]: [Rcon: Stopping the server]
[258月2026 15:13:19.579] [RCON Client /127.0.0.1 #3/INFO] [net.minecraft.server.rcon.thread.RconClient/]: Thread RCON Client /127.0.0.1 shutting down
[258月2026 15:13:19.611] [Server thread/INFO] [net.minecraft.server.MinecraftServer/]: Stopping server
[258月2026 15:13:19.612] [Server thread/INFO] [net.minecraft.server.MinecraftServer/]: Saving players
[258月2026 15:13:19.612] [Server thread/INFO] [net.minecraft.server.MinecraftServer/]: Saving worlds
[258月2026 15:13:20.145] [Server thread/INFO] [net.minecraft.server.MinecraftServer/]: Saving chunks for level 'ServerLevel[maid_pilot_world]'/minecraft:overworld
[258月2026 15:13:20.513] [Server thread/INFO] [net.minecraft.server.MinecraftServer/]: Saving chunks for level 'ServerLevel[maid_pilot_world]'/minecraft:the_nether
[258月2026 15:13:20.515] [Server thread/INFO] [net.minecraft.server.MinecraftServer/]: Saving chunks for level 'ServerLevel[maid_pilot_world]'/minecraft:the_end
[258月2026 15:13:20.549] [Server thread/INFO] [net.minecraft.server.MinecraftServer/]: ThreadedAnvilChunkStorage (maid_pilot_world): All chunks are saved
[258月2026 15:13:20.550] [Server thread/INFO] [net.minecraft.server.MinecraftServer/]: ThreadedAnvilChunkStorage (DIM-1): All chunks are saved
[258月2026 15:13:20.550] [Server thread/INFO] [net.minecraft.server.MinecraftServer/]: ThreadedAnvilChunkStorage (DIM1): All chunks are saved
[258月2026 15:13:20.550] [Server thread/INFO] [net.minecraft.server.MinecraftServer/]: ThreadedAnvilChunkStorage: All dimensions are saved
[258月2026 15:13:20.573] [Server thread/INFO] [net.minecraft.server.rcon.thread.GenericThread/]: Thread RCON Listener stopped
