[2026-08-24 20:49:27] iterate: server=E:\program\JAVA\touhou little maid - unknow sky area\prod_server hours=6.0 zombie=E:\program\JAVA\touhou little maid - unknow sky area\prod_server\config\eftlm_stylish\trajectories_zombie
[2026-08-24 20:49:27] iterate: models=E:\program\JAVA\EFTLM-example\train\models config=E:\program\JAVA\touhou little maid - unknow sky area\prod_server\config\eftlm_stylish
[2026-08-24 20:49:30]   anchor: server not detected yet, retry in 60s
[2026-08-24 20:50:32]   collecting... next iteration at 2026-08-25 02:48:58 (server start 08-24 20:48, round 1)
[2026-08-24 20:51:34]   collecting... next iteration at 2026-08-25 02:48:58 (server start 08-24 20:48, round 1)
[2026-08-24 20:52:37]   collecting... next iteration at 2026-08-25 02:48:58 (server start 08-24 20:48, round 1)
[2026-08-24 20:53:39]   collecting... next iteration at 2026-08-25 02:48:58 (server start 08-24 20:48, round 1)
[2026-08-24 20:54:41]   collecting... next iteration at 2026-08-25 02:48:58 (server start 08-24 20:48, round 1)
[2026-08-24 20:55:43]   collecting... next iteration at 2026-08-25 02:48:58 (server start 08-24 20:48, round 1)
[2026-08-24 20:56:45]   collecting... next iteration at 2026-08-25 02:48:58 (server start 08-24 20:48, round 1)
[2026-08-24 20:57:49]   collecting... next iteration at 2026-08-25 02:48:58 (server start 08-24 20:48, round 1)
[2026-08-24 20:58:52]   collecting... next iteration at 2026-08-25 02:48:58 (server start 08-24 20:48, round 1)
[2026-08-24 20:59:57]   collecting... next iteration at 2026-08-25 02:48:58 (server start 08-24 20:48, round 1)
[2026-08-24 21:00:59]   collecting... next iteration at 2026-08-25 02:48:58 (server start 08-24 20:48, round 1)
[2026-08-24 21:02:02]   collecting... next iteration at 2026-08-25 02:48:58 (server start 08-24 20:48, round 1)
[2026-08-24 21:03:04]   collecting... next iteration at 2026-08-25 02:48:58 (server start 08-24 20:48, round 1)
[2026-08-24 21:04:06]   collecting... next iteration at 2026-08-25 02:48:58 (server start 08-24 20:48, round 1)
[2026-08-24 21:05:08]   collecting... next iteration at 2026-08-25 02:48:58 (server start 08-24 20:48, round 1)
[2026-08-24 21:06:11]   collecting... next iteration at 2026-08-25 02:48:58 (server start 08-24 20:48, round 1)
[2026-08-24 21:07:13]   collecting... next iteration at 2026-08-25 02:48:58 (server start 08-24 20:48, round 1)
[2026-08-24 21:08:15]   collecting... next iteration at 2026-08-25 02:48:58 (server start 08-24 20:48, round 1)
[2026-08-24 21:09:18]   collecting... next iteration at 2026-08-25 02:48:58 (server start 08-24 20:48, round 1)
[2026-08-24 21:10:20]   collecting... next iteration at 2026-08-25 02:48:58 (server start 08-24 20:48, round 1)
[2026-08-24 21:11:22]   collecting... next iteration at 2026-08-25 02:48:58 (server start 08-24 20:48, round 1)
[2026-08-24 21:12:24]   collecting... next iteration at 2026-08-25 02:48:58 (server start 08-24 20:48, round 1)
[2026-08-24 21:13:27]   collecting... next iteration at 2026-08-25 02:48:58 (server start 08-24 20:48, round 1)
[2026-08-24 21:14:29]   collecting... next iteration at 2026-08-25 02:48:58 (server start 08-24 20:48, round 1)
[2026-08-24 21:15:32]   collecting... next iteration at 2026-08-25 02:48:58 (server start 08-24 20:48, round 1)
[2026-08-24 21:16:34]   collecting... next iteration at 2026-08-25 02:48:58 (server start 08-24 20:48, round 1)
[2026-08-24 21:17:36]   collecting... next iteration at 2026-08-25 02:48:58 (server start 08-24 20:48, round 1)
[2026-08-24 21:18:38]   collecting... next iteration at 2026-08-25 02:48:58 (server start 08-24 20:48, round 1)
[2026-08-24 21:19:40]   collecting... next iteration at 2026-08-25 02:48:58 (server start 08-24 20:48, round 1)
[2026-08-24 21:20:42]   collecting... next iteration at 2026-08-25 02:48:58 (server start 08-24 20:48, round 1)
[2026-08-24 21:21:44]   collecting... next iteration at 2026-08-25 02:48:58 (server start 08-24 20:48, round 1)
[2026-08-24 21:22:46]   collecting... next iteration at 2026-08-25 02:48:58 (server start 08-24 20:48, round 1)
[2026-08-24 21:23:49]   collecting... next iteration at 2026-08-25 02:48:58 (server start 08-24 20:48, round 1)
[2026-08-24 21:24:51]   collecting... next iteration at 2026-08-25 02:48:58 (server start 08-24 20:48, round 1)
[2026-08-24 21:25:53]   collecting... next iteration at 2026-08-25 02:48:58 (server start 08-24 20:48, round 1)
[2026-08-24 21:26:56]   collecting... next iteration at 2026-08-25 02:48:58 (server start 08-24 20:48, round 1)
[2026-08-24 21:27:59]   collecting... next iteration at 2026-08-25 02:48:58 (server start 08-24 20:48, round 1)
[2026-08-24 21:29:01]   collecting... next iteration at 2026-08-25 02:48:58 (server start 08-24 20:48, round 1)
[2026-08-24 21:30:05]   collecting... next iteration at 2026-08-25 02:48:58 (server start 08-24 20:48, round 1)
[2026-08-24 21:31:08]   collecting... next iteration at 2026-08-25 02:48:58 (server start 08-24 20:48, round 1)
[2026-08-24 21:32:10]   collecting... next iteration at 2026-08-25 02:48:58 (server start 08-24 20:48, round 1)
[2026-08-24 21:33:13]   collecting... next iteration at 2026-08-25 02:48:58 (server start 08-24 20:48, round 1)
[2026-08-24 21:34:15]   collecting... next iteration at 2026-08-25 02:48:58 (server start 08-24 20:48, round 1)
[2026-08-24 21:35:17]   collecting... next iteration at 2026-08-25 02:48:58 (server start 08-24 20:48, round 1)
[2026-08-24 21:36:19]   collecting... next iteration at 2026-08-25 02:48:58 (server start 08-24 20:48, round 1)
[2026-08-24 21:37:21]   collecting... next iteration at 2026-08-25 02:48:58 (server start 08-24 20:48, round 1)
[2026-08-24 21:38:23]   collecting... next iteration at 2026-08-25 02:48:58 (server start 08-24 20:48, round 1)
[2026-08-24 21:39:25]   collecting... next iteration at 2026-08-25 02:48:58 (server start 08-24 20:48, round 1)
[2026-08-24 21:40:27]   collecting... next iteration at 2026-08-25 02:48:58 (server start 08-24 20:48, round 1)
[2026-08-24 21:41:29]   collecting... next iteration at 2026-08-25 02:48:58 (server start 08-24 20:48, round 1)
[2026-08-24 21:42:31]   collecting... next iteration at 2026-08-25 02:48:58 (server start 08-24 20:48, round 1)
[2026-08-24 21:43:33]   collecting... next iteration at 2026-08-25 02:48:58 (server start 08-24 20:48, round 1)
[2026-08-24 21:44:36]   collecting... next iteration at 2026-08-25 02:48:58 (server start 08-24 20:48, round 1)
[2026-08-24 21:45:38]   collecting... next iteration at 2026-08-25 02:48:58 (server start 08-24 20:48, round 1)
[2026-08-24 21:46:41]   collecting... next iteration at 2026-08-25 02:48:58 (server start 08-24 20:48, round 1)
[2026-08-24 21:47:43]   collecting... next iteration at 2026-08-25 02:48:58 (server start 08-24 20:48, round 1)
[2026-08-24 21:48:45]   collecting... next iteration at 2026-08-25 02:48:58 (server start 08-24 20:48, round 1)
[2026-08-24 21:49:47]   collecting... next iteration at 2026-08-25 02:48:58 (server start 08-24 20:48, round 1)
[2026-08-24 21:50:49]   collecting... next iteration at 2026-08-25 02:48:58 (server start 08-24 20:48, round 1)
[2026-08-24 21:51:51]   collecting... next iteration at 2026-08-25 02:48:58 (server start 08-24 20:48, round 1)
[2026-08-24 21:52:54]   collecting... next iteration at 2026-08-25 02:48:58 (server start 08-24 20:48, round 1)
[2026-08-24 21:53:56]   collecting... next iteration at 2026-08-25 02:48:58 (server start 08-24 20:48, round 1)
[2026-08-24 21:54:58]   collecting... next iteration at 2026-08-25 02:48:58 (server start 08-24 20:48, round 1)
[2026-08-24 21:56:00]   collecting... next iteration at 2026-08-25 02:48:58 (server start 08-24 20:48, round 1)
[2026-08-24 21:57:02]   collecting... next iteration at 2026-08-25 02:48:58 (server start 08-24 20:48, round 1)
[2026-08-24 21:58:04]   collecting... next iteration at 2026-08-25 02:48:58 (server start 08-24 20:48, round 1)
[2026-08-24 21:59:06]   collecting... next iteration at 2026-08-25 02:48:58 (server start 08-24 20:48, round 1)
[2026-08-24 22:00:08]   collecting... next iteration at 2026-08-25 02:48:58 (server start 08-24 20:48, round 1)
[2026-08-24 22:01:11]   collecting... next iteration at 2026-08-25 02:48:58 (server start 08-24 20:48, round 1)
[2026-08-24 22:02:13]   collecting... next iteration at 2026-08-25 02:48:58 (server start 08-24 20:48, round 1)
[2026-08-24 22:03:16]   collecting... next iteration at 2026-08-25 02:48:58 (server start 08-24 20:48, round 1)
[2026-08-24 22:04:19]   collecting... next iteration at 2026-08-25 02:48:58 (server start 08-24 20:48, round 1)
[2026-08-24 22:05:22]   collecting... next iteration at 2026-08-25 02:48:58 (server start 08-24 20:48, round 1)
[2026-08-24 22:06:25]   collecting... next iteration at 2026-08-25 02:48:58 (server start 08-24 20:48, round 1)
[2026-08-24 22:07:27]   collecting... next iteration at 2026-08-25 02:48:58 (server start 08-24 20:48, round 1)
[2026-08-24 22:08:30]   collecting... next iteration at 2026-08-25 02:48:58 (server start 08-24 20:48, round 1)
[2026-08-24 22:09:33]   collecting... next iteration at 2026-08-25 02:48:58 (server start 08-24 20:48, round 1)
[2026-08-24 22:10:35]   collecting... next iteration at 2026-08-25 02:48:58 (server start 08-24 20:48, round 1)
[2026-08-24 22:11:38]   collecting... next iteration at 2026-08-25 02:48:58 (server start 08-24 20:48, round 1)
[2026-08-24 22:12:40]   collecting... next iteration at 2026-08-25 02:48:58 (server start 08-24 20:48, round 1)
[2026-08-24 22:13:43]   collecting... next iteration at 2026-08-25 02:48:58 (server start 08-24 20:48, round 1)
[2026-08-24 22:14:45]   collecting... next iteration at 2026-08-25 02:48:58 (server start 08-24 20:48, round 1)
[2026-08-24 22:15:48]   collecting... next iteration at 2026-08-25 02:48:58 (server start 08-24 20:48, round 1)
[2026-08-24 22:16:50]   collecting... next iteration at 2026-08-25 02:48:58 (server start 08-24 20:48, round 1)
[2026-08-24 22:17:53]   collecting... next iteration at 2026-08-25 02:48:58 (server start 08-24 20:48, round 1)
[2026-08-24 22:18:56]   collecting... next iteration at 2026-08-25 02:48:58 (server start 08-24 20:48, round 1)
[2026-08-24 22:19:58]   collecting... next iteration at 2026-08-25 02:48:58 (server start 08-24 20:48, round 1)
[2026-08-24 22:21:01]   collecting... next iteration at 2026-08-25 02:48:58 (server start 08-24 20:48, round 1)
[2026-08-24 22:22:03]   collecting... next iteration at 2026-08-25 02:48:58 (server start 08-24 20:48, round 1)
[2026-08-24 22:23:06]   collecting... next iteration at 2026-08-25 02:48:58 (server start 08-24 20:48, round 1)
[2026-08-24 22:24:09]   collecting... next iteration at 2026-08-25 02:48:58 (server start 08-24 20:48, round 1)
[2026-08-24 22:25:11]   collecting... next iteration at 2026-08-25 02:48:58 (server start 08-24 20:48, round 1)
[2026-08-24 22:26:13]   collecting... next iteration at 2026-08-25 02:48:58 (server start 08-24 20:48, round 1)
[2026-08-24 22:27:17]   collecting... next iteration at 2026-08-25 02:48:58 (server start 08-24 20:48, round 1)
[2026-08-24 22:28:19]   collecting... next iteration at 2026-08-25 02:48:58 (server start 08-24 20:48, round 1)
[2026-08-24 22:29:22]   collecting... next iteration at 2026-08-25 02:48:58 (server start 08-24 20:48, round 1)
[2026-08-24 22:30:24]   collecting... next iteration at 2026-08-25 02:48:58 (server start 08-24 20:48, round 1)
[2026-08-24 22:31:27]   collecting... next iteration at 2026-08-25 02:48:58 (server start 08-24 20:48, round 1)
[2026-08-24 22:32:29]   collecting... next iteration at 2026-08-25 02:48:58 (server start 08-24 20:48, round 1)
[2026-08-24 22:33:31]   collecting... next iteration at 2026-08-25 02:48:58 (server start 08-24 20:48, round 1)
[2026-08-24 22:34:33]   collecting... next iteration at 2026-08-25 02:48:58 (server start 08-24 20:48, round 1)
[2026-08-24 22:35:36]   collecting... next iteration at 2026-08-25 02:48:58 (server start 08-24 20:48, round 1)
[2026-08-24 22:36:38]   collecting... next iteration at 2026-08-25 02:48:58 (server start 08-24 20:48, round 1)
[2026-08-24 22:37:40]   collecting... next iteration at 2026-08-25 02:48:58 (server start 08-24 20:48, round 1)
[2026-08-24 22:38:43]   collecting... next iteration at 2026-08-25 02:48:58 (server start 08-24 20:48, round 1)
[2026-08-24 22:39:45]   collecting... next iteration at 2026-08-25 02:48:58 (server start 08-24 20:48, round 1)
[2026-08-24 22:40:47]   collecting... next iteration at 2026-08-25 02:48:58 (server start 08-24 20:48, round 1)
[2026-08-24 22:41:49]   collecting... next iteration at 2026-08-25 02:48:58 (server start 08-24 20:48, round 1)
[2026-08-24 22:42:52]   collecting... next iteration at 2026-08-25 02:48:58 (server start 08-24 20:48, round 1)
[2026-08-24 22:43:54]   collecting... next iteration at 2026-08-25 02:48:58 (server start 08-24 20:48, round 1)
[2026-08-24 22:44:56]   collecting... next iteration at 2026-08-25 02:48:58 (server start 08-24 20:48, round 1)
[2026-08-24 22:45:59]   collecting... next iteration at 2026-08-25 02:48:58 (server start 08-24 20:48, round 1)
[2026-08-24 22:47:01]   collecting... next iteration at 2026-08-25 02:48:58 (server start 08-24 20:48, round 1)
[2026-08-24 22:48:03]   collecting... next iteration at 2026-08-25 02:48:58 (server start 08-24 20:48, round 1)
[2026-08-24 22:49:06]   collecting... next iteration at 2026-08-25 02:48:58 (server start 08-24 20:48, round 1)
[2026-08-24 22:50:08]   collecting... next iteration at 2026-08-25 02:48:58 (server start 08-24 20:48, round 1)
[2026-08-24 22:51:11]   collecting... next iteration at 2026-08-25 02:48:58 (server start 08-24 20:48, round 1)
[2026-08-24 22:52:13]   collecting... next iteration at 2026-08-25 02:48:58 (server start 08-24 20:48, round 1)
[2026-08-24 22:53:16]   collecting... next iteration at 2026-08-25 02:48:58 (server start 08-24 20:48, round 1)
[2026-08-24 22:54:18]   collecting... next iteration at 2026-08-25 02:48:58 (server start 08-24 20:48, round 1)
[2026-08-24 22:55:21]   collecting... next iteration at 2026-08-25 02:48:58 (server start 08-24 20:48, round 1)
[2026-08-24 22:56:23]   collecting... next iteration at 2026-08-25 02:48:58 (server start 08-24 20:48, round 1)
[2026-08-24 22:57:26]   collecting... next iteration at 2026-08-25 02:48:58 (server start 08-24 20:48, round 1)
[2026-08-24 22:58:29]   collecting... next iteration at 2026-08-25 02:48:58 (server start 08-24 20:48, round 1)
[2026-08-24 22:59:31]   collecting... next iteration at 2026-08-25 02:48:58 (server start 08-24 20:48, round 1)
[2026-08-24 23:00:34]   collecting... next iteration at 2026-08-25 02:48:58 (server start 08-24 20:48, round 1)
[2026-08-24 23:01:36]   collecting... next iteration at 2026-08-25 02:48:58 (server start 08-24 20:48, round 1)
[2026-08-24 23:02:39]   collecting... next iteration at 2026-08-25 02:48:58 (server start 08-24 20:48, round 1)
[2026-08-24 23:03:41]   collecting... next iteration at 2026-08-25 02:48:58 (server start 08-24 20:48, round 1)
[2026-08-24 23:04:44]   collecting... next iteration at 2026-08-25 02:48:58 (server start 08-24 20:48, round 1)
[2026-08-24 23:05:47]   collecting... next iteration at 2026-08-25 02:48:58 (server start 08-24 20:48, round 1)
[2026-08-24 23:06:49]   collecting... next iteration at 2026-08-25 02:48:58 (server start 08-24 20:48, round 1)
[2026-08-24 23:07:52]   collecting... next iteration at 2026-08-25 02:48:58 (server start 08-24 20:48, round 1)
[2026-08-24 23:08:54]   collecting... next iteration at 2026-08-25 02:48:58 (server start 08-24 20:48, round 1)
[2026-08-24 23:09:57]   collecting... next iteration at 2026-08-25 02:48:58 (server start 08-24 20:48, round 1)
[2026-08-24 23:10:59]   collecting... next iteration at 2026-08-25 02:48:58 (server start 08-24 20:48, round 1)
[2026-08-24 23:12:02]   collecting... next iteration at 2026-08-25 02:48:58 (server start 08-24 20:48, round 1)
[2026-08-24 23:13:05]   collecting... next iteration at 2026-08-25 02:48:58 (server start 08-24 20:48, round 1)
[2026-08-24 23:14:07]   collecting... next iteration at 2026-08-25 02:48:58 (server start 08-24 20:48, round 1)
[2026-08-24 23:15:09]   collecting... next iteration at 2026-08-25 02:48:58 (server start 08-24 20:48, round 1)
[2026-08-24 23:16:12]   collecting... next iteration at 2026-08-25 02:48:58 (server start 08-24 20:48, round 1)
[2026-08-24 23:17:14]   collecting... next iteration at 2026-08-25 02:48:58 (server start 08-24 20:48, round 1)
[2026-08-24 23:18:17]   collecting... next iteration at 2026-08-25 02:48:58 (server start 08-24 20:48, round 1)
[2026-08-24 23:19:20]   collecting... next iteration at 2026-08-25 02:48:58 (server start 08-24 20:48, round 1)
[2026-08-24 23:20:22]   collecting... next iteration at 2026-08-25 02:48:58 (server start 08-24 20:48, round 1)
[2026-08-24 23:21:25]   collecting... next iteration at 2026-08-25 02:48:58 (server start 08-24 20:48, round 1)
[2026-08-24 23:22:27]   collecting... next iteration at 2026-08-25 02:48:58 (server start 08-24 20:48, round 1)
[2026-08-24 23:23:29]   collecting... next iteration at 2026-08-25 02:48:58 (server start 08-24 20:48, round 1)
[2026-08-24 23:24:32]   collecting... next iteration at 2026-08-25 02:48:58 (server start 08-24 20:48, round 1)
[2026-08-24 23:25:34]   collecting... next iteration at 2026-08-25 02:48:58 (server start 08-24 20:48, round 1)
[2026-08-24 23:26:37]   collecting... next iteration at 2026-08-25 02:48:58 (server start 08-24 20:48, round 1)
[2026-08-24 23:27:40]   collecting... next iteration at 2026-08-25 02:48:58 (server start 08-24 20:48, round 1)
[2026-08-24 23:28:42]   collecting... next iteration at 2026-08-25 02:48:58 (server start 08-24 20:48, round 1)
[2026-08-24 23:29:44]   collecting... next iteration at 2026-08-25 02:48:58 (server start 08-24 20:48, round 1)
[2026-08-24 23:30:47]   collecting... next iteration at 2026-08-25 02:48:58 (server start 08-24 20:48, round 1)
[2026-08-24 23:31:49]   collecting... next iteration at 2026-08-25 02:48:58 (server start 08-24 20:48, round 1)
[2026-08-24 23:32:52]   collecting... next iteration at 2026-08-25 02:48:58 (server start 08-24 20:48, round 1)
[2026-08-24 23:33:55]   collecting... next iteration at 2026-08-25 02:48:58 (server start 08-24 20:48, round 1)
[2026-08-24 23:34:57]   collecting... next iteration at 2026-08-25 02:48:58 (server start 08-24 20:48, round 1)
[2026-08-24 23:35:59]   collecting... next iteration at 2026-08-25 02:48:58 (server start 08-24 20:48, round 1)
[2026-08-24 23:37:02]   collecting... next iteration at 2026-08-25 02:48:58 (server start 08-24 20:48, round 1)
[2026-08-24 23:38:04]   collecting... next iteration at 2026-08-25 02:48:58 (server start 08-24 20:48, round 1)
[2026-08-24 23:39:07]   collecting... next iteration at 2026-08-25 02:48:58 (server start 08-24 20:48, round 1)
[2026-08-24 23:40:09]   collecting... next iteration at 2026-08-25 02:48:58 (server start 08-24 20:48, round 1)
[2026-08-24 23:41:12]   collecting... next iteration at 2026-08-25 02:48:58 (server start 08-24 20:48, round 1)
[2026-08-24 23:42:14]   collecting... next iteration at 2026-08-25 02:48:58 (server start 08-24 20:48, round 1)
[2026-08-24 23:43:17]   collecting... next iteration at 2026-08-25 02:48:58 (server start 08-24 20:48, round 1)
[2026-08-24 23:44:19]   collecting... next iteration at 2026-08-25 02:48:58 (server start 08-24 20:48, round 1)
[2026-08-24 23:45:22]   collecting... next iteration at 2026-08-25 02:48:58 (server start 08-24 20:48, round 1)
[2026-08-24 23:46:24]   collecting... next iteration at 2026-08-25 02:48:58 (server start 08-24 20:48, round 1)
[2026-08-24 23:47:27]   collecting... next iteration at 2026-08-25 02:48:58 (server start 08-24 20:48, round 1)
[2026-08-24 23:48:29]   collecting... next iteration at 2026-08-25 02:48:58 (server start 08-24 20:48, round 1)
[2026-08-24 23:49:32]   collecting... next iteration at 2026-08-25 02:48:58 (server start 08-24 20:48, round 1)
[2026-08-24 23:50:34]   collecting... next iteration at 2026-08-25 02:48:58 (server start 08-24 20:48, round 1)
[2026-08-24 23:51:37]   collecting... next iteration at 2026-08-25 02:48:58 (server start 08-24 20:48, round 1)
[2026-08-24 23:52:39]   collecting... next iteration at 2026-08-25 02:48:58 (server start 08-24 20:48, round 1)
[2026-08-24 23:53:42]   collecting... next iteration at 2026-08-25 02:48:58 (server start 08-24 20:48, round 1)
[2026-08-24 23:54:44]   collecting... next iteration at 2026-08-25 02:48:58 (server start 08-24 20:48, round 1)
[2026-08-24 23:55:47]   collecting... next iteration at 2026-08-25 02:48:58 (server start 08-24 20:48, round 1)
[2026-08-24 23:56:49]   collecting... next iteration at 2026-08-25 02:48:58 (server start 08-24 20:48, round 1)
[2026-08-24 23:57:52]   collecting... next iteration at 2026-08-25 02:48:58 (server start 08-24 20:48, round 1)
[2026-08-24 23:58:54]   collecting... next iteration at 2026-08-25 02:48:58 (server start 08-24 20:48, round 1)
[2026-08-24 23:59:56]   collecting... next iteration at 2026-08-25 02:48:58 (server start 08-24 20:48, round 1)
[2026-08-25 00:00:59]   collecting... next iteration at 2026-08-25 02:48:58 (server start 08-24 20:48, round 1)
[2026-08-25 00:02:01]   collecting... next iteration at 2026-08-25 02:48:58 (server start 08-24 20:48, round 1)
[2026-08-25 00:03:04]   collecting... next iteration at 2026-08-25 02:48:58 (server start 08-24 20:48, round 1)
[2026-08-25 00:04:07]   collecting... next iteration at 2026-08-25 02:48:58 (server start 08-24 20:48, round 1)
[2026-08-25 00:05:09]   collecting... next iteration at 2026-08-25 02:48:58 (server start 08-24 20:48, round 1)
[2026-08-25 00:06:12]   collecting... next iteration at 2026-08-25 02:48:58 (server start 08-24 20:48, round 1)
[2026-08-25 00:07:15]   collecting... next iteration at 2026-08-25 02:48:58 (server start 08-24 20:48, round 1)
[2026-08-25 00:08:17]   collecting... next iteration at 2026-08-25 02:48:58 (server start 08-24 20:48, round 1)
[2026-08-25 00:09:19]   collecting... next iteration at 2026-08-25 02:48:58 (server start 08-24 20:48, round 1)
[2026-08-25 00:10:22]   collecting... next iteration at 2026-08-25 02:48:58 (server start 08-24 20:48, round 1)
[2026-08-25 00:11:24]   collecting... next iteration at 2026-08-25 02:48:58 (server start 08-24 20:48, round 1)
[2026-08-25 00:12:27]   collecting... next iteration at 2026-08-25 02:48:58 (server start 08-24 20:48, round 1)
[2026-08-25 00:13:29]   collecting... next iteration at 2026-08-25 02:48:58 (server start 08-24 20:48, round 1)
[2026-08-25 00:14:32]   collecting... next iteration at 2026-08-25 02:48:58 (server start 08-24 20:48, round 1)
[2026-08-25 00:15:34]   collecting... next iteration at 2026-08-25 02:48:58 (server start 08-24 20:48, round 1)
[2026-08-25 00:16:37]   collecting... next iteration at 2026-08-25 02:48:58 (server start 08-24 20:48, round 1)
[2026-08-25 00:17:40]   collecting... next iteration at 2026-08-25 02:48:58 (server start 08-24 20:48, round 1)
[2026-08-25 00:18:42]   collecting... next iteration at 2026-08-25 02:48:58 (server start 08-24 20:48, round 1)
[2026-08-25 00:19:45]   collecting... next iteration at 2026-08-25 02:48:58 (server start 08-24 20:48, round 1)
[2026-08-25 00:20:47]   collecting... next iteration at 2026-08-25 02:48:58 (server start 08-24 20:48, round 1)
[2026-08-25 00:21:49]   collecting... next iteration at 2026-08-25 02:48:58 (server start 08-24 20:48, round 1)
[2026-08-25 00:22:51]   collecting... next iteration at 2026-08-25 02:48:58 (server start 08-24 20:48, round 1)
[2026-08-25 00:23:54]   collecting... next iteration at 2026-08-25 02:48:58 (server start 08-24 20:48, round 1)
[2026-08-25 00:24:56]   collecting... next iteration at 2026-08-25 02:48:58 (server start 08-24 20:48, round 1)
[2026-08-25 00:25:58]   collecting... next iteration at 2026-08-25 02:48:58 (server start 08-24 20:48, round 1)
[2026-08-25 00:27:00]   collecting... next iteration at 2026-08-25 02:48:58 (server start 08-24 20:48, round 1)
[2026-08-25 00:28:02]   collecting... next iteration at 2026-08-25 02:48:58 (server start 08-24 20:48, round 1)
[2026-08-25 00:29:04]   collecting... next iteration at 2026-08-25 02:48:58 (server start 08-24 20:48, round 1)
[2026-08-25 00:30:06]   collecting... next iteration at 2026-08-25 02:48:58 (server start 08-24 20:48, round 1)
[2026-08-25 00:31:08]   collecting... next iteration at 2026-08-25 02:48:58 (server start 08-24 20:48, round 1)
[2026-08-25 00:32:10]   collecting... next iteration at 2026-08-25 02:48:58 (server start 08-24 20:48, round 1)
[2026-08-25 00:33:12]   collecting... next iteration at 2026-08-25 02:48:58 (server start 08-24 20:48, round 1)
[2026-08-25 00:34:14]   collecting... next iteration at 2026-08-25 02:48:58 (server start 08-24 20:48, round 1)
[2026-08-25 00:35:16]   collecting... next iteration at 2026-08-25 02:48:58 (server start 08-24 20:48, round 1)
[2026-08-25 00:36:18]   collecting... next iteration at 2026-08-25 02:48:58 (server start 08-24 20:48, round 1)
[2026-08-25 00:37:20]   collecting... next iteration at 2026-08-25 02:48:58 (server start 08-24 20:48, round 1)
[2026-08-25 00:38:22]   collecting... next iteration at 2026-08-25 02:48:58 (server start 08-24 20:48, round 1)
[2026-08-25 00:39:25]   collecting... next iteration at 2026-08-25 02:48:58 (server start 08-24 20:48, round 1)
[2026-08-25 00:40:27]   collecting... next iteration at 2026-08-25 02:48:58 (server start 08-24 20:48, round 1)
[2026-08-25 00:41:29]   collecting... next iteration at 2026-08-25 02:48:58 (server start 08-24 20:48, round 1)
[2026-08-25 00:42:31]   collecting... next iteration at 2026-08-25 02:48:58 (server start 08-24 20:48, round 1)
[2026-08-25 00:43:33]   collecting... next iteration at 2026-08-25 02:48:58 (server start 08-24 20:48, round 1)
[2026-08-25 00:44:35]   collecting... next iteration at 2026-08-25 02:48:58 (server start 08-24 20:48, round 1)
[2026-08-25 00:45:37]   collecting... next iteration at 2026-08-25 02:48:58 (server start 08-24 20:48, round 1)
[2026-08-25 00:46:39]   collecting... next iteration at 2026-08-25 02:48:58 (server start 08-24 20:48, round 1)
[2026-08-25 00:47:41]   collecting... next iteration at 2026-08-25 02:48:58 (server start 08-24 20:48, round 1)
[2026-08-25 00:48:43]   collecting... next iteration at 2026-08-25 02:48:58 (server start 08-24 20:48, round 1)
[2026-08-25 00:49:45]   collecting... next iteration at 2026-08-25 02:48:58 (server start 08-24 20:48, round 1)
[2026-08-25 00:50:47]   collecting... next iteration at 2026-08-25 02:48:58 (server start 08-24 20:48, round 1)
[2026-08-25 00:51:49]   collecting... next iteration at 2026-08-25 02:48:58 (server start 08-24 20:48, round 1)
[2026-08-25 00:52:51]   collecting... next iteration at 2026-08-25 02:48:58 (server start 08-24 20:48, round 1)
[2026-08-25 00:53:53]   collecting... next iteration at 2026-08-25 02:48:58 (server start 08-24 20:48, round 1)
[2026-08-25 00:54:55]   collecting... next iteration at 2026-08-25 02:48:58 (server start 08-24 20:48, round 1)
[2026-08-25 00:55:57]   collecting... next iteration at 2026-08-25 02:48:58 (server start 08-24 20:48, round 1)
[2026-08-25 00:57:00]   collecting... next iteration at 2026-08-25 02:48:58 (server start 08-24 20:48, round 1)
[2026-08-25 00:58:02]   collecting... next iteration at 2026-08-25 02:48:58 (server start 08-24 20:48, round 1)
[2026-08-25 00:59:04]   collecting... next iteration at 2026-08-25 02:48:58 (server start 08-24 20:48, round 1)
[2026-08-25 01:00:06]   collecting... next iteration at 2026-08-25 02:48:58 (server start 08-24 20:48, round 1)
[2026-08-25 01:01:08]   collecting... next iteration at 2026-08-25 02:48:58 (server start 08-24 20:48, round 1)
[2026-08-25 01:02:10]   collecting... next iteration at 2026-08-25 02:48:58 (server start 08-24 20:48, round 1)
[2026-08-25 01:03:12]   collecting... next iteration at 2026-08-25 02:48:58 (server start 08-24 20:48, round 1)
[2026-08-25 01:04:14]   collecting... next iteration at 2026-08-25 02:48:58 (server start 08-24 20:48, round 1)
[2026-08-25 01:05:16]   collecting... next iteration at 2026-08-25 02:48:58 (server start 08-24 20:48, round 1)
[2026-08-25 01:06:18]   collecting... next iteration at 2026-08-25 02:48:58 (server start 08-24 20:48, round 1)
[2026-08-25 01:07:20]   collecting... next iteration at 2026-08-25 02:48:58 (server start 08-24 20:48, round 1)
[2026-08-25 01:08:22]   collecting... next iteration at 2026-08-25 02:48:58 (server start 08-24 20:48, round 1)
[2026-08-25 01:09:25]   collecting... next iteration at 2026-08-25 02:48:58 (server start 08-24 20:48, round 1)
[2026-08-25 01:10:27]   collecting... next iteration at 2026-08-25 02:48:58 (server start 08-24 20:48, round 1)
[2026-08-25 01:11:29]   collecting... next iteration at 2026-08-25 02:48:58 (server start 08-24 20:48, round 1)
[2026-08-25 01:12:31]   collecting... next iteration at 2026-08-25 02:48:58 (server start 08-24 20:48, round 1)
[2026-08-25 01:13:33]   collecting... next iteration at 2026-08-25 02:48:58 (server start 08-24 20:48, round 1)
[2026-08-25 01:14:35]   collecting... next iteration at 2026-08-25 02:48:58 (server start 08-24 20:48, round 1)
[2026-08-25 01:15:37]   collecting... next iteration at 2026-08-25 02:48:58 (server start 08-24 20:48, round 1)
[2026-08-25 01:16:39]   collecting... next iteration at 2026-08-25 02:48:58 (server start 08-24 20:48, round 1)
[2026-08-25 01:17:41]   collecting... next iteration at 2026-08-25 02:48:58 (server start 08-24 20:48, round 1)
[2026-08-25 01:18:43]   collecting... next iteration at 2026-08-25 02:48:58 (server start 08-24 20:48, round 1)
[2026-08-25 01:19:45]   collecting... next iteration at 2026-08-25 02:48:58 (server start 08-24 20:48, round 1)
[2026-08-25 01:20:47]   collecting... next iteration at 2026-08-25 02:48:58 (server start 08-24 20:48, round 1)
[2026-08-25 01:21:49]   collecting... next iteration at 2026-08-25 02:48:58 (server start 08-24 20:48, round 1)
[2026-08-25 01:22:51]   collecting... next iteration at 2026-08-25 02:48:58 (server start 08-24 20:48, round 1)
[2026-08-25 01:23:53]   collecting... next iteration at 2026-08-25 02:48:58 (server start 08-24 20:48, round 1)
[2026-08-25 01:24:55]   collecting... next iteration at 2026-08-25 02:48:58 (server start 08-24 20:48, round 1)
[2026-08-25 01:25:57]   collecting... next iteration at 2026-08-25 02:48:58 (server start 08-24 20:48, round 1)
[2026-08-25 01:27:00]   collecting... next iteration at 2026-08-25 02:48:58 (server start 08-24 20:48, round 1)
[2026-08-25 01:28:02]   collecting... next iteration at 2026-08-25 02:48:58 (server start 08-24 20:48, round 1)
[2026-08-25 01:29:04]   collecting... next iteration at 2026-08-25 02:48:58 (server start 08-24 20:48, round 1)
[2026-08-25 01:30:06]   collecting... next iteration at 2026-08-25 02:48:58 (server start 08-24 20:48, round 1)
[2026-08-25 01:31:08]   collecting... next iteration at 2026-08-25 02:48:58 (server start 08-24 20:48, round 1)
[2026-08-25 01:32:10]   collecting... next iteration at 2026-08-25 02:48:58 (server start 08-24 20:48, round 1)
[2026-08-25 01:33:12]   collecting... next iteration at 2026-08-25 02:48:58 (server start 08-24 20:48, round 1)
[2026-08-25 01:34:14]   collecting... next iteration at 2026-08-25 02:48:58 (server start 08-24 20:48, round 1)
[2026-08-25 01:35:16]   collecting... next iteration at 2026-08-25 02:48:58 (server start 08-24 20:48, round 1)
[2026-08-25 01:36:18]   collecting... next iteration at 2026-08-25 02:48:58 (server start 08-24 20:48, round 1)
[2026-08-25 01:37:20]   collecting... next iteration at 2026-08-25 02:48:58 (server start 08-24 20:48, round 1)
[2026-08-25 01:38:22]   collecting... next iteration at 2026-08-25 02:48:58 (server start 08-24 20:48, round 1)
[2026-08-25 01:39:24]   collecting... next iteration at 2026-08-25 02:48:58 (server start 08-24 20:48, round 1)
[2026-08-25 01:40:26]   collecting... next iteration at 2026-08-25 02:48:58 (server start 08-24 20:48, round 1)
[2026-08-25 01:41:28]   collecting... next iteration at 2026-08-25 02:48:58 (server start 08-24 20:48, round 1)
[2026-08-25 01:42:30]   collecting... next iteration at 2026-08-25 02:48:58 (server start 08-24 20:48, round 1)
[2026-08-25 01:43:32]   collecting... next iteration at 2026-08-25 02:48:58 (server start 08-24 20:48, round 1)
[2026-08-25 01:44:34]   collecting... next iteration at 2026-08-25 02:48:58 (server start 08-24 20:48, round 1)
[2026-08-25 01:45:37]   collecting... next iteration at 2026-08-25 02:48:58 (server start 08-24 20:48, round 1)
[2026-08-25 01:46:39]   collecting... next iteration at 2026-08-25 02:48:58 (server start 08-24 20:48, round 1)
[2026-08-25 01:47:41]   collecting... next iteration at 2026-08-25 02:48:58 (server start 08-24 20:48, round 1)
[2026-08-25 01:48:44]   collecting... next iteration at 2026-08-25 02:48:58 (server start 08-24 20:48, round 1)
[2026-08-25 01:49:46]   collecting... next iteration at 2026-08-25 02:48:58 (server start 08-24 20:48, round 1)
[2026-08-25 01:50:48]   collecting... next iteration at 2026-08-25 02:48:58 (server start 08-24 20:48, round 1)
[2026-08-25 01:51:50]   collecting... next iteration at 2026-08-25 02:48:58 (server start 08-24 20:48, round 1)
[2026-08-25 01:52:52]   collecting... next iteration at 2026-08-25 02:48:58 (server start 08-24 20:48, round 1)
[2026-08-25 01:53:54]   collecting... next iteration at 2026-08-25 02:48:58 (server start 08-24 20:48, round 1)
[2026-08-25 01:54:56]   collecting... next iteration at 2026-08-25 02:48:58 (server start 08-24 20:48, round 1)
[2026-08-25 01:55:58]   collecting... next iteration at 2026-08-25 02:48:58 (server start 08-24 20:48, round 1)
[2026-08-25 01:57:00]   collecting... next iteration at 2026-08-25 02:48:58 (server start 08-24 20:48, round 1)
[2026-08-25 01:58:02]   collecting... next iteration at 2026-08-25 02:48:58 (server start 08-24 20:48, round 1)
[2026-08-25 01:59:04]   collecting... next iteration at 2026-08-25 02:48:58 (server start 08-24 20:48, round 1)
[2026-08-25 02:00:06]   collecting... next iteration at 2026-08-25 02:48:58 (server start 08-24 20:48, round 1)
[2026-08-25 02:01:08]   collecting... next iteration at 2026-08-25 02:48:58 (server start 08-24 20:48, round 1)
[2026-08-25 02:02:10]   collecting... next iteration at 2026-08-25 02:48:58 (server start 08-24 20:48, round 1)
[2026-08-25 02:03:12]   collecting... next iteration at 2026-08-25 02:48:58 (server start 08-24 20:48, round 1)
[2026-08-25 02:04:14]   collecting... next iteration at 2026-08-25 02:48:58 (server start 08-24 20:48, round 1)
[2026-08-25 02:05:16]   collecting... next iteration at 2026-08-25 02:48:58 (server start 08-24 20:48, round 1)
[2026-08-25 02:06:18]   collecting... next iteration at 2026-08-25 02:48:58 (server start 08-24 20:48, round 1)
[2026-08-25 02:07:20]   collecting... next iteration at 2026-08-25 02:48:58 (server start 08-24 20:48, round 1)
[2026-08-25 02:08:23]   collecting... next iteration at 2026-08-25 02:48:58 (server start 08-24 20:48, round 1)
[2026-08-25 02:09:25]   collecting... next iteration at 2026-08-25 02:48:58 (server start 08-24 20:48, round 1)
[2026-08-25 02:10:27]   collecting... next iteration at 2026-08-25 02:48:58 (server start 08-24 20:48, round 1)
[2026-08-25 02:11:29]   collecting... next iteration at 2026-08-25 02:48:58 (server start 08-24 20:48, round 1)
[2026-08-25 02:12:31]   collecting... next iteration at 2026-08-25 02:48:58 (server start 08-24 20:48, round 1)
[2026-08-25 02:13:33]   collecting... next iteration at 2026-08-25 02:48:58 (server start 08-24 20:48, round 1)
[2026-08-25 02:14:35]   collecting... next iteration at 2026-08-25 02:48:58 (server start 08-24 20:48, round 1)
[2026-08-25 02:15:37]   collecting... next iteration at 2026-08-25 02:48:58 (server start 08-24 20:48, round 1)
[2026-08-25 02:16:39]   collecting... next iteration at 2026-08-25 02:48:58 (server start 08-24 20:48, round 1)
[2026-08-25 02:17:42]   collecting... next iteration at 2026-08-25 02:48:58 (server start 08-24 20:48, round 1)
[2026-08-25 02:18:44]   collecting... next iteration at 2026-08-25 02:48:58 (server start 08-24 20:48, round 1)
[2026-08-25 02:19:46]   collecting... next iteration at 2026-08-25 02:48:58 (server start 08-24 20:48, round 1)
[2026-08-25 02:20:48]   collecting... next iteration at 2026-08-25 02:48:58 (server start 08-24 20:48, round 1)
[2026-08-25 02:21:50]   collecting... next iteration at 2026-08-25 02:48:58 (server start 08-24 20:48, round 1)
[2026-08-25 02:22:52]   collecting... next iteration at 2026-08-25 02:48:58 (server start 08-24 20:48, round 1)
[2026-08-25 02:23:55]   collecting... next iteration at 2026-08-25 02:48:58 (server start 08-24 20:48, round 1)
[2026-08-25 02:24:57]   collecting... next iteration at 2026-08-25 02:48:58 (server start 08-24 20:48, round 1)
[2026-08-25 02:25:59]   collecting... next iteration at 2026-08-25 02:48:58 (server start 08-24 20:48, round 1)
[2026-08-25 02:27:01]   collecting... next iteration at 2026-08-25 02:48:58 (server start 08-24 20:48, round 1)
[2026-08-25 02:28:03]   collecting... next iteration at 2026-08-25 02:48:58 (server start 08-24 20:48, round 1)
[2026-08-25 02:29:06]   collecting... next iteration at 2026-08-25 02:48:58 (server start 08-24 20:48, round 1)
[2026-08-25 02:30:08]   collecting... next iteration at 2026-08-25 02:48:58 (server start 08-24 20:48, round 1)
[2026-08-25 02:31:10]   collecting... next iteration at 2026-08-25 02:48:58 (server start 08-24 20:48, round 1)
[2026-08-25 02:32:12]   collecting... next iteration at 2026-08-25 02:48:58 (server start 08-24 20:48, round 1)
[2026-08-25 02:33:14]   collecting... next iteration at 2026-08-25 02:48:58 (server start 08-24 20:48, round 1)
[2026-08-25 02:34:16]   collecting... next iteration at 2026-08-25 02:48:58 (server start 08-24 20:48, round 1)
[2026-08-25 02:35:18]   collecting... next iteration at 2026-08-25 02:48:58 (server start 08-24 20:48, round 1)
[2026-08-25 02:36:20]   collecting... next iteration at 2026-08-25 02:48:58 (server start 08-24 20:48, round 1)
[2026-08-25 02:37:22]   collecting... next iteration at 2026-08-25 02:48:58 (server start 08-24 20:48, round 1)
[2026-08-25 02:38:24]   collecting... next iteration at 2026-08-25 02:48:58 (server start 08-24 20:48, round 1)
[2026-08-25 02:39:26]   collecting... next iteration at 2026-08-25 02:48:58 (server start 08-24 20:48, round 1)
[2026-08-25 02:40:28]   collecting... next iteration at 2026-08-25 02:48:58 (server start 08-24 20:48, round 1)
[2026-08-25 02:41:30]   collecting... next iteration at 2026-08-25 02:48:58 (server start 08-24 20:48, round 1)
[2026-08-25 02:42:32]   collecting... next iteration at 2026-08-25 02:48:58 (server start 08-24 20:48, round 1)
[2026-08-25 02:43:34]   collecting... next iteration at 2026-08-25 02:48:58 (server start 08-24 20:48, round 1)
[2026-08-25 02:44:36]   collecting... next iteration at 2026-08-25 02:48:58 (server start 08-24 20:48, round 1)
[2026-08-25 02:45:38]   collecting... next iteration at 2026-08-25 02:48:58 (server start 08-24 20:48, round 1)
[2026-08-25 02:46:40]   collecting... next iteration at 2026-08-25 02:48:58 (server start 08-24 20:48, round 1)
[2026-08-25 02:47:42]   collecting... next iteration at 2026-08-25 02:48:58 (server start 08-24 20:48, round 1)
[2026-08-25 02:48:44]   collecting... next iteration at 2026-08-25 02:48:58 (server start 08-24 20:48, round 1)
[2026-08-25 02:49:50] snapshot: 651/15027 new trajectories -> E:\program\JAVA\EFTLM-example\train\backup\data\session_20260825_024946
[2026-08-25 02:49:50] run: extract_melee.py --data E:\program\JAVA\touhou little maid - unknow sky area\prod_server\config\eftlm_stylish\trajectories --out E:\program\JAVA\EFTLM-example\train\models\melee_pretrain_20260825_024946.npz
[2026-08-25 02:50:00]   |   action 32: 222 (0.0%)
[2026-08-25 02:50:00]   |   action 33: 87 (0.0%)
[2026-08-25 02:50:00]   |   action 34: 80 (0.0%)
[2026-08-25 02:50:00]   |   action 42: 1 (0.0%)
[2026-08-25 02:50:00]   |   action 43: 1 (0.0%)
[2026-08-25 02:50:00]   |   action 46: 1 (0.0%)
[2026-08-25 02:50:00]   |   action 48: 1 (0.0%)
[2026-08-25 02:50:00]   |   action 52: 2 (0.0%)
[2026-08-25 02:50:00]   |   action 53: 1 (0.0%)
[2026-08-25 02:50:00]   |   action 54: 2 (0.0%)
[2026-08-25 02:50:00]   |   action 56: 1 (0.0%)
[2026-08-25 02:50:00]   | [extract] saved: E:\program\JAVA\EFTLM-example\train\models\melee_pretrain_20260825_024946.npz
[2026-08-25 02:50:00] run: crucible.py --data E:\program\JAVA\EFTLM-example\train\backup\data\session_20260825_024946 --out E:\program\JAVA\EFTLM-example\train\models\pretrain_fancy_20260825_024946.npz
[2026-08-25 02:50:01]   |   action 24: 179 (0.2%)
[2026-08-25 02:50:01]   |   action 25: 135 (0.2%)
[2026-08-25 02:50:01]   |   action 26: 164 (0.2%)
[2026-08-25 02:50:01]   |   action 27: 166 (0.2%)
[2026-08-25 02:50:01]   |   action 28: 182 (0.2%)
[2026-08-25 02:50:01]   |   action 29: 121 (0.1%)
[2026-08-25 02:50:01]   |   action 30: 192 (0.2%)
[2026-08-25 02:50:01]   |   action 31: 112 (0.1%)
[2026-08-25 02:50:01]   |   action 32: 138 (0.2%)
[2026-08-25 02:50:01]   |   action 33: 60 (0.1%)
[2026-08-25 02:50:01]   |   action 34: 55 (0.1%)
[2026-08-25 02:50:01]   |   action 43: 1 (0.0%)
[2026-08-25 02:50:01] run: relabel.py --data E:\program\JAVA\EFTLM-example\train\backup\data\session_20260825_024946 --out E:\program\JAVA\EFTLM-example\train\models\relabeled_20260825_024946.npz
[2026-08-25 02:50:07]   |   action 26: 72 (0.1%)
[2026-08-25 02:50:07]   |   action 27: 60 (0.1%)
[2026-08-25 02:50:07]   |   action 28: 68 (0.1%)
[2026-08-25 02:50:07]   |   action 29: 54 (0.0%)
[2026-08-25 02:50:07]   |   action 30: 66 (0.1%)
[2026-08-25 02:50:07]   |   action 31: 35 (0.0%)
[2026-08-25 02:50:07]   |   action 32: 42 (0.0%)
[2026-08-25 02:50:07]   |   action 33: 18 (0.0%)
[2026-08-25 02:50:07]   |   action 34: 20 (0.0%)
[2026-08-25 02:50:07]   |   action 37: 1 (0.0%)
[2026-08-25 02:50:07]   |   action 43: 1 (0.0%)
[2026-08-25 02:50:07]   | [relabel] saved: E:\program\JAVA\EFTLM-example\train\models\relabeled_20260825_024946.npz
[2026-08-25 02:50:07] run: train_ppo.py --data E:\program\JAVA\EFTLM-example\train\backup\data\session_20260825_024946 --out E:\program\JAVA\EFTLM-example\train\models\rl_model_v44.bin --zombie_dir E:\program\JAVA\touhou little maid - unknow sky area\prod_server\config\eftlm_stylish\trajectories_zombie --mix_ratio 0.1 --init E:\program\JAVA\EFTLM-example\train\models\rl_model_v43.bin --pretrain E:\program\JAVA\EFTLM-example\train\models\melee_pretrain_20260825_024946.npz --relabel E:\program\JAVA\EFTLM-example\train\models\relabeled_20260825_024946.npz
[2026-08-25 02:52:03]   | [train] device=cuda, samples=126847
[2026-08-25 02:52:03]   | [train] BC warmup...
[2026-08-25 02:52:03]   |   bc epoch 0: loss=1.4065 acc=0.897
[2026-08-25 02:52:03]   |   bc epoch 5: loss=1.3210 acc=0.904
[2026-08-25 02:52:03]   |   bc epoch 10: loss=1.3021 acc=0.908
[2026-08-25 02:52:03]   |   bc epoch 15: loss=1.2890 acc=0.907
[2026-08-25 02:52:03]   |   bc epoch 19: loss=1.2820 acc=0.907
[2026-08-25 02:52:03]   | [train] reward-weighted BC...
[2026-08-25 02:52:03]   |   rwbc epoch 0: loss=1.4080 acc=0.909
[2026-08-25 02:52:03]   |   rwbc epoch 1: loss=1.4006 acc=0.905
[2026-08-25 02:52:03]   | [export] model written: E:\program\JAVA\EFTLM-example\train\models\rl_model_v44.bin (38164 bytes)
[2026-08-25 02:52:03]   | [export] meta written: E:\program\JAVA\EFTLM-example\train\models\rl_model_v44.bin.meta.txt
[2026-08-25 02:52:03] deploy: previous deployed model backed up -> E:\program\JAVA\EFTLM-example\train\models\rl_model_prev_deployed_20260825_025203.bin
[2026-08-25 02:52:03] deploy: E:\program\JAVA\EFTLM-example\train\models\rl_model_v44.bin -> E:\program\JAVA\touhou little maid - unknow sky area\prod_server\config\eftlm_stylish\rl_model.bin (version=44)
[2026-08-25 02:52:03] deploy: /rl reload -> [rl] model reloaded: input=18 output=64 layers=4
  
[2026-08-25 02:52:05]   collecting... next iteration at 2026-08-25 08:48:58 (server start 08-24 20:48, round 2)
[2026-08-25 02:53:07]   collecting... next iteration at 2026-08-25 08:48:58 (server start 08-24 20:48, round 2)
[2026-08-25 02:54:09]   collecting... next iteration at 2026-08-25 08:48:58 (server start 08-24 20:48, round 2)
[2026-08-25 02:55:11]   collecting... next iteration at 2026-08-25 08:48:58 (server start 08-24 20:48, round 2)
[2026-08-25 02:56:13]   collecting... next iteration at 2026-08-25 08:48:58 (server start 08-24 20:48, round 2)
[2026-08-25 02:57:15]   collecting... next iteration at 2026-08-25 08:48:58 (server start 08-24 20:48, round 2)
[2026-08-25 02:58:17]   collecting... next iteration at 2026-08-25 08:48:58 (server start 08-24 20:48, round 2)
[2026-08-25 02:59:19]   collecting... next iteration at 2026-08-25 08:48:58 (server start 08-24 20:48, round 2)
[2026-08-25 03:00:21]   collecting... next iteration at 2026-08-25 08:48:58 (server start 08-24 20:48, round 2)
[2026-08-25 03:01:23]   collecting... next iteration at 2026-08-25 08:48:58 (server start 08-24 20:48, round 2)
[2026-08-25 03:02:25]   collecting... next iteration at 2026-08-25 08:48:58 (server start 08-24 20:48, round 2)
[2026-08-25 03:03:27]   collecting... next iteration at 2026-08-25 08:48:58 (server start 08-24 20:48, round 2)
[2026-08-25 03:04:29]   collecting... next iteration at 2026-08-25 08:48:58 (server start 08-24 20:48, round 2)
[2026-08-25 03:05:31]   collecting... next iteration at 2026-08-25 08:48:58 (server start 08-24 20:48, round 2)
[2026-08-25 03:06:33]   collecting... next iteration at 2026-08-25 08:48:58 (server start 08-24 20:48, round 2)
[2026-08-25 03:07:35]   collecting... next iteration at 2026-08-25 08:48:58 (server start 08-24 20:48, round 2)
[2026-08-25 03:08:37]   collecting... next iteration at 2026-08-25 08:48:58 (server start 08-24 20:48, round 2)
[2026-08-25 03:09:39]   collecting... next iteration at 2026-08-25 08:48:58 (server start 08-24 20:48, round 2)
[2026-08-25 03:10:41]   collecting... next iteration at 2026-08-25 08:48:58 (server start 08-24 20:48, round 2)
[2026-08-25 03:11:43]   collecting... next iteration at 2026-08-25 08:48:58 (server start 08-24 20:48, round 2)
[2026-08-25 03:12:44]   collecting... next iteration at 2026-08-25 08:48:58 (server start 08-24 20:48, round 2)
[2026-08-25 03:13:46]   collecting... next iteration at 2026-08-25 08:48:58 (server start 08-24 20:48, round 2)
[2026-08-25 03:14:49]   collecting... next iteration at 2026-08-25 08:48:58 (server start 08-24 20:48, round 2)
[2026-08-25 03:15:51]   collecting... next iteration at 2026-08-25 08:48:58 (server start 08-24 20:48, round 2)
[2026-08-25 03:16:53]   collecting... next iteration at 2026-08-25 08:48:58 (server start 08-24 20:48, round 2)
[2026-08-25 03:17:55]   collecting... next iteration at 2026-08-25 08:48:58 (server start 08-24 20:48, round 2)
[2026-08-25 03:18:57]   collecting... next iteration at 2026-08-25 08:48:58 (server start 08-24 20:48, round 2)
[2026-08-25 03:19:58]   collecting... next iteration at 2026-08-25 08:48:58 (server start 08-24 20:48, round 2)
[2026-08-25 03:21:00]   collecting... next iteration at 2026-08-25 08:48:58 (server start 08-24 20:48, round 2)
[2026-08-25 03:22:02]   collecting... next iteration at 2026-08-25 08:48:58 (server start 08-24 20:48, round 2)
[2026-08-25 03:23:04]   collecting... next iteration at 2026-08-25 08:48:58 (server start 08-24 20:48, round 2)
[2026-08-25 03:24:06]   collecting... next iteration at 2026-08-25 08:48:58 (server start 08-24 20:48, round 2)
[2026-08-25 03:25:08]   collecting... next iteration at 2026-08-25 08:48:58 (server start 08-24 20:48, round 2)
[2026-08-25 03:26:10]   collecting... next iteration at 2026-08-25 08:48:58 (server start 08-24 20:48, round 2)
[2026-08-25 03:27:12]   collecting... next iteration at 2026-08-25 08:48:58 (server start 08-24 20:48, round 2)
[2026-08-25 03:28:14]   collecting... next iteration at 2026-08-25 08:48:58 (server start 08-24 20:48, round 2)
[2026-08-25 03:29:16]   collecting... next iteration at 2026-08-25 08:48:58 (server start 08-24 20:48, round 2)
[2026-08-25 03:30:18]   collecting... next iteration at 2026-08-25 08:48:58 (server start 08-24 20:48, round 2)
[2026-08-25 03:31:20]   collecting... next iteration at 2026-08-25 08:48:58 (server start 08-24 20:48, round 2)
[2026-08-25 03:32:22]   collecting... next iteration at 2026-08-25 08:48:58 (server start 08-24 20:48, round 2)
[2026-08-25 03:33:24]   collecting... next iteration at 2026-08-25 08:48:58 (server start 08-24 20:48, round 2)
[2026-08-25 03:34:26]   collecting... next iteration at 2026-08-25 08:48:58 (server start 08-24 20:48, round 2)
[2026-08-25 03:35:28]   collecting... next iteration at 2026-08-25 08:48:58 (server start 08-24 20:48, round 2)
[2026-08-25 03:36:30]   collecting... next iteration at 2026-08-25 08:48:58 (server start 08-24 20:48, round 2)
[2026-08-25 03:37:32]   collecting... next iteration at 2026-08-25 08:48:58 (server start 08-24 20:48, round 2)
[2026-08-25 03:38:34]   collecting... next iteration at 2026-08-25 08:48:58 (server start 08-24 20:48, round 2)
[2026-08-25 03:39:36]   collecting... next iteration at 2026-08-25 08:48:58 (server start 08-24 20:48, round 2)
[2026-08-25 03:40:38]   collecting... next iteration at 2026-08-25 08:48:58 (server start 08-24 20:48, round 2)
[2026-08-25 03:41:40]   collecting... next iteration at 2026-08-25 08:48:58 (server start 08-24 20:48, round 2)
[2026-08-25 03:42:42]   collecting... next iteration at 2026-08-25 08:48:58 (server start 08-24 20:48, round 2)
[2026-08-25 03:43:44]   collecting... next iteration at 2026-08-25 08:48:58 (server start 08-24 20:48, round 2)
[2026-08-25 03:44:46]   collecting... next iteration at 2026-08-25 08:48:58 (server start 08-24 20:48, round 2)
[2026-08-25 03:45:48]   collecting... next iteration at 2026-08-25 08:48:58 (server start 08-24 20:48, round 2)
[2026-08-25 03:46:50]   collecting... next iteration at 2026-08-25 08:48:58 (server start 08-24 20:48, round 2)
[2026-08-25 03:47:52]   collecting... next iteration at 2026-08-25 08:48:58 (server start 08-24 20:48, round 2)
[2026-08-25 03:48:53]   collecting... next iteration at 2026-08-25 08:48:58 (server start 08-24 20:48, round 2)
[2026-08-25 03:49:56]   collecting... next iteration at 2026-08-25 08:48:58 (server start 08-24 20:48, round 2)
[2026-08-25 03:50:57]   collecting... next iteration at 2026-08-25 08:48:58 (server start 08-24 20:48, round 2)
[2026-08-25 03:51:59]   collecting... next iteration at 2026-08-25 08:48:58 (server start 08-24 20:48, round 2)
[2026-08-25 03:53:01]   collecting... next iteration at 2026-08-25 08:48:58 (server start 08-24 20:48, round 2)
[2026-08-25 03:54:03]   collecting... next iteration at 2026-08-25 08:48:58 (server start 08-24 20:48, round 2)
[2026-08-25 03:55:05]   collecting... next iteration at 2026-08-25 08:48:58 (server start 08-24 20:48, round 2)
[2026-08-25 03:56:07]   collecting... next iteration at 2026-08-25 08:48:58 (server start 08-24 20:48, round 2)
[2026-08-25 03:57:09]   collecting... next iteration at 2026-08-25 08:48:58 (server start 08-24 20:48, round 2)
[2026-08-25 03:58:11]   collecting... next iteration at 2026-08-25 08:48:58 (server start 08-24 20:48, round 2)
[2026-08-25 03:59:13]   collecting... next iteration at 2026-08-25 08:48:58 (server start 08-24 20:48, round 2)
[2026-08-25 04:00:15]   collecting... next iteration at 2026-08-25 08:48:58 (server start 08-24 20:48, round 2)
[2026-08-25 04:01:17]   collecting... next iteration at 2026-08-25 08:48:58 (server start 08-24 20:48, round 2)
[2026-08-25 04:02:19]   collecting... next iteration at 2026-08-25 08:48:58 (server start 08-24 20:48, round 2)
[2026-08-25 04:03:21]   collecting... next iteration at 2026-08-25 08:48:58 (server start 08-24 20:48, round 2)
[2026-08-25 04:04:23]   collecting... next iteration at 2026-08-25 08:48:58 (server start 08-24 20:48, round 2)
[2026-08-25 04:05:25]   collecting... next iteration at 2026-08-25 08:48:58 (server start 08-24 20:48, round 2)
[2026-08-25 04:06:27]   collecting... next iteration at 2026-08-25 08:48:58 (server start 08-24 20:48, round 2)
[2026-08-25 04:07:29]   collecting... next iteration at 2026-08-25 08:48:58 (server start 08-24 20:48, round 2)
[2026-08-25 04:08:31]   collecting... next iteration at 2026-08-25 08:48:58 (server start 08-24 20:48, round 2)
[2026-08-25 04:09:33]   collecting... next iteration at 2026-08-25 08:48:58 (server start 08-24 20:48, round 2)
[2026-08-25 04:10:35]   collecting... next iteration at 2026-08-25 08:48:58 (server start 08-24 20:48, round 2)
[2026-08-25 04:11:37]   collecting... next iteration at 2026-08-25 08:48:58 (server start 08-24 20:48, round 2)
[2026-08-25 04:12:39]   collecting... next iteration at 2026-08-25 08:48:58 (server start 08-24 20:48, round 2)
[2026-08-25 04:13:41]   collecting... next iteration at 2026-08-25 08:48:58 (server start 08-24 20:48, round 2)
[2026-08-25 04:14:43]   collecting... next iteration at 2026-08-25 08:48:58 (server start 08-24 20:48, round 2)
[2026-08-25 04:15:45]   collecting... next iteration at 2026-08-25 08:48:58 (server start 08-24 20:48, round 2)
[2026-08-25 04:16:47]   collecting... next iteration at 2026-08-25 08:48:58 (server start 08-24 20:48, round 2)
[2026-08-25 04:17:49]   collecting... next iteration at 2026-08-25 08:48:58 (server start 08-24 20:48, round 2)
[2026-08-25 04:18:51]   collecting... next iteration at 2026-08-25 08:48:58 (server start 08-24 20:48, round 2)
[2026-08-25 04:19:53]   collecting... next iteration at 2026-08-25 08:48:58 (server start 08-24 20:48, round 2)
[2026-08-25 04:20:55]   collecting... next iteration at 2026-08-25 08:48:58 (server start 08-24 20:48, round 2)
[2026-08-25 04:21:57]   collecting... next iteration at 2026-08-25 08:48:58 (server start 08-24 20:48, round 2)
[2026-08-25 04:22:59]   collecting... next iteration at 2026-08-25 08:48:58 (server start 08-24 20:48, round 2)
[2026-08-25 04:24:01]   collecting... next iteration at 2026-08-25 08:48:58 (server start 08-24 20:48, round 2)
[2026-08-25 04:25:03]   collecting... next iteration at 2026-08-25 08:48:58 (server start 08-24 20:48, round 2)
[2026-08-25 04:26:05]   collecting... next iteration at 2026-08-25 08:48:58 (server start 08-24 20:48, round 2)
[2026-08-25 04:27:07]   collecting... next iteration at 2026-08-25 08:48:58 (server start 08-24 20:48, round 2)
[2026-08-25 04:28:09]   collecting... next iteration at 2026-08-25 08:48:58 (server start 08-24 20:48, round 2)
[2026-08-25 04:29:11]   collecting... next iteration at 2026-08-25 08:48:58 (server start 08-24 20:48, round 2)
[2026-08-25 04:30:13]   collecting... next iteration at 2026-08-25 08:48:58 (server start 08-24 20:48, round 2)
[2026-08-25 04:31:15]   collecting... next iteration at 2026-08-25 08:48:58 (server start 08-24 20:48, round 2)
[2026-08-25 04:32:17]   collecting... next iteration at 2026-08-25 08:48:58 (server start 08-24 20:48, round 2)
[2026-08-25 04:33:19]   collecting... next iteration at 2026-08-25 08:48:58 (server start 08-24 20:48, round 2)
[2026-08-25 04:34:21]   collecting... next iteration at 2026-08-25 08:48:58 (server start 08-24 20:48, round 2)
[2026-08-25 04:35:22]   collecting... next iteration at 2026-08-25 08:48:58 (server start 08-24 20:48, round 2)
[2026-08-25 04:36:25]   collecting... next iteration at 2026-08-25 08:48:58 (server start 08-24 20:48, round 2)
[2026-08-25 04:37:27]   collecting... next iteration at 2026-08-25 08:48:58 (server start 08-24 20:48, round 2)
[2026-08-25 04:38:29]   collecting... next iteration at 2026-08-25 08:48:58 (server start 08-24 20:48, round 2)
[2026-08-25 04:39:31]   collecting... next iteration at 2026-08-25 08:48:58 (server start 08-24 20:48, round 2)
[2026-08-25 04:40:33]   collecting... next iteration at 2026-08-25 08:48:58 (server start 08-24 20:48, round 2)
[2026-08-25 04:41:35]   collecting... next iteration at 2026-08-25 08:48:58 (server start 08-24 20:48, round 2)
[2026-08-25 04:42:37]   collecting... next iteration at 2026-08-25 08:48:58 (server start 08-24 20:48, round 2)
[2026-08-25 04:43:38]   collecting... next iteration at 2026-08-25 08:48:58 (server start 08-24 20:48, round 2)
[2026-08-25 04:44:41]   collecting... next iteration at 2026-08-25 08:48:58 (server start 08-24 20:48, round 2)
[2026-08-25 04:45:43]   collecting... next iteration at 2026-08-25 08:48:58 (server start 08-24 20:48, round 2)
[2026-08-25 04:46:45]   collecting... next iteration at 2026-08-25 08:48:58 (server start 08-24 20:48, round 2)
[2026-08-25 04:47:46]   collecting... next iteration at 2026-08-25 08:48:58 (server start 08-24 20:48, round 2)
[2026-08-25 04:48:48]   collecting... next iteration at 2026-08-25 08:48:58 (server start 08-24 20:48, round 2)
[2026-08-25 04:49:50]   collecting... next iteration at 2026-08-25 08:48:58 (server start 08-24 20:48, round 2)
[2026-08-25 04:50:52]   collecting... next iteration at 2026-08-25 08:48:58 (server start 08-24 20:48, round 2)
[2026-08-25 04:51:54]   collecting... next iteration at 2026-08-25 08:48:58 (server start 08-24 20:48, round 2)
[2026-08-25 04:52:56]   collecting... next iteration at 2026-08-25 08:48:58 (server start 08-24 20:48, round 2)
[2026-08-25 04:53:58]   collecting... next iteration at 2026-08-25 08:48:58 (server start 08-24 20:48, round 2)
[2026-08-25 04:55:00]   collecting... next iteration at 2026-08-25 08:48:58 (server start 08-24 20:48, round 2)
[2026-08-25 04:56:02]   collecting... next iteration at 2026-08-25 08:48:58 (server start 08-24 20:48, round 2)
[2026-08-25 04:57:04]   collecting... next iteration at 2026-08-25 08:48:58 (server start 08-24 20:48, round 2)
[2026-08-25 04:58:06]   collecting... next iteration at 2026-08-25 08:48:58 (server start 08-24 20:48, round 2)
[2026-08-25 04:59:08]   collecting... next iteration at 2026-08-25 08:48:58 (server start 08-24 20:48, round 2)
[2026-08-25 05:00:10]   collecting... next iteration at 2026-08-25 08:48:58 (server start 08-24 20:48, round 2)
[2026-08-25 05:01:12]   collecting... next iteration at 2026-08-25 08:48:58 (server start 08-24 20:48, round 2)
[2026-08-25 05:02:14]   collecting... next iteration at 2026-08-25 08:48:58 (server start 08-24 20:48, round 2)
[2026-08-25 05:03:16]   collecting... next iteration at 2026-08-25 08:48:58 (server start 08-24 20:48, round 2)
[2026-08-25 05:04:18]   collecting... next iteration at 2026-08-25 08:48:58 (server start 08-24 20:48, round 2)
[2026-08-25 05:05:20]   collecting... next iteration at 2026-08-25 08:48:58 (server start 08-24 20:48, round 2)
[2026-08-25 05:06:22]   collecting... next iteration at 2026-08-25 08:48:58 (server start 08-24 20:48, round 2)
[2026-08-25 05:07:24]   collecting... next iteration at 2026-08-25 08:48:58 (server start 08-24 20:48, round 2)
[2026-08-25 05:08:26]   collecting... next iteration at 2026-08-25 08:48:58 (server start 08-24 20:48, round 2)
[2026-08-25 05:09:28]   collecting... next iteration at 2026-08-25 08:48:58 (server start 08-24 20:48, round 2)
[2026-08-25 05:10:30]   collecting... next iteration at 2026-08-25 08:48:58 (server start 08-24 20:48, round 2)
[2026-08-25 05:11:32]   collecting... next iteration at 2026-08-25 08:48:58 (server start 08-24 20:48, round 2)
[2026-08-25 05:12:34]   collecting... next iteration at 2026-08-25 08:48:58 (server start 08-24 20:48, round 2)
[2026-08-25 05:13:35]   collecting... next iteration at 2026-08-25 08:48:58 (server start 08-24 20:48, round 2)
[2026-08-25 05:14:38]   collecting... next iteration at 2026-08-25 08:48:58 (server start 08-24 20:48, round 2)
[2026-08-25 05:15:39]   collecting... next iteration at 2026-08-25 08:48:58 (server start 08-24 20:48, round 2)
[2026-08-25 05:16:41]   collecting... next iteration at 2026-08-25 08:48:58 (server start 08-24 20:48, round 2)
[2026-08-25 05:17:43]   collecting... next iteration at 2026-08-25 08:48:58 (server start 08-24 20:48, round 2)
[2026-08-25 05:18:45]   collecting... next iteration at 2026-08-25 08:48:58 (server start 08-24 20:48, round 2)
[2026-08-25 05:19:47]   collecting... next iteration at 2026-08-25 08:48:58 (server start 08-24 20:48, round 2)
[2026-08-25 05:20:49]   collecting... next iteration at 2026-08-25 08:48:58 (server start 08-24 20:48, round 2)
[2026-08-25 05:21:51]   collecting... next iteration at 2026-08-25 08:48:58 (server start 08-24 20:48, round 2)
[2026-08-25 05:22:53]   collecting... next iteration at 2026-08-25 08:48:58 (server start 08-24 20:48, round 2)
[2026-08-25 05:23:55]   collecting... next iteration at 2026-08-25 08:48:58 (server start 08-24 20:48, round 2)
[2026-08-25 05:24:57]   collecting... next iteration at 2026-08-25 08:48:58 (server start 08-24 20:48, round 2)
[2026-08-25 05:25:59]   collecting... next iteration at 2026-08-25 08:48:58 (server start 08-24 20:48, round 2)
[2026-08-25 05:27:01]   collecting... next iteration at 2026-08-25 08:48:58 (server start 08-24 20:48, round 2)
[2026-08-25 05:28:03]   collecting... next iteration at 2026-08-25 08:48:58 (server start 08-24 20:48, round 2)
[2026-08-25 05:29:05]   collecting... next iteration at 2026-08-25 08:48:58 (server start 08-24 20:48, round 2)
[2026-08-25 05:30:07]   collecting... next iteration at 2026-08-25 08:48:58 (server start 08-24 20:48, round 2)
[2026-08-25 05:31:09]   collecting... next iteration at 2026-08-25 08:48:58 (server start 08-24 20:48, round 2)
[2026-08-25 05:32:11]   collecting... next iteration at 2026-08-25 08:48:58 (server start 08-24 20:48, round 2)
[2026-08-25 05:33:13]   collecting... next iteration at 2026-08-25 08:48:58 (server start 08-24 20:48, round 2)
[2026-08-25 05:34:15]   collecting... next iteration at 2026-08-25 08:48:58 (server start 08-24 20:48, round 2)
[2026-08-25 05:35:17]   collecting... next iteration at 2026-08-25 08:48:58 (server start 08-24 20:48, round 2)
[2026-08-25 05:36:19]   collecting... next iteration at 2026-08-25 08:48:58 (server start 08-24 20:48, round 2)
[2026-08-25 05:37:21]   collecting... next iteration at 2026-08-25 08:48:58 (server start 08-24 20:48, round 2)
[2026-08-25 05:38:23]   collecting... next iteration at 2026-08-25 08:48:58 (server start 08-24 20:48, round 2)
[2026-08-25 05:39:25]   collecting... next iteration at 2026-08-25 08:48:58 (server start 08-24 20:48, round 2)
[2026-08-25 05:40:27]   collecting... next iteration at 2026-08-25 08:48:58 (server start 08-24 20:48, round 2)
[2026-08-25 05:41:29]   collecting... next iteration at 2026-08-25 08:48:58 (server start 08-24 20:48, round 2)
[2026-08-25 05:42:31]   collecting... next iteration at 2026-08-25 08:48:58 (server start 08-24 20:48, round 2)
[2026-08-25 05:43:33]   collecting... next iteration at 2026-08-25 08:48:58 (server start 08-24 20:48, round 2)
[2026-08-25 05:44:34]   collecting... next iteration at 2026-08-25 08:48:58 (server start 08-24 20:48, round 2)
[2026-08-25 05:45:36]   collecting... next iteration at 2026-08-25 08:48:58 (server start 08-24 20:48, round 2)
[2026-08-25 05:46:38]   collecting... next iteration at 2026-08-25 08:48:58 (server start 08-24 20:48, round 2)
[2026-08-25 05:47:41]   collecting... next iteration at 2026-08-25 08:48:58 (server start 08-24 20:48, round 2)
[2026-08-25 05:48:42]   collecting... next iteration at 2026-08-25 08:48:58 (server start 08-24 20:48, round 2)
[2026-08-25 05:49:45]   collecting... next iteration at 2026-08-25 08:48:58 (server start 08-24 20:48, round 2)
[2026-08-25 05:50:47]   collecting... next iteration at 2026-08-25 08:48:58 (server start 08-24 20:48, round 2)
[2026-08-25 05:51:49]   collecting... next iteration at 2026-08-25 08:48:58 (server start 08-24 20:48, round 2)
[2026-08-25 05:52:51]   collecting... next iteration at 2026-08-25 08:48:58 (server start 08-24 20:48, round 2)
[2026-08-25 05:53:53]   collecting... next iteration at 2026-08-25 08:48:58 (server start 08-24 20:48, round 2)
[2026-08-25 05:54:54]   collecting... next iteration at 2026-08-25 08:48:58 (server start 08-24 20:48, round 2)
[2026-08-25 05:55:56]   collecting... next iteration at 2026-08-25 08:48:58 (server start 08-24 20:48, round 2)
[2026-08-25 05:56:58]   collecting... next iteration at 2026-08-25 08:48:58 (server start 08-24 20:48, round 2)
[2026-08-25 05:58:00]   collecting... next iteration at 2026-08-25 08:48:58 (server start 08-24 20:48, round 2)
[2026-08-25 05:59:02]   collecting... next iteration at 2026-08-25 08:48:58 (server start 08-24 20:48, round 2)
[2026-08-25 06:00:04]   collecting... next iteration at 2026-08-25 08:48:58 (server start 08-24 20:48, round 2)
[2026-08-25 06:01:06]   collecting... next iteration at 2026-08-25 08:48:58 (server start 08-24 20:48, round 2)
[2026-08-25 06:02:08]   collecting... next iteration at 2026-08-25 08:48:58 (server start 08-24 20:48, round 2)
[2026-08-25 06:03:10]   collecting... next iteration at 2026-08-25 08:48:58 (server start 08-24 20:48, round 2)
[2026-08-25 06:04:12]   collecting... next iteration at 2026-08-25 08:48:58 (server start 08-24 20:48, round 2)
[2026-08-25 06:05:14]   collecting... next iteration at 2026-08-25 08:48:58 (server start 08-24 20:48, round 2)
[2026-08-25 06:06:16]   collecting... next iteration at 2026-08-25 08:48:58 (server start 08-24 20:48, round 2)
[2026-08-25 06:07:18]   collecting... next iteration at 2026-08-25 08:48:58 (server start 08-24 20:48, round 2)
[2026-08-25 06:08:20]   collecting... next iteration at 2026-08-25 08:48:58 (server start 08-24 20:48, round 2)
[2026-08-25 06:09:22]   collecting... next iteration at 2026-08-25 08:48:58 (server start 08-24 20:48, round 2)
[2026-08-25 06:10:24]   collecting... next iteration at 2026-08-25 08:48:58 (server start 08-24 20:48, round 2)
[2026-08-25 06:11:26]   collecting... next iteration at 2026-08-25 08:48:58 (server start 08-24 20:48, round 2)
[2026-08-25 06:12:28]   collecting... next iteration at 2026-08-25 08:48:58 (server start 08-24 20:48, round 2)
[2026-08-25 06:13:30]   collecting... next iteration at 2026-08-25 08:48:58 (server start 08-24 20:48, round 2)
[2026-08-25 06:14:32]   collecting... next iteration at 2026-08-25 08:48:58 (server start 08-24 20:48, round 2)
[2026-08-25 06:15:34]   collecting... next iteration at 2026-08-25 08:48:58 (server start 08-24 20:48, round 2)
[2026-08-25 06:16:36]   collecting... next iteration at 2026-08-25 08:48:58 (server start 08-24 20:48, round 2)
[2026-08-25 06:17:38]   collecting... next iteration at 2026-08-25 08:48:58 (server start 08-24 20:48, round 2)
[2026-08-25 06:18:40]   collecting... next iteration at 2026-08-25 08:48:58 (server start 08-24 20:48, round 2)
[2026-08-25 06:19:42]   collecting... next iteration at 2026-08-25 08:48:58 (server start 08-24 20:48, round 2)
[2026-08-25 06:20:44]   collecting... next iteration at 2026-08-25 08:48:58 (server start 08-24 20:48, round 2)
[2026-08-25 06:21:46]   collecting... next iteration at 2026-08-25 08:48:58 (server start 08-24 20:48, round 2)
[2026-08-25 06:22:48]   collecting... next iteration at 2026-08-25 08:48:58 (server start 08-24 20:48, round 2)
[2026-08-25 06:23:50]   collecting... next iteration at 2026-08-25 08:48:58 (server start 08-24 20:48, round 2)
[2026-08-25 06:24:52]   collecting... next iteration at 2026-08-25 08:48:58 (server start 08-24 20:48, round 2)
[2026-08-25 06:25:54]   collecting... next iteration at 2026-08-25 08:48:58 (server start 08-24 20:48, round 2)
[2026-08-25 06:26:56]   collecting... next iteration at 2026-08-25 08:48:58 (server start 08-24 20:48, round 2)
[2026-08-25 06:27:58]   collecting... next iteration at 2026-08-25 08:48:58 (server start 08-24 20:48, round 2)
[2026-08-25 06:29:00]   collecting... next iteration at 2026-08-25 08:48:58 (server start 08-24 20:48, round 2)
[2026-08-25 06:30:02]   collecting... next iteration at 2026-08-25 08:48:58 (server start 08-24 20:48, round 2)
[2026-08-25 06:31:03]   collecting... next iteration at 2026-08-25 08:48:58 (server start 08-24 20:48, round 2)
[2026-08-25 06:32:05]   collecting... next iteration at 2026-08-25 08:48:58 (server start 08-24 20:48, round 2)
[2026-08-25 06:33:08]   collecting... next iteration at 2026-08-25 08:48:58 (server start 08-24 20:48, round 2)
[2026-08-25 06:34:09]   collecting... next iteration at 2026-08-25 08:48:58 (server start 08-24 20:48, round 2)
[2026-08-25 06:35:11]   collecting... next iteration at 2026-08-25 08:48:58 (server start 08-24 20:48, round 2)
[2026-08-25 06:36:13]   collecting... next iteration at 2026-08-25 08:48:58 (server start 08-24 20:48, round 2)
[2026-08-25 06:37:15]   collecting... next iteration at 2026-08-25 08:48:58 (server start 08-24 20:48, round 2)
[2026-08-25 06:38:17]   collecting... next iteration at 2026-08-25 08:48:58 (server start 08-24 20:48, round 2)
[2026-08-25 06:39:19]   collecting... next iteration at 2026-08-25 08:48:58 (server start 08-24 20:48, round 2)
[2026-08-25 06:40:21]   collecting... next iteration at 2026-08-25 08:48:58 (server start 08-24 20:48, round 2)
[2026-08-25 06:41:23]   collecting... next iteration at 2026-08-25 08:48:58 (server start 08-24 20:48, round 2)
[2026-08-25 06:42:25]   collecting... next iteration at 2026-08-25 08:48:58 (server start 08-24 20:48, round 2)
[2026-08-25 06:43:27]   collecting... next iteration at 2026-08-25 08:48:58 (server start 08-24 20:48, round 2)
[2026-08-25 06:44:29]   collecting... next iteration at 2026-08-25 08:48:58 (server start 08-24 20:48, round 2)
[2026-08-25 06:45:31]   collecting... next iteration at 2026-08-25 08:48:58 (server start 08-24 20:48, round 2)
[2026-08-25 06:46:33]   collecting... next iteration at 2026-08-25 08:48:58 (server start 08-24 20:48, round 2)
[2026-08-25 06:47:35]   collecting... next iteration at 2026-08-25 08:48:58 (server start 08-24 20:48, round 2)
[2026-08-25 06:48:37]   collecting... next iteration at 2026-08-25 08:48:58 (server start 08-24 20:48, round 2)
[2026-08-25 06:49:39]   collecting... next iteration at 2026-08-25 08:48:58 (server start 08-24 20:48, round 2)
[2026-08-25 06:50:41]   collecting... next iteration at 2026-08-25 08:48:58 (server start 08-24 20:48, round 2)
[2026-08-25 06:51:43]   collecting... next iteration at 2026-08-25 08:48:58 (server start 08-24 20:48, round 2)
[2026-08-25 06:52:45]   collecting... next iteration at 2026-08-25 08:48:58 (server start 08-24 20:48, round 2)
[2026-08-25 06:53:47]   collecting... next iteration at 2026-08-25 08:48:58 (server start 08-24 20:48, round 2)
[2026-08-25 06:54:49]   collecting... next iteration at 2026-08-25 08:48:58 (server start 08-24 20:48, round 2)
[2026-08-25 06:55:51]   collecting... next iteration at 2026-08-25 08:48:58 (server start 08-24 20:48, round 2)
[2026-08-25 06:56:53]   collecting... next iteration at 2026-08-25 08:48:58 (server start 08-24 20:48, round 2)
[2026-08-25 06:57:55]   collecting... next iteration at 2026-08-25 08:48:58 (server start 08-24 20:48, round 2)
[2026-08-25 06:58:57]   collecting... next iteration at 2026-08-25 08:48:58 (server start 08-24 20:48, round 2)
[2026-08-25 06:59:59]   collecting... next iteration at 2026-08-25 08:48:58 (server start 08-24 20:48, round 2)
[2026-08-25 07:01:01]   collecting... next iteration at 2026-08-25 08:48:58 (server start 08-24 20:48, round 2)
[2026-08-25 07:02:03]   collecting... next iteration at 2026-08-25 08:48:58 (server start 08-24 20:48, round 2)
[2026-08-25 07:03:05]   collecting... next iteration at 2026-08-25 08:48:58 (server start 08-24 20:48, round 2)
[2026-08-25 07:04:07]   collecting... next iteration at 2026-08-25 08:48:58 (server start 08-24 20:48, round 2)
[2026-08-25 07:05:09]   collecting... next iteration at 2026-08-25 08:48:58 (server start 08-24 20:48, round 2)
[2026-08-25 07:06:10]   collecting... next iteration at 2026-08-25 08:48:58 (server start 08-24 20:48, round 2)
[2026-08-25 07:07:12]   collecting... next iteration at 2026-08-25 08:48:58 (server start 08-24 20:48, round 2)
[2026-08-25 07:08:14]   collecting... next iteration at 2026-08-25 08:48:58 (server start 08-24 20:48, round 2)
[2026-08-25 07:09:16]   collecting... next iteration at 2026-08-25 08:48:58 (server start 08-24 20:48, round 2)
[2026-08-25 07:10:18]   collecting... next iteration at 2026-08-25 08:48:58 (server start 08-24 20:48, round 2)
[2026-08-25 07:11:20]   collecting... next iteration at 2026-08-25 08:48:58 (server start 08-24 20:48, round 2)
[2026-08-25 07:12:22]   collecting... next iteration at 2026-08-25 08:48:58 (server start 08-24 20:48, round 2)
[2026-08-25 07:13:24]   collecting... next iteration at 2026-08-25 08:48:58 (server start 08-24 20:48, round 2)
[2026-08-25 07:14:26]   collecting... next iteration at 2026-08-25 08:48:58 (server start 08-24 20:48, round 2)
[2026-08-25 07:15:28]   collecting... next iteration at 2026-08-25 08:48:58 (server start 08-24 20:48, round 2)
[2026-08-25 07:16:30]   collecting... next iteration at 2026-08-25 08:48:58 (server start 08-24 20:48, round 2)
[2026-08-25 07:17:32]   collecting... next iteration at 2026-08-25 08:48:58 (server start 08-24 20:48, round 2)
[2026-08-25 07:18:34]   collecting... next iteration at 2026-08-25 08:48:58 (server start 08-24 20:48, round 2)
[2026-08-25 07:19:36]   collecting... next iteration at 2026-08-25 08:48:58 (server start 08-24 20:48, round 2)
[2026-08-25 07:20:38]   collecting... next iteration at 2026-08-25 08:48:58 (server start 08-24 20:48, round 2)
[2026-08-25 07:21:40]   collecting... next iteration at 2026-08-25 08:48:58 (server start 08-24 20:48, round 2)
[2026-08-25 07:22:42]   collecting... next iteration at 2026-08-25 08:48:58 (server start 08-24 20:48, round 2)
[2026-08-25 07:23:44]   collecting... next iteration at 2026-08-25 08:48:58 (server start 08-24 20:48, round 2)
[2026-08-25 07:24:46]   collecting... next iteration at 2026-08-25 08:48:58 (server start 08-24 20:48, round 2)
[2026-08-25 07:25:48]   collecting... next iteration at 2026-08-25 08:48:58 (server start 08-24 20:48, round 2)
[2026-08-25 07:26:50]   collecting... next iteration at 2026-08-25 08:48:58 (server start 08-24 20:48, round 2)
[2026-08-25 07:27:52]   collecting... next iteration at 2026-08-25 08:48:58 (server start 08-24 20:48, round 2)
[2026-08-25 07:28:54]   collecting... next iteration at 2026-08-25 08:48:58 (server start 08-24 20:48, round 2)
[2026-08-25 07:29:56]   collecting... next iteration at 2026-08-25 08:48:58 (server start 08-24 20:48, round 2)
[2026-08-25 07:30:58]   collecting... next iteration at 2026-08-25 08:48:58 (server start 08-24 20:48, round 2)
[2026-08-25 07:32:00]   collecting... next iteration at 2026-08-25 08:48:58 (server start 08-24 20:48, round 2)
[2026-08-25 07:33:02]   collecting... next iteration at 2026-08-25 08:48:58 (server start 08-24 20:48, round 2)
[2026-08-25 07:34:04]   collecting... next iteration at 2026-08-25 08:48:58 (server start 08-24 20:48, round 2)
[2026-08-25 07:35:06]   collecting... next iteration at 2026-08-25 08:48:58 (server start 08-24 20:48, round 2)
[2026-08-25 07:36:08]   collecting... next iteration at 2026-08-25 08:48:58 (server start 08-24 20:48, round 2)
[2026-08-25 07:37:10]   collecting... next iteration at 2026-08-25 08:48:58 (server start 08-24 20:48, round 2)
[2026-08-25 07:38:12]   collecting... next iteration at 2026-08-25 08:48:58 (server start 08-24 20:48, round 2)
[2026-08-25 07:39:14]   collecting... next iteration at 2026-08-25 08:48:58 (server start 08-24 20:48, round 2)
[2026-08-25 07:40:16]   collecting... next iteration at 2026-08-25 08:48:58 (server start 08-24 20:48, round 2)
[2026-08-25 07:41:18]   collecting... next iteration at 2026-08-25 08:48:58 (server start 08-24 20:48, round 2)
[2026-08-25 07:42:20]   collecting... next iteration at 2026-08-25 08:48:58 (server start 08-24 20:48, round 2)
[2026-08-25 07:43:22]   collecting... next iteration at 2026-08-25 08:48:58 (server start 08-24 20:48, round 2)
[2026-08-25 07:44:24]   collecting... next iteration at 2026-08-25 08:48:58 (server start 08-24 20:48, round 2)
[2026-08-25 07:45:26]   collecting... next iteration at 2026-08-25 08:48:58 (server start 08-24 20:48, round 2)
[2026-08-25 07:46:28]   collecting... next iteration at 2026-08-25 08:48:58 (server start 08-24 20:48, round 2)
[2026-08-25 07:47:30]   collecting... next iteration at 2026-08-25 08:48:58 (server start 08-24 20:48, round 2)
[2026-08-25 07:48:31]   collecting... next iteration at 2026-08-25 08:48:58 (server start 08-24 20:48, round 2)
[2026-08-25 07:49:34]   collecting... next iteration at 2026-08-25 08:48:58 (server start 08-24 20:48, round 2)
[2026-08-25 07:50:36]   collecting... next iteration at 2026-08-25 08:48:58 (server start 08-24 20:48, round 2)
[2026-08-25 07:51:37]   collecting... next iteration at 2026-08-25 08:48:58 (server start 08-24 20:48, round 2)
[2026-08-25 07:52:39]   collecting... next iteration at 2026-08-25 08:48:58 (server start 08-24 20:48, round 2)
[2026-08-25 07:53:41]   collecting... next iteration at 2026-08-25 08:48:58 (server start 08-24 20:48, round 2)
[2026-08-25 07:54:44]   collecting... next iteration at 2026-08-25 08:48:58 (server start 08-24 20:48, round 2)
[2026-08-25 07:55:46]   collecting... next iteration at 2026-08-25 08:48:58 (server start 08-24 20:48, round 2)
[2026-08-25 07:56:48]   collecting... next iteration at 2026-08-25 08:48:58 (server start 08-24 20:48, round 2)
[2026-08-25 07:57:50]   collecting... next iteration at 2026-08-25 08:48:58 (server start 08-24 20:48, round 2)
[2026-08-25 07:58:52]   collecting... next iteration at 2026-08-25 08:48:58 (server start 08-24 20:48, round 2)
[2026-08-25 07:59:54]   collecting... next iteration at 2026-08-25 08:48:58 (server start 08-24 20:48, round 2)
[2026-08-25 08:00:55]   collecting... next iteration at 2026-08-25 08:48:58 (server start 08-24 20:48, round 2)
[2026-08-25 08:01:57]   collecting... next iteration at 2026-08-25 08:48:58 (server start 08-24 20:48, round 2)
[2026-08-25 08:02:59]   collecting... next iteration at 2026-08-25 08:48:58 (server start 08-24 20:48, round 2)
[2026-08-25 08:04:01]   collecting... next iteration at 2026-08-25 08:48:58 (server start 08-24 20:48, round 2)
[2026-08-25 08:05:03]   collecting... next iteration at 2026-08-25 08:48:58 (server start 08-24 20:48, round 2)
[2026-08-25 08:06:05]   collecting... next iteration at 2026-08-25 08:48:58 (server start 08-24 20:48, round 2)
[2026-08-25 08:07:07]   collecting... next iteration at 2026-08-25 08:48:58 (server start 08-24 20:48, round 2)
[2026-08-25 08:08:09]   collecting... next iteration at 2026-08-25 08:48:58 (server start 08-24 20:48, round 2)
[2026-08-25 08:09:11]   collecting... next iteration at 2026-08-25 08:48:58 (server start 08-24 20:48, round 2)
[2026-08-25 08:10:13]   collecting... next iteration at 2026-08-25 08:48:58 (server start 08-24 20:48, round 2)
[2026-08-25 08:11:15]   collecting... next iteration at 2026-08-25 08:48:58 (server start 08-24 20:48, round 2)
[2026-08-25 08:12:17]   collecting... next iteration at 2026-08-25 08:48:58 (server start 08-24 20:48, round 2)
[2026-08-25 08:13:19]   collecting... next iteration at 2026-08-25 08:48:58 (server start 08-24 20:48, round 2)
[2026-08-25 08:14:21]   collecting... next iteration at 2026-08-25 08:48:58 (server start 08-24 20:48, round 2)
[2026-08-25 08:15:23]   collecting... next iteration at 2026-08-25 08:48:58 (server start 08-24 20:48, round 2)
[2026-08-25 08:16:25]   collecting... next iteration at 2026-08-25 08:48:58 (server start 08-24 20:48, round 2)
[2026-08-25 08:17:27]   collecting... next iteration at 2026-08-25 08:48:58 (server start 08-24 20:48, round 2)
[2026-08-25 08:18:29]   collecting... next iteration at 2026-08-25 08:48:58 (server start 08-24 20:48, round 2)
[2026-08-25 08:19:31]   collecting... next iteration at 2026-08-25 08:48:58 (server start 08-24 20:48, round 2)
[2026-08-25 08:20:33]   collecting... next iteration at 2026-08-25 08:48:58 (server start 08-24 20:48, round 2)
[2026-08-25 08:21:35]   collecting... next iteration at 2026-08-25 08:48:58 (server start 08-24 20:48, round 2)
[2026-08-25 08:22:37]   collecting... next iteration at 2026-08-25 08:48:58 (server start 08-24 20:48, round 2)
[2026-08-25 08:23:39]   collecting... next iteration at 2026-08-25 08:48:58 (server start 08-24 20:48, round 2)
[2026-08-25 08:24:41]   collecting... next iteration at 2026-08-25 08:48:58 (server start 08-24 20:48, round 2)
[2026-08-25 08:25:43]   collecting... next iteration at 2026-08-25 08:48:58 (server start 08-24 20:48, round 2)
[2026-08-25 08:26:45]   collecting... next iteration at 2026-08-25 08:48:58 (server start 08-24 20:48, round 2)
[2026-08-25 08:27:47]   collecting... next iteration at 2026-08-25 08:48:58 (server start 08-24 20:48, round 2)
[2026-08-25 08:28:49]   collecting... next iteration at 2026-08-25 08:48:58 (server start 08-24 20:48, round 2)
[2026-08-25 08:29:51]   collecting... next iteration at 2026-08-25 08:48:58 (server start 08-24 20:48, round 2)
[2026-08-25 08:30:53]   collecting... next iteration at 2026-08-25 08:48:58 (server start 08-24 20:48, round 2)
[2026-08-25 08:31:55]   collecting... next iteration at 2026-08-25 08:48:58 (server start 08-24 20:48, round 2)
[2026-08-25 08:32:57]   collecting... next iteration at 2026-08-25 08:48:58 (server start 08-24 20:48, round 2)
[2026-08-25 08:33:59]   collecting... next iteration at 2026-08-25 08:48:58 (server start 08-24 20:48, round 2)
[2026-08-25 08:35:01]   collecting... next iteration at 2026-08-25 08:48:58 (server start 08-24 20:48, round 2)
[2026-08-25 08:36:03]   collecting... next iteration at 2026-08-25 08:48:58 (server start 08-24 20:48, round 2)
[2026-08-25 08:37:04]   collecting... next iteration at 2026-08-25 08:48:58 (server start 08-24 20:48, round 2)
[2026-08-25 08:38:06]   collecting... next iteration at 2026-08-25 08:48:58 (server start 08-24 20:48, round 2)
[2026-08-25 08:39:08]   collecting... next iteration at 2026-08-25 08:48:58 (server start 08-24 20:48, round 2)
[2026-08-25 08:40:10]   collecting... next iteration at 2026-08-25 08:48:58 (server start 08-24 20:48, round 2)
[2026-08-25 08:41:12]   collecting... next iteration at 2026-08-25 08:48:58 (server start 08-24 20:48, round 2)
[2026-08-25 08:42:14]   collecting... next iteration at 2026-08-25 08:48:58 (server start 08-24 20:48, round 2)
[2026-08-25 08:43:16]   collecting... next iteration at 2026-08-25 08:48:58 (server start 08-24 20:48, round 2)
[2026-08-25 08:44:18]   collecting... next iteration at 2026-08-25 08:48:58 (server start 08-24 20:48, round 2)
[2026-08-25 08:45:20]   collecting... next iteration at 2026-08-25 08:48:58 (server start 08-24 20:48, round 2)
[2026-08-25 08:46:22]   collecting... next iteration at 2026-08-25 08:48:58 (server start 08-24 20:48, round 2)
[2026-08-25 08:47:24]   collecting... next iteration at 2026-08-25 08:48:58 (server start 08-24 20:48, round 2)
[2026-08-25 08:48:26]   collecting... next iteration at 2026-08-25 08:48:58 (server start 08-24 20:48, round 2)
[2026-08-25 08:49:31] snapshot: 364/15392 new trajectories -> E:\program\JAVA\EFTLM-example\train\backup\data\session_20260825_084928
[2026-08-25 08:49:31] run: extract_melee.py --data E:\program\JAVA\touhou little maid - unknow sky area\prod_server\config\eftlm_stylish\trajectories --out E:\program\JAVA\EFTLM-example\train\models\melee_pretrain_20260825_084928.npz
[2026-08-25 08:49:36]   |   action 32: 231 (0.0%)
[2026-08-25 08:49:36]   |   action 33: 92 (0.0%)
[2026-08-25 08:49:36]   |   action 34: 84 (0.0%)
[2026-08-25 08:49:36]   |   action 42: 1 (0.0%)
[2026-08-25 08:49:36]   |   action 43: 1 (0.0%)
[2026-08-25 08:49:36]   |   action 46: 1 (0.0%)
[2026-08-25 08:49:36]   |   action 48: 1 (0.0%)
[2026-08-25 08:49:36]   |   action 52: 2 (0.0%)
[2026-08-25 08:49:36]   |   action 53: 1 (0.0%)
[2026-08-25 08:49:36]   |   action 54: 2 (0.0%)
[2026-08-25 08:49:36]   |   action 56: 1 (0.0%)
[2026-08-25 08:49:36]   | [extract] saved: E:\program\JAVA\EFTLM-example\train\models\melee_pretrain_20260825_084928.npz
[2026-08-25 08:49:36] run: crucible.py --data E:\program\JAVA\EFTLM-example\train\backup\data\session_20260825_084928 --out E:\program\JAVA\EFTLM-example\train\models\pretrain_fancy_20260825_084928.npz
[2026-08-25 08:49:37]   |   action 23: 107 (0.2%)
[2026-08-25 08:49:37]   |   action 24: 166 (0.3%)
[2026-08-25 08:49:37]   |   action 25: 154 (0.3%)
[2026-08-25 08:49:37]   |   action 26: 153 (0.3%)
[2026-08-25 08:49:37]   |   action 27: 70 (0.1%)
[2026-08-25 08:49:37]   |   action 28: 121 (0.3%)
[2026-08-25 08:49:37]   |   action 29: 89 (0.2%)
[2026-08-25 08:49:37]   |   action 30: 51 (0.1%)
[2026-08-25 08:49:37]   |   action 31: 95 (0.2%)
[2026-08-25 08:49:37]   |   action 32: 100 (0.2%)
[2026-08-25 08:49:37]   |   action 33: 14 (0.0%)
[2026-08-25 08:49:37]   |   action 34: 9 (0.0%)
[2026-08-25 08:49:37] run: relabel.py --data E:\program\JAVA\EFTLM-example\train\backup\data\session_20260825_084928 --out E:\program\JAVA\EFTLM-example\train\models\relabeled_20260825_084928.npz
[2026-08-25 08:49:41]   |   action 24: 46 (0.1%)
[2026-08-25 08:49:41]   |   action 25: 49 (0.1%)
[2026-08-25 08:49:41]   |   action 26: 50 (0.1%)
[2026-08-25 08:49:41]   |   action 27: 46 (0.1%)
[2026-08-25 08:49:41]   |   action 28: 50 (0.1%)
[2026-08-25 08:49:41]   |   action 29: 39 (0.0%)
[2026-08-25 08:49:41]   |   action 30: 34 (0.0%)
[2026-08-25 08:49:41]   |   action 31: 33 (0.0%)
[2026-08-25 08:49:41]   |   action 32: 29 (0.0%)
[2026-08-25 08:49:41]   |   action 33: 11 (0.0%)
[2026-08-25 08:49:41]   |   action 34: 9 (0.0%)
[2026-08-25 08:49:41]   | [relabel] saved: E:\program\JAVA\EFTLM-example\train\models\relabeled_20260825_084928.npz
[2026-08-25 08:49:41] run: train_ppo.py --data E:\program\JAVA\EFTLM-example\train\backup\data\session_20260825_084928 --out E:\program\JAVA\EFTLM-example\train\models\rl_model_v45.bin --zombie_dir E:\program\JAVA\touhou little maid - unknow sky area\prod_server\config\eftlm_stylish\trajectories_zombie --mix_ratio 0.1 --init E:\program\JAVA\EFTLM-example\train\models\rl_model_v44.bin --pretrain E:\program\JAVA\EFTLM-example\train\models\melee_pretrain_20260825_084928.npz --relabel E:\program\JAVA\EFTLM-example\train\models\relabeled_20260825_084928.npz
[2026-08-25 08:51:36]   | [train] device=cuda, samples=95324
[2026-08-25 08:51:36]   | [train] BC warmup...
[2026-08-25 08:51:36]   |   bc epoch 0: loss=1.4542 acc=0.893
[2026-08-25 08:51:36]   |   bc epoch 5: loss=1.3160 acc=0.900
[2026-08-25 08:51:36]   |   bc epoch 10: loss=1.2919 acc=0.898
[2026-08-25 08:51:36]   |   bc epoch 15: loss=1.2761 acc=0.902
[2026-08-25 08:51:36]   |   bc epoch 19: loss=1.2665 acc=0.901
[2026-08-25 08:51:36]   | [train] reward-weighted BC...
[2026-08-25 08:51:36]   |   rwbc epoch 0: loss=1.3613 acc=0.899
[2026-08-25 08:51:36]   |   rwbc epoch 1: loss=1.3571 acc=0.900
[2026-08-25 08:51:36]   | [export] model written: E:\program\JAVA\EFTLM-example\train\models\rl_model_v45.bin (38164 bytes)
[2026-08-25 08:51:36]   | [export] meta written: E:\program\JAVA\EFTLM-example\train\models\rl_model_v45.bin.meta.txt
[2026-08-25 08:51:36] deploy: previous deployed model backed up -> E:\program\JAVA\EFTLM-example\train\models\rl_model_prev_deployed_20260825_085136.bin
[2026-08-25 08:51:36] deploy: E:\program\JAVA\EFTLM-example\train\models\rl_model_v45.bin -> E:\program\JAVA\touhou little maid - unknow sky area\prod_server\config\eftlm_stylish\rl_model.bin (version=45)
[2026-08-25 08:51:36] deploy: /rl reload -> [rl] model reloaded: input=18 output=64 layers=4
  
[2026-08-25 08:51:38]   collecting... next iteration at 2026-08-25 14:48:58 (server start 08-24 20:48, round 3)
[2026-08-25 08:52:41]   collecting... next iteration at 2026-08-25 14:48:58 (server start 08-24 20:48, round 3)
[2026-08-25 08:53:43]   collecting... next iteration at 2026-08-25 14:48:58 (server start 08-24 20:48, round 3)
[2026-08-25 08:54:45]   collecting... next iteration at 2026-08-25 14:48:58 (server start 08-24 20:48, round 3)
[2026-08-25 08:55:47]   collecting... next iteration at 2026-08-25 14:48:58 (server start 08-24 20:48, round 3)
[2026-08-25 08:56:50]   collecting... next iteration at 2026-08-25 14:48:58 (server start 08-24 20:48, round 3)
[2026-08-25 08:57:52]   collecting... next iteration at 2026-08-25 14:48:58 (server start 08-24 20:48, round 3)
[2026-08-25 08:58:54]   collecting... next iteration at 2026-08-25 14:48:58 (server start 08-24 20:48, round 3)
[2026-08-25 08:59:56]   collecting... next iteration at 2026-08-25 14:48:58 (server start 08-24 20:48, round 3)
[2026-08-25 09:00:58]   collecting... next iteration at 2026-08-25 14:48:58 (server start 08-24 20:48, round 3)
[2026-08-25 09:02:00]   collecting... next iteration at 2026-08-25 14:48:58 (server start 08-24 20:48, round 3)
[2026-08-25 09:03:03]   collecting... next iteration at 2026-08-25 14:48:58 (server start 08-24 20:48, round 3)
[2026-08-25 09:04:05]   collecting... next iteration at 2026-08-25 14:48:58 (server start 08-24 20:48, round 3)
[2026-08-25 09:05:07]   collecting... next iteration at 2026-08-25 14:48:58 (server start 08-24 20:48, round 3)
[2026-08-25 09:06:09]   collecting... next iteration at 2026-08-25 14:48:58 (server start 08-24 20:48, round 3)
[2026-08-25 09:07:11]   collecting... next iteration at 2026-08-25 14:48:58 (server start 08-24 20:48, round 3)
[2026-08-25 09:08:13]   collecting... next iteration at 2026-08-25 14:48:58 (server start 08-24 20:48, round 3)
[2026-08-25 09:09:16]   collecting... next iteration at 2026-08-25 14:48:58 (server start 08-24 20:48, round 3)
[2026-08-25 09:10:18]   collecting... next iteration at 2026-08-25 14:48:58 (server start 08-24 20:48, round 3)
[2026-08-25 09:11:20]   collecting... next iteration at 2026-08-25 14:48:58 (server start 08-24 20:48, round 3)
[2026-08-25 09:12:22]   collecting... next iteration at 2026-08-25 14:48:58 (server start 08-24 20:48, round 3)
[2026-08-25 09:13:24]   collecting... next iteration at 2026-08-25 14:48:58 (server start 08-24 20:48, round 3)
[2026-08-25 09:14:26]   collecting... next iteration at 2026-08-25 14:48:58 (server start 08-24 20:48, round 3)
[2026-08-25 09:15:28]   collecting... next iteration at 2026-08-25 14:48:58 (server start 08-24 20:48, round 3)
[2026-08-25 09:16:31]   collecting... next iteration at 2026-08-25 14:48:58 (server start 08-24 20:48, round 3)
[2026-08-25 09:17:33]   collecting... next iteration at 2026-08-25 14:48:58 (server start 08-24 20:48, round 3)
[2026-08-25 09:18:35]   collecting... next iteration at 2026-08-25 14:48:58 (server start 08-24 20:48, round 3)
[2026-08-25 09:19:37]   collecting... next iteration at 2026-08-25 14:48:58 (server start 08-24 20:48, round 3)
[2026-08-25 09:20:39]   collecting... next iteration at 2026-08-25 14:48:58 (server start 08-24 20:48, round 3)
[2026-08-25 09:21:42]   collecting... next iteration at 2026-08-25 14:48:58 (server start 08-24 20:48, round 3)
[2026-08-25 09:22:43]   collecting... next iteration at 2026-08-25 14:48:58 (server start 08-24 20:48, round 3)
[2026-08-25 09:23:45]   collecting... next iteration at 2026-08-25 14:48:58 (server start 08-24 20:48, round 3)
[2026-08-25 09:24:47]   collecting... next iteration at 2026-08-25 14:48:58 (server start 08-24 20:48, round 3)
[2026-08-25 09:25:50]   collecting... next iteration at 2026-08-25 14:48:58 (server start 08-24 20:48, round 3)
[2026-08-25 09:26:52]   collecting... next iteration at 2026-08-25 14:48:58 (server start 08-24 20:48, round 3)
[2026-08-25 09:27:54]   collecting... next iteration at 2026-08-25 14:48:58 (server start 08-24 20:48, round 3)
[2026-08-25 09:28:56]   collecting... next iteration at 2026-08-25 14:48:58 (server start 08-24 20:48, round 3)
[2026-08-25 09:29:59]   collecting... next iteration at 2026-08-25 14:48:58 (server start 08-24 20:48, round 3)
[2026-08-25 09:31:02]   collecting... next iteration at 2026-08-25 14:48:58 (server start 08-24 20:48, round 3)
[2026-08-25 09:32:05]   collecting... next iteration at 2026-08-25 14:48:58 (server start 08-24 20:48, round 3)
[2026-08-25 09:33:07]   collecting... next iteration at 2026-08-25 14:48:58 (server start 08-24 20:48, round 3)
[2026-08-25 09:34:10]   collecting... next iteration at 2026-08-25 14:48:58 (server start 08-24 20:48, round 3)
[2026-08-25 09:35:12]   collecting... next iteration at 2026-08-25 14:48:58 (server start 08-24 20:48, round 3)
[2026-08-25 09:36:15]   collecting... next iteration at 2026-08-25 14:48:58 (server start 08-24 20:48, round 3)
[2026-08-25 09:37:17]   collecting... next iteration at 2026-08-25 14:48:58 (server start 08-24 20:48, round 3)
[2026-08-25 09:38:20]   collecting... next iteration at 2026-08-25 14:48:58 (server start 08-24 20:48, round 3)
[2026-08-25 09:39:22]   collecting... next iteration at 2026-08-25 14:48:58 (server start 08-24 20:48, round 3)
[2026-08-25 09:40:25]   collecting... next iteration at 2026-08-25 14:48:58 (server start 08-24 20:48, round 3)
[2026-08-25 09:41:27]   collecting... next iteration at 2026-08-25 14:48:58 (server start 08-24 20:48, round 3)
[2026-08-25 09:42:30]   collecting... next iteration at 2026-08-25 14:48:58 (server start 08-24 20:48, round 3)
[2026-08-25 09:43:32]   collecting... next iteration at 2026-08-25 14:48:58 (server start 08-24 20:48, round 3)
[2026-08-25 09:44:35]   collecting... next iteration at 2026-08-25 14:48:58 (server start 08-24 20:48, round 3)
[2026-08-25 09:45:38]   collecting... next iteration at 2026-08-25 14:48:58 (server start 08-24 20:48, round 3)
[2026-08-25 09:46:40]   collecting... next iteration at 2026-08-25 14:48:58 (server start 08-24 20:48, round 3)
[2026-08-25 09:47:43]   collecting... next iteration at 2026-08-25 14:48:58 (server start 08-24 20:48, round 3)
[2026-08-25 09:48:46]   collecting... next iteration at 2026-08-25 14:48:58 (server start 08-24 20:48, round 3)
[2026-08-25 09:49:48]   collecting... next iteration at 2026-08-25 14:48:58 (server start 08-24 20:48, round 3)
[2026-08-25 09:50:50]   collecting... next iteration at 2026-08-25 14:48:58 (server start 08-24 20:48, round 3)
[2026-08-25 09:51:53]   collecting... next iteration at 2026-08-25 14:48:58 (server start 08-24 20:48, round 3)
[2026-08-25 09:52:55]   collecting... next iteration at 2026-08-25 14:48:58 (server start 08-24 20:48, round 3)
[2026-08-25 09:53:58]   collecting... next iteration at 2026-08-25 14:48:58 (server start 08-24 20:48, round 3)
[2026-08-25 09:55:00]   collecting... next iteration at 2026-08-25 14:48:58 (server start 08-24 20:48, round 3)
[2026-08-25 09:56:03]   collecting... next iteration at 2026-08-25 14:48:58 (server start 08-24 20:48, round 3)
[2026-08-25 09:57:05]   collecting... next iteration at 2026-08-25 14:48:58 (server start 08-24 20:48, round 3)
[2026-08-25 09:58:07]   collecting... next iteration at 2026-08-25 14:48:58 (server start 08-24 20:48, round 3)
[2026-08-25 09:59:10]   collecting... next iteration at 2026-08-25 14:48:58 (server start 08-24 20:48, round 3)
[2026-08-25 10:00:12]   collecting... next iteration at 2026-08-25 14:48:58 (server start 08-24 20:48, round 3)
[2026-08-25 10:01:15]   collecting... next iteration at 2026-08-25 14:48:58 (server start 08-24 20:48, round 3)
[2026-08-25 10:02:17]   collecting... next iteration at 2026-08-25 14:48:58 (server start 08-24 20:48, round 3)
[2026-08-25 10:03:19]   collecting... next iteration at 2026-08-25 14:48:58 (server start 08-24 20:48, round 3)
[2026-08-25 10:04:22]   collecting... next iteration at 2026-08-25 14:48:58 (server start 08-24 20:48, round 3)
[2026-08-25 10:05:24]   collecting... next iteration at 2026-08-25 14:48:58 (server start 08-24 20:48, round 3)
[2026-08-25 10:06:26]   collecting... next iteration at 2026-08-25 14:48:58 (server start 08-24 20:48, round 3)
[2026-08-25 10:07:29]   collecting... next iteration at 2026-08-25 14:48:58 (server start 08-24 20:48, round 3)
[2026-08-25 10:08:31]   collecting... next iteration at 2026-08-25 14:48:58 (server start 08-24 20:48, round 3)
[2026-08-25 10:09:33]   collecting... next iteration at 2026-08-25 14:48:58 (server start 08-24 20:48, round 3)
[2026-08-25 10:10:36]   collecting... next iteration at 2026-08-25 14:48:58 (server start 08-24 20:48, round 3)
[2026-08-25 10:11:38]   collecting... next iteration at 2026-08-25 14:48:58 (server start 08-24 20:48, round 3)
[2026-08-25 10:12:40]   collecting... next iteration at 2026-08-25 14:48:58 (server start 08-24 20:48, round 3)
[2026-08-25 10:13:42]   collecting... next iteration at 2026-08-25 14:48:58 (server start 08-24 20:48, round 3)
[2026-08-25 10:14:45]   collecting... next iteration at 2026-08-25 14:48:58 (server start 08-24 20:48, round 3)
[2026-08-25 10:15:47]   collecting... next iteration at 2026-08-25 14:48:58 (server start 08-24 20:48, round 3)
[2026-08-25 10:16:50]   collecting... next iteration at 2026-08-25 14:48:58 (server start 08-24 20:48, round 3)
[2026-08-25 10:17:52]   collecting... next iteration at 2026-08-25 14:48:58 (server start 08-24 20:48, round 3)
[2026-08-25 10:18:55]   collecting... next iteration at 2026-08-25 14:48:58 (server start 08-24 20:48, round 3)
[2026-08-25 10:19:57]   collecting... next iteration at 2026-08-25 14:48:58 (server start 08-24 20:48, round 3)
[2026-08-25 10:20:59]   collecting... next iteration at 2026-08-25 14:48:58 (server start 08-24 20:48, round 3)
[2026-08-25 10:22:01]   collecting... next iteration at 2026-08-25 14:48:58 (server start 08-24 20:48, round 3)
[2026-08-25 10:23:04]   collecting... next iteration at 2026-08-25 14:48:58 (server start 08-24 20:48, round 3)
[2026-08-25 10:24:07]   collecting... next iteration at 2026-08-25 14:48:58 (server start 08-24 20:48, round 3)
[2026-08-25 10:25:09]   collecting... next iteration at 2026-08-25 14:48:58 (server start 08-24 20:48, round 3)
[2026-08-25 10:26:11]   collecting... next iteration at 2026-08-25 14:48:58 (server start 08-24 20:48, round 3)
[2026-08-25 10:27:14]   collecting... next iteration at 2026-08-25 14:48:58 (server start 08-24 20:48, round 3)
[2026-08-25 10:28:16]   collecting... next iteration at 2026-08-25 14:48:58 (server start 08-24 20:48, round 3)
[2026-08-25 10:29:18]   collecting... next iteration at 2026-08-25 14:48:58 (server start 08-24 20:48, round 3)
[2026-08-25 10:30:21]   collecting... next iteration at 2026-08-25 14:48:58 (server start 08-24 20:48, round 3)
[2026-08-25 10:31:23]   collecting... next iteration at 2026-08-25 14:48:58 (server start 08-24 20:48, round 3)
[2026-08-25 10:32:25]   collecting... next iteration at 2026-08-25 14:48:58 (server start 08-24 20:48, round 3)
[2026-08-25 10:33:28]   collecting... next iteration at 2026-08-25 14:48:58 (server start 08-24 20:48, round 3)
[2026-08-25 10:34:30]   collecting... next iteration at 2026-08-25 14:48:58 (server start 08-24 20:48, round 3)
[2026-08-25 10:35:33]   collecting... next iteration at 2026-08-25 14:48:58 (server start 08-24 20:48, round 3)
[2026-08-25 10:36:35]   collecting... next iteration at 2026-08-25 14:48:58 (server start 08-24 20:48, round 3)
[2026-08-25 10:37:37]   collecting... next iteration at 2026-08-25 14:48:58 (server start 08-24 20:48, round 3)
[2026-08-25 10:38:40]   collecting... next iteration at 2026-08-25 14:48:58 (server start 08-24 20:48, round 3)
[2026-08-25 10:39:43]   collecting... next iteration at 2026-08-25 14:48:58 (server start 08-24 20:48, round 3)
[2026-08-25 10:40:45]   collecting... next iteration at 2026-08-25 14:48:58 (server start 08-24 20:48, round 3)
[2026-08-25 10:41:47]   collecting... next iteration at 2026-08-25 14:48:58 (server start 08-24 20:48, round 3)
[2026-08-25 10:42:49]   collecting... next iteration at 2026-08-25 14:48:58 (server start 08-24 20:48, round 3)
[2026-08-25 10:43:52]   collecting... next iteration at 2026-08-25 14:48:58 (server start 08-24 20:48, round 3)
[2026-08-25 10:44:54]   collecting... next iteration at 2026-08-25 14:48:58 (server start 08-24 20:48, round 3)
[2026-08-25 10:45:57]   collecting... next iteration at 2026-08-25 14:48:58 (server start 08-24 20:48, round 3)
[2026-08-25 10:46:59]   collecting... next iteration at 2026-08-25 14:48:58 (server start 08-24 20:48, round 3)
[2026-08-25 10:48:02]   collecting... next iteration at 2026-08-25 14:48:58 (server start 08-24 20:48, round 3)
[2026-08-25 10:49:04]   collecting... next iteration at 2026-08-25 14:48:58 (server start 08-24 20:48, round 3)
[2026-08-25 10:50:07]   collecting... next iteration at 2026-08-25 14:48:58 (server start 08-24 20:48, round 3)
[2026-08-25 10:51:09]   collecting... next iteration at 2026-08-25 14:48:58 (server start 08-24 20:48, round 3)
[2026-08-25 10:52:11]   collecting... next iteration at 2026-08-25 14:48:58 (server start 08-24 20:48, round 3)
[2026-08-25 10:53:14]   collecting... next iteration at 2026-08-25 14:48:58 (server start 08-24 20:48, round 3)
[2026-08-25 10:54:16]   collecting... next iteration at 2026-08-25 14:48:58 (server start 08-24 20:48, round 3)
[2026-08-25 10:55:18]   collecting... next iteration at 2026-08-25 14:48:58 (server start 08-24 20:48, round 3)
[2026-08-25 10:56:20]   collecting... next iteration at 2026-08-25 14:48:58 (server start 08-24 20:48, round 3)
[2026-08-25 10:57:23]   collecting... next iteration at 2026-08-25 14:48:58 (server start 08-24 20:48, round 3)
[2026-08-25 10:58:25]   collecting... next iteration at 2026-08-25 14:48:58 (server start 08-24 20:48, round 3)
[2026-08-25 10:59:27]   collecting... next iteration at 2026-08-25 14:48:58 (server start 08-24 20:48, round 3)
[2026-08-25 11:00:29]   collecting... next iteration at 2026-08-25 14:48:58 (server start 08-24 20:48, round 3)
[2026-08-25 11:01:32]   collecting... next iteration at 2026-08-25 14:48:58 (server start 08-24 20:48, round 3)
[2026-08-25 11:02:35]   collecting... next iteration at 2026-08-25 14:48:58 (server start 08-24 20:48, round 3)
[2026-08-25 11:03:37]   collecting... next iteration at 2026-08-25 14:48:58 (server start 08-24 20:48, round 3)
[2026-08-25 11:04:39]   collecting... next iteration at 2026-08-25 14:48:58 (server start 08-24 20:48, round 3)
[2026-08-25 11:05:42]   collecting... next iteration at 2026-08-25 14:48:58 (server start 08-24 20:48, round 3)
[2026-08-25 11:06:44]   collecting... next iteration at 2026-08-25 14:48:58 (server start 08-24 20:48, round 3)
[2026-08-25 11:07:47]   collecting... next iteration at 2026-08-25 14:48:58 (server start 08-24 20:48, round 3)
[2026-08-25 11:08:49]   collecting... next iteration at 2026-08-25 14:48:58 (server start 08-24 20:48, round 3)
[2026-08-25 11:09:52]   collecting... next iteration at 2026-08-25 14:48:58 (server start 08-24 20:48, round 3)
[2026-08-25 11:10:54]   collecting... next iteration at 2026-08-25 14:48:58 (server start 08-24 20:48, round 3)
[2026-08-25 11:11:56]   collecting... next iteration at 2026-08-25 14:48:58 (server start 08-24 20:48, round 3)
[2026-08-25 11:12:59]   collecting... next iteration at 2026-08-25 14:48:58 (server start 08-24 20:48, round 3)
[2026-08-25 11:14:01]   collecting... next iteration at 2026-08-25 14:48:58 (server start 08-24 20:48, round 3)
[2026-08-25 11:15:03]   collecting... next iteration at 2026-08-25 14:48:58 (server start 08-24 20:48, round 3)
[2026-08-25 11:16:05]   collecting... next iteration at 2026-08-25 14:48:58 (server start 08-24 20:48, round 3)
[2026-08-25 11:17:08]   collecting... next iteration at 2026-08-25 14:48:58 (server start 08-24 20:48, round 3)
[2026-08-25 11:18:10]   collecting... next iteration at 2026-08-25 14:48:58 (server start 08-24 20:48, round 3)
[2026-08-25 11:19:12]   collecting... next iteration at 2026-08-25 14:48:58 (server start 08-24 20:48, round 3)
[2026-08-25 11:20:15]   collecting... next iteration at 2026-08-25 14:48:58 (server start 08-24 20:48, round 3)
[2026-08-25 11:21:17]   collecting... next iteration at 2026-08-25 14:48:58 (server start 08-24 20:48, round 3)
[2026-08-25 11:22:19]   collecting... next iteration at 2026-08-25 14:48:58 (server start 08-24 20:48, round 3)
[2026-08-25 11:23:22]   collecting... next iteration at 2026-08-25 14:48:58 (server start 08-24 20:48, round 3)
[2026-08-25 11:24:24]   collecting... next iteration at 2026-08-25 14:48:58 (server start 08-24 20:48, round 3)
[2026-08-25 11:25:27]   collecting... next iteration at 2026-08-25 14:48:58 (server start 08-24 20:48, round 3)
[2026-08-25 11:26:29]   collecting... next iteration at 2026-08-25 14:48:58 (server start 08-24 20:48, round 3)
[2026-08-25 11:27:31]   collecting... next iteration at 2026-08-25 14:48:58 (server start 08-24 20:48, round 3)
[2026-08-25 11:28:33]   collecting... next iteration at 2026-08-25 14:48:58 (server start 08-24 20:48, round 3)
[2026-08-25 11:29:36]   collecting... next iteration at 2026-08-25 14:48:58 (server start 08-24 20:48, round 3)
[2026-08-25 11:30:38]   collecting... next iteration at 2026-08-25 14:48:58 (server start 08-24 20:48, round 3)
[2026-08-25 11:31:41]   collecting... next iteration at 2026-08-25 14:48:58 (server start 08-24 20:48, round 3)
[2026-08-25 11:32:43]   collecting... next iteration at 2026-08-25 14:48:58 (server start 08-24 20:48, round 3)
[2026-08-25 11:33:45]   collecting... next iteration at 2026-08-25 14:48:58 (server start 08-24 20:48, round 3)
[2026-08-25 11:34:48]   collecting... next iteration at 2026-08-25 14:48:58 (server start 08-24 20:48, round 3)
[2026-08-25 11:35:50]   collecting... next iteration at 2026-08-25 14:48:58 (server start 08-24 20:48, round 3)
[2026-08-25 11:36:52]   collecting... next iteration at 2026-08-25 14:48:58 (server start 08-24 20:48, round 3)
[2026-08-25 11:37:54]   collecting... next iteration at 2026-08-25 14:48:58 (server start 08-24 20:48, round 3)
[2026-08-25 11:38:57]   collecting... next iteration at 2026-08-25 14:48:58 (server start 08-24 20:48, round 3)
[2026-08-25 11:39:59]   collecting... next iteration at 2026-08-25 14:48:58 (server start 08-24 20:48, round 3)
[2026-08-25 11:41:01]   collecting... next iteration at 2026-08-25 14:48:58 (server start 08-24 20:48, round 3)
[2026-08-25 11:42:03]   collecting... next iteration at 2026-08-25 14:48:58 (server start 08-24 20:48, round 3)
[2026-08-25 11:43:06]   collecting... next iteration at 2026-08-25 14:48:58 (server start 08-24 20:48, round 3)
[2026-08-25 11:44:08]   collecting... next iteration at 2026-08-25 14:48:58 (server start 08-24 20:48, round 3)
[2026-08-25 11:45:10]   collecting... next iteration at 2026-08-25 14:48:58 (server start 08-24 20:48, round 3)
[2026-08-25 11:46:13]   collecting... next iteration at 2026-08-25 14:48:58 (server start 08-24 20:48, round 3)
[2026-08-25 11:47:15]   collecting... next iteration at 2026-08-25 14:48:58 (server start 08-24 20:48, round 3)
[2026-08-25 11:48:17]   collecting... next iteration at 2026-08-25 14:48:58 (server start 08-24 20:48, round 3)
[2026-08-25 11:49:19]   collecting... next iteration at 2026-08-25 14:48:58 (server start 08-24 20:48, round 3)
[2026-08-25 11:50:21]   collecting... next iteration at 2026-08-25 14:48:58 (server start 08-24 20:48, round 3)
[2026-08-25 11:51:24]   collecting... next iteration at 2026-08-25 14:48:58 (server start 08-24 20:48, round 3)
[2026-08-25 11:52:26]   collecting... next iteration at 2026-08-25 14:48:58 (server start 08-24 20:48, round 3)
[2026-08-25 11:53:28]   collecting... next iteration at 2026-08-25 14:48:58 (server start 08-24 20:48, round 3)
[2026-08-25 11:54:30]   collecting... next iteration at 2026-08-25 14:48:58 (server start 08-24 20:48, round 3)
[2026-08-25 11:55:32]   collecting... next iteration at 2026-08-25 14:48:58 (server start 08-24 20:48, round 3)
[2026-08-25 11:56:34]   collecting... next iteration at 2026-08-25 14:48:58 (server start 08-24 20:48, round 3)
[2026-08-25 11:57:36]   collecting... next iteration at 2026-08-25 14:48:58 (server start 08-24 20:48, round 3)
[2026-08-25 11:58:38]   collecting... next iteration at 2026-08-25 14:48:58 (server start 08-24 20:48, round 3)
[2026-08-25 11:59:40]   collecting... next iteration at 2026-08-25 14:48:58 (server start 08-24 20:48, round 3)
[2026-08-25 12:00:42]   collecting... next iteration at 2026-08-25 14:48:58 (server start 08-24 20:48, round 3)
[2026-08-25 12:01:44]   collecting... next iteration at 2026-08-25 14:48:58 (server start 08-24 20:48, round 3)
[2026-08-25 12:02:46]   collecting... next iteration at 2026-08-25 14:48:58 (server start 08-24 20:48, round 3)
[2026-08-25 12:03:49]   collecting... next iteration at 2026-08-25 14:48:58 (server start 08-24 20:48, round 3)
[2026-08-25 12:04:51]   collecting... next iteration at 2026-08-25 14:48:58 (server start 08-24 20:48, round 3)
[2026-08-25 12:05:53]   collecting... next iteration at 2026-08-25 14:48:58 (server start 08-24 20:48, round 3)
[2026-08-25 12:06:55]   collecting... next iteration at 2026-08-25 14:48:58 (server start 08-24 20:48, round 3)
[2026-08-25 12:07:57]   collecting... next iteration at 2026-08-25 14:48:58 (server start 08-24 20:48, round 3)
[2026-08-25 12:08:59]   collecting... next iteration at 2026-08-25 14:48:58 (server start 08-24 20:48, round 3)
[2026-08-25 12:10:01]   collecting... next iteration at 2026-08-25 14:48:58 (server start 08-24 20:48, round 3)
[2026-08-25 12:11:04]   collecting... next iteration at 2026-08-25 14:48:58 (server start 08-24 20:48, round 3)
[2026-08-25 12:12:06]   collecting... next iteration at 2026-08-25 14:48:58 (server start 08-24 20:48, round 3)
[2026-08-25 12:13:08]   collecting... next iteration at 2026-08-25 14:48:58 (server start 08-24 20:48, round 3)
[2026-08-25 12:14:11]   collecting... next iteration at 2026-08-25 14:48:58 (server start 08-24 20:48, round 3)
[2026-08-25 12:15:13]   collecting... next iteration at 2026-08-25 14:48:58 (server start 08-24 20:48, round 3)
[2026-08-25 12:16:15]   collecting... next iteration at 2026-08-25 14:48:58 (server start 08-24 20:48, round 3)
[2026-08-25 12:17:17]   collecting... next iteration at 2026-08-25 14:48:58 (server start 08-24 20:48, round 3)
[2026-08-25 12:18:19]   collecting... next iteration at 2026-08-25 14:48:58 (server start 08-24 20:48, round 3)
[2026-08-25 12:19:22]   collecting... next iteration at 2026-08-25 14:48:58 (server start 08-24 20:48, round 3)
[2026-08-25 12:20:24]   collecting... next iteration at 2026-08-25 14:48:58 (server start 08-24 20:48, round 3)
[2026-08-25 12:21:26]   collecting... next iteration at 2026-08-25 14:48:58 (server start 08-24 20:48, round 3)
[2026-08-25 12:22:28]   collecting... next iteration at 2026-08-25 14:48:58 (server start 08-24 20:48, round 3)
[2026-08-25 12:23:30]   collecting... next iteration at 2026-08-25 14:48:58 (server start 08-24 20:48, round 3)
[2026-08-25 12:24:32]   collecting... next iteration at 2026-08-25 14:48:58 (server start 08-24 20:48, round 3)
[2026-08-25 12:25:35]   collecting... next iteration at 2026-08-25 14:48:58 (server start 08-24 20:48, round 3)
[2026-08-25 12:26:37]   collecting... next iteration at 2026-08-25 14:48:58 (server start 08-24 20:48, round 3)
[2026-08-25 12:27:39]   collecting... next iteration at 2026-08-25 14:48:58 (server start 08-24 20:48, round 3)
[2026-08-25 12:28:41]   collecting... next iteration at 2026-08-25 14:48:58 (server start 08-24 20:48, round 3)
[2026-08-25 12:29:43]   collecting... next iteration at 2026-08-25 14:48:58 (server start 08-24 20:48, round 3)
[2026-08-25 12:30:45]   collecting... next iteration at 2026-08-25 14:48:58 (server start 08-24 20:48, round 3)
[2026-08-25 12:31:47]   collecting... next iteration at 2026-08-25 14:48:58 (server start 08-24 20:48, round 3)
[2026-08-25 12:32:50]   collecting... next iteration at 2026-08-25 14:48:58 (server start 08-24 20:48, round 3)
[2026-08-25 12:33:52]   collecting... next iteration at 2026-08-25 14:48:58 (server start 08-24 20:48, round 3)
[2026-08-25 12:34:54]   collecting... next iteration at 2026-08-25 14:48:58 (server start 08-24 20:48, round 3)
[2026-08-25 12:35:56]   collecting... next iteration at 2026-08-25 14:48:58 (server start 08-24 20:48, round 3)
[2026-08-25 12:36:58]   collecting... next iteration at 2026-08-25 14:48:58 (server start 08-24 20:48, round 3)
[2026-08-25 12:38:01]   collecting... next iteration at 2026-08-25 14:48:58 (server start 08-24 20:48, round 3)
[2026-08-25 12:39:03]   collecting... next iteration at 2026-08-25 14:48:58 (server start 08-24 20:48, round 3)
[2026-08-25 12:40:05]   collecting... next iteration at 2026-08-25 14:48:58 (server start 08-24 20:48, round 3)
[2026-08-25 12:41:07]   collecting... next iteration at 2026-08-25 14:48:58 (server start 08-24 20:48, round 3)
[2026-08-25 12:42:09]   collecting... next iteration at 2026-08-25 14:48:58 (server start 08-24 20:48, round 3)
[2026-08-25 12:43:12]   collecting... next iteration at 2026-08-25 14:48:58 (server start 08-24 20:48, round 3)
[2026-08-25 12:44:14]   collecting... next iteration at 2026-08-25 14:48:58 (server start 08-24 20:48, round 3)
[2026-08-25 12:45:16]   collecting... next iteration at 2026-08-25 14:48:58 (server start 08-24 20:48, round 3)
[2026-08-25 12:46:18]   collecting... next iteration at 2026-08-25 14:48:58 (server start 08-24 20:48, round 3)
[2026-08-25 12:47:21]   collecting... next iteration at 2026-08-25 14:48:58 (server start 08-24 20:48, round 3)
[2026-08-25 12:48:23]   collecting... next iteration at 2026-08-25 14:48:58 (server start 08-24 20:48, round 3)
[2026-08-25 12:49:25]   collecting... next iteration at 2026-08-25 14:48:58 (server start 08-24 20:48, round 3)
[2026-08-25 12:50:27]   collecting... next iteration at 2026-08-25 14:48:58 (server start 08-24 20:48, round 3)
[2026-08-25 12:51:29]   collecting... next iteration at 2026-08-25 14:48:58 (server start 08-24 20:48, round 3)
[2026-08-25 12:52:32]   collecting... next iteration at 2026-08-25 14:48:58 (server start 08-24 20:48, round 3)
[2026-08-25 12:53:34]   collecting... next iteration at 2026-08-25 14:48:58 (server start 08-24 20:48, round 3)
[2026-08-25 12:54:36]   collecting... next iteration at 2026-08-25 14:48:58 (server start 08-24 20:48, round 3)
[2026-08-25 12:55:38]   collecting... next iteration at 2026-08-25 14:48:58 (server start 08-24 20:48, round 3)
[2026-08-25 12:56:41]   collecting... next iteration at 2026-08-25 14:48:58 (server start 08-24 20:48, round 3)
[2026-08-25 12:57:43]   collecting... next iteration at 2026-08-25 14:48:58 (server start 08-24 20:48, round 3)
[2026-08-25 12:58:45]   collecting... next iteration at 2026-08-25 14:48:58 (server start 08-24 20:48, round 3)
[2026-08-25 12:59:47]   collecting... next iteration at 2026-08-25 14:48:58 (server start 08-24 20:48, round 3)
[2026-08-25 13:00:49]   collecting... next iteration at 2026-08-25 14:48:58 (server start 08-24 20:48, round 3)
[2026-08-25 13:01:51]   collecting... next iteration at 2026-08-25 14:48:58 (server start 08-24 20:48, round 3)
[2026-08-25 13:02:54]   collecting... next iteration at 2026-08-25 14:48:58 (server start 08-24 20:48, round 3)
[2026-08-25 13:03:56]   collecting... next iteration at 2026-08-25 14:48:58 (server start 08-24 20:48, round 3)
[2026-08-25 13:04:58]   collecting... next iteration at 2026-08-25 14:48:58 (server start 08-24 20:48, round 3)
[2026-08-25 13:06:00]   collecting... next iteration at 2026-08-25 14:48:58 (server start 08-24 20:48, round 3)
[2026-08-25 13:07:02]   collecting... next iteration at 2026-08-25 14:48:58 (server start 08-24 20:48, round 3)
[2026-08-25 13:08:04]   collecting... next iteration at 2026-08-25 14:48:58 (server start 08-24 20:48, round 3)
[2026-08-25 13:09:07]   collecting... next iteration at 2026-08-25 14:48:58 (server start 08-24 20:48, round 3)
[2026-08-25 13:10:09]   collecting... next iteration at 2026-08-25 14:48:58 (server start 08-24 20:48, round 3)
[2026-08-25 13:11:11]   collecting... next iteration at 2026-08-25 14:48:58 (server start 08-24 20:48, round 3)
[2026-08-25 13:12:13]   collecting... next iteration at 2026-08-25 14:48:58 (server start 08-24 20:48, round 3)
[2026-08-25 13:13:15]   collecting... next iteration at 2026-08-25 14:48:58 (server start 08-24 20:48, round 3)
[2026-08-25 13:14:17]   collecting... next iteration at 2026-08-25 14:48:58 (server start 08-24 20:48, round 3)
[2026-08-25 13:15:19]   collecting... next iteration at 2026-08-25 14:48:58 (server start 08-24 20:48, round 3)
[2026-08-25 13:16:22]   collecting... next iteration at 2026-08-25 14:48:58 (server start 08-24 20:48, round 3)
[2026-08-25 13:17:24]   collecting... next iteration at 2026-08-25 14:48:58 (server start 08-24 20:48, round 3)
[2026-08-25 13:18:26]   collecting... next iteration at 2026-08-25 14:48:58 (server start 08-24 20:48, round 3)
[2026-08-25 13:19:29]   collecting... next iteration at 2026-08-25 14:48:58 (server start 08-24 20:48, round 3)
[2026-08-25 13:20:31]   collecting... next iteration at 2026-08-25 14:48:58 (server start 08-24 20:48, round 3)
[2026-08-25 13:21:34]   collecting... next iteration at 2026-08-25 14:48:58 (server start 08-24 20:48, round 3)
[2026-08-25 13:22:36]   collecting... next iteration at 2026-08-25 14:48:58 (server start 08-24 20:48, round 3)
[2026-08-25 13:23:38]   collecting... next iteration at 2026-08-25 14:48:58 (server start 08-24 20:48, round 3)
[2026-08-25 13:24:41]   collecting... next iteration at 2026-08-25 14:48:58 (server start 08-24 20:48, round 3)
[2026-08-25 13:25:43]   collecting... next iteration at 2026-08-25 14:48:58 (server start 08-24 20:48, round 3)
[2026-08-25 13:26:45]   collecting... next iteration at 2026-08-25 14:48:58 (server start 08-24 20:48, round 3)
[2026-08-25 13:27:48]   collecting... next iteration at 2026-08-25 14:48:58 (server start 08-24 20:48, round 3)
[2026-08-25 13:28:50]   collecting... next iteration at 2026-08-25 14:48:58 (server start 08-24 20:48, round 3)
[2026-08-25 13:29:52]   collecting... next iteration at 2026-08-25 14:48:58 (server start 08-24 20:48, round 3)
[2026-08-25 13:30:54]   collecting... next iteration at 2026-08-25 14:48:58 (server start 08-24 20:48, round 3)
[2026-08-25 13:31:56]   collecting... next iteration at 2026-08-25 14:48:58 (server start 08-24 20:48, round 3)
[2026-08-25 13:32:59]   collecting... next iteration at 2026-08-25 14:48:58 (server start 08-24 20:48, round 3)
[2026-08-25 13:34:01]   collecting... next iteration at 2026-08-25 14:48:58 (server start 08-24 20:48, round 3)
[2026-08-25 13:35:03]   collecting... next iteration at 2026-08-25 14:48:58 (server start 08-24 20:48, round 3)
[2026-08-25 13:36:05]   collecting... next iteration at 2026-08-25 14:48:58 (server start 08-24 20:48, round 3)
[2026-08-25 13:37:07]   collecting... next iteration at 2026-08-25 14:48:58 (server start 08-24 20:48, round 3)
[2026-08-25 13:38:09]   collecting... next iteration at 2026-08-25 14:48:58 (server start 08-24 20:48, round 3)
[2026-08-25 13:39:12]   collecting... next iteration at 2026-08-25 14:48:58 (server start 08-24 20:48, round 3)
[2026-08-25 13:40:14]   collecting... next iteration at 2026-08-25 14:48:58 (server start 08-24 20:48, round 3)
[2026-08-25 13:41:16]   collecting... next iteration at 2026-08-25 14:48:58 (server start 08-24 20:48, round 3)
[2026-08-25 13:42:18]   collecting... next iteration at 2026-08-25 14:48:58 (server start 08-24 20:48, round 3)
[2026-08-25 13:43:20]   collecting... next iteration at 2026-08-25 14:48:58 (server start 08-24 20:48, round 3)
[2026-08-25 13:44:22]   collecting... next iteration at 2026-08-25 14:48:58 (server start 08-24 20:48, round 3)
[2026-08-25 13:45:24]   collecting... next iteration at 2026-08-25 14:48:58 (server start 08-24 20:48, round 3)
[2026-08-25 13:46:26]   collecting... next iteration at 2026-08-25 14:48:58 (server start 08-24 20:48, round 3)
[2026-08-25 13:47:29]   collecting... next iteration at 2026-08-25 14:48:58 (server start 08-24 20:48, round 3)
[2026-08-25 13:48:31]   collecting... next iteration at 2026-08-25 14:48:58 (server start 08-24 20:48, round 3)
[2026-08-25 13:49:37]   collecting... next iteration at 2026-08-25 14:48:58 (server start 08-24 20:48, round 3)
[2026-08-25 13:50:39]   collecting... next iteration at 2026-08-25 14:48:58 (server start 08-24 20:48, round 3)
[2026-08-25 13:51:41]   collecting... next iteration at 2026-08-25 14:48:58 (server start 08-24 20:48, round 3)
[2026-08-25 13:52:44]   collecting... next iteration at 2026-08-25 14:48:58 (server start 08-24 20:48, round 3)
[2026-08-25 13:53:47]   collecting... next iteration at 2026-08-25 14:48:58 (server start 08-24 20:48, round 3)
[2026-08-25 13:54:49]   collecting... next iteration at 2026-08-25 14:48:58 (server start 08-24 20:48, round 3)
[2026-08-25 13:55:51]   collecting... next iteration at 2026-08-25 14:48:58 (server start 08-24 20:48, round 3)
[2026-08-25 13:56:54]   collecting... next iteration at 2026-08-25 14:48:58 (server start 08-24 20:48, round 3)
[2026-08-25 13:57:56]   collecting... next iteration at 2026-08-25 14:48:58 (server start 08-24 20:48, round 3)
[2026-08-25 13:58:58]   collecting... next iteration at 2026-08-25 14:48:58 (server start 08-24 20:48, round 3)
[2026-08-25 14:00:00]   collecting... next iteration at 2026-08-25 14:48:58 (server start 08-24 20:48, round 3)
[2026-08-25 14:01:03]   collecting... next iteration at 2026-08-25 14:48:58 (server start 08-24 20:48, round 3)
[2026-08-25 14:02:05]   collecting... next iteration at 2026-08-25 14:48:58 (server start 08-24 20:48, round 3)
[2026-08-25 14:03:07]   collecting... next iteration at 2026-08-25 14:48:58 (server start 08-24 20:48, round 3)
[2026-08-25 14:04:09]   collecting... next iteration at 2026-08-25 14:48:58 (server start 08-24 20:48, round 3)
[2026-08-25 14:05:12]   collecting... next iteration at 2026-08-25 14:48:58 (server start 08-24 20:48, round 3)
[2026-08-25 14:06:14]   collecting... next iteration at 2026-08-25 14:48:58 (server start 08-24 20:48, round 3)
[2026-08-25 14:07:16]   collecting... next iteration at 2026-08-25 14:48:58 (server start 08-24 20:48, round 3)
[2026-08-25 14:08:18]   collecting... next iteration at 2026-08-25 14:48:58 (server start 08-24 20:48, round 3)
[2026-08-25 14:09:21]   collecting... next iteration at 2026-08-25 14:48:58 (server start 08-24 20:48, round 3)
[2026-08-25 14:10:22]   collecting... next iteration at 2026-08-25 14:48:58 (server start 08-24 20:48, round 3)
[2026-08-25 14:11:24]   collecting... next iteration at 2026-08-25 14:48:58 (server start 08-24 20:48, round 3)
[2026-08-25 14:12:27]   collecting... next iteration at 2026-08-25 14:48:58 (server start 08-24 20:48, round 3)
[2026-08-25 14:13:29]   collecting... next iteration at 2026-08-25 14:48:58 (server start 08-24 20:48, round 3)
[2026-08-25 14:14:31]   collecting... next iteration at 2026-08-25 14:48:58 (server start 08-24 20:48, round 3)
[2026-08-25 14:15:33]   collecting... next iteration at 2026-08-25 14:48:58 (server start 08-24 20:48, round 3)
[2026-08-25 14:16:35]   collecting... next iteration at 2026-08-25 14:48:58 (server start 08-24 20:48, round 3)
[2026-08-25 14:17:38]   collecting... next iteration at 2026-08-25 14:48:58 (server start 08-24 20:48, round 3)
[2026-08-25 14:18:40]   collecting... next iteration at 2026-08-25 14:48:58 (server start 08-24 20:48, round 3)
[2026-08-25 14:19:43]   collecting... next iteration at 2026-08-25 14:48:58 (server start 08-24 20:48, round 3)
[2026-08-25 14:20:45]   collecting... next iteration at 2026-08-25 14:48:58 (server start 08-24 20:48, round 3)
[2026-08-25 14:21:47]   collecting... next iteration at 2026-08-25 14:48:58 (server start 08-24 20:48, round 3)
[2026-08-25 14:22:50]   collecting... next iteration at 2026-08-25 14:48:58 (server start 08-24 20:48, round 3)
[2026-08-25 14:23:52]   collecting... next iteration at 2026-08-25 14:48:58 (server start 08-24 20:48, round 3)
[2026-08-25 14:24:54]   collecting... next iteration at 2026-08-25 14:48:58 (server start 08-24 20:48, round 3)
[2026-08-25 14:25:56]   collecting... next iteration at 2026-08-25 14:48:58 (server start 08-24 20:48, round 3)
[2026-08-25 14:26:59]   collecting... next iteration at 2026-08-25 14:48:58 (server start 08-24 20:48, round 3)
[2026-08-25 14:28:01]   collecting... next iteration at 2026-08-25 14:48:58 (server start 08-24 20:48, round 3)
[2026-08-25 14:29:03]   collecting... next iteration at 2026-08-25 14:48:58 (server start 08-24 20:48, round 3)
[2026-08-25 14:30:05]   collecting... next iteration at 2026-08-25 14:48:58 (server start 08-24 20:48, round 3)
[2026-08-25 14:31:08]   collecting... next iteration at 2026-08-25 14:48:58 (server start 08-24 20:48, round 3)
[2026-08-25 14:32:10]   collecting... next iteration at 2026-08-25 14:48:58 (server start 08-24 20:48, round 3)
[2026-08-25 14:33:12]   collecting... next iteration at 2026-08-25 14:48:58 (server start 08-24 20:48, round 3)
[2026-08-25 14:34:15]   collecting... next iteration at 2026-08-25 14:48:58 (server start 08-24 20:48, round 3)
[2026-08-25 14:35:17]   collecting... next iteration at 2026-08-25 14:48:58 (server start 08-24 20:48, round 3)
[2026-08-25 14:36:20]   collecting... next iteration at 2026-08-25 14:48:58 (server start 08-24 20:48, round 3)
[2026-08-25 14:37:22]   collecting... next iteration at 2026-08-25 14:48:58 (server start 08-24 20:48, round 3)
[2026-08-25 14:38:24]   collecting... next iteration at 2026-08-25 14:48:58 (server start 08-24 20:48, round 3)
[2026-08-25 14:39:27]   collecting... next iteration at 2026-08-25 14:48:58 (server start 08-24 20:48, round 3)
[2026-08-25 14:40:29]   collecting... next iteration at 2026-08-25 14:48:58 (server start 08-24 20:48, round 3)
[2026-08-25 14:41:31]   collecting... next iteration at 2026-08-25 14:48:58 (server start 08-24 20:48, round 3)
[2026-08-25 14:42:33]   collecting... next iteration at 2026-08-25 14:48:58 (server start 08-24 20:48, round 3)
[2026-08-25 14:43:35]   collecting... next iteration at 2026-08-25 14:48:58 (server start 08-24 20:48, round 3)
[2026-08-25 14:44:38]   collecting... next iteration at 2026-08-25 14:48:58 (server start 08-24 20:48, round 3)
[2026-08-25 14:45:40]   collecting... next iteration at 2026-08-25 14:48:58 (server start 08-24 20:48, round 3)
[2026-08-25 14:46:42]   collecting... next iteration at 2026-08-25 14:48:58 (server start 08-24 20:48, round 3)
[2026-08-25 14:47:44]   collecting... next iteration at 2026-08-25 14:48:58 (server start 08-24 20:48, round 3)
[2026-08-25 14:48:46]   collecting... next iteration at 2026-08-25 14:48:58 (server start 08-24 20:48, round 3)
[2026-08-25 14:49:53] snapshot: 506/15897 new trajectories -> E:\program\JAVA\EFTLM-example\train\backup\data\session_20260825_144948
[2026-08-25 14:49:53] run: extract_melee.py --data E:\program\JAVA\touhou little maid - unknow sky area\prod_server\config\eftlm_stylish\trajectories --out E:\program\JAVA\EFTLM-example\train\models\melee_pretrain_20260825_144948.npz
[2026-08-25 14:50:03]   |   action 32: 251 (0.0%)
[2026-08-25 14:50:03]   |   action 33: 96 (0.0%)
[2026-08-25 14:50:03]   |   action 34: 92 (0.0%)
[2026-08-25 14:50:03]   |   action 42: 1 (0.0%)
[2026-08-25 14:50:03]   |   action 43: 1 (0.0%)
[2026-08-25 14:50:03]   |   action 46: 1 (0.0%)
[2026-08-25 14:50:03]   |   action 48: 1 (0.0%)
[2026-08-25 14:50:03]   |   action 52: 2 (0.0%)
[2026-08-25 14:50:03]   |   action 53: 1 (0.0%)
[2026-08-25 14:50:03]   |   action 54: 2 (0.0%)
[2026-08-25 14:50:03]   |   action 56: 1 (0.0%)
[2026-08-25 14:50:03]   | [extract] saved: E:\program\JAVA\EFTLM-example\train\models\melee_pretrain_20260825_144948.npz
[2026-08-25 14:50:03] run: crucible.py --data E:\program\JAVA\EFTLM-example\train\backup\data\session_20260825_144948 --out E:\program\JAVA\EFTLM-example\train\models\pretrain_fancy_20260825_144948.npz
[2026-08-25 14:50:04]   |   action 23: 117 (0.2%)
[2026-08-25 14:50:04]   |   action 24: 101 (0.2%)
[2026-08-25 14:50:04]   |   action 25: 114 (0.2%)
[2026-08-25 14:50:04]   |   action 26: 110 (0.2%)
[2026-08-25 14:50:04]   |   action 27: 133 (0.2%)
[2026-08-25 14:50:04]   |   action 28: 170 (0.3%)
[2026-08-25 14:50:04]   |   action 29: 170 (0.3%)
[2026-08-25 14:50:04]   |   action 30: 114 (0.2%)
[2026-08-25 14:50:04]   |   action 31: 47 (0.1%)
[2026-08-25 14:50:04]   |   action 32: 121 (0.2%)
[2026-08-25 14:50:04]   |   action 33: 13 (0.0%)
[2026-08-25 14:50:04]   |   action 34: 32 (0.1%)
[2026-08-25 14:50:04] run: relabel.py --data E:\program\JAVA\EFTLM-example\train\backup\data\session_20260825_144948 --out E:\program\JAVA\EFTLM-example\train\models\relabeled_20260825_144948.npz
[2026-08-25 14:50:08]   |   action 24: 47 (0.1%)
[2026-08-25 14:50:08]   |   action 25: 57 (0.1%)
[2026-08-25 14:50:08]   |   action 26: 46 (0.1%)
[2026-08-25 14:50:08]   |   action 27: 45 (0.1%)
[2026-08-25 14:50:08]   |   action 28: 49 (0.1%)
[2026-08-25 14:50:08]   |   action 29: 49 (0.1%)
[2026-08-25 14:50:08]   |   action 30: 43 (0.0%)
[2026-08-25 14:50:08]   |   action 31: 22 (0.0%)
[2026-08-25 14:50:08]   |   action 32: 40 (0.0%)
[2026-08-25 14:50:08]   |   action 33: 10 (0.0%)
[2026-08-25 14:50:08]   |   action 34: 13 (0.0%)
[2026-08-25 14:50:08]   | [relabel] saved: E:\program\JAVA\EFTLM-example\train\models\relabeled_20260825_144948.npz
[2026-08-25 14:50:08] run: train_ppo.py --data E:\program\JAVA\EFTLM-example\train\backup\data\session_20260825_144948 --out E:\program\JAVA\EFTLM-example\train\models\rl_model_v46.bin --zombie_dir E:\program\JAVA\touhou little maid - unknow sky area\prod_server\config\eftlm_stylish\trajectories_zombie --mix_ratio 0.1 --init E:\program\JAVA\EFTLM-example\train\models\rl_model_v45.bin --pretrain E:\program\JAVA\EFTLM-example\train\models\melee_pretrain_20260825_144948.npz --relabel E:\program\JAVA\EFTLM-example\train\models\relabeled_20260825_144948.npz
[2026-08-25 14:52:08]   | [train] device=cuda, samples=95860
[2026-08-25 14:52:08]   | [train] BC warmup...
[2026-08-25 14:52:08]   |   bc epoch 0: loss=1.4398 acc=0.889
[2026-08-25 14:52:08]   |   bc epoch 5: loss=1.3427 acc=0.892
[2026-08-25 14:52:08]   |   bc epoch 10: loss=1.3169 acc=0.900
[2026-08-25 14:52:08]   |   bc epoch 15: loss=1.3031 acc=0.897
[2026-08-25 14:52:08]   |   bc epoch 19: loss=1.2934 acc=0.900
[2026-08-25 14:52:08]   | [train] reward-weighted BC...
[2026-08-25 14:52:08]   |   rwbc epoch 0: loss=1.3901 acc=0.895
[2026-08-25 14:52:08]   |   rwbc epoch 1: loss=1.3812 acc=0.895
[2026-08-25 14:52:08]   | [export] model written: E:\program\JAVA\EFTLM-example\train\models\rl_model_v46.bin (38164 bytes)
[2026-08-25 14:52:08]   | [export] meta written: E:\program\JAVA\EFTLM-example\train\models\rl_model_v46.bin.meta.txt
[2026-08-25 14:52:08] deploy: previous deployed model backed up -> E:\program\JAVA\EFTLM-example\train\models\rl_model_prev_deployed_20260825_145208.bin
[2026-08-25 14:52:08] deploy: E:\program\JAVA\EFTLM-example\train\models\rl_model_v46.bin -> E:\program\JAVA\touhou little maid - unknow sky area\prod_server\config\eftlm_stylish\rl_model.bin (version=46)
[2026-08-25 14:52:08] deploy: /rl reload -> [rl] model reloaded: input=18 output=64 layers=4
  
[2026-08-25 14:52:10]   collecting... next iteration at 2026-08-25 20:48:58 (server start 08-24 20:48, round 4)
[2026-08-25 14:53:12]   collecting... next iteration at 2026-08-25 20:48:58 (server start 08-24 20:48, round 4)
[2026-08-25 14:54:15]   collecting... next iteration at 2026-08-25 20:48:58 (server start 08-24 20:48, round 4)
[2026-08-25 14:55:17]   collecting... next iteration at 2026-08-25 20:48:58 (server start 08-24 20:48, round 4)
[2026-08-25 14:56:19]   collecting... next iteration at 2026-08-25 20:48:58 (server start 08-24 20:48, round 4)
[2026-08-25 14:57:22]   collecting... next iteration at 2026-08-25 20:48:58 (server start 08-24 20:48, round 4)
[2026-08-25 14:58:24]   collecting... next iteration at 2026-08-25 20:48:58 (server start 08-24 20:48, round 4)
[2026-08-25 14:59:26]   collecting... next iteration at 2026-08-25 20:48:58 (server start 08-24 20:48, round 4)
[2026-08-25 15:00:28]   collecting... next iteration at 2026-08-25 20:48:58 (server start 08-24 20:48, round 4)
[2026-08-25 15:01:30]   collecting... next iteration at 2026-08-25 20:48:58 (server start 08-24 20:48, round 4)
[2026-08-25 15:02:32]   collecting... next iteration at 2026-08-25 20:48:58 (server start 08-24 20:48, round 4)
[2026-08-25 15:03:34]   collecting... next iteration at 2026-08-25 20:48:58 (server start 08-24 20:48, round 4)
[2026-08-25 15:04:36]   collecting... next iteration at 2026-08-25 20:48:58 (server start 08-24 20:48, round 4)
[2026-08-25 15:05:38]   collecting... next iteration at 2026-08-25 20:48:58 (server start 08-24 20:48, round 4)
[2026-08-25 15:06:40]   collecting... next iteration at 2026-08-25 20:48:58 (server start 08-24 20:48, round 4)
[2026-08-25 15:07:42]   collecting... next iteration at 2026-08-25 20:48:58 (server start 08-24 20:48, round 4)
[2026-08-25 15:08:44]   collecting... next iteration at 2026-08-25 20:48:58 (server start 08-24 20:48, round 4)
[2026-08-25 15:09:46]   collecting... next iteration at 2026-08-25 20:48:58 (server start 08-24 20:48, round 4)
[2026-08-25 15:10:48]   collecting... next iteration at 2026-08-25 20:48:58 (server start 08-24 20:48, round 4)
[2026-08-25 15:11:51]   anchor: server not detected yet, retry in 60s
