[148月2026 10:33:26.374] [main/INFO] [cpw.mods.modlauncher.Launcher/MODLAUNCHER]: ModLauncher running: args [--launchTarget, forgeserver, --fml.forgeVersion, 47.4.13, --fml.mcVersion, 1.20.1, --fml.forgeGroup, net.minecraftforge, --fml.mcpVersion, 20230612.114412, nogui]
[148月2026 10:33:26.382] [main/INFO] [cpw.mods.modlauncher.Launcher/MODLAUNCHER]: ModLauncher 10.0.9+10.0.9+main.dcd20f30 starting: java version 17.0.10 by Oracle Corporation; OS Windows 11 arch amd64 version 10.0
[148月2026 10:33:26.470] [main/DEBUG] [cpw.mods.modlauncher.LaunchServiceHandler/MODLAUNCHER]: Found launch services [fmlclientdev,forgeclient,minecraft,forgegametestserverdev,fmlserveruserdev,fmlclient,fmldatauserdev,forgeserverdev,forgeserveruserdev,forgeclientdev,forgeclientuserdev,forgeserver,forgedatadev,fmlserver,fmlclientuserdev,fmlserverdev,forgedatauserdev,testharness,forgegametestserveruserdev]
[148月2026 10:33:26.515] [main/DEBUG] [cpw.mods.modlauncher.NameMappingServiceHandler/MODLAUNCHER]: Found naming services : [srgtomcp]
[148月2026 10:33:26.575] [main/DEBUG] [cpw.mods.modlauncher.LaunchPluginHandler/MODLAUNCHER]: Found launch plugins: [mixin,eventbus,slf4jfixer,object_holder_definalize,runtime_enum_extender,capability_token_subclass,accesstransformer,runtimedistcleaner]
[148月2026 10:33:26.630] [main/DEBUG] [cpw.mods.modlauncher.TransformationServicesHandler/MODLAUNCHER]: Discovering transformation services
[148月2026 10:33:26.657] [main/DEBUG] [net.minecraftforge.fml.loading.FMLPaths/CORE]: Path GAMEDIR is E:\program\JAVA\touhou little maid - unknow sky area\prod_server
[148月2026 10:33:26.658] [main/DEBUG] [net.minecraftforge.fml.loading.FMLPaths/CORE]: Path MODSDIR is E:\program\JAVA\touhou little maid - unknow sky area\prod_server\mods
[148月2026 10:33:26.658] [main/DEBUG] [net.minecraftforge.fml.loading.FMLPaths/CORE]: Path CONFIGDIR is E:\program\JAVA\touhou little maid - unknow sky area\prod_server\config
[148月2026 10:33:26.659] [main/DEBUG] [net.minecraftforge.fml.loading.FMLPaths/CORE]: Path FMLCONFIG is E:\program\JAVA\touhou little maid - unknow sky area\prod_server\config\fml.toml
[148月2026 10:33:27.637] [main/DEBUG] [cpw.mods.modlauncher.TransformationServicesHandler/MODLAUNCHER]: Found additional transformation services from discovery services: 
[148月2026 10:33:27.692] [main/INFO] [net.minecraftforge.fml.loading.ImmediateWindowHandler/]: ImmediateWindowProvider not loading because launch target is forgeserver
[148月2026 10:33:27.722] [main/DEBUG] [cpw.mods.modlauncher.TransformationServicesHandler/MODLAUNCHER]: Found transformer services : [mixin,fml]
[148月2026 10:33:27.724] [main/DEBUG] [cpw.mods.modlauncher.TransformationServicesHandler/MODLAUNCHER]: Transformation services loading
[148月2026 10:33:27.727] [main/DEBUG] [cpw.mods.modlauncher.TransformationServiceDecorator/MODLAUNCHER]: Loading service mixin
[148月2026 10:33:27.728] [main/DEBUG] [cpw.mods.modlauncher.TransformationServiceDecorator/MODLAUNCHER]: Loaded service mixin
[148月2026 10:33:27.729] [main/DEBUG] [cpw.mods.modlauncher.TransformationServiceDecorator/MODLAUNCHER]: Loading service fml
[148月2026 10:33:27.732] [main/DEBUG] [net.minecraftforge.fml.loading.LauncherVersion/CORE]: Found FMLLauncher version 1.0
[148月2026 10:33:27.732] [main/DEBUG] [net.minecraftforge.fml.loading.FMLLoader/CORE]: FML 1.0 loading
[148月2026 10:33:27.732] [main/DEBUG] [net.minecraftforge.fml.loading.FMLLoader/CORE]: FML found ModLauncher version : 10.0.9+10.0.9+main.dcd20f30
[148月2026 10:33:27.732] [main/DEBUG] [net.minecraftforge.fml.loading.FMLLoader/CORE]: Requesting CoreMods to not apply the fix for ASMAPI.findFirstInstructionBefore by default
[148月2026 10:33:27.735] [main/DEBUG] [net.minecraftforge.fml.loading.FMLLoader/CORE]: FML found AccessTransformer version : 8.0.4+66+master.c09db6d7
[148月2026 10:33:27.735] [main/DEBUG] [net.minecraftforge.fml.loading.FMLLoader/CORE]: FML found EventBus version : 6.0.5+6.0.5+master.eb8e549b
[148月2026 10:33:27.736] [main/DEBUG] [net.minecraftforge.fml.loading.FMLLoader/CORE]: Found Runtime Dist Cleaner
[148月2026 10:33:27.741] [main/DEBUG] [net.minecraftforge.coremod.CoreModEngine/]: CoreMods will preserve legacy behavior of ASMAPI.findFirstInstructionBefore for backwards-compatibility
[148月2026 10:33:27.742] [main/DEBUG] [net.minecraftforge.fml.loading.FMLLoader/CORE]: FML found CoreMod version : 5.2.4
[148月2026 10:33:27.746] [main/DEBUG] [net.minecraftforge.fml.loading.FMLLoader/CORE]: Found ForgeSPI package implementation version 7.0.1+7.0.1+master.d2b38bf6
[148月2026 10:33:27.747] [main/DEBUG] [net.minecraftforge.fml.loading.FMLLoader/CORE]: Found ForgeSPI package specification 5
[148月2026 10:33:27.748] [main/DEBUG] [cpw.mods.modlauncher.TransformationServiceDecorator/MODLAUNCHER]: Loaded service fml
[148月2026 10:33:27.749] [main/DEBUG] [cpw.mods.modlauncher.TransformationServicesHandler/MODLAUNCHER]: Configuring option handling for services
[148月2026 10:33:27.771] [main/DEBUG] [cpw.mods.modlauncher.TransformationServicesHandler/MODLAUNCHER]: Transformation services initializing
[148月2026 10:33:27.774] [main/DEBUG] [cpw.mods.modlauncher.TransformationServiceDecorator/MODLAUNCHER]: Initializing transformation service mixin
[148月2026 10:33:27.856] [main/DEBUG] [mixin/]: MixinService [ModLauncher] was successfully booted in cpw.mods.cl.ModuleClassLoader@543788f3
[148月2026 10:33:27.950] [main/INFO] [mixin/]: SpongePowered MIXIN Subsystem Version=0.8.5 Source=union:/E:/program/JAVA/touhou%20little%20maid%20-%20unknow%20sky%20area/prod_server/libraries/org/spongepowered/mixin/0.8.5/mixin-0.8.5.jar%2365!/ Service=ModLauncher Env=SERVER
[148月2026 10:33:27.960] [main/DEBUG] [mixin/]: Initialising Mixin Platform Manager
[148月2026 10:33:27.960] [main/DEBUG] [mixin/]: Adding mixin platform agents for container ModLauncher Root Container(ModLauncher:4f56a0a2)
[148月2026 10:33:27.961] [main/DEBUG] [mixin/]: Instancing new MixinPlatformAgentMinecraftForge for ModLauncher Root Container(ModLauncher:4f56a0a2)
[148月2026 10:33:27.962] [main/DEBUG] [mixin/]: MixinPlatformAgentMinecraftForge rejected container ModLauncher Root Container(ModLauncher:4f56a0a2)
[148月2026 10:33:27.962] [main/DEBUG] [mixin/]: Instancing new MixinPlatformAgentDefault for ModLauncher Root Container(ModLauncher:4f56a0a2)
[148月2026 10:33:27.962] [main/DEBUG] [mixin/]: MixinPlatformAgentDefault accepted container ModLauncher Root Container(ModLauncher:4f56a0a2)
[148月2026 10:33:27.987] [main/DEBUG] [cpw.mods.modlauncher.TransformationServiceDecorator/MODLAUNCHER]: Initialized transformation service mixin
[148月2026 10:33:27.988] [main/DEBUG] [cpw.mods.modlauncher.TransformationServiceDecorator/MODLAUNCHER]: Initializing transformation service fml
[148月2026 10:33:27.988] [main/DEBUG] [net.minecraftforge.fml.loading.FMLServiceProvider/CORE]: Setting up basic FML game directories
[148月2026 10:33:27.990] [main/DEBUG] [net.minecraftforge.fml.loading.FMLPaths/CORE]: Path GAMEDIR is E:\program\JAVA\touhou little maid - unknow sky area\prod_server
[148月2026 10:33:27.990] [main/DEBUG] [net.minecraftforge.fml.loading.FMLPaths/CORE]: Path MODSDIR is E:\program\JAVA\touhou little maid - unknow sky area\prod_server\mods
[148月2026 10:33:27.991] [main/DEBUG] [net.minecraftforge.fml.loading.FMLPaths/CORE]: Path CONFIGDIR is E:\program\JAVA\touhou little maid - unknow sky area\prod_server\config
[148月2026 10:33:27.991] [main/DEBUG] [net.minecraftforge.fml.loading.FMLPaths/CORE]: Path FMLCONFIG is E:\program\JAVA\touhou little maid - unknow sky area\prod_server\config\fml.toml
[148月2026 10:33:27.991] [main/DEBUG] [net.minecraftforge.fml.loading.FMLServiceProvider/CORE]: Loading configuration
[148月2026 10:33:27.997] [main/DEBUG] [net.minecraftforge.fml.loading.FMLServiceProvider/CORE]: Preparing ModFile
[148月2026 10:33:28.015] [main/DEBUG] [net.minecraftforge.fml.loading.FMLServiceProvider/CORE]: Preparing launch handler
[148月2026 10:33:28.016] [main/DEBUG] [net.minecraftforge.fml.loading.FMLLoader/CORE]: Using forgeserver as launch service
[148月2026 10:33:28.042] [main/DEBUG] [net.minecraftforge.fml.loading.FMLLoader/CORE]: Received command line version data  : VersionInfo[forgeVersion=47.4.13, mcVersion=1.20.1, mcpVersion=20230612.114412, forgeGroup=net.minecraftforge]
[148月2026 10:33:28.046] [main/DEBUG] [cpw.mods.modlauncher.TransformationServiceDecorator/MODLAUNCHER]: Initialized transformation service fml
[148月2026 10:33:28.047] [main/DEBUG] [cpw.mods.modlauncher.NameMappingServiceHandler/MODLAUNCHER]: Current naming domain is 'srg'
[148月2026 10:33:28.048] [main/DEBUG] [cpw.mods.modlauncher.NameMappingServiceHandler/MODLAUNCHER]: Identified name mapping providers {}
[148月2026 10:33:28.048] [main/DEBUG] [cpw.mods.modlauncher.TransformationServicesHandler/MODLAUNCHER]: Transformation services begin scanning
[148月2026 10:33:28.049] [main/DEBUG] [cpw.mods.modlauncher.TransformationServiceDecorator/MODLAUNCHER]: Beginning scan trigger - transformation service mixin
[148月2026 10:33:28.050] [main/DEBUG] [cpw.mods.modlauncher.TransformationServiceDecorator/MODLAUNCHER]: End scan trigger - transformation service mixin
[148月2026 10:33:28.050] [main/DEBUG] [cpw.mods.modlauncher.TransformationServiceDecorator/MODLAUNCHER]: Beginning scan trigger - transformation service fml
[148月2026 10:33:28.051] [main/DEBUG] [net.minecraftforge.fml.loading.FMLServiceProvider/CORE]: Initiating mod scan
[148月2026 10:33:28.067] [main/DEBUG] [net.minecraftforge.fml.loading.moddiscovery.ModListHandler/CORE]: Found mod coordinates from lists: []
[148月2026 10:33:28.073] [main/DEBUG] [net.minecraftforge.fml.loading.moddiscovery.ModDiscoverer/CORE]: Found Mod Locators : (mods folder:null),(maven libs:null),(exploded directory:null),(minecraft:null),(userdev classpath:null)
[148月2026 10:33:28.075] [main/DEBUG] [net.minecraftforge.fml.loading.moddiscovery.ModDiscoverer/CORE]: Found Dependency Locators : (JarInJar:null)
[148月2026 10:33:28.101] [main/DEBUG] [net.minecraftforge.fml.loading.moddiscovery.ModFileParser/LOADING]: Considering mod file candidate E:\program\JAVA\touhou little maid - unknow sky area\prod_server\mods\[史诗战斗] epic-fight-20.14.17-mc1.20.1-forge.jar
[148月2026 10:33:28.185] [main/DEBUG] [net.minecraftforge.fml.loading.moddiscovery.ModFileInfo/LOADING]: Found valid mod file [史诗战斗] epic-fight-20.14.17-mc1.20.1-forge.jar with {epicfight} mods - versions {20.14.17}
[148月2026 10:33:28.196] [main/DEBUG] [net.minecraftforge.fml.loading.moddiscovery.ModFileParser/LOADING]: Considering mod file candidate E:\program\JAVA\touhou little maid - unknow sky area\prod_server\mods\[史诗战斗：冲击之刃] Epicfight-ClashBlade-1.20.1-2.1.jar
[148月2026 10:33:28.198] [main/DEBUG] [net.minecraftforge.fml.loading.moddiscovery.ModFileInfo/LOADING]: Found valid mod file [史诗战斗：冲击之刃] Epicfight-ClashBlade-1.20.1-2.1.jar with {efclash_blade} mods - versions {2.1}
[148月2026 10:33:28.210] [main/DEBUG] [net.minecraftforge.fml.loading.moddiscovery.ModFileParser/LOADING]: Considering mod file candidate E:\program\JAVA\touhou little maid - unknow sky area\prod_server\mods\[史诗战斗：夜幕] EpicFight Nightfall-3.4.0.jar
[148月2026 10:33:28.213] [main/DEBUG] [net.minecraftforge.fml.loading.moddiscovery.ModFileInfo/LOADING]: Found valid mod file [史诗战斗：夜幕] EpicFight Nightfall-3.4.0.jar with {efn} mods - versions {3.4.0}
[148月2026 10:33:28.224] [main/DEBUG] [net.minecraftforge.fml.loading.moddiscovery.ModFileParser/LOADING]: Considering mod file candidate E:\program\JAVA\touhou little maid - unknow sky area\prod_server\mods\[史诗战斗：车万女仆] [史诗战斗：车万女仆]EpicFight_TouhouLittleMaid-1.20.1-1.3.2-all.jar
[148月2026 10:33:28.229] [main/DEBUG] [net.minecraftforge.fml.loading.moddiscovery.ModFileInfo/LOADING]: Found valid mod file [史诗战斗：车万女仆] [史诗战斗：车万女仆]EpicFight_TouhouLittleMaid-1.20.1-1.3.2-all.jar with {ef_tlm} mods - versions {1.3.2}
[148月2026 10:33:28.238] [main/DEBUG] [net.minecraftforge.fml.loading.moddiscovery.ModFileParser/LOADING]: Considering mod file candidate E:\program\JAVA\touhou little maid - unknow sky area\prod_server\mods\[奇迹武器] WeaponsOfMiracles-2.0.164-mc1.20.1-forge.jar
[148月2026 10:33:28.241] [main/DEBUG] [net.minecraftforge.fml.loading.moddiscovery.ModFileInfo/LOADING]: Found valid mod file [奇迹武器] WeaponsOfMiracles-2.0.164-mc1.20.1-forge.jar with {wom} mods - versions {2.0.164}
[148月2026 10:33:28.254] [main/DEBUG] [net.minecraftforge.fml.loading.moddiscovery.ModFileParser/LOADING]: Considering mod file candidate E:\program\JAVA\touhou little maid - unknow sky area\prod_server\mods\[无坚不摧] epic-fight-invincible-lib-20.14.8.2-mc1.20.1-forge.jar
[148月2026 10:33:28.258] [main/DEBUG] [net.minecraftforge.fml.loading.moddiscovery.ModFileInfo/LOADING]: Found valid mod file [无坚不摧] epic-fight-invincible-lib-20.14.8.2-mc1.20.1-forge.jar with {invincible} mods - versions {20.14.8.2}
[148月2026 10:33:28.269] [main/DEBUG] [net.minecraftforge.fml.loading.moddiscovery.ModFileParser/LOADING]: Considering mod file candidate E:\program\JAVA\touhou little maid - unknow sky area\prod_server\mods\[烦人的村民] AnnoyingVillagers-1.20.1-1.4.7.jar
[148月2026 10:33:28.272] [main/DEBUG] [net.minecraftforge.fml.loading.moddiscovery.ModFileInfo/LOADING]: Found valid mod file [烦人的村民] AnnoyingVillagers-1.20.1-1.4.7.jar with {annoyingvillagers} mods - versions {1.4.7}
[148月2026 10:33:28.289] [main/DEBUG] [net.minecraftforge.fml.loading.moddiscovery.ModFileParser/LOADING]: Considering mod file candidate E:\program\JAVA\touhou little maid - unknow sky area\prod_server\mods\[车万女仆] touhoulittlemaid-1.5.3-forge+mc1.20.1.jar
[148月2026 10:33:28.297] [main/DEBUG] [net.minecraftforge.fml.loading.moddiscovery.ModFileInfo/LOADING]: Found valid mod file [车万女仆] touhoulittlemaid-1.5.3-forge+mc1.20.1.jar with {touhou_little_maid} mods - versions {1.5.3-forge+mc1.20.1}
[148月2026 10:33:28.307] [main/DEBUG] [net.minecraftforge.fml.loading.moddiscovery.ModFileParser/LOADING]: Considering mod file candidate E:\program\JAVA\touhou little maid - unknow sky area\prod_server\mods\architectury-9.2.14-forge.jar
[148月2026 10:33:28.308] [main/DEBUG] [net.minecraftforge.fml.loading.moddiscovery.ModFileInfo/LOADING]: Found valid mod file architectury-9.2.14-forge.jar with {architectury} mods - versions {9.2.14}
[148月2026 10:33:28.318] [main/DEBUG] [net.minecraftforge.fml.loading.moddiscovery.ModFileParser/LOADING]: Considering mod file candidate E:\program\JAVA\touhou little maid - unknow sky area\prod_server\mods\CombatEvolution-2.1.10.jar
[148月2026 10:33:28.318] [main/DEBUG] [net.minecraftforge.fml.loading.moddiscovery.ModFileInfo/LOADING]: Found valid mod file CombatEvolution-2.1.10.jar with {combat_evolution} mods - versions {2.1.10}
[148月2026 10:33:28.331] [main/DEBUG] [net.minecraftforge.fml.loading.moddiscovery.ModFileParser/LOADING]: Considering mod file candidate E:\program\JAVA\touhou little maid - unknow sky area\prod_server\mods\eftlm_stylish-1.0.0.jar
[148月2026 10:33:28.332] [main/DEBUG] [net.minecraftforge.fml.loading.moddiscovery.ModFileInfo/LOADING]: Found valid mod file eftlm_stylish-1.0.0.jar with {eftlm_stylish} mods - versions {1.0.0}
[148月2026 10:33:28.342] [main/DEBUG] [net.minecraftforge.fml.loading.moddiscovery.ModFileParser/LOADING]: Considering mod file candidate E:\program\JAVA\touhou little maid - unknow sky area\prod_server\mods\epic_fight_avalon-20.12.6.4.jar
[148月2026 10:33:28.344] [main/DEBUG] [net.minecraftforge.fml.loading.moddiscovery.ModFileInfo/LOADING]: Found valid mod file epic_fight_avalon-20.12.6.4.jar with {epic_fight_avalon} mods - versions {20.12.6.4}
[148月2026 10:33:28.362] [main/DEBUG] [net.minecraftforge.fml.loading.moddiscovery.ModFileParser/LOADING]: Considering mod file candidate E:\program\JAVA\touhou little maid - unknow sky area\prod_server\mods\maid_weapon_refill-1.0.0.jar
[148月2026 10:33:28.365] [main/DEBUG] [net.minecraftforge.fml.loading.moddiscovery.ModFileInfo/LOADING]: Found valid mod file maid_weapon_refill-1.0.0.jar with {maid_weapon_refill} mods - versions {1.0.0}
[148月2026 10:33:28.376] [main/DEBUG] [net.minecraftforge.fml.loading.moddiscovery.ModFileParser/LOADING]: Considering mod file candidate E:\program\JAVA\touhou little maid - unknow sky area\prod_server\mods\PlayerMobs-1.20.1-4.1.0.37.jar
[148月2026 10:33:28.378] [main/DEBUG] [net.minecraftforge.fml.loading.moddiscovery.ModFileInfo/LOADING]: Found valid mod file PlayerMobs-1.20.1-4.1.0.37.jar with {player_mobs} mods - versions {4.1.0.37}
[148月2026 10:33:28.388] [main/DEBUG] [net.minecraftforge.fml.loading.moddiscovery.ModFileParser/LOADING]: Considering mod file candidate E:\program\JAVA\touhou little maid - unknow sky area\prod_server\mods\ywzj_vehicle-1.20.1-0.5.8.jar
[148月2026 10:33:28.391] [main/DEBUG] [net.minecraftforge.fml.loading.moddiscovery.ModFileInfo/LOADING]: Found valid mod file ywzj_vehicle-1.20.1-0.5.8.jar with {ywzj_vehicle} mods - versions {0.5.8}
[148月2026 10:33:28.634] [main/DEBUG] [net.minecraftforge.fml.loading.moddiscovery.ModFileInfo/LOADING]: Found valid mod file server-1.20.1-20230612.114412-srg.jar with {minecraft} mods - versions {1.20.1}
[148月2026 10:33:28.650] [main/DEBUG] [net.minecraftforge.fml.loading.moddiscovery.ModFileParser/LOADING]: Considering mod file candidate E:\program\JAVA\touhou little maid - unknow sky area\prod_server\libraries\net\minecraftforge\fmlcore\1.20.1-47.4.13\fmlcore-1.20.1-47.4.13.jar
[148月2026 10:33:28.650] [main/WARN] [net.minecraftforge.fml.loading.moddiscovery.ModFileParser/LOADING]: Mod file E:\program\JAVA\touhou little maid - unknow sky area\prod_server\libraries\net\minecraftforge\fmlcore\1.20.1-47.4.13\fmlcore-1.20.1-47.4.13.jar is missing mods.toml file
[148月2026 10:33:28.665] [main/DEBUG] [net.minecraftforge.fml.loading.moddiscovery.ModFileParser/LOADING]: Considering mod file candidate E:\program\JAVA\touhou little maid - unknow sky area\prod_server\libraries\net\minecraftforge\javafmllanguage\1.20.1-47.4.13\javafmllanguage-1.20.1-47.4.13.jar
[148月2026 10:33:28.665] [main/WARN] [net.minecraftforge.fml.loading.moddiscovery.ModFileParser/LOADING]: Mod file E:\program\JAVA\touhou little maid - unknow sky area\prod_server\libraries\net\minecraftforge\javafmllanguage\1.20.1-47.4.13\javafmllanguage-1.20.1-47.4.13.jar is missing mods.toml file
[148月2026 10:33:28.679] [main/DEBUG] [net.minecraftforge.fml.loading.moddiscovery.ModFileParser/LOADING]: Considering mod file candidate E:\program\JAVA\touhou little maid - unknow sky area\prod_server\libraries\net\minecraftforge\lowcodelanguage\1.20.1-47.4.13\lowcodelanguage-1.20.1-47.4.13.jar
[148月2026 10:33:28.681] [main/WARN] [net.minecraftforge.fml.loading.moddiscovery.ModFileParser/LOADING]: Mod file E:\program\JAVA\touhou little maid - unknow sky area\prod_server\libraries\net\minecraftforge\lowcodelanguage\1.20.1-47.4.13\lowcodelanguage-1.20.1-47.4.13.jar is missing mods.toml file
[148月2026 10:33:28.713] [main/DEBUG] [net.minecraftforge.fml.loading.moddiscovery.ModFileParser/LOADING]: Considering mod file candidate E:\program\JAVA\touhou little maid - unknow sky area\prod_server\libraries\net\minecraftforge\mclanguage\1.20.1-47.4.13\mclanguage-1.20.1-47.4.13.jar
[148月2026 10:33:28.713] [main/WARN] [net.minecraftforge.fml.loading.moddiscovery.ModFileParser/LOADING]: Mod file E:\program\JAVA\touhou little maid - unknow sky area\prod_server\libraries\net\minecraftforge\mclanguage\1.20.1-47.4.13\mclanguage-1.20.1-47.4.13.jar is missing mods.toml file
[148月2026 10:33:28.733] [main/DEBUG] [net.minecraftforge.fml.loading.moddiscovery.ModFileParser/LOADING]: Considering mod file candidate E:\program\JAVA\touhou little maid - unknow sky area\prod_server\libraries\net\minecraftforge\forge\1.20.1-47.4.13\forge-1.20.1-47.4.13-universal.jar
[148月2026 10:33:28.734] [main/DEBUG] [net.minecraftforge.fml.loading.moddiscovery.ModFileInfo/LOADING]: Found valid mod file forge-1.20.1-47.4.13-universal.jar with {forge} mods - versions {47.4.13}
[148月2026 10:33:28.756] [main/DEBUG] [net.minecraftforge.fml.loading.moddiscovery.AbstractJarFileDependencyLocator/]: Failed to load resource META-INF\jarjar\metadata.json from server-1.20.1-20230612.114412-srg.jar, it does not contain dependency information.
[148月2026 10:33:28.758] [main/DEBUG] [net.minecraftforge.fml.loading.moddiscovery.AbstractJarFileDependencyLocator/]: Failed to load resource META-INF\jarjar\metadata.json from [烦人的村民] AnnoyingVillagers-1.20.1-1.4.7.jar, it does not contain dependency information.
[148月2026 10:33:28.758] [main/DEBUG] [net.minecraftforge.fml.loading.moddiscovery.AbstractJarFileDependencyLocator/]: Failed to load resource META-INF\jarjar\metadata.json from [无坚不摧] epic-fight-invincible-lib-20.14.8.2-mc1.20.1-forge.jar, it does not contain dependency information.
[148月2026 10:33:28.758] [main/DEBUG] [net.minecraftforge.fml.loading.moddiscovery.AbstractJarFileDependencyLocator/]: Failed to load resource META-INF\jarjar\metadata.json from architectury-9.2.14-forge.jar, it does not contain dependency information.
[148月2026 10:33:28.759] [main/DEBUG] [net.minecraftforge.fml.loading.moddiscovery.AbstractJarFileDependencyLocator/]: Failed to load resource META-INF\jarjar\metadata.json from [史诗战斗：冲击之刃] Epicfight-ClashBlade-1.20.1-2.1.jar, it does not contain dependency information.
[148月2026 10:33:28.759] [main/DEBUG] [net.minecraftforge.fml.loading.moddiscovery.AbstractJarFileDependencyLocator/]: Failed to load resource META-INF\jarjar\metadata.json from [奇迹武器] WeaponsOfMiracles-2.0.164-mc1.20.1-forge.jar, it does not contain dependency information.
[148月2026 10:33:28.759] [main/DEBUG] [net.minecraftforge.fml.loading.moddiscovery.AbstractJarFileDependencyLocator/]: Failed to load resource META-INF\jarjar\metadata.json from CombatEvolution-2.1.10.jar, it does not contain dependency information.
[148月2026 10:33:28.759] [main/DEBUG] [net.minecraftforge.fml.loading.moddiscovery.AbstractJarFileDependencyLocator/]: Failed to load resource META-INF\jarjar\metadata.json from forge-1.20.1-47.4.13-universal.jar, it does not contain dependency information.
[148月2026 10:33:28.759] [main/DEBUG] [net.minecraftforge.fml.loading.moddiscovery.AbstractJarFileDependencyLocator/]: Failed to load resource META-INF\jarjar\metadata.json from maid_weapon_refill-1.0.0.jar, it does not contain dependency information.
[148月2026 10:33:28.759] [main/DEBUG] [net.minecraftforge.fml.loading.moddiscovery.AbstractJarFileDependencyLocator/]: Failed to load resource META-INF\jarjar\metadata.json from [车万女仆] touhoulittlemaid-1.5.3-forge+mc1.20.1.jar, it does not contain dependency information.
[148月2026 10:33:28.759] [main/DEBUG] [net.minecraftforge.fml.loading.moddiscovery.AbstractJarFileDependencyLocator/]: Failed to load resource META-INF\jarjar\metadata.json from epic_fight_avalon-20.12.6.4.jar, it does not contain dependency information.
[148月2026 10:33:28.761] [main/DEBUG] [net.minecraftforge.fml.loading.moddiscovery.AbstractJarFileDependencyLocator/]: Failed to load resource META-INF\jarjar\metadata.json from [史诗战斗] epic-fight-20.14.17-mc1.20.1-forge.jar, it does not contain dependency information.
[148月2026 10:33:28.761] [main/DEBUG] [net.minecraftforge.fml.loading.moddiscovery.AbstractJarFileDependencyLocator/]: Failed to load resource META-INF\jarjar\metadata.json from eftlm_stylish-1.0.0.jar, it does not contain dependency information.
[148月2026 10:33:28.761] [main/DEBUG] [net.minecraftforge.fml.loading.moddiscovery.AbstractJarFileDependencyLocator/]: Failed to load resource META-INF\jarjar\metadata.json from mclanguage-1.20.1-47.4.13.jar, it does not contain dependency information.
[148月2026 10:33:28.761] [main/DEBUG] [net.minecraftforge.fml.loading.moddiscovery.AbstractJarFileDependencyLocator/]: Failed to load resource META-INF\jarjar\metadata.json from javafmllanguage-1.20.1-47.4.13.jar, it does not contain dependency information.
[148月2026 10:33:28.761] [main/DEBUG] [net.minecraftforge.fml.loading.moddiscovery.AbstractJarFileDependencyLocator/]: Failed to load resource META-INF\jarjar\metadata.json from fmlcore-1.20.1-47.4.13.jar, it does not contain dependency information.
[148月2026 10:33:28.761] [main/DEBUG] [net.minecraftforge.fml.loading.moddiscovery.AbstractJarFileDependencyLocator/]: Failed to load resource META-INF\jarjar\metadata.json from lowcodelanguage-1.20.1-47.4.13.jar, it does not contain dependency information.
[148月2026 10:33:28.866] [main/DEBUG] [net.minecraftforge.fml.loading.moddiscovery.ModFileParser/LOADING]: Considering mod file candidate 
[148月2026 10:33:28.866] [main/DEBUG] [net.minecraftforge.fml.loading.moddiscovery.ModFileInfo/LOADING]: Found valid mod file geckolib-388172-7025129.jar with {geckolib} mods - versions {4.8.2}
[148月2026 10:33:28.871] [main/DEBUG] [net.minecraftforge.fml.loading.moddiscovery.ModFileParser/LOADING]: Considering mod file candidate 
[148月2026 10:33:28.873] [main/DEBUG] [net.minecraftforge.fml.loading.moddiscovery.ModFileInfo/LOADING]: Found valid mod file guhaos-vix-1531111-8258354.jar with {vix} mods - versions {1.0.9}
[148月2026 10:33:28.876] [main/DEBUG] [net.minecraftforge.fml.loading.moddiscovery.ModFileParser/LOADING]: Considering mod file candidate 
[148月2026 10:33:28.877] [main/DEBUG] [net.minecraftforge.fml.loading.moddiscovery.ModFileInfo/LOADING]: Found valid mod file mixinsquared-forge-0.2.0-beta.6.jar with {mixinsquared} mods - versions {0.2.0-beta.6}
[148月2026 10:33:28.880] [main/DEBUG] [net.minecraftforge.fml.loading.moddiscovery.ModFileParser/LOADING]: Considering mod file candidate 
[148月2026 10:33:28.881] [main/DEBUG] [net.minecraftforge.fml.loading.moddiscovery.ModFileInfo/LOADING]: Found valid mod file mixinextras-forge-0.4.1.jar with {mixinextras} mods - versions {0.4.1}
[148月2026 10:33:28.884] [main/DEBUG] [net.minecraftforge.fml.loading.moddiscovery.ModFileParser/LOADING]: Considering mod file candidate 
[148月2026 10:33:28.885] [main/DEBUG] [net.minecraftforge.fml.loading.moddiscovery.ModFileInfo/LOADING]: Found valid mod file YSM_GEO_Compat.jar with {ysm_geo_compat} mods - versions {1.0.0}
[148月2026 10:33:28.907] [main/DEBUG] [net.minecraftforge.fml.loading.moddiscovery.ModFileParser/LOADING]: Considering mod file candidate 
[148月2026 10:33:28.908] [main/DEBUG] [net.minecraftforge.fml.loading.moddiscovery.ModFileInfo/LOADING]: Found valid mod file simplebedrockmodel-2.5.1-forge-mc1.20.1.jar with {simplebedrockmodel} mods - versions {2.5.1-forge-mc1.20.1}
[148月2026 10:33:28.910] [main/DEBUG] [net.minecraftforge.fml.loading.moddiscovery.ModFileParser/LOADING]: Considering mod file candidate 
[148月2026 10:33:28.912] [main/DEBUG] [net.minecraftforge.fml.loading.moddiscovery.ModFileInfo/LOADING]: Found valid mod file mixinextras-forge-0.3.6.jar with {mixinextras} mods - versions {0.3.6}
[148月2026 10:33:28.954] [main/DEBUG] [net.minecraftforge.fml.loading.moddiscovery.ModFileParser/LOADING]: Considering mod file candidate 
[148月2026 10:33:28.955] [main/DEBUG] [net.minecraftforge.fml.loading.moddiscovery.ModFileInfo/LOADING]: Found valid mod file mixinsquared-forge-0.2.0-beta.6.jar with {mixinsquared} mods - versions {0.2.0-beta.6}
[148月2026 10:33:28.957] [main/DEBUG] [net.minecraftforge.fml.loading.moddiscovery.ModFileParser/LOADING]: Considering mod file candidate 
[148月2026 10:33:28.957] [main/DEBUG] [net.minecraftforge.fml.loading.moddiscovery.ModFileInfo/LOADING]: Found valid mod file mixinextras-forge-0.4.1.jar with {mixinextras} mods - versions {0.4.1}
[148月2026 10:33:28.967] [main/DEBUG] [net.minecraftforge.fml.loading.moddiscovery.AbstractJarFileDependencyLocator/]: Failed to load resource META-INF\jarjar\metadata.json from YSM_GEO_Compat.jar, it does not contain dependency information.
[148月2026 10:33:28.967] [main/DEBUG] [net.minecraftforge.fml.loading.moddiscovery.AbstractJarFileDependencyLocator/]: Failed to load resource META-INF\jarjar\metadata.json from Registrate-MC1.20-1.3.11.jar, it does not contain dependency information.
[148月2026 10:33:28.975] [main/DEBUG] [net.minecraftforge.fml.loading.moddiscovery.ModFileParser/LOADING]: Considering mod file candidate 
[148月2026 10:33:28.975] [main/DEBUG] [net.minecraftforge.fml.loading.moddiscovery.ModFileInfo/LOADING]: Found valid mod file mixinextras-forge-0.3.6.jar with {mixinextras} mods - versions {0.3.6}
[148月2026 10:33:28.982] [main/DEBUG] [net.minecraftforge.fml.loading.moddiscovery.AbstractJarFileDependencyLocator/]: Failed to load resource META-INF\jarjar\metadata.json from rhino-1.8.1.jar, it does not contain dependency information.
[148月2026 10:33:28.983] [main/DEBUG] [net.minecraftforge.fml.loading.moddiscovery.AbstractJarFileDependencyLocator/]: Failed to load resource META-INF\jarjar\metadata.json from mclib-20.jar, it does not contain dependency information.
[148月2026 10:33:28.993] [main/DEBUG] [net.minecraftforge.fml.loading.moddiscovery.AbstractJarFileDependencyLocator/]: Failed to load resource META-INF\jarjar\metadata.json from MixinSquared-0.2.0-beta.6.jar, it does not contain dependency information.
[148月2026 10:33:28.994] [main/DEBUG] [net.minecraftforge.fml.loading.moddiscovery.AbstractJarFileDependencyLocator/]: Failed to load resource META-INF\jarjar\metadata.json from MixinExtras-0.4.1.jar, it does not contain dependency information.
[148月2026 10:33:28.995] [main/DEBUG] [net.minecraftforge.fml.loading.moddiscovery.AbstractJarFileDependencyLocator/]: Failed to load resource META-INF\jarjar\metadata.json from mae-1.1.4.jar, it does not contain dependency information.
[148月2026 10:33:29.003] [main/DEBUG] [net.minecraftforge.fml.loading.moddiscovery.AbstractJarFileDependencyLocator/]: Failed to load resource META-INF\jarjar\metadata.json from MixinExtras-0.3.6.jar, it does not contain dependency information.
[148月2026 10:33:29.003] [main/DEBUG] [net.minecraftforge.fml.loading.moddiscovery.AbstractJarFileDependencyLocator/]: Failed to load resource META-INF\jarjar\metadata.json from MixinSquared-0.2.0-beta.6.jar, it does not contain dependency information.
[148月2026 10:33:29.004] [main/DEBUG] [net.minecraftforge.fml.loading.moddiscovery.AbstractJarFileDependencyLocator/]: Failed to load resource META-INF\jarjar\metadata.json from MixinExtras-0.4.1.jar, it does not contain dependency information.
[148月2026 10:33:29.004] [main/DEBUG] [net.minecraftforge.fml.loading.moddiscovery.AbstractJarFileDependencyLocator/]: Failed to load resource META-INF\jarjar\metadata.json from MixinExtras-0.3.6.jar, it does not contain dependency information.
[148月2026 10:33:29.058] [main/DEBUG] [net.minecraftforge.fml.loading.moddiscovery.ModFileParser/LOADING]: Considering mod file candidate 
[148月2026 10:33:29.059] [main/DEBUG] [net.minecraftforge.fml.loading.moddiscovery.ModFileInfo/LOADING]: Found valid mod file guhaos-vix-1531111-8258354.jar with {vix} mods - versions {1.0.9}
[148月2026 10:33:29.066] [main/DEBUG] [net.minecraftforge.fml.loading.moddiscovery.ModFileParser/LOADING]: Considering mod file candidate 
[148月2026 10:33:29.068] [main/DEBUG] [net.minecraftforge.fml.loading.moddiscovery.ModFileInfo/LOADING]: Found valid mod file YSM_GEO_Compat.jar with {ysm_geo_compat} mods - versions {1.0.0}
[148月2026 10:33:29.070] [main/DEBUG] [net.minecraftforge.fml.loading.moddiscovery.ModFileParser/LOADING]: Considering mod file candidate 
[148月2026 10:33:29.071] [main/DEBUG] [net.minecraftforge.fml.loading.moddiscovery.ModFileInfo/LOADING]: Found valid mod file mixinsquared-forge-0.2.0-beta.6.jar with {mixinsquared} mods - versions {0.2.0-beta.6}
[148月2026 10:33:29.085] [main/DEBUG] [net.minecraftforge.fml.loading.moddiscovery.ModFileParser/LOADING]: Considering mod file candidate 
[148月2026 10:33:29.085] [main/DEBUG] [net.minecraftforge.fml.loading.moddiscovery.ModFileInfo/LOADING]: Found valid mod file geckolib-388172-7025129.jar with {geckolib} mods - versions {4.8.2}
[148月2026 10:33:29.090] [main/DEBUG] [net.minecraftforge.fml.loading.moddiscovery.ModFileParser/LOADING]: Considering mod file candidate 
[148月2026 10:33:29.090] [main/DEBUG] [net.minecraftforge.fml.loading.moddiscovery.ModFileInfo/LOADING]: Found valid mod file mixinextras-forge-0.4.1.jar with {mixinextras} mods - versions {0.4.1}
[148月2026 10:33:29.121] [main/DEBUG] [net.minecraftforge.fml.loading.moddiscovery.ModFileParser/LOADING]: Considering mod file candidate 
[148月2026 10:33:29.122] [main/DEBUG] [net.minecraftforge.fml.loading.moddiscovery.ModFileInfo/LOADING]: Found valid mod file simplebedrockmodel-2.5.1-forge-mc1.20.1.jar with {simplebedrockmodel} mods - versions {2.5.1-forge-mc1.20.1}
[148月2026 10:33:29.146] [main/INFO] [net.minecraftforge.fml.loading.moddiscovery.JarInJarDependencyLocator/]: Found 12 dependencies adding them to mods collection
[148月2026 10:33:29.151] [main/DEBUG] [net.minecraftforge.fml.loading.moddiscovery.ModFileInfo/LOADING]: Found valid mod file server-1.20.1-20230612.114412-srg.jar with {minecraft} mods - versions {1.20.1}
[148月2026 10:33:29.155] [main/DEBUG] [net.minecraftforge.fml.loading.moddiscovery.ModFile/LOADING]: Loading mod file E:\program\JAVA\touhou little maid - unknow sky area\prod_server\libraries\net\minecraft\server\1.20.1-20230612.114412\server-1.20.1-20230612.114412-srg.jar with languages [LanguageSpec[languageName=minecraft, acceptedVersions=1]]
[148月2026 10:33:29.157] [main/DEBUG] [net.minecraftforge.fml.loading.moddiscovery.ModFileParser/LOADING]: Considering mod file candidate E:\program\JAVA\touhou little maid - unknow sky area\prod_server\mods\[无坚不摧] epic-fight-invincible-lib-20.14.8.2-mc1.20.1-forge.jar
[148月2026 10:33:29.158] [main/DEBUG] [net.minecraftforge.fml.loading.moddiscovery.ModFileInfo/LOADING]: Found valid mod file [无坚不摧] epic-fight-invincible-lib-20.14.8.2-mc1.20.1-forge.jar with {invincible} mods - versions {20.14.8.2}
[148月2026 10:33:29.159] [main/DEBUG] [net.minecraftforge.fml.loading.moddiscovery.ModFile/LOADING]: Loading mod file E:\program\JAVA\touhou little maid - unknow sky area\prod_server\mods\[无坚不摧] epic-fight-invincible-lib-20.14.8.2-mc1.20.1-forge.jar with languages [LanguageSpec[languageName=javafml, acceptedVersions=[47,)]]
[148月2026 10:33:29.159] [main/DEBUG] [net.minecraftforge.fml.loading.moddiscovery.ModFileParser/LOADING]: Considering mod file candidate 
[148月2026 10:33:29.159] [main/DEBUG] [net.minecraftforge.fml.loading.moddiscovery.ModFileInfo/LOADING]: Found valid mod file geckolib-388172-7025129.jar with {geckolib} mods - versions {4.8.2}
[148月2026 10:33:29.161] [main/DEBUG] [net.minecraftforge.fml.loading.moddiscovery.ModFile/LOADING]: Loading mod file  with languages [LanguageSpec[languageName=javafml, acceptedVersions=[47,)]]
[148月2026 10:33:29.161] [main/DEBUG] [net.minecraftforge.fml.loading.moddiscovery.ModFileParser/LOADING]: Considering mod file candidate 
[148月2026 10:33:29.163] [main/DEBUG] [net.minecraftforge.fml.loading.moddiscovery.ModFileInfo/LOADING]: Found valid mod file YSM_GEO_Compat.jar with {ysm_geo_compat} mods - versions {1.0.0}
[148月2026 10:33:29.163] [main/DEBUG] [net.minecraftforge.fml.loading.moddiscovery.ModFile/LOADING]: Loading mod file  with languages [LanguageSpec[languageName=javafml, acceptedVersions=[47,)]]
[148月2026 10:33:29.163] [main/DEBUG] [net.minecraftforge.fml.loading.moddiscovery.ModFileParser/LOADING]: Considering mod file candidate E:\program\JAVA\touhou little maid - unknow sky area\prod_server\mods\[奇迹武器] WeaponsOfMiracles-2.0.164-mc1.20.1-forge.jar
[148月2026 10:33:29.165] [main/DEBUG] [net.minecraftforge.fml.loading.moddiscovery.ModFileInfo/LOADING]: Found valid mod file [奇迹武器] WeaponsOfMiracles-2.0.164-mc1.20.1-forge.jar with {wom} mods - versions {2.0.164}
[148月2026 10:33:29.165] [main/DEBUG] [net.minecraftforge.fml.loading.moddiscovery.ModFile/LOADING]: Loading mod file E:\program\JAVA\touhou little maid - unknow sky area\prod_server\mods\[奇迹武器] WeaponsOfMiracles-2.0.164-mc1.20.1-forge.jar with languages [LanguageSpec[languageName=javafml, acceptedVersions=[47,)]]
[148月2026 10:33:29.165] [main/DEBUG] [net.minecraftforge.fml.loading.moddiscovery.ModFileParser/LOADING]: Considering mod file candidate E:\program\JAVA\touhou little maid - unknow sky area\prod_server\mods\CombatEvolution-2.1.10.jar
[148月2026 10:33:29.166] [main/DEBUG] [net.minecraftforge.fml.loading.moddiscovery.ModFileInfo/LOADING]: Found valid mod file CombatEvolution-2.1.10.jar with {combat_evolution} mods - versions {2.1.10}
[148月2026 10:33:29.167] [main/DEBUG] [net.minecraftforge.fml.loading.moddiscovery.ModFile/LOADING]: Loading mod file E:\program\JAVA\touhou little maid - unknow sky area\prod_server\mods\CombatEvolution-2.1.10.jar with languages [LanguageSpec[languageName=javafml, acceptedVersions=[47,)]]
[148月2026 10:33:29.167] [main/DEBUG] [net.minecraftforge.fml.loading.moddiscovery.ModFileParser/LOADING]: Considering mod file candidate E:\program\JAVA\touhou little maid - unknow sky area\prod_server\mods\maid_weapon_refill-1.0.0.jar
[148月2026 10:33:29.169] [main/DEBUG] [net.minecraftforge.fml.loading.moddiscovery.ModFileInfo/LOADING]: Found valid mod file maid_weapon_refill-1.0.0.jar with {maid_weapon_refill} mods - versions {1.0.0}
[148月2026 10:33:29.169] [main/DEBUG] [net.minecraftforge.fml.loading.moddiscovery.ModFile/LOADING]: Loading mod file E:\program\JAVA\touhou little maid - unknow sky area\prod_server\mods\maid_weapon_refill-1.0.0.jar with languages [LanguageSpec[languageName=javafml, acceptedVersions=[47,)]]
[148月2026 10:33:29.169] [main/DEBUG] [net.minecraftforge.fml.loading.moddiscovery.ModFileParser/LOADING]: Considering mod file candidate E:\program\JAVA\touhou little maid - unknow sky area\prod_server\mods\[车万女仆] touhoulittlemaid-1.5.3-forge+mc1.20.1.jar
[148月2026 10:33:29.171] [main/DEBUG] [net.minecraftforge.fml.loading.moddiscovery.ModFileInfo/LOADING]: Found valid mod file [车万女仆] touhoulittlemaid-1.5.3-forge+mc1.20.1.jar with {touhou_little_maid} mods - versions {1.5.3-forge+mc1.20.1}
[148月2026 10:33:29.171] [main/DEBUG] [net.minecraftforge.fml.loading.moddiscovery.ModFile/LOADING]: Loading mod file E:\program\JAVA\touhou little maid - unknow sky area\prod_server\mods\[车万女仆] touhoulittlemaid-1.5.3-forge+mc1.20.1.jar with languages [LanguageSpec[languageName=javafml, acceptedVersions=[46,)]]
[148月2026 10:33:29.171] [main/DEBUG] [net.minecraftforge.fml.loading.moddiscovery.ModFileParser/LOADING]: Considering mod file candidate 
[148月2026 10:33:29.172] [main/DEBUG] [net.minecraftforge.fml.loading.moddiscovery.ModFileInfo/LOADING]: Found valid mod file simplebedrockmodel-2.5.1-forge-mc1.20.1.jar with {simplebedrockmodel} mods - versions {2.5.1-forge-mc1.20.1}
[148月2026 10:33:29.173] [main/DEBUG] [net.minecraftforge.fml.loading.moddiscovery.ModFile/LOADING]: Loading mod file  with languages [LanguageSpec[languageName=javafml, acceptedVersions=[47,)]]
[148月2026 10:33:29.173] [main/DEBUG] [net.minecraftforge.fml.loading.moddiscovery.ModFileParser/LOADING]: Considering mod file candidate E:\program\JAVA\touhou little maid - unknow sky area\prod_server\mods\epic_fight_avalon-20.12.6.4.jar
[148月2026 10:33:29.174] [main/DEBUG] [net.minecraftforge.fml.loading.moddiscovery.ModFileInfo/LOADING]: Found valid mod file epic_fight_avalon-20.12.6.4.jar with {epic_fight_avalon} mods - versions {20.12.6.4}
[148月2026 10:33:29.174] [main/DEBUG] [net.minecraftforge.fml.loading.moddiscovery.ModFile/LOADING]: Loading mod file E:\program\JAVA\touhou little maid - unknow sky area\prod_server\mods\epic_fight_avalon-20.12.6.4.jar with languages [LanguageSpec[languageName=javafml, acceptedVersions=[47,)]]
[148月2026 10:33:29.174] [main/DEBUG] [net.minecraftforge.fml.loading.moddiscovery.ModFileParser/LOADING]: Considering mod file candidate E:\program\JAVA\touhou little maid - unknow sky area\prod_server\mods\[史诗战斗] epic-fight-20.14.17-mc1.20.1-forge.jar
[148月2026 10:33:29.174] [main/DEBUG] [net.minecraftforge.fml.loading.moddiscovery.ModFileInfo/LOADING]: Found valid mod file [史诗战斗] epic-fight-20.14.17-mc1.20.1-forge.jar with {epicfight} mods - versions {20.14.17}
[148月2026 10:33:29.175] [main/DEBUG] [net.minecraftforge.fml.loading.moddiscovery.ModFile/LOADING]: Loading mod file E:\program\JAVA\touhou little maid - unknow sky area\prod_server\mods\[史诗战斗] epic-fight-20.14.17-mc1.20.1-forge.jar with languages [LanguageSpec[languageName=javafml, acceptedVersions=[47,)]]
[148月2026 10:33:29.175] [main/DEBUG] [net.minecraftforge.fml.loading.moddiscovery.ModFileParser/LOADING]: Considering mod file candidate E:\program\JAVA\touhou little maid - unknow sky area\prod_server\mods\PlayerMobs-1.20.1-4.1.0.37.jar
[148月2026 10:33:29.176] [main/DEBUG] [net.minecraftforge.fml.loading.moddiscovery.ModFileInfo/LOADING]: Found valid mod file PlayerMobs-1.20.1-4.1.0.37.jar with {player_mobs} mods - versions {4.1.0.37}
[148月2026 10:33:29.176] [main/DEBUG] [net.minecraftforge.fml.loading.moddiscovery.ModFile/LOADING]: Loading mod file E:\program\JAVA\touhou little maid - unknow sky area\prod_server\mods\PlayerMobs-1.20.1-4.1.0.37.jar with languages [LanguageSpec[languageName=javafml, acceptedVersions=[46,)]]
[148月2026 10:33:29.176] [main/DEBUG] [net.minecraftforge.fml.loading.moddiscovery.ModFileParser/LOADING]: Considering mod file candidate 
[148月2026 10:33:29.178] [main/DEBUG] [net.minecraftforge.fml.loading.moddiscovery.ModFileInfo/LOADING]: Found valid mod file guhaos-vix-1531111-8258354.jar with {vix} mods - versions {1.0.9}
[148月2026 10:33:29.178] [main/DEBUG] [net.minecraftforge.fml.loading.moddiscovery.ModFile/LOADING]: Loading mod file  with languages [LanguageSpec[languageName=javafml, acceptedVersions=[47,)]]
[148月2026 10:33:29.179] [main/DEBUG] [net.minecraftforge.fml.loading.moddiscovery.ModFileParser/LOADING]: Considering mod file candidate E:\program\JAVA\touhou little maid - unknow sky area\prod_server\mods\[烦人的村民] AnnoyingVillagers-1.20.1-1.4.7.jar
[148月2026 10:33:29.179] [main/DEBUG] [net.minecraftforge.fml.loading.moddiscovery.ModFileInfo/LOADING]: Found valid mod file [烦人的村民] AnnoyingVillagers-1.20.1-1.4.7.jar with {annoyingvillagers} mods - versions {1.4.7}
[148月2026 10:33:29.180] [main/DEBUG] [net.minecraftforge.fml.loading.moddiscovery.ModFile/LOADING]: Loading mod file E:\program\JAVA\touhou little maid - unknow sky area\prod_server\mods\[烦人的村民] AnnoyingVillagers-1.20.1-1.4.7.jar with languages [LanguageSpec[languageName=javafml, acceptedVersions=[47,)]]
[148月2026 10:33:29.181] [main/DEBUG] [net.minecraftforge.fml.loading.moddiscovery.ModFileParser/LOADING]: Considering mod file candidate E:\program\JAVA\touhou little maid - unknow sky area\prod_server\mods\architectury-9.2.14-forge.jar
[148月2026 10:33:29.182] [main/DEBUG] [net.minecraftforge.fml.loading.moddiscovery.ModFileInfo/LOADING]: Found valid mod file architectury-9.2.14-forge.jar with {architectury} mods - versions {9.2.14}
[148月2026 10:33:29.182] [main/DEBUG] [net.minecraftforge.fml.loading.moddiscovery.ModFile/LOADING]: Loading mod file E:\program\JAVA\touhou little maid - unknow sky area\prod_server\mods\architectury-9.2.14-forge.jar with languages [LanguageSpec[languageName=javafml, acceptedVersions=[46,)]]
[148月2026 10:33:29.182] [main/DEBUG] [net.minecraftforge.fml.loading.moddiscovery.ModFileParser/LOADING]: Considering mod file candidate E:\program\JAVA\touhou little maid - unknow sky area\prod_server\mods\[史诗战斗：夜幕] EpicFight Nightfall-3.4.0.jar
[148月2026 10:33:29.183] [main/DEBUG] [net.minecraftforge.fml.loading.moddiscovery.ModFileInfo/LOADING]: Found valid mod file [史诗战斗：夜幕] EpicFight Nightfall-3.4.0.jar with {efn} mods - versions {3.4.0}
[148月2026 10:33:29.184] [main/DEBUG] [net.minecraftforge.fml.loading.moddiscovery.ModFile/LOADING]: Loading mod file E:\program\JAVA\touhou little maid - unknow sky area\prod_server\mods\[史诗战斗：夜幕] EpicFight Nightfall-3.4.0.jar with languages [LanguageSpec[languageName=javafml, acceptedVersions=[47,)]]
[148月2026 10:33:29.184] [main/DEBUG] [net.minecraftforge.fml.loading.moddiscovery.ModFileParser/LOADING]: Considering mod file candidate E:\program\JAVA\touhou little maid - unknow sky area\prod_server\mods\[史诗战斗：冲击之刃] Epicfight-ClashBlade-1.20.1-2.1.jar
[148月2026 10:33:29.185] [main/DEBUG] [net.minecraftforge.fml.loading.moddiscovery.ModFileInfo/LOADING]: Found valid mod file [史诗战斗：冲击之刃] Epicfight-ClashBlade-1.20.1-2.1.jar with {efclash_blade} mods - versions {2.1}
[148月2026 10:33:29.185] [main/DEBUG] [net.minecraftforge.fml.loading.moddiscovery.ModFile/LOADING]: Loading mod file E:\program\JAVA\touhou little maid - unknow sky area\prod_server\mods\[史诗战斗：冲击之刃] Epicfight-ClashBlade-1.20.1-2.1.jar with languages [LanguageSpec[languageName=javafml, acceptedVersions=[47,)]]
[148月2026 10:33:29.185] [main/DEBUG] [net.minecraftforge.fml.loading.moddiscovery.ModFileParser/LOADING]: Considering mod file candidate E:\program\JAVA\touhou little maid - unknow sky area\prod_server\mods\[史诗战斗：车万女仆] [史诗战斗：车万女仆]EpicFight_TouhouLittleMaid-1.20.1-1.3.2-all.jar
[148月2026 10:33:29.186] [main/DEBUG] [net.minecraftforge.fml.loading.moddiscovery.ModFileInfo/LOADING]: Found valid mod file [史诗战斗：车万女仆] [史诗战斗：车万女仆]EpicFight_TouhouLittleMaid-1.20.1-1.3.2-all.jar with {ef_tlm} mods - versions {1.3.2}
[148月2026 10:33:29.186] [main/DEBUG] [net.minecraftforge.fml.loading.moddiscovery.ModFile/LOADING]: Loading mod file E:\program\JAVA\touhou little maid - unknow sky area\prod_server\mods\[史诗战斗：车万女仆] [史诗战斗：车万女仆]EpicFight_TouhouLittleMaid-1.20.1-1.3.2-all.jar with languages [LanguageSpec[languageName=javafml, acceptedVersions=[47,)]]
[148月2026 10:33:29.187] [main/DEBUG] [net.minecraftforge.fml.loading.moddiscovery.ModFileParser/LOADING]: Considering mod file candidate E:\program\JAVA\touhou little maid - unknow sky area\prod_server\mods\ywzj_vehicle-1.20.1-0.5.8.jar
[148月2026 10:33:29.187] [main/DEBUG] [net.minecraftforge.fml.loading.moddiscovery.ModFileInfo/LOADING]: Found valid mod file ywzj_vehicle-1.20.1-0.5.8.jar with {ywzj_vehicle} mods - versions {0.5.8}
[148月2026 10:33:29.188] [main/DEBUG] [net.minecraftforge.fml.loading.moddiscovery.ModFile/LOADING]: Loading mod file E:\program\JAVA\touhou little maid - unknow sky area\prod_server\mods\ywzj_vehicle-1.20.1-0.5.8.jar with languages [LanguageSpec[languageName=javafml, acceptedVersions=[47,)]]
[148月2026 10:33:29.188] [main/DEBUG] [net.minecraftforge.fml.loading.moddiscovery.ModFileParser/LOADING]: Considering mod file candidate E:\program\JAVA\touhou little maid - unknow sky area\prod_server\libraries\net\minecraftforge\forge\1.20.1-47.4.13\forge-1.20.1-47.4.13-universal.jar
[148月2026 10:33:29.189] [main/DEBUG] [net.minecraftforge.fml.loading.moddiscovery.ModFileInfo/LOADING]: Found valid mod file forge-1.20.1-47.4.13-universal.jar with {forge} mods - versions {47.4.13}
[148月2026 10:33:29.189] [main/DEBUG] [net.minecraftforge.fml.loading.moddiscovery.ModFile/LOADING]: Loading mod file E:\program\JAVA\touhou little maid - unknow sky area\prod_server\libraries\net\minecraftforge\forge\1.20.1-47.4.13\forge-1.20.1-47.4.13-universal.jar with languages [LanguageSpec[languageName=javafml, acceptedVersions=[24,]]]
[148月2026 10:33:29.193] [main/DEBUG] [net.minecraftforge.fml.loading.moddiscovery.ModFileParser/LOADING]: Found coremod field_to_method with Javascript path coremods/field_to_method.js
[148月2026 10:33:29.194] [main/DEBUG] [net.minecraftforge.fml.loading.moddiscovery.ModFileParser/LOADING]: Found coremod field_to_instanceof with Javascript path coremods/field_to_instanceof.js
[148月2026 10:33:29.194] [main/DEBUG] [net.minecraftforge.fml.loading.moddiscovery.ModFileParser/LOADING]: Found coremod add_bouncer_method with Javascript path coremods/add_bouncer_method.js
[148月2026 10:33:29.194] [main/DEBUG] [net.minecraftforge.fml.loading.moddiscovery.ModFileParser/LOADING]: Found coremod method_redirector with Javascript path coremods/method_redirector.js
[148月2026 10:33:29.194] [main/DEBUG] [net.minecraftforge.fml.loading.moddiscovery.ModFile/LOADING]: Found coremod coremods/field_to_method.js
[148月2026 10:33:29.194] [main/DEBUG] [net.minecraftforge.fml.loading.moddiscovery.ModFile/LOADING]: Found coremod coremods/field_to_instanceof.js
[148月2026 10:33:29.194] [main/DEBUG] [net.minecraftforge.fml.loading.moddiscovery.ModFile/LOADING]: Found coremod coremods/add_bouncer_method.js
[148月2026 10:33:29.194] [main/DEBUG] [net.minecraftforge.fml.loading.moddiscovery.ModFile/LOADING]: Found coremod coremods/method_redirector.js
[148月2026 10:33:29.194] [main/DEBUG] [net.minecraftforge.fml.loading.moddiscovery.ModFileParser/LOADING]: Considering mod file candidate E:\program\JAVA\touhou little maid - unknow sky area\prod_server\mods\eftlm_stylish-1.0.0.jar
[148月2026 10:33:29.196] [main/DEBUG] [net.minecraftforge.fml.loading.moddiscovery.ModFileInfo/LOADING]: Found valid mod file eftlm_stylish-1.0.0.jar with {eftlm_stylish} mods - versions {1.0.0}
[148月2026 10:33:29.196] [main/DEBUG] [net.minecraftforge.fml.loading.moddiscovery.ModFile/LOADING]: Loading mod file E:\program\JAVA\touhou little maid - unknow sky area\prod_server\mods\eftlm_stylish-1.0.0.jar with languages [LanguageSpec[languageName=javafml, acceptedVersions=[47,)]]
[148月2026 10:33:29.196] [main/DEBUG] [net.minecraftforge.fml.loading.moddiscovery.ModFile/LOADING]: Loading mod file  with languages []
[148月2026 10:33:29.197] [main/DEBUG] [net.minecraftforge.fml.loading.moddiscovery.ModFileParser/LOADING]: Considering mod file candidate 
[148月2026 10:33:29.198] [main/DEBUG] [net.minecraftforge.fml.loading.moddiscovery.ModFileInfo/LOADING]: Found valid mod file mixinsquared-forge-0.2.0-beta.6.jar with {mixinsquared} mods - versions {0.2.0-beta.6}
[148月2026 10:33:29.198] [main/DEBUG] [net.minecraftforge.fml.loading.moddiscovery.ModFile/LOADING]: Loading mod file  with languages [LanguageSpec[languageName=javafml, acceptedVersions=*]]
[148月2026 10:33:29.200] [main/DEBUG] [net.minecraftforge.fml.loading.moddiscovery.ModFile/LOADING]: Loading mod file  with languages []
[148月2026 10:33:29.200] [main/DEBUG] [net.minecraftforge.fml.loading.moddiscovery.ModFile/LOADING]: Loading mod file  with languages []
[148月2026 10:33:29.200] [main/DEBUG] [net.minecraftforge.fml.loading.moddiscovery.ModFile/LOADING]: Loading mod file  with languages []
[148月2026 10:33:29.200] [main/DEBUG] [net.minecraftforge.fml.loading.moddiscovery.ModFile/LOADING]: Loading mod file  with languages []
[148月2026 10:33:29.200] [main/DEBUG] [net.minecraftforge.fml.loading.moddiscovery.ModFileParser/LOADING]: Considering mod file candidate 
[148月2026 10:33:29.201] [main/DEBUG] [net.minecraftforge.fml.loading.moddiscovery.ModFileInfo/LOADING]: Found valid mod file mixinextras-forge-0.4.1.jar with {mixinextras} mods - versions {0.4.1}
[148月2026 10:33:29.201] [main/DEBUG] [net.minecraftforge.fml.loading.moddiscovery.ModFile/LOADING]: Loading mod file  with languages [LanguageSpec[languageName=javafml, acceptedVersions=*]]
[148月2026 10:33:29.202] [main/DEBUG] [net.minecraftforge.fml.loading.moddiscovery.ModFile/LOADING]: Loading mod file  with languages []
[148月2026 10:33:29.203] [main/DEBUG] [net.minecraftforge.fml.loading.moddiscovery.ModFile/LOADING]: Loading mod file  with languages []
[148月2026 10:33:29.203] [main/DEBUG] [net.minecraftforge.fml.loading.moddiscovery.ModFileParser/LOADING]: Considering mod file candidate 
[148月2026 10:33:29.203] [main/DEBUG] [net.minecraftforge.fml.loading.moddiscovery.ModFileInfo/LOADING]: Found valid mod file mixinsquared-forge-0.2.0-beta.6.jar with {mixinsquared} mods - versions {0.2.0-beta.6}
[148月2026 10:33:29.204] [main/DEBUG] [net.minecraftforge.fml.loading.moddiscovery.ModFile/LOADING]: Loading mod file  with languages [LanguageSpec[languageName=javafml, acceptedVersions=*]]
[148月2026 10:33:29.204] [main/DEBUG] [net.minecraftforge.fml.loading.moddiscovery.ModFile/LOADING]: Loading mod file  with languages []
[148月2026 10:33:29.204] [main/DEBUG] [net.minecraftforge.fml.loading.moddiscovery.ModFile/LOADING]: Loading mod file  with languages []
[148月2026 10:33:29.204] [main/DEBUG] [net.minecraftforge.fml.loading.moddiscovery.ModFile/LOADING]: Loading mod file  with languages []
[148月2026 10:33:29.204] [main/DEBUG] [net.minecraftforge.fml.loading.moddiscovery.ModFile/LOADING]: Loading mod file  with languages []
[148月2026 10:33:29.204] [main/DEBUG] [net.minecraftforge.fml.loading.moddiscovery.ModFileParser/LOADING]: Considering mod file candidate 
[148月2026 10:33:29.205] [main/DEBUG] [net.minecraftforge.fml.loading.moddiscovery.ModFileInfo/LOADING]: Found valid mod file mixinextras-forge-0.4.1.jar with {mixinextras} mods - versions {0.4.1}
[148月2026 10:33:29.205] [main/DEBUG] [net.minecraftforge.fml.loading.moddiscovery.ModFile/LOADING]: Loading mod file  with languages [LanguageSpec[languageName=javafml, acceptedVersions=*]]
[148月2026 10:33:29.205] [main/DEBUG] [net.minecraftforge.fml.loading.moddiscovery.ModFile/LOADING]: Loading mod file  with languages []
[148月2026 10:33:29.206] [main/DEBUG] [cpw.mods.modlauncher.TransformationServiceDecorator/MODLAUNCHER]: End scan trigger - transformation service fml
[148月2026 10:33:29.221] [main/DEBUG] [net.minecraftforge.fml.loading.LanguageLoadingProvider/CORE]: Found 3 language providers
[148月2026 10:33:29.223] [main/DEBUG] [net.minecraftforge.fml.loading.LanguageLoadingProvider/CORE]: Found language provider minecraft, version 1.0
[148月2026 10:33:29.225] [main/DEBUG] [net.minecraftforge.fml.loading.LanguageLoadingProvider/CORE]: Found language provider lowcodefml, version 47
[148月2026 10:33:29.225] [main/DEBUG] [net.minecraftforge.fml.loading.LanguageLoadingProvider/CORE]: Found language provider javafml, version 47
[148月2026 10:33:29.233] [main/DEBUG] [net.minecraftforge.fml.loading.UniqueModListBuilder/]: Found 2 mods for first modid mclib, selecting most recent based on version data
[148月2026 10:33:29.234] [main/DEBUG] [net.minecraftforge.fml.loading.UniqueModListBuilder/]: Selected file mclib-20.jar for modid mclib with version 0.0NONE
[148月2026 10:33:29.235] [main/DEBUG] [net.minecraftforge.fml.loading.UniqueModListBuilder/]: Found 2 mods for first modid mixinsquared, selecting most recent based on version data
[148月2026 10:33:29.235] [main/DEBUG] [net.minecraftforge.fml.loading.UniqueModListBuilder/]: Selected file mixinsquared-forge-0.2.0-beta.6.jar for modid mixinsquared with version 0.2.0-beta.6
[148月2026 10:33:29.235] [main/DEBUG] [net.minecraftforge.fml.loading.UniqueModListBuilder/]: Found 2 mods for first modid mae, selecting most recent based on version data
[148月2026 10:33:29.235] [main/DEBUG] [net.minecraftforge.fml.loading.UniqueModListBuilder/]: Selected file mae-1.1.4.jar for modid mae with version 0.0NONE
[148月2026 10:33:29.235] [main/DEBUG] [net.minecraftforge.fml.loading.UniqueModListBuilder/]: Found 2 mods for first modid org.mozillaa.rhino, selecting most recent based on version data
[148月2026 10:33:29.235] [main/DEBUG] [net.minecraftforge.fml.loading.UniqueModListBuilder/]: Selected file rhino-1.8.1.jar for modid org.mozillaa.rhino with version 1.8.1-SNAPSHOT
[148月2026 10:33:29.235] [main/DEBUG] [net.minecraftforge.fml.loading.UniqueModListBuilder/]: Found 2 mods for first modid MixinSquared.beta._6, selecting most recent based on version data
[148月2026 10:33:29.235] [main/DEBUG] [net.minecraftforge.fml.loading.UniqueModListBuilder/]: Selected file MixinSquared-0.2.0-beta.6.jar for modid MixinSquared.beta._6 with version 0.0NONE
[148月2026 10:33:29.235] [main/DEBUG] [net.minecraftforge.fml.loading.UniqueModListBuilder/]: Found 2 mods for first modid Registrate.MC1._20, selecting most recent based on version data
[148月2026 10:33:29.235] [main/DEBUG] [net.minecraftforge.fml.loading.UniqueModListBuilder/]: Selected file Registrate-MC1.20-1.3.11.jar for modid Registrate.MC1._20 with version 0.0NONE
[148月2026 10:33:29.235] [main/DEBUG] [net.minecraftforge.fml.loading.UniqueModListBuilder/]: Found 2 mods for first modid mixinextras, selecting most recent based on version data
[148月2026 10:33:29.235] [main/DEBUG] [net.minecraftforge.fml.loading.UniqueModListBuilder/]: Selected file mixinextras-forge-0.4.1.jar for modid mixinextras with version 0.4.1
[148月2026 10:33:29.235] [main/DEBUG] [net.minecraftforge.fml.loading.UniqueModListBuilder/]: Found 2 mods for first modid MixinExtras, selecting most recent based on version data
[148月2026 10:33:29.235] [main/DEBUG] [net.minecraftforge.fml.loading.UniqueModListBuilder/]: Selected file MixinExtras-0.4.1.jar for modid MixinExtras with version 0.0NONE
[148月2026 10:33:29.237] [main/DEBUG] [net.minecraftforge.fml.loading.ModSorter/]: Configured system mods: [minecraft, forge]
[148月2026 10:33:29.238] [main/DEBUG] [net.minecraftforge.fml.loading.ModSorter/]: Found system mod: minecraft
[148月2026 10:33:29.238] [main/DEBUG] [net.minecraftforge.fml.loading.ModSorter/]: Found system mod: forge
[148月2026 10:33:29.241] [main/DEBUG] [net.minecraftforge.fml.loading.ModSorter/LOADING]: Found 66 mod requirements (57 mandatory, 9 optional)
[148月2026 10:33:29.242] [main/DEBUG] [net.minecraftforge.fml.loading.ModSorter/LOADING]: Found 0 mod requirements missing (0 mandatory, 0 optional)
[148月2026 10:33:30.109] [main/DEBUG] [cpw.mods.modlauncher.TransformationServicesHandler/MODLAUNCHER]: Transformation services loading transformers
[148月2026 10:33:30.110] [main/DEBUG] [cpw.mods.modlauncher.TransformationServiceDecorator/MODLAUNCHER]: Initializing transformers for transformation service mixin
[148月2026 10:33:30.112] [main/DEBUG] [cpw.mods.modlauncher.TransformationServiceDecorator/MODLAUNCHER]: Initialized transformers for transformation service mixin
[148月2026 10:33:30.112] [main/DEBUG] [cpw.mods.modlauncher.TransformationServiceDecorator/MODLAUNCHER]: Initializing transformers for transformation service fml
[148月2026 10:33:30.112] [main/DEBUG] [net.minecraftforge.fml.loading.FMLServiceProvider/CORE]: Loading coremod transformers
[148月2026 10:33:30.112] [main/DEBUG] [net.minecraftforge.coremod.CoreModEngine/COREMOD]: Loading CoreMod from coremods/field_to_method.js
[148月2026 10:33:30.937] [main/DEBUG] [net.minecraftforge.coremod.CoreModEngine/COREMOD]: CoreMod loaded successfully
[148月2026 10:33:30.938] [main/DEBUG] [net.minecraftforge.coremod.CoreModEngine/COREMOD]: Loading CoreMod from coremods/field_to_instanceof.js
[148月2026 10:33:31.257] [main/DEBUG] [net.minecraftforge.coremod.CoreModEngine/COREMOD]: CoreMod loaded successfully
[148月2026 10:33:31.257] [main/DEBUG] [net.minecraftforge.coremod.CoreModEngine/COREMOD]: Loading CoreMod from coremods/add_bouncer_method.js
[148月2026 10:33:31.379] [main/DEBUG] [net.minecraftforge.coremod.CoreModEngine/COREMOD]: CoreMod loaded successfully
[148月2026 10:33:31.379] [main/DEBUG] [net.minecraftforge.coremod.CoreModEngine/COREMOD]: Loading CoreMod from coremods/method_redirector.js
[148月2026 10:33:31.585] [main/DEBUG] [net.minecraftforge.coremod.CoreModEngine/COREMOD]: CoreMod loaded successfully
[148月2026 10:33:31.621] [main/DEBUG] [cpw.mods.modlauncher.TransformStore/MODLAUNCHER]: Adding transformer net.minecraftforge.coremod.transformer.CoreModClassTransformer@5f5effb0 to Target : CLASS {Lnet/minecraft/world/level/biome/Biome;} {} {V}
[148月2026 10:33:31.628] [main/DEBUG] [cpw.mods.modlauncher.TransformStore/MODLAUNCHER]: Adding transformer net.minecraftforge.coremod.transformer.CoreModClassTransformer@3468ee6e to Target : CLASS {Lnet/minecraft/world/level/levelgen/structure/Structure;} {} {V}
[148月2026 10:33:31.629] [main/DEBUG] [cpw.mods.modlauncher.TransformStore/MODLAUNCHER]: Adding transformer net.minecraftforge.coremod.transformer.CoreModClassTransformer@2f4b98f6 to Target : CLASS {Lnet/minecraft/world/effect/MobEffectInstance;} {} {V}
[148月2026 10:33:31.629] [main/DEBUG] [cpw.mods.modlauncher.TransformStore/MODLAUNCHER]: Adding transformer net.minecraftforge.coremod.transformer.CoreModClassTransformer@421def93 to Target : CLASS {Lnet/minecraft/world/level/block/LiquidBlock;} {} {V}
[148月2026 10:33:31.630] [main/DEBUG] [cpw.mods.modlauncher.TransformStore/MODLAUNCHER]: Adding transformer net.minecraftforge.coremod.transformer.CoreModClassTransformer@58c1da09 to Target : CLASS {Lnet/minecraft/world/item/BucketItem;} {} {V}
[148月2026 10:33:31.630] [main/DEBUG] [cpw.mods.modlauncher.TransformStore/MODLAUNCHER]: Adding transformer net.minecraftforge.coremod.transformer.CoreModClassTransformer@2b2954e1 to Target : CLASS {Lnet/minecraft/world/level/block/StairBlock;} {} {V}
[148月2026 10:33:31.631] [main/DEBUG] [cpw.mods.modlauncher.TransformStore/MODLAUNCHER]: Adding transformer net.minecraftforge.coremod.transformer.CoreModClassTransformer@58d6e55a to Target : CLASS {Lnet/minecraft/world/level/block/FlowerPotBlock;} {} {V}
[148月2026 10:33:31.631] [main/DEBUG] [cpw.mods.modlauncher.TransformStore/MODLAUNCHER]: Adding transformer net.minecraftforge.coremod.transformer.CoreModClassTransformer@751ae8a4 to Target : CLASS {Lnet/minecraft/world/item/ItemStack;} {} {V}
[148月2026 10:33:31.631] [main/DEBUG] [cpw.mods.modlauncher.TransformStore/MODLAUNCHER]: Adding transformer net.minecraftforge.coremod.transformer.CoreModClassTransformer@235d659c to Target : CLASS {Lnet/minecraft/network/play/client/CClientSettingsPacket;} {} {V}
[148月2026 10:33:31.632] [main/DEBUG] [cpw.mods.modlauncher.TransformStore/MODLAUNCHER]: Adding transformer net.minecraftforge.coremod.transformer.CoreModClassTransformer@4232b34a to Target : CLASS {Lnet/minecraft/world/entity/monster/Spider;} {} {V}
[148月2026 10:33:31.632] [main/DEBUG] [cpw.mods.modlauncher.TransformStore/MODLAUNCHER]: Adding transformer net.minecraftforge.coremod.transformer.CoreModClassTransformer@4232b34a to Target : CLASS {Lnet/minecraft/world/entity/monster/Strider;} {} {V}
[148月2026 10:33:31.632] [main/DEBUG] [cpw.mods.modlauncher.TransformStore/MODLAUNCHER]: Adding transformer net.minecraftforge.coremod.transformer.CoreModClassTransformer@4232b34a to Target : CLASS {Lnet/minecraft/world/level/levelgen/structure/structures/WoodlandMansionPieces$WoodlandMansionPiece;} {} {V}
[148月2026 10:33:31.632] [main/DEBUG] [cpw.mods.modlauncher.TransformStore/MODLAUNCHER]: Adding transformer net.minecraftforge.coremod.transformer.CoreModClassTransformer@4232b34a to Target : CLASS {Lnet/minecraft/world/entity/npc/Villager;} {} {V}
[148月2026 10:33:31.632] [main/DEBUG] [cpw.mods.modlauncher.TransformStore/MODLAUNCHER]: Adding transformer net.minecraftforge.coremod.transformer.CoreModClassTransformer@4232b34a to Target : CLASS {Lnet/minecraft/world/entity/monster/Zombie;} {} {V}
[148月2026 10:33:31.632] [main/DEBUG] [cpw.mods.modlauncher.TransformStore/MODLAUNCHER]: Adding transformer net.minecraftforge.coremod.transformer.CoreModClassTransformer@4232b34a to Target : CLASS {Lnet/minecraft/world/entity/raid/Raid;} {} {V}
[148月2026 10:33:31.632] [main/DEBUG] [cpw.mods.modlauncher.TransformStore/MODLAUNCHER]: Adding transformer net.minecraftforge.coremod.transformer.CoreModClassTransformer@4232b34a to Target : CLASS {Lnet/minecraft/world/level/levelgen/structure/structures/OceanRuinPieces$OceanRuinPiece;} {} {V}
[148月2026 10:33:31.632] [main/DEBUG] [cpw.mods.modlauncher.TransformStore/MODLAUNCHER]: Adding transformer net.minecraftforge.coremod.transformer.CoreModClassTransformer@4232b34a to Target : CLASS {Lnet/minecraft/world/entity/animal/frog/Tadpole;} {} {V}
[148月2026 10:33:31.634] [main/DEBUG] [cpw.mods.modlauncher.TransformStore/MODLAUNCHER]: Adding transformer net.minecraftforge.coremod.transformer.CoreModClassTransformer@4232b34a to Target : CLASS {Lnet/minecraft/server/commands/RaidCommand;} {} {V}
[148月2026 10:33:31.634] [main/DEBUG] [cpw.mods.modlauncher.TransformStore/MODLAUNCHER]: Adding transformer net.minecraftforge.coremod.transformer.CoreModClassTransformer@4232b34a to Target : CLASS {Lnet/minecraft/world/entity/EntityType;} {} {V}
[148月2026 10:33:31.634] [main/DEBUG] [cpw.mods.modlauncher.TransformStore/MODLAUNCHER]: Adding transformer net.minecraftforge.coremod.transformer.CoreModClassTransformer@4232b34a to Target : CLASS {Lnet/minecraft/world/level/levelgen/PhantomSpawner;} {} {V}
[148月2026 10:33:31.634] [main/DEBUG] [cpw.mods.modlauncher.TransformStore/MODLAUNCHER]: Adding transformer net.minecraftforge.coremod.transformer.CoreModClassTransformer@4232b34a to Target : CLASS {Lnet/minecraft/world/level/levelgen/structure/structures/SwampHutPiece;} {} {V}
[148月2026 10:33:31.634] [main/DEBUG] [cpw.mods.modlauncher.TransformStore/MODLAUNCHER]: Adding transformer net.minecraftforge.coremod.transformer.CoreModClassTransformer@4232b34a to Target : CLASS {Lnet/minecraft/world/entity/animal/horse/SkeletonTrapGoal;} {} {V}
[148月2026 10:33:31.634] [main/DEBUG] [cpw.mods.modlauncher.TransformStore/MODLAUNCHER]: Adding transformer net.minecraftforge.coremod.transformer.CoreModClassTransformer@4232b34a to Target : CLASS {Lnet/minecraft/world/entity/npc/CatSpawner;} {} {V}
[148月2026 10:33:31.634] [main/DEBUG] [cpw.mods.modlauncher.TransformStore/MODLAUNCHER]: Adding transformer net.minecraftforge.coremod.transformer.CoreModClassTransformer@4232b34a to Target : CLASS {Lnet/minecraft/world/level/levelgen/structure/structures/OceanMonumentPieces$OceanMonumentPiece;} {} {V}
[148月2026 10:33:31.634] [main/DEBUG] [cpw.mods.modlauncher.TransformStore/MODLAUNCHER]: Adding transformer net.minecraftforge.coremod.transformer.CoreModClassTransformer@4232b34a to Target : CLASS {Lnet/minecraft/world/entity/ai/village/VillageSiege;} {} {V}
[148月2026 10:33:31.634] [main/DEBUG] [cpw.mods.modlauncher.TransformStore/MODLAUNCHER]: Adding transformer net.minecraftforge.coremod.transformer.CoreModClassTransformer@4232b34a to Target : CLASS {Lnet/minecraft/world/level/NaturalSpawner;} {} {V}
[148月2026 10:33:31.634] [main/DEBUG] [cpw.mods.modlauncher.TransformStore/MODLAUNCHER]: Adding transformer net.minecraftforge.coremod.transformer.CoreModClassTransformer@4232b34a to Target : CLASS {Lnet/minecraft/world/level/levelgen/PatrolSpawner;} {} {V}
[148月2026 10:33:31.634] [main/DEBUG] [cpw.mods.modlauncher.TransformStore/MODLAUNCHER]: Adding transformer net.minecraftforge.coremod.transformer.CoreModClassTransformer@4232b34a to Target : CLASS {Lnet/minecraft/world/entity/monster/Evoker$EvokerSummonSpellGoal;} {} {V}
[148月2026 10:33:31.634] [main/DEBUG] [cpw.mods.modlauncher.TransformStore/MODLAUNCHER]: Adding transformer net.minecraftforge.coremod.transformer.CoreModClassTransformer@4232b34a to Target : CLASS {Lnet/minecraft/world/entity/monster/ZombieVillager;} {} {V}
[148月2026 10:33:31.635] [main/DEBUG] [cpw.mods.modlauncher.TransformStore/MODLAUNCHER]: Adding transformer net.minecraftforge.coremod.transformer.CoreModClassTransformer@4232b34a to Target : CLASS {Lnet/minecraft/world/level/levelgen/structure/templatesystem/StructureTemplate;} {} {V}
[148月2026 10:33:31.635] [main/DEBUG] [cpw.mods.modlauncher.TransformStore/MODLAUNCHER]: Adding transformer net.minecraftforge.coremod.transformer.CoreModClassTransformer@4232b34a to Target : CLASS {Lnet/minecraft/server/commands/SummonCommand;} {} {V}
[148月2026 10:33:31.635] [main/DEBUG] [cpw.mods.modlauncher.TransformationServiceDecorator/MODLAUNCHER]: Initialized transformers for transformation service fml
[148月2026 10:33:32.681] [main/DEBUG] [mixin/]: Processing prepare() for PlatformAgent[MixinPlatformAgentDefault:ModLauncher Root Container(ModLauncher:4f56a0a2)]
[148月2026 10:33:32.681] [main/DEBUG] [mixin/]: Processing launch tasks for PlatformAgent[MixinPlatformAgentDefault:ModLauncher Root Container(ModLauncher:4f56a0a2)]
[148月2026 10:33:32.682] [main/DEBUG] [mixin/]: Adding mixin platform agents for container SecureJarResource(minecraft)
[148月2026 10:33:32.682] [main/DEBUG] [mixin/]: Instancing new MixinPlatformAgentMinecraftForge for SecureJarResource(minecraft)
[148月2026 10:33:32.682] [main/DEBUG] [mixin/]: MixinPlatformAgentMinecraftForge rejected container SecureJarResource(minecraft)
[148月2026 10:33:32.682] [main/DEBUG] [mixin/]: Instancing new MixinPlatformAgentDefault for SecureJarResource(minecraft)
[148月2026 10:33:32.682] [main/DEBUG] [mixin/]: MixinPlatformAgentDefault accepted container SecureJarResource(minecraft)
[148月2026 10:33:32.682] [main/DEBUG] [mixin/]: Processing prepare() for PlatformAgent[MixinPlatformAgentDefault:SecureJarResource(minecraft)]
[148月2026 10:33:32.682] [main/DEBUG] [mixin/]: Adding mixin platform agents for container SecureJarResource(invincible)
[148月2026 10:33:32.682] [main/DEBUG] [mixin/]: Instancing new MixinPlatformAgentMinecraftForge for SecureJarResource(invincible)
[148月2026 10:33:32.682] [main/DEBUG] [mixin/]: MixinPlatformAgentMinecraftForge rejected container SecureJarResource(invincible)
[148月2026 10:33:32.682] [main/DEBUG] [mixin/]: Instancing new MixinPlatformAgentDefault for SecureJarResource(invincible)
[148月2026 10:33:32.682] [main/DEBUG] [mixin/]: MixinPlatformAgentDefault accepted container SecureJarResource(invincible)
[148月2026 10:33:32.682] [main/DEBUG] [mixin/]: Processing prepare() for PlatformAgent[MixinPlatformAgentDefault:SecureJarResource(invincible)]
[148月2026 10:33:32.682] [main/DEBUG] [mixin/]: Registering mixin config: invincible.mixins.json
[148月2026 10:33:32.762] [main/DEBUG] [mixin/]: Compatibility level JAVA_17 specified by invincible.mixins.json is higher than the maximum level supported by this version of mixin (JAVA_13).
[148月2026 10:33:32.797] [main/INFO] [mixin/]: Compatibility level set to JAVA_17
[148月2026 10:33:32.829] [main/DEBUG] [mixin/]: Adding mixin platform agents for container SecureJarResource(mixinsquared)
[148月2026 10:33:32.830] [main/DEBUG] [mixin/]: Instancing new MixinPlatformAgentMinecraftForge for SecureJarResource(mixinsquared)
[148月2026 10:33:32.830] [main/DEBUG] [mixin/]: MixinPlatformAgentMinecraftForge rejected container SecureJarResource(mixinsquared)
[148月2026 10:33:32.831] [main/DEBUG] [mixin/]: Instancing new MixinPlatformAgentDefault for SecureJarResource(mixinsquared)
[148月2026 10:33:32.831] [main/DEBUG] [mixin/]: MixinPlatformAgentDefault accepted container SecureJarResource(mixinsquared)
[148月2026 10:33:32.831] [main/DEBUG] [mixin/]: Processing prepare() for PlatformAgent[MixinPlatformAgentDefault:SecureJarResource(mixinsquared)]
[148月2026 10:33:32.831] [main/DEBUG] [mixin/]: Registering mixin config: mixinsquared.init.mixins.json
[148月2026 10:33:32.837] [main/DEBUG] [mixin/]: Adding mixin platform agents for container SecureJarResource(geckolib)
[148月2026 10:33:32.838] [main/DEBUG] [mixin/]: Instancing new MixinPlatformAgentMinecraftForge for SecureJarResource(geckolib)
[148月2026 10:33:32.839] [main/DEBUG] [mixin/]: MixinPlatformAgentMinecraftForge rejected container SecureJarResource(geckolib)
[148月2026 10:33:32.840] [main/DEBUG] [mixin/]: Instancing new MixinPlatformAgentDefault for SecureJarResource(geckolib)
[148月2026 10:33:32.842] [main/DEBUG] [mixin/]: MixinPlatformAgentDefault accepted container SecureJarResource(geckolib)
[148月2026 10:33:32.842] [main/DEBUG] [mixin/]: Processing prepare() for PlatformAgent[MixinPlatformAgentDefault:SecureJarResource(geckolib)]
[148月2026 10:33:32.842] [main/DEBUG] [mixin/]: Registering mixin config: geckolib.mixins.json
[148月2026 10:33:32.845] [main/DEBUG] [mixin/]: Adding mixin platform agents for container SecureJarResource(combat_evolution)
[148月2026 10:33:32.845] [main/DEBUG] [mixin/]: Instancing new MixinPlatformAgentMinecraftForge for SecureJarResource(combat_evolution)
[148月2026 10:33:32.845] [main/DEBUG] [mixin/]: MixinPlatformAgentMinecraftForge rejected container SecureJarResource(combat_evolution)
[148月2026 10:33:32.845] [main/DEBUG] [mixin/]: Instancing new MixinPlatformAgentDefault for SecureJarResource(combat_evolution)
[148月2026 10:33:32.845] [main/DEBUG] [mixin/]: MixinPlatformAgentDefault accepted container SecureJarResource(combat_evolution)
[148月2026 10:33:32.845] [main/DEBUG] [mixin/]: Processing prepare() for PlatformAgent[MixinPlatformAgentDefault:SecureJarResource(combat_evolution)]
[148月2026 10:33:32.845] [main/DEBUG] [mixin/]: Registering mixin config: combat_evolution.mixins.json
[148月2026 10:33:32.870] [main/DEBUG] [mixin/]: Adding mixin platform agents for container SecureJarResource(maid_weapon_refill)
[148月2026 10:33:32.870] [main/DEBUG] [mixin/]: Instancing new MixinPlatformAgentMinecraftForge for SecureJarResource(maid_weapon_refill)
[148月2026 10:33:32.871] [main/DEBUG] [mixin/]: MixinPlatformAgentMinecraftForge rejected container SecureJarResource(maid_weapon_refill)
[148月2026 10:33:32.872] [main/DEBUG] [mixin/]: Instancing new MixinPlatformAgentDefault for SecureJarResource(maid_weapon_refill)
[148月2026 10:33:32.872] [main/DEBUG] [mixin/]: MixinPlatformAgentDefault accepted container SecureJarResource(maid_weapon_refill)
[148月2026 10:33:32.873] [main/DEBUG] [mixin/]: Processing prepare() for PlatformAgent[MixinPlatformAgentDefault:SecureJarResource(maid_weapon_refill)]
[148月2026 10:33:32.874] [main/DEBUG] [mixin/]: Adding mixin platform agents for container SecureJarResource(touhou_little_maid)
[148月2026 10:33:32.875] [main/DEBUG] [mixin/]: Instancing new MixinPlatformAgentMinecraftForge for SecureJarResource(touhou_little_maid)
[148月2026 10:33:32.875] [main/DEBUG] [mixin/]: MixinPlatformAgentMinecraftForge rejected container SecureJarResource(touhou_little_maid)
[148月2026 10:33:32.875] [main/DEBUG] [mixin/]: Instancing new MixinPlatformAgentDefault for SecureJarResource(touhou_little_maid)
[148月2026 10:33:32.876] [main/DEBUG] [mixin/]: MixinPlatformAgentDefault accepted container SecureJarResource(touhou_little_maid)
[148月2026 10:33:32.876] [main/DEBUG] [mixin/]: Processing prepare() for PlatformAgent[MixinPlatformAgentDefault:SecureJarResource(touhou_little_maid)]
[148月2026 10:33:32.876] [main/DEBUG] [mixin/]: Registering mixin config: touhou_little_maid.mixins.json
[148月2026 10:33:32.880] [main/DEBUG] [mixin/]: Adding mixin platform agents for container SecureJarResource(simplebedrockmodel)
[148月2026 10:33:32.880] [main/DEBUG] [mixin/]: Instancing new MixinPlatformAgentMinecraftForge for SecureJarResource(simplebedrockmodel)
[148月2026 10:33:32.880] [main/DEBUG] [mixin/]: MixinPlatformAgentMinecraftForge rejected container SecureJarResource(simplebedrockmodel)
[148月2026 10:33:32.880] [main/DEBUG] [mixin/]: Instancing new MixinPlatformAgentDefault for SecureJarResource(simplebedrockmodel)
[148月2026 10:33:32.880] [main/DEBUG] [mixin/]: MixinPlatformAgentDefault accepted container SecureJarResource(simplebedrockmodel)
[148月2026 10:33:32.880] [main/DEBUG] [mixin/]: Processing prepare() for PlatformAgent[MixinPlatformAgentDefault:SecureJarResource(simplebedrockmodel)]
[148月2026 10:33:32.880] [main/DEBUG] [mixin/]: Registering mixin config: simplebedrockmodel.mixins.json
[148月2026 10:33:32.892] [main/DEBUG] [mixin/]: Compatibility level JAVA_8 specified by simplebedrockmodel.mixins.json is lower than the default level supported by the current mixin service (JAVA_16).
[148月2026 10:33:32.893] [main/DEBUG] [mixin/]: Adding mixin platform agents for container SecureJarResource(epicfight)
[148月2026 10:33:32.893] [main/DEBUG] [mixin/]: Instancing new MixinPlatformAgentMinecraftForge for SecureJarResource(epicfight)
[148月2026 10:33:32.893] [main/DEBUG] [mixin/]: MixinPlatformAgentMinecraftForge rejected container SecureJarResource(epicfight)
[148月2026 10:33:32.893] [main/DEBUG] [mixin/]: Instancing new MixinPlatformAgentDefault for SecureJarResource(epicfight)
[148月2026 10:33:32.893] [main/DEBUG] [mixin/]: MixinPlatformAgentDefault accepted container SecureJarResource(epicfight)
[148月2026 10:33:32.893] [main/DEBUG] [mixin/]: Processing prepare() for PlatformAgent[MixinPlatformAgentDefault:SecureJarResource(epicfight)]
[148月2026 10:33:32.893] [main/DEBUG] [mixin/]: Registering mixin config: mixins.epicfight.json
[148月2026 10:33:32.897] [main/DEBUG] [mixin/]: Adding mixin platform agents for container SecureJarResource(wom)
[148月2026 10:33:32.897] [main/DEBUG] [mixin/]: Instancing new MixinPlatformAgentMinecraftForge for SecureJarResource(wom)
[148月2026 10:33:32.897] [main/DEBUG] [mixin/]: MixinPlatformAgentMinecraftForge rejected container SecureJarResource(wom)
[148月2026 10:33:32.898] [main/DEBUG] [mixin/]: Instancing new MixinPlatformAgentDefault for SecureJarResource(wom)
[148月2026 10:33:32.903] [main/DEBUG] [mixin/]: MixinPlatformAgentDefault accepted container SecureJarResource(wom)
[148月2026 10:33:32.903] [main/DEBUG] [mixin/]: Processing prepare() for PlatformAgent[MixinPlatformAgentDefault:SecureJarResource(wom)]
[148月2026 10:33:32.903] [main/DEBUG] [mixin/]: Registering mixin config: mixins.wom.json
[148月2026 10:33:32.911] [main/DEBUG] [mixin/]: Adding mixin platform agents for container SecureJarResource(epic_fight_avalon)
[148月2026 10:33:32.911] [main/DEBUG] [mixin/]: Instancing new MixinPlatformAgentMinecraftForge for SecureJarResource(epic_fight_avalon)
[148月2026 10:33:32.912] [main/DEBUG] [mixin/]: MixinPlatformAgentMinecraftForge rejected container SecureJarResource(epic_fight_avalon)
[148月2026 10:33:32.912] [main/DEBUG] [mixin/]: Instancing new MixinPlatformAgentDefault for SecureJarResource(epic_fight_avalon)
[148月2026 10:33:32.912] [main/DEBUG] [mixin/]: MixinPlatformAgentDefault accepted container SecureJarResource(epic_fight_avalon)
[148月2026 10:33:32.912] [main/DEBUG] [mixin/]: Processing prepare() for PlatformAgent[MixinPlatformAgentDefault:SecureJarResource(epic_fight_avalon)]
[148月2026 10:33:32.912] [main/DEBUG] [mixin/]: Registering mixin config: epic_fight_avalon.mixins.json
[148月2026 10:33:32.915] [main/DEBUG] [mixin/]: Adding mixin platform agents for container SecureJarResource(player_mobs)
[148月2026 10:33:32.915] [main/DEBUG] [mixin/]: Instancing new MixinPlatformAgentMinecraftForge for SecureJarResource(player_mobs)
[148月2026 10:33:32.916] [main/DEBUG] [mixin/]: MixinPlatformAgentMinecraftForge rejected container SecureJarResource(player_mobs)
[148月2026 10:33:32.916] [main/DEBUG] [mixin/]: Instancing new MixinPlatformAgentDefault for SecureJarResource(player_mobs)
[148月2026 10:33:32.916] [main/DEBUG] [mixin/]: MixinPlatformAgentDefault accepted container SecureJarResource(player_mobs)
[148月2026 10:33:32.916] [main/DEBUG] [mixin/]: Processing prepare() for PlatformAgent[MixinPlatformAgentDefault:SecureJarResource(player_mobs)]
[148月2026 10:33:32.916] [main/DEBUG] [mixin/]: Adding mixin platform agents for container SecureJarResource(mixinextras)
[148月2026 10:33:32.916] [main/DEBUG] [mixin/]: Instancing new MixinPlatformAgentMinecraftForge for SecureJarResource(mixinextras)
[148月2026 10:33:32.916] [main/DEBUG] [mixin/]: MixinPlatformAgentMinecraftForge rejected container SecureJarResource(mixinextras)
[148月2026 10:33:32.917] [main/DEBUG] [mixin/]: Instancing new MixinPlatformAgentDefault for SecureJarResource(mixinextras)
[148月2026 10:33:32.918] [main/DEBUG] [mixin/]: MixinPlatformAgentDefault accepted container SecureJarResource(mixinextras)
[148月2026 10:33:32.918] [main/DEBUG] [mixin/]: Processing prepare() for PlatformAgent[MixinPlatformAgentDefault:SecureJarResource(mixinextras)]
[148月2026 10:33:32.918] [main/DEBUG] [mixin/]: Registering mixin config: mixinextras.init.mixins.json
[148月2026 10:33:32.923] [main/DEBUG] [mixin/]: Adding mixin platform agents for container SecureJarResource(vix)
[148月2026 10:33:32.923] [main/DEBUG] [mixin/]: Instancing new MixinPlatformAgentMinecraftForge for SecureJarResource(vix)
[148月2026 10:33:32.926] [main/DEBUG] [mixin/]: MixinPlatformAgentMinecraftForge rejected container SecureJarResource(vix)
[148月2026 10:33:32.926] [main/DEBUG] [mixin/]: Instancing new MixinPlatformAgentDefault for SecureJarResource(vix)
[148月2026 10:33:32.926] [main/DEBUG] [mixin/]: MixinPlatformAgentDefault accepted container SecureJarResource(vix)
[148月2026 10:33:32.927] [main/DEBUG] [mixin/]: Processing prepare() for PlatformAgent[MixinPlatformAgentDefault:SecureJarResource(vix)]
[148月2026 10:33:32.927] [main/DEBUG] [mixin/]: Registering mixin config: vix.mixins.json
[148月2026 10:33:32.929] [main/DEBUG] [mixin/]: Adding mixin platform agents for container SecureJarResource(architectury)
[148月2026 10:33:32.930] [main/DEBUG] [mixin/]: Instancing new MixinPlatformAgentMinecraftForge for SecureJarResource(architectury)
[148月2026 10:33:32.930] [main/DEBUG] [mixin/]: MixinPlatformAgentMinecraftForge rejected container SecureJarResource(architectury)
[148月2026 10:33:32.930] [main/DEBUG] [mixin/]: Instancing new MixinPlatformAgentDefault for SecureJarResource(architectury)
[148月2026 10:33:32.931] [main/DEBUG] [mixin/]: MixinPlatformAgentDefault accepted container SecureJarResource(architectury)
[148月2026 10:33:32.932] [main/DEBUG] [mixin/]: Processing prepare() for PlatformAgent[MixinPlatformAgentDefault:SecureJarResource(architectury)]
[148月2026 10:33:32.932] [main/DEBUG] [mixin/]: Registering mixin config: architectury.mixins.json
[148月2026 10:33:32.937] [main/DEBUG] [mixin/]: Compatibility level JAVA_16 specified by architectury.mixins.json is higher than the maximum level supported by this version of mixin (JAVA_13).
[148月2026 10:33:32.938] [main/DEBUG] [mixin/]: Registering mixin config: architectury-common.mixins.json
[148月2026 10:33:32.942] [main/DEBUG] [mixin/]: Compatibility level JAVA_16 specified by architectury-common.mixins.json is higher than the maximum level supported by this version of mixin (JAVA_13).
[148月2026 10:33:32.944] [main/DEBUG] [mixin/]: Adding mixin platform agents for container SecureJarResource(efn)
[148月2026 10:33:32.944] [main/DEBUG] [mixin/]: Instancing new MixinPlatformAgentMinecraftForge for SecureJarResource(efn)
[148月2026 10:33:32.944] [main/DEBUG] [mixin/]: MixinPlatformAgentMinecraftForge rejected container SecureJarResource(efn)
[148月2026 10:33:32.944] [main/DEBUG] [mixin/]: Instancing new MixinPlatformAgentDefault for SecureJarResource(efn)
[148月2026 10:33:32.944] [main/DEBUG] [mixin/]: MixinPlatformAgentDefault accepted container SecureJarResource(efn)
[148月2026 10:33:32.944] [main/DEBUG] [mixin/]: Processing prepare() for PlatformAgent[MixinPlatformAgentDefault:SecureJarResource(efn)]
[148月2026 10:33:32.944] [main/DEBUG] [mixin/]: Registering mixin config: efn.mixins.json
[148月2026 10:33:32.948] [main/DEBUG] [mixin/]: Adding mixin platform agents for container SecureJarResource(annoyingvillagers)
[148月2026 10:33:32.948] [main/DEBUG] [mixin/]: Instancing new MixinPlatformAgentMinecraftForge for SecureJarResource(annoyingvillagers)
[148月2026 10:33:32.948] [main/DEBUG] [mixin/]: MixinPlatformAgentMinecraftForge rejected container SecureJarResource(annoyingvillagers)
[148月2026 10:33:32.948] [main/DEBUG] [mixin/]: Instancing new MixinPlatformAgentDefault for SecureJarResource(annoyingvillagers)
[148月2026 10:33:32.948] [main/DEBUG] [mixin/]: MixinPlatformAgentDefault accepted container SecureJarResource(annoyingvillagers)
[148月2026 10:33:32.949] [main/DEBUG] [mixin/]: Processing prepare() for PlatformAgent[MixinPlatformAgentDefault:SecureJarResource(annoyingvillagers)]
[148月2026 10:33:32.949] [main/DEBUG] [mixin/]: Registering mixin config: annoyingvillagers.mixins.json
[148月2026 10:33:32.951] [main/DEBUG] [mixin/]: Adding mixin platform agents for container SecureJarResource(efclash_blade)
[148月2026 10:33:32.953] [main/DEBUG] [mixin/]: Instancing new MixinPlatformAgentMinecraftForge for SecureJarResource(efclash_blade)
[148月2026 10:33:32.953] [main/DEBUG] [mixin/]: MixinPlatformAgentMinecraftForge rejected container SecureJarResource(efclash_blade)
[148月2026 10:33:32.953] [main/DEBUG] [mixin/]: Instancing new MixinPlatformAgentDefault for SecureJarResource(efclash_blade)
[148月2026 10:33:32.953] [main/DEBUG] [mixin/]: MixinPlatformAgentDefault accepted container SecureJarResource(efclash_blade)
[148月2026 10:33:32.954] [main/DEBUG] [mixin/]: Processing prepare() for PlatformAgent[MixinPlatformAgentDefault:SecureJarResource(efclash_blade)]
[148月2026 10:33:32.955] [main/DEBUG] [mixin/]: Adding mixin platform agents for container SecureJarResource(ywzj_vehicle)
[148月2026 10:33:32.955] [main/DEBUG] [mixin/]: Instancing new MixinPlatformAgentMinecraftForge for SecureJarResource(ywzj_vehicle)
[148月2026 10:33:32.957] [main/DEBUG] [mixin/]: MixinPlatformAgentMinecraftForge rejected container SecureJarResource(ywzj_vehicle)
[148月2026 10:33:32.957] [main/DEBUG] [mixin/]: Instancing new MixinPlatformAgentDefault for SecureJarResource(ywzj_vehicle)
[148月2026 10:33:32.958] [main/DEBUG] [mixin/]: MixinPlatformAgentDefault accepted container SecureJarResource(ywzj_vehicle)
[148月2026 10:33:32.958] [main/DEBUG] [mixin/]: Processing prepare() for PlatformAgent[MixinPlatformAgentDefault:SecureJarResource(ywzj_vehicle)]
[148月2026 10:33:32.958] [main/DEBUG] [mixin/]: Registering mixin config: mixins.ywzj_vehicle.json
[148月2026 10:33:32.964] [main/DEBUG] [mixin/]: Adding mixin platform agents for container SecureJarResource(ef_tlm)
[148月2026 10:33:32.965] [main/DEBUG] [mixin/]: Instancing new MixinPlatformAgentMinecraftForge for SecureJarResource(ef_tlm)
[148月2026 10:33:32.965] [main/DEBUG] [mixin/]: MixinPlatformAgentMinecraftForge rejected container SecureJarResource(ef_tlm)
[148月2026 10:33:32.965] [main/DEBUG] [mixin/]: Instancing new MixinPlatformAgentDefault for SecureJarResource(ef_tlm)
[148月2026 10:33:32.965] [main/DEBUG] [mixin/]: MixinPlatformAgentDefault accepted container SecureJarResource(ef_tlm)
[148月2026 10:33:32.965] [main/DEBUG] [mixin/]: Processing prepare() for PlatformAgent[MixinPlatformAgentDefault:SecureJarResource(ef_tlm)]
[148月2026 10:33:32.965] [main/DEBUG] [mixin/]: Registering mixin config: ef_tlm.mixins.json
[148月2026 10:33:32.967] [main/DEBUG] [mixin/]: Adding mixin platform agents for container SecureJarResource(ysm_geo_compat)
[148月2026 10:33:32.967] [main/DEBUG] [mixin/]: Instancing new MixinPlatformAgentMinecraftForge for SecureJarResource(ysm_geo_compat)
[148月2026 10:33:32.967] [main/DEBUG] [mixin/]: MixinPlatformAgentMinecraftForge rejected container SecureJarResource(ysm_geo_compat)
[148月2026 10:33:32.967] [main/DEBUG] [mixin/]: Instancing new MixinPlatformAgentDefault for SecureJarResource(ysm_geo_compat)
[148月2026 10:33:32.967] [main/DEBUG] [mixin/]: MixinPlatformAgentDefault accepted container SecureJarResource(ysm_geo_compat)
[148月2026 10:33:32.967] [main/DEBUG] [mixin/]: Processing prepare() for PlatformAgent[MixinPlatformAgentDefault:SecureJarResource(ysm_geo_compat)]
[148月2026 10:33:32.967] [main/DEBUG] [mixin/]: Registering mixin config: ysm_geo_compat.eftlm.mixins.json
[148月2026 10:33:32.970] [main/DEBUG] [mixin/]: Adding mixin platform agents for container SecureJarResource(forge)
[148月2026 10:33:32.971] [main/DEBUG] [mixin/]: Instancing new MixinPlatformAgentMinecraftForge for SecureJarResource(forge)
[148月2026 10:33:32.971] [main/DEBUG] [mixin/]: MixinPlatformAgentMinecraftForge rejected container SecureJarResource(forge)
[148月2026 10:33:32.971] [main/DEBUG] [mixin/]: Instancing new MixinPlatformAgentDefault for SecureJarResource(forge)
[148月2026 10:33:32.971] [main/DEBUG] [mixin/]: MixinPlatformAgentDefault accepted container SecureJarResource(forge)
[148月2026 10:33:32.971] [main/DEBUG] [mixin/]: Processing prepare() for PlatformAgent[MixinPlatformAgentDefault:SecureJarResource(forge)]
[148月2026 10:33:32.973] [main/DEBUG] [mixin/]: Adding mixin platform agents for container SecureJarResource(eftlm_stylish)
[148月2026 10:33:32.973] [main/DEBUG] [mixin/]: Instancing new MixinPlatformAgentMinecraftForge for SecureJarResource(eftlm_stylish)
[148月2026 10:33:32.973] [main/DEBUG] [mixin/]: MixinPlatformAgentMinecraftForge rejected container SecureJarResource(eftlm_stylish)
[148月2026 10:33:32.973] [main/DEBUG] [mixin/]: Instancing new MixinPlatformAgentDefault for SecureJarResource(eftlm_stylish)
[148月2026 10:33:32.973] [main/DEBUG] [mixin/]: MixinPlatformAgentDefault accepted container SecureJarResource(eftlm_stylish)
[148月2026 10:33:32.973] [main/DEBUG] [mixin/]: Processing prepare() for PlatformAgent[MixinPlatformAgentDefault:SecureJarResource(eftlm_stylish)]
[148月2026 10:33:32.973] [main/DEBUG] [mixin/]: Adding mixin platform agents for container SecureJarResource(mclib)
[148月2026 10:33:32.973] [main/DEBUG] [mixin/]: Instancing new MixinPlatformAgentMinecraftForge for SecureJarResource(mclib)
[148月2026 10:33:32.973] [main/DEBUG] [mixin/]: MixinPlatformAgentMinecraftForge rejected container SecureJarResource(mclib)
[148月2026 10:33:32.973] [main/DEBUG] [mixin/]: Instancing new MixinPlatformAgentDefault for SecureJarResource(mclib)
[148月2026 10:33:32.973] [main/DEBUG] [mixin/]: MixinPlatformAgentDefault accepted container SecureJarResource(mclib)
[148月2026 10:33:32.973] [main/DEBUG] [mixin/]: Processing prepare() for PlatformAgent[MixinPlatformAgentDefault:SecureJarResource(mclib)]
[148月2026 10:33:32.973] [main/DEBUG] [mixin/]: Adding mixin platform agents for container SecureJarResource(mae)
[148月2026 10:33:32.975] [main/DEBUG] [mixin/]: Instancing new MixinPlatformAgentMinecraftForge for SecureJarResource(mae)
[148月2026 10:33:32.975] [main/DEBUG] [mixin/]: MixinPlatformAgentMinecraftForge rejected container SecureJarResource(mae)
[148月2026 10:33:32.977] [main/DEBUG] [mixin/]: Instancing new MixinPlatformAgentDefault for SecureJarResource(mae)
[148月2026 10:33:32.980] [main/DEBUG] [mixin/]: MixinPlatformAgentDefault accepted container SecureJarResource(mae)
[148月2026 10:33:32.980] [main/DEBUG] [mixin/]: Processing prepare() for PlatformAgent[MixinPlatformAgentDefault:SecureJarResource(mae)]
[148月2026 10:33:32.980] [main/DEBUG] [mixin/]: Adding mixin platform agents for container SecureJarResource(org.mozillaa.rhino)
[148月2026 10:33:32.981] [main/DEBUG] [mixin/]: Instancing new MixinPlatformAgentMinecraftForge for SecureJarResource(org.mozillaa.rhino)
[148月2026 10:33:32.981] [main/DEBUG] [mixin/]: MixinPlatformAgentMinecraftForge rejected container SecureJarResource(org.mozillaa.rhino)
[148月2026 10:33:32.981] [main/DEBUG] [mixin/]: Instancing new MixinPlatformAgentDefault for SecureJarResource(org.mozillaa.rhino)
[148月2026 10:33:32.981] [main/DEBUG] [mixin/]: MixinPlatformAgentDefault accepted container SecureJarResource(org.mozillaa.rhino)
[148月2026 10:33:32.981] [main/DEBUG] [mixin/]: Processing prepare() for PlatformAgent[MixinPlatformAgentDefault:SecureJarResource(org.mozillaa.rhino)]
[148月2026 10:33:32.981] [main/DEBUG] [mixin/]: Adding mixin platform agents for container SecureJarResource(MixinSquared.beta._6)
[148月2026 10:33:32.981] [main/DEBUG] [mixin/]: Instancing new MixinPlatformAgentMinecraftForge for SecureJarResource(MixinSquared.beta._6)
[148月2026 10:33:32.981] [main/DEBUG] [mixin/]: MixinPlatformAgentMinecraftForge rejected container SecureJarResource(MixinSquared.beta._6)
[148月2026 10:33:32.981] [main/DEBUG] [mixin/]: Instancing new MixinPlatformAgentDefault for SecureJarResource(MixinSquared.beta._6)
[148月2026 10:33:32.981] [main/DEBUG] [mixin/]: MixinPlatformAgentDefault accepted container SecureJarResource(MixinSquared.beta._6)
[148月2026 10:33:32.982] [main/DEBUG] [mixin/]: Processing prepare() for PlatformAgent[MixinPlatformAgentDefault:SecureJarResource(MixinSquared.beta._6)]
[148月2026 10:33:32.982] [main/DEBUG] [mixin/]: Adding mixin platform agents for container SecureJarResource(Registrate.MC1._20)
[148月2026 10:33:32.982] [main/DEBUG] [mixin/]: Instancing new MixinPlatformAgentMinecraftForge for SecureJarResource(Registrate.MC1._20)
[148月2026 10:33:32.982] [main/DEBUG] [mixin/]: MixinPlatformAgentMinecraftForge rejected container SecureJarResource(Registrate.MC1._20)
[148月2026 10:33:32.982] [main/DEBUG] [mixin/]: Instancing new MixinPlatformAgentDefault for SecureJarResource(Registrate.MC1._20)
[148月2026 10:33:32.982] [main/DEBUG] [mixin/]: MixinPlatformAgentDefault accepted container SecureJarResource(Registrate.MC1._20)
[148月2026 10:33:32.982] [main/DEBUG] [mixin/]: Processing prepare() for PlatformAgent[MixinPlatformAgentDefault:SecureJarResource(Registrate.MC1._20)]
[148月2026 10:33:32.982] [main/DEBUG] [mixin/]: Adding mixin platform agents for container SecureJarResource(MixinExtras)
[148月2026 10:33:32.982] [main/DEBUG] [mixin/]: Instancing new MixinPlatformAgentMinecraftForge for SecureJarResource(MixinExtras)
[148月2026 10:33:32.982] [main/DEBUG] [mixin/]: MixinPlatformAgentMinecraftForge rejected container SecureJarResource(MixinExtras)
[148月2026 10:33:32.982] [main/DEBUG] [mixin/]: Instancing new MixinPlatformAgentDefault for SecureJarResource(MixinExtras)
[148月2026 10:33:32.982] [main/DEBUG] [mixin/]: MixinPlatformAgentDefault accepted container SecureJarResource(MixinExtras)
[148月2026 10:33:32.982] [main/DEBUG] [mixin/]: Processing prepare() for PlatformAgent[MixinPlatformAgentDefault:SecureJarResource(MixinExtras)]
[148月2026 10:33:32.982] [main/DEBUG] [mixin/]: inject() running with 30 agents
[148月2026 10:33:32.982] [main/DEBUG] [mixin/]: Processing inject() for PlatformAgent[MixinPlatformAgentDefault:ModLauncher Root Container(ModLauncher:4f56a0a2)]
[148月2026 10:33:32.982] [main/DEBUG] [mixin/]: Processing inject() for PlatformAgent[MixinPlatformAgentDefault:SecureJarResource(minecraft)]
[148月2026 10:33:32.982] [main/DEBUG] [mixin/]: Processing inject() for PlatformAgent[MixinPlatformAgentDefault:SecureJarResource(invincible)]
[148月2026 10:33:32.982] [main/DEBUG] [mixin/]: Processing inject() for PlatformAgent[MixinPlatformAgentDefault:SecureJarResource(mixinsquared)]
[148月2026 10:33:32.982] [main/DEBUG] [mixin/]: Processing inject() for PlatformAgent[MixinPlatformAgentDefault:SecureJarResource(geckolib)]
[148月2026 10:33:32.982] [main/DEBUG] [mixin/]: Processing inject() for PlatformAgent[MixinPlatformAgentDefault:SecureJarResource(combat_evolution)]
[148月2026 10:33:32.982] [main/DEBUG] [mixin/]: Processing inject() for PlatformAgent[MixinPlatformAgentDefault:SecureJarResource(maid_weapon_refill)]
[148月2026 10:33:32.982] [main/DEBUG] [mixin/]: Processing inject() for PlatformAgent[MixinPlatformAgentDefault:SecureJarResource(touhou_little_maid)]
[148月2026 10:33:32.982] [main/DEBUG] [mixin/]: Processing inject() for PlatformAgent[MixinPlatformAgentDefault:SecureJarResource(simplebedrockmodel)]
[148月2026 10:33:32.982] [main/DEBUG] [mixin/]: Processing inject() for PlatformAgent[MixinPlatformAgentDefault:SecureJarResource(epicfight)]
[148月2026 10:33:32.982] [main/DEBUG] [mixin/]: Processing inject() for PlatformAgent[MixinPlatformAgentDefault:SecureJarResource(wom)]
[148月2026 10:33:32.982] [main/DEBUG] [mixin/]: Processing inject() for PlatformAgent[MixinPlatformAgentDefault:SecureJarResource(epic_fight_avalon)]
[148月2026 10:33:32.982] [main/DEBUG] [mixin/]: Processing inject() for PlatformAgent[MixinPlatformAgentDefault:SecureJarResource(player_mobs)]
[148月2026 10:33:32.982] [main/DEBUG] [mixin/]: Processing inject() for PlatformAgent[MixinPlatformAgentDefault:SecureJarResource(mixinextras)]
[148月2026 10:33:32.982] [main/DEBUG] [mixin/]: Processing inject() for PlatformAgent[MixinPlatformAgentDefault:SecureJarResource(vix)]
[148月2026 10:33:32.982] [main/DEBUG] [mixin/]: Processing inject() for PlatformAgent[MixinPlatformAgentDefault:SecureJarResource(architectury)]
[148月2026 10:33:32.982] [main/DEBUG] [mixin/]: Processing inject() for PlatformAgent[MixinPlatformAgentDefault:SecureJarResource(efn)]
[148月2026 10:33:32.982] [main/DEBUG] [mixin/]: Processing inject() for PlatformAgent[MixinPlatformAgentDefault:SecureJarResource(annoyingvillagers)]
[148月2026 10:33:32.982] [main/DEBUG] [mixin/]: Processing inject() for PlatformAgent[MixinPlatformAgentDefault:SecureJarResource(efclash_blade)]
[148月2026 10:33:32.982] [main/DEBUG] [mixin/]: Processing inject() for PlatformAgent[MixinPlatformAgentDefault:SecureJarResource(ywzj_vehicle)]
[148月2026 10:33:32.982] [main/DEBUG] [mixin/]: Processing inject() for PlatformAgent[MixinPlatformAgentDefault:SecureJarResource(ef_tlm)]
[148月2026 10:33:32.982] [main/DEBUG] [mixin/]: Processing inject() for PlatformAgent[MixinPlatformAgentDefault:SecureJarResource(ysm_geo_compat)]
[148月2026 10:33:32.982] [main/DEBUG] [mixin/]: Processing inject() for PlatformAgent[MixinPlatformAgentDefault:SecureJarResource(forge)]
[148月2026 10:33:32.983] [main/DEBUG] [mixin/]: Processing inject() for PlatformAgent[MixinPlatformAgentDefault:SecureJarResource(eftlm_stylish)]
[148月2026 10:33:32.983] [main/DEBUG] [mixin/]: Processing inject() for PlatformAgent[MixinPlatformAgentDefault:SecureJarResource(mclib)]
[148月2026 10:33:32.983] [main/DEBUG] [mixin/]: Processing inject() for PlatformAgent[MixinPlatformAgentDefault:SecureJarResource(mae)]
[148月2026 10:33:32.983] [main/DEBUG] [mixin/]: Processing inject() for PlatformAgent[MixinPlatformAgentDefault:SecureJarResource(org.mozillaa.rhino)]
[148月2026 10:33:32.983] [main/DEBUG] [mixin/]: Processing inject() for PlatformAgent[MixinPlatformAgentDefault:SecureJarResource(MixinSquared.beta._6)]
[148月2026 10:33:32.983] [main/DEBUG] [mixin/]: Processing inject() for PlatformAgent[MixinPlatformAgentDefault:SecureJarResource(Registrate.MC1._20)]
[148月2026 10:33:32.983] [main/DEBUG] [mixin/]: Processing inject() for PlatformAgent[MixinPlatformAgentDefault:SecureJarResource(MixinExtras)]
[148月2026 10:33:32.983] [main/INFO] [cpw.mods.modlauncher.LaunchServiceHandler/MODLAUNCHER]: Launching target 'forgeserver' with arguments [nogui]
[148月2026 10:33:33.302] [main/DEBUG] [mixin/]: Error cleaning class output directory: .mixin.out
[148月2026 10:33:33.309] [main/DEBUG] [mixin/]: Preparing mixins for MixinEnvironment[DEFAULT]
[148月2026 10:33:33.311] [main/DEBUG] [mixin/]: Selecting config invincible.mixins.json
[148月2026 10:33:33.331] [main/DEBUG] [mixin/]: Selecting config mixinsquared.init.mixins.json
[148月2026 10:33:33.443] [main/DEBUG] [mixin/]: Registering new target selector for @mixinsquared:handler with com.bawnorton.mixinsquared.selector.DynamicSelectorHandler
[148月2026 10:33:33.485] [main/DEBUG] [mixin/]: Selecting config geckolib.mixins.json
[148月2026 10:33:33.487] [main/DEBUG] [mixin/]: Selecting config combat_evolution.mixins.json
[148月2026 10:33:33.490] [main/DEBUG] [mixin/]: Selecting config touhou_little_maid.mixins.json
[148月2026 10:33:33.506] [main/DEBUG] [mixin/]: Selecting config simplebedrockmodel.mixins.json
[148月2026 10:33:33.508] [main/DEBUG] [mixin/]: Selecting config mixins.epicfight.json
[148月2026 10:33:33.512] [main/DEBUG] [mixin/]: Selecting config mixins.wom.json
[148月2026 10:33:33.514] [main/DEBUG] [mixin/]: Selecting config epic_fight_avalon.mixins.json
[148月2026 10:33:33.516] [main/DEBUG] [mixin/]: Selecting config mixinextras.init.mixins.json
[148月2026 10:33:33.634] [main/DEBUG] [MixinExtras|Service/]: com.llamalad7.mixinextras.service.MixinExtrasServiceImpl(version=0.4.1) is taking over from null
[148月2026 10:33:33.766] [main/DEBUG] [mixin/]: Registering new injector for @Inject with org.spongepowered.asm.mixin.injection.struct.CallbackInjectionInfo
[148月2026 10:33:33.778] [main/DEBUG] [mixin/]: Registering new injector for @ModifyArg with org.spongepowered.asm.mixin.injection.struct.ModifyArgInjectionInfo
[148月2026 10:33:33.785] [main/DEBUG] [mixin/]: Registering new injector for @ModifyArgs with org.spongepowered.asm.mixin.injection.struct.ModifyArgsInjectionInfo
[148月2026 10:33:33.790] [main/DEBUG] [mixin/]: Registering new injector for @Redirect with org.spongepowered.asm.mixin.injection.struct.RedirectInjectionInfo
[148月2026 10:33:33.797] [main/DEBUG] [mixin/]: Registering new injector for @ModifyVariable with org.spongepowered.asm.mixin.injection.struct.ModifyVariableInjectionInfo
[148月2026 10:33:33.803] [main/DEBUG] [mixin/]: Registering new injector for @ModifyConstant with org.spongepowered.asm.mixin.injection.struct.ModifyConstantInjectionInfo
[148月2026 10:33:33.857] [main/DEBUG] [mixin/]: Selecting config vix.mixins.json
[148月2026 10:33:33.888] [main/DEBUG] [mixin/]: Selecting config architectury.mixins.json
[148月2026 10:33:33.892] [main/DEBUG] [mixin/]: Selecting config architectury-common.mixins.json
[148月2026 10:33:33.893] [main/DEBUG] [mixin/]: Selecting config efn.mixins.json
[148月2026 10:33:33.941] [main/DEBUG] [mixin/]: Selecting config annoyingvillagers.mixins.json
[148月2026 10:33:33.946] [main/DEBUG] [mixin/]: Selecting config mixins.ywzj_vehicle.json
[148月2026 10:33:33.948] [main/DEBUG] [mixin/]: Selecting config ef_tlm.mixins.json
[148月2026 10:33:33.949] [main/DEBUG] [mixin/]: Selecting config ysm_geo_compat.eftlm.mixins.json
[148月2026 10:33:33.951] [main/DEBUG] [mixin/]: Preparing invincible.mixins.json (8)
[148月2026 10:33:34.120] [main/DEBUG] [mixin/]: Preparing mixinsquared.init.mixins.json (0)
[148月2026 10:33:34.120] [main/DEBUG] [mixin/]: Preparing geckolib.mixins.json (1)
[148月2026 10:33:34.120] [main/DEBUG] [mixin/]: Preparing combat_evolution.mixins.json (11)
[148月2026 10:33:34.192] [main/DEBUG] [mixin/]: Preparing touhou_little_maid.mixins.json (23)
[148月2026 10:33:34.636] [main/DEBUG] [net.minecraftforge.coremod.transformer.CoreModBaseTransformer/COREMOD]: Transforming net/minecraft/world/level/levelgen/structure/templatesystem/StructureTemplate
[148月2026 10:33:35.990] [main/DEBUG] [mixin/]: Preparing simplebedrockmodel.mixins.json (5)
[148月2026 10:33:36.034] [main/DEBUG] [mixin/]: Preparing mixins.epicfight.json (39)
[148月2026 10:33:36.116] [main/DEBUG] [mixin/]: Preparing mixins.wom.json (1)
[148月2026 10:33:36.119] [main/DEBUG] [mixin/]: Preparing epic_fight_avalon.mixins.json (3)
[148月2026 10:33:36.121] [main/DEBUG] [mixin/]: Preparing mixinextras.init.mixins.json (0)
[148月2026 10:33:36.122] [main/DEBUG] [mixin/]: Preparing vix.mixins.json (5)
[148月2026 10:33:36.122] [main/DEBUG] [mixin/]: Preparing architectury.mixins.json (9)
[148月2026 10:33:36.152] [main/DEBUG] [mixin/]: Preparing architectury-common.mixins.json (10)
[148月2026 10:33:36.177] [main/DEBUG] [net.minecraftforge.coremod.transformer.CoreModBaseTransformer/COREMOD]: Transforming net/minecraft/world/item/BucketItem
[148月2026 10:33:36.198] [main/DEBUG] [net.minecraftforge.coremod.transformer.CoreModBaseTransformer/COREMOD]: Transforming net/minecraft/world/entity/EntityType
[148月2026 10:33:36.297] [main/DEBUG] [net.minecraftforge.coremod.transformer.CoreModBaseTransformer/COREMOD]: Transforming net/minecraft/world/level/block/LiquidBlock
[148月2026 10:33:36.315] [main/DEBUG] [mixin/]: Preparing efn.mixins.json (27)
[148月2026 10:33:36.426] [main/DEBUG] [mixin/]: Preparing annoyingvillagers.mixins.json (64)
[148月2026 10:33:36.560] [main/DEBUG] [net.minecraftforge.coremod.transformer.CoreModBaseTransformer/COREMOD]: Transforming net/minecraft/world/entity/monster/Zombie
[148月2026 10:33:36.749] [main/WARN] [mixin/]: Error loading class: net/minecraft/client/renderer/RenderBuffers (java.lang.ClassNotFoundException: net.minecraft.client.renderer.RenderBuffers)
[148月2026 10:33:36.751] [main/WARN] [mixin/]: @Mixin target net.minecraft.client.renderer.RenderBuffers was not found annoyingvillagers.mixins.json:RenderBuffersMixin
[148月2026 10:33:36.899] [main/DEBUG] [mixin/]: Preparing mixins.ywzj_vehicle.json (18)
[148月2026 10:33:36.915] [main/WARN] [mixin/]: Error loading class: com/simibubi/create/content/contraptions/ContraptionCollider (java.lang.ClassNotFoundException: com.simibubi.create.content.contraptions.ContraptionCollider)
[148月2026 10:33:36.917] [main/WARN] [mixin/]: @Mixin target com.simibubi.create.content.contraptions.ContraptionCollider was not found mixins.ywzj_vehicle.json:create.ContraptionColliderMixin
[148月2026 10:33:36.920] [main/WARN] [mixin/]: Error loading class: com/tacz/guns/util/EntityUtil (java.lang.ClassNotFoundException: com.tacz.guns.util.EntityUtil)
[148月2026 10:33:36.921] [main/DEBUG] [mixin/]: Skipping virtual target com.tacz.guns.util.EntityUtil for mixins.ywzj_vehicle.json:tacz.EntityUtilMixin
[148月2026 10:33:36.921] [main/DEBUG] [mixin/]: Preparing ef_tlm.mixins.json (3)
[148月2026 10:33:36.925] [main/DEBUG] [mixin/]: Preparing ysm_geo_compat.eftlm.mixins.json (1)
[148月2026 10:33:37.079] [main/WARN] [mixin/]: Error loading class: com/mojang/blaze3d/platform/InputConstants$Key (java.lang.ClassNotFoundException: com.mojang.blaze3d.platform.InputConstants$Key)
[148月2026 10:33:37.102] [main/WARN] [mixin/]: Error loading class: net/minecraft/client/renderer/entity/EntityRendererProvider$Context (java.lang.ClassNotFoundException: net.minecraft.client.renderer.entity.EntityRendererProvider$Context)
[148月2026 10:33:37.141] [main/WARN] [mixin/]: Error loading class: net/minecraft/client/renderer/entity/EntityRendererProvider$Context (java.lang.ClassNotFoundException: net.minecraft.client.renderer.entity.EntityRendererProvider$Context)
[148月2026 10:33:37.172] [main/DEBUG] [mixin/]: Prepared 140 mixins in 3.836 sec (27.4ms avg) (0ms load, 0ms transform, 0ms plugin)
[148月2026 10:33:37.274] [main/DEBUG] [io.netty.util.internal.logging.InternalLoggerFactory/]: Using SLF4J as the default logging framework
[148月2026 10:33:37.281] [main/DEBUG] [io.netty.util.ResourceLeakDetector/]: -Dio.netty.leakDetection.level: simple
[148月2026 10:33:37.281] [main/DEBUG] [io.netty.util.ResourceLeakDetector/]: -Dio.netty.leakDetection.targetRecords: 4
[148月2026 10:33:37.772] [main/DEBUG] [oshi.util.FileUtil/]: No oshi.properties file found from ClassLoader cpw.mods.modlauncher.TransformingClassLoader@668625f5
[148月2026 10:33:37.773] [main/DEBUG] [oshi.util.FileUtil/]: No oshi.properties file found from ClassLoader jdk.internal.loader.ClassLoaders$AppClassLoader@6e8cf4c6
[148月2026 10:33:38.347] [main/DEBUG] [oshi.util.FileUtil/]: No oshi.architecture.properties file found from ClassLoader cpw.mods.modlauncher.TransformingClassLoader@668625f5
[148月2026 10:33:38.348] [main/DEBUG] [oshi.util.FileUtil/]: No oshi.architecture.properties file found from ClassLoader jdk.internal.loader.ClassLoaders$AppClassLoader@6e8cf4c6
[148月2026 10:33:38.566] [main/WARN] [oshi.driver.windows.perfmon.PerfmonDisabled/]: Invalid registry value type detected for PerfOS counters. Should be REG_DWORD. Ignoring: HKEY_LOCAL_MACHINE\SYSTEM\CurrentControlSet\Services\PerfOS\Performance\Disable Performance Counters.
[148月2026 10:33:40.892] [main/INFO] [MixinExtras|Service/]: Initializing MixinExtras via com.llamalad7.mixinextras.service.MixinExtrasServiceImpl(version=0.4.1).
[148月2026 10:33:40.895] [main/DEBUG] [mixin/]: Registering new injector for @SugarWrapper with com.llamalad7.mixinextras.sugar.impl.SugarWrapperInjectionInfo
[148月2026 10:33:40.895] [main/DEBUG] [mixin/]: Registering new injector for @FactoryRedirectWrapper with com.llamalad7.mixinextras.wrapper.factory.FactoryRedirectWrapperInjectionInfo
[148月2026 10:33:40.943] [main/DEBUG] [mixin/]: Mixing UtilMixin from efn.mixins.json into net.minecraft.Util
[148月2026 10:33:41.270] [main/DEBUG] [mixin/]: Mixing inject.MixinGameEvent from architectury-common.mixins.json into net.minecraft.world.level.gameevent.GameEvent
[148月2026 10:33:41.332] [main/DEBUG] [mixin/]: Mixing BlockBurningCache from touhou_little_maid.mixins.json into net.minecraft.world.level.block.Block
[148月2026 10:33:41.350] [main/DEBUG] [mixin/]: Mixing inject.MixinBlock from architectury-common.mixins.json into net.minecraft.world.level.block.Block
[148月2026 10:33:41.421] [main/DEBUG] [mixin/]: Mixing EntityMixin from touhou_little_maid.mixins.json into net.minecraft.world.entity.Entity
[148月2026 10:33:41.459] [main/DEBUG] [mixin/]: Mixing accessor.EntityAccessor from touhou_little_maid.mixins.json into net.minecraft.world.entity.Entity
[148月2026 10:33:41.471] [main/DEBUG] [mixin/]: Mixing common.MixinEntity from mixins.epicfight.json into net.minecraft.world.entity.Entity
[148月2026 10:33:41.472] [main/DEBUG] [mixin/]: Renaming synthetic method lambda$epicfight$setOnGroundWithKnownMovement$1(Lyesman/epicfight/world/capabilities/entitypatch/LivingEntityPatch;)V to md176f02$lambda$epicfight$setOnGroundWithKnownMovement$1$0 in mixins.epicfight.json:common.MixinEntity
[148月2026 10:33:41.472] [main/DEBUG] [mixin/]: Renaming synthetic method lambda$lerpMotion$0(Lorg/spongepowered/asm/mixin/injection/callback/CallbackInfo;Lyesman/epicfight/world/capabilities/entitypatch/LivingEntityPatch;)V to md176f02$lambda$lerpMotion$0$1 in mixins.epicfight.json:common.MixinEntity
[148月2026 10:33:41.498] [main/DEBUG] [mixin/]: Mixing common.EntityMixin from mixins.ywzj_vehicle.json into net.minecraft.world.entity.Entity
[148月2026 10:33:41.676] [main/DEBUG] [mixin/]: Mixing accessor.LivingEntityAccessor from touhou_little_maid.mixins.json into net.minecraft.world.entity.LivingEntity
[148月2026 10:33:41.678] [main/DEBUG] [mixin/]: Mixing common.MixinLivingEntity from mixins.epicfight.json into net.minecraft.world.entity.LivingEntity
[148月2026 10:33:41.680] [main/DEBUG] [mixin/]: Renaming synthetic method lambda$epicfight$constructor$0(Lnet/minecraft/world/entity/LivingEntity;Lyesman/epicfight/world/capabilities/entitypatch/HurtableEntityPatch;)V to md176f02$lambda$epicfight$constructor$0$0 in mixins.epicfight.json:common.MixinLivingEntity
[148月2026 10:33:41.725] [main/DEBUG] [mixin/]: Mixing common.LivingEntityMixin from mixins.ywzj_vehicle.json into net.minecraft.world.entity.LivingEntity
[148月2026 10:33:41.932] [main/DEBUG] [mixin/]: Mixing PlayerMixin from touhou_little_maid.mixins.json into net.minecraft.world.entity.player.Player
[148月2026 10:33:41.935] [main/DEBUG] [mixin/]: Mixing common.MixinPlayer from mixins.epicfight.json into net.minecraft.world.entity.player.Player
[148月2026 10:33:41.940] [main/DEBUG] [mixin/]: Mixing PlayerMixin from annoyingvillagers.mixins.json into net.minecraft.world.entity.player.Player
[148月2026 10:33:41.942] [main/DEBUG] [mixin/]: Mixing common.PlayerMixin from mixins.ywzj_vehicle.json into net.minecraft.world.entity.player.Player
[148月2026 10:33:42.055] [main/DEBUG] [mixin/]: Mixing inject.MixinFluid from architectury-common.mixins.json into net.minecraft.world.level.material.Fluid
[148月2026 10:33:42.066] [main/DEBUG] [mixin/]: Mixing inject.MixinItem from architectury-common.mixins.json into net.minecraft.world.item.Item
[148月2026 10:33:42.089] [main/DEBUG] [net.minecraftforge.coremod.transformer.CoreModBaseTransformer/COREMOD]: Transforming net/minecraft/world/entity/EntityType
[148月2026 10:33:42.118] [main/DEBUG] [mixin/]: Mixing inject.MixinEntityType from architectury-common.mixins.json into net.minecraft.world.entity.EntityType
[148月2026 10:33:42.643] [main/DEBUG] [net.minecraftforge.coremod.transformer.CoreModBaseTransformer/COREMOD]: Transforming net/minecraft/world/level/block/LiquidBlock
[148月2026 10:33:42.644] [main/DEBUG] [mixin/]: Mixing inject.MixinLiquidBlock from architectury-common.mixins.json into net.minecraft.world.level.block.LiquidBlock
[148月2026 10:33:42.718] [main/DEBUG] [net.minecraftforge.coremod.transformer.CoreModBaseTransformer/COREMOD]: Transforming net/minecraft/world/level/block/StairBlock
[148月2026 10:33:42.738] [main/DEBUG] [mixin/]: Mixing accessor.CropBlockAccessor from touhou_little_maid.mixins.json into net.minecraft.world.level.block.CropBlock
[148月2026 10:33:42.824] [main/DEBUG] [mixin/]: Mixing accessor.FenceGateBlockAccessor from touhou_little_maid.mixins.json into net.minecraft.world.level.block.FenceGateBlock
[148月2026 10:33:42.874] [main/DEBUG] [net.minecraftforge.coremod.transformer.CoreModBaseTransformer/COREMOD]: Transforming net/minecraft/world/level/block/FlowerPotBlock
[148月2026 10:33:43.033] [main/DEBUG] [mixin/]: Mixing SweetBerryBushBlockMixin from touhou_little_maid.mixins.json into net.minecraft.world.level.block.SweetBerryBushBlock
[148月2026 10:33:43.346] [main/DEBUG] [mixin/]: Mixing MixinFallingBlockEntity from architectury.mixins.json into net.minecraft.world.entity.item.FallingBlockEntity
[148月2026 10:33:44.176] [main/DEBUG] [mixin/]: Mixing ArrowMixin from touhou_little_maid.mixins.json into net.minecraft.world.entity.projectile.AbstractArrow
[148月2026 10:33:44.178] [main/DEBUG] [mixin/]: Mixing accessor.ArrowAccessor from touhou_little_maid.mixins.json into net.minecraft.world.entity.projectile.AbstractArrow
[148月2026 10:33:44.179] [main/DEBUG] [mixin/]: Mixing AbstractArrowMixin from annoyingvillagers.mixins.json into net.minecraft.world.entity.projectile.AbstractArrow
[148月2026 10:33:44.185] [main/DEBUG] [mixin/]: Mixing AbstractArrowBreakMixin from annoyingvillagers.mixins.json into net.minecraft.world.entity.projectile.AbstractArrow
[148月2026 10:33:44.217] [main/DEBUG] [mixin/]: Mixing common.MixinProjectile from mixins.epicfight.json into net.minecraft.world.entity.projectile.Projectile
[148月2026 10:33:44.264] [main/DEBUG] [mixin/]: Mixing MobInteractMixin from touhou_little_maid.mixins.json into net.minecraft.world.entity.Mob
[148月2026 10:33:44.270] [main/DEBUG] [mixin/]: Mixing common.MixinMob from mixins.epicfight.json into net.minecraft.world.entity.Mob
[148月2026 10:33:44.271] [main/DEBUG] [mixin/]: Mixing MixinMob from efn.mixins.json into net.minecraft.world.entity.Mob
[148月2026 10:33:44.279] [main/DEBUG] [mixin/]: Mixing MobMixin from annoyingvillagers.mixins.json into net.minecraft.world.entity.Mob
[148月2026 10:33:44.285] [main/DEBUG] [net.minecraftforge.coremod.transformer.CoreModBaseTransformer/COREMOD]: Transforming net/minecraft/world/item/ItemStack
[148月2026 10:33:44.311] [main/DEBUG] [net.minecraftforge.coremod.transformer.CoreModBaseTransformer/COREMOD]: Transforming net/minecraft/world/effect/MobEffectInstance
[148月2026 10:33:44.591] [main/DEBUG] [net.minecraftforge.coremod.transformer.CoreModBaseTransformer/COREMOD]: Transforming net/minecraft/world/item/ItemStack
[148月2026 10:33:44.813] [main/DEBUG] [mixin/]: Mixing common.MixinWitherBoss from mixins.epicfight.json into net.minecraft.world.entity.boss.wither.WitherBoss
[148月2026 10:33:44.818] [main/DEBUG] [mixin/]: Renaming @Unique method m_7515_()Lnet/minecraft/sounds/SoundEvent; to md176f02$m_7515_$0 in mixins.epicfight.json:common.MixinWitherBoss
[148月2026 10:33:44.889] [main/WARN] [mixin/]: @Final field f_31427_:[I in mixins.epicfight.json:common.MixinWitherBoss should be final
[148月2026 10:33:44.890] [main/WARN] [mixin/]: @Final field f_31428_:[I in mixins.epicfight.json:common.MixinWitherBoss should be final
[148月2026 10:33:45.120] [main/DEBUG] [mixin/]: Mixing ConduitBlockEntityMixin from touhou_little_maid.mixins.json into net.minecraft.world.level.block.entity.ConduitBlockEntity
[148月2026 10:33:45.600] [main/DEBUG] [mixin/]: Mixing MixinLightningBolt from architectury-common.mixins.json into net.minecraft.world.entity.LightningBolt
[148月2026 10:33:45.715] [main/DEBUG] [net.minecraftforge.coremod.transformer.CoreModBaseTransformer/COREMOD]: Transforming net/minecraft/world/entity/animal/frog/Tadpole
[148月2026 10:33:45.782] [main/DEBUG] [mixin/]: Mixing compat.efn.SwordItemMixin from annoyingvillagers.mixins.json into net.minecraft.world.item.SwordItem
[148月2026 10:33:45.783] [main/DEBUG] [mixin/]: Renaming synthetic method lambda$damageEfnWeapons$0(Lnet/minecraft/world/entity/LivingEntity;)V to md176f02$lambda$damageEfnWeapons$0$0 in annoyingvillagers.mixins.json:compat.efn.SwordItemMixin
[148月2026 10:33:45.813] [main/DEBUG] [net.minecraftforge.coremod.transformer.CoreModBaseTransformer/COREMOD]: Transforming net/minecraft/world/item/BucketItem
[148月2026 10:33:45.814] [main/DEBUG] [mixin/]: Mixing inject.MixinBucketItem from architectury-common.mixins.json into net.minecraft.world.item.BucketItem
[148月2026 10:33:45.945] [main/DEBUG] [mixin/]: Mixing inject.MixinItemProperties from architectury-common.mixins.json into net.minecraft.world.item.Item$Properties
[148月2026 10:33:46.037] [main/DEBUG] [mixin/]: Mixing EpicFightDamageSourceMixin from combat_evolution.mixins.json into yesman.epicfight.world.damagesource.EpicFightDamageSource
[148月2026 10:33:46.080] [main/DEBUG] [mixin/]: Mixing NavigationMixin from touhou_little_maid.mixins.json into net.minecraft.world.entity.ai.navigation.PathNavigation
[148月2026 10:33:47.366] [main/DEBUG] [mixin/]: Mixing NearestAttackableTargetGoalMixin from efn.mixins.json into net.minecraft.world.entity.ai.goal.target.NearestAttackableTargetGoal
[148月2026 10:33:47.387] [main/DEBUG] [mixin/]: Mixing BoatMixin from annoyingvillagers.mixins.json into net.minecraft.world.entity.vehicle.Boat
[148月2026 10:33:47.456] [main/DEBUG] [net.minecraftforge.coremod.transformer.CoreModBaseTransformer/COREMOD]: Transforming net/minecraft/world/entity/monster/Spider
[148月2026 10:33:47.470] [main/DEBUG] [mixin/]: Mixing SkeletonMixin from annoyingvillagers.mixins.json into net.minecraft.world.entity.monster.AbstractSkeleton
[148月2026 10:33:47.566] [main/DEBUG] [net.minecraftforge.coremod.transformer.CoreModBaseTransformer/COREMOD]: Transforming net/minecraft/world/entity/monster/Zombie
[148月2026 10:33:47.597] [main/DEBUG] [mixin/]: Mixing ZombieMixin from annoyingvillagers.mixins.json into net.minecraft.world.entity.monster.Zombie
[148月2026 10:33:47.643] [main/DEBUG] [net.minecraftforge.coremod.transformer.CoreModBaseTransformer/COREMOD]: Transforming net/minecraft/world/entity/monster/ZombieVillager
[148月2026 10:33:47.670] [main/DEBUG] [mixin/]: Mixing common.MixinRangedAttackGoal from mixins.epicfight.json into net.minecraft.world.entity.ai.goal.RangedAttackGoal
[148月2026 10:33:47.671] [main/DEBUG] [mixin/]: Renaming synthetic method lambda$epicfight$tick$0(Lyesman/epicfight/world/capabilities/entitypatch/LivingEntityPatch;)V to md176f02$lambda$epicfight$tick$0$0 in mixins.epicfight.json:common.MixinRangedAttackGoal
[148月2026 10:33:47.678] [main/DEBUG] [mixin/]: Mixing ThrownTridentMixin from touhou_little_maid.mixins.json into net.minecraft.world.entity.projectile.ThrownTrident
[148月2026 10:33:47.678] [main/DEBUG] [mixin/]: Mixing common.MixinThrownTrident from mixins.epicfight.json into net.minecraft.world.entity.projectile.ThrownTrident
[148月2026 10:33:47.739] [main/DEBUG] [mixin/]: Mixing IllagerMixin from annoyingvillagers.mixins.json into net.minecraft.world.entity.monster.AbstractIllager
[148月2026 10:33:47.744] [main/DEBUG] [mixin/]: Mixing RaiderMixin from annoyingvillagers.mixins.json into net.minecraft.world.entity.raid.Raider
[148月2026 10:33:47.760] [main/DEBUG] [net.minecraftforge.coremod.transformer.CoreModBaseTransformer/COREMOD]: Transforming net/minecraft/world/entity/monster/Evoker$EvokerSummonSpellGoal
[148月2026 10:33:47.872] [main/DEBUG] [mixin/]: Mixing common.MixinRangedBowAttackGoal from mixins.epicfight.json into net.minecraft.world.entity.ai.goal.RangedBowAttackGoal
[148月2026 10:33:47.872] [main/DEBUG] [mixin/]: Renaming synthetic method lambda$epicfight$tick$0(Lyesman/epicfight/world/capabilities/entitypatch/LivingEntityPatch;)V to md176f02$lambda$epicfight$tick$0$0 in mixins.epicfight.json:common.MixinRangedBowAttackGoal
[148月2026 10:33:47.995] [main/DEBUG] [mixin/]: Mixing common.MixinRangedCrossbowAttackGoal from mixins.epicfight.json into net.minecraft.world.entity.ai.goal.RangedCrossbowAttackGoal
[148月2026 10:33:47.995] [main/DEBUG] [mixin/]: Renaming synthetic method lambda$epicfight$tick$0(Lyesman/epicfight/world/capabilities/entitypatch/LivingEntityPatch;)V to md176f02$lambda$epicfight$tick$0$0 in mixins.epicfight.json:common.MixinRangedCrossbowAttackGoal
[148月2026 10:33:48.062] [main/DEBUG] [net.minecraftforge.coremod.transformer.CoreModBaseTransformer/COREMOD]: Transforming net/minecraft/world/entity/animal/horse/SkeletonTrapGoal
[148月2026 10:33:48.090] [main/DEBUG] [net.minecraftforge.coremod.transformer.CoreModBaseTransformer/COREMOD]: Transforming net/minecraft/world/entity/monster/Strider
[148月2026 10:33:48.214] [main/DEBUG] [mixin/]: Mixing EFLivingEntityPatchMixin from combat_evolution.mixins.json into yesman.epicfight.world.capabilities.entitypatch.LivingEntityPatch
[148月2026 10:33:48.227] [main/DEBUG] [mixin/]: Mixing LivingEntityPatchMixin from combat_evolution.mixins.json into yesman.epicfight.world.capabilities.entitypatch.LivingEntityPatch
[148月2026 10:33:48.232] [main/DEBUG] [mixin/]: Mixing LivingEntityPatchMixin from epic_fight_avalon.mixins.json into yesman.epicfight.world.capabilities.entitypatch.LivingEntityPatch
[148月2026 10:33:48.237] [main/DEBUG] [mixin/]: Mixing LivingEntityPatchMixin from annoyingvillagers.mixins.json into yesman.epicfight.world.capabilities.entitypatch.LivingEntityPatch
[148月2026 10:33:48.273] [main/WARN] [net.minecraft.network.syncher.SynchedEntityData/]: defineId called for: class net.minecraft.world.entity.LivingEntity from class yesman.epicfight.world.capabilities.entitypatch.LivingEntityPatch
[148月2026 10:33:48.274] [main/WARN] [net.minecraft.network.syncher.SynchedEntityData/]: defineId called for: class net.minecraft.world.entity.LivingEntity from class yesman.epicfight.world.capabilities.entitypatch.LivingEntityPatch
[148月2026 10:33:48.274] [main/WARN] [net.minecraft.network.syncher.SynchedEntityData/]: defineId called for: class net.minecraft.world.entity.LivingEntity from class yesman.epicfight.world.capabilities.entitypatch.LivingEntityPatch
[148月2026 10:33:48.275] [main/WARN] [net.minecraft.network.syncher.SynchedEntityData/]: defineId called for: class net.minecraft.world.entity.LivingEntity from class yesman.epicfight.world.capabilities.entitypatch.LivingEntityPatch
[148月2026 10:33:48.276] [main/WARN] [net.minecraft.network.syncher.SynchedEntityData/]: defineId called for: class net.minecraft.world.entity.LivingEntity from class yesman.epicfight.world.capabilities.entitypatch.LivingEntityPatch
[148月2026 10:33:48.276] [main/WARN] [net.minecraft.network.syncher.SynchedEntityData/]: defineId called for: class net.minecraft.world.entity.LivingEntity from class yesman.epicfight.world.capabilities.entitypatch.LivingEntityPatch
[148月2026 10:33:48.279] [main/WARN] [net.minecraft.network.syncher.SynchedEntityData/]: defineId called for: class net.minecraft.world.entity.LivingEntity from class yesman.epicfight.world.capabilities.entitypatch.LivingEntityPatch
[148月2026 10:33:48.280] [main/WARN] [net.minecraft.network.syncher.SynchedEntityData/]: defineId called for: class net.minecraft.world.entity.LivingEntity from class yesman.epicfight.world.capabilities.entitypatch.LivingEntityPatch
[148月2026 10:33:48.280] [main/WARN] [net.minecraft.network.syncher.SynchedEntityData/]: defineId called for: class net.minecraft.world.entity.LivingEntity from class yesman.epicfight.world.capabilities.entitypatch.LivingEntityPatch
[148月2026 10:33:48.281] [main/WARN] [net.minecraft.network.syncher.SynchedEntityData/]: defineId called for: class net.minecraft.world.entity.LivingEntity from class yesman.epicfight.world.capabilities.entitypatch.LivingEntityPatch
[148月2026 10:33:48.281] [main/WARN] [net.minecraft.network.syncher.SynchedEntityData/]: defineId called for: class net.minecraft.world.entity.LivingEntity from class yesman.epicfight.world.capabilities.entitypatch.LivingEntityPatch
[148月2026 10:33:48.281] [main/WARN] [net.minecraft.network.syncher.SynchedEntityData/]: defineId called for: class net.minecraft.world.entity.LivingEntity from class yesman.epicfight.world.capabilities.entitypatch.LivingEntityPatch
[148月2026 10:33:48.401] [main/DEBUG] [net.minecraftforge.coremod.transformer.CoreModBaseTransformer/COREMOD]: Transforming net/minecraft/world/entity/npc/Villager
[148月2026 10:33:48.464] [main/DEBUG] [mixin/]: Mixing VillagerMixin from annoyingvillagers.mixins.json into net.minecraft.world.entity.npc.AbstractVillager
[148月2026 10:33:48.484] [main/DEBUG] [mixin/]: Mixing VindicatorMixin from annoyingvillagers.mixins.json into net.minecraft.world.entity.monster.Vindicator
[148月2026 10:33:48.536] [main/DEBUG] [mixin/]: Mixing FishingHookAccessor from annoyingvillagers.mixins.json into net.minecraft.world.entity.projectile.FishingHook
[148月2026 10:33:48.536] [main/DEBUG] [mixin/]: Mixing FishingHookReturnMixin from annoyingvillagers.mixins.json into net.minecraft.world.entity.projectile.FishingHook
[148月2026 10:33:48.581] [main/DEBUG] [mixin/]: Mixing inject.MixinFoodPropertiesBuilder from architectury-common.mixins.json into net.minecraft.world.food.FoodProperties$Builder
[148月2026 10:33:48.587] [main/DEBUG] [net.minecraftforge.coremod.transformer.CoreModBaseTransformer/COREMOD]: Transforming net/minecraft/world/effect/MobEffectInstance
[148月2026 10:33:48.635] [main/DEBUG] [mixin/]: Mixing ServerPlayNetHandlerMixin from simplebedrockmodel.mixins.json into net.minecraft.server.network.ServerGamePacketListenerImpl
[148月2026 10:33:48.635] [main/DEBUG] [mixin/]: simplebedrockmodel.mixins.json:ServerPlayNetHandlerMixin: Class version 61 required is higher than the class version supported by the current version of Mixin (JAVA_8 supports class version 52)
[148月2026 10:33:48.650] [main/DEBUG] [mixin/]: Mixing common.MixinServerGamePacketListenerImpl from mixins.epicfight.json into net.minecraft.server.network.ServerGamePacketListenerImpl
[148月2026 10:33:48.651] [main/DEBUG] [mixin/]: Mixing EnsureSafeFlyingVehicleMixin from annoyingvillagers.mixins.json into net.minecraft.server.network.ServerGamePacketListenerImpl
[148月2026 10:33:49.438] [main/DEBUG] [net.minecraftforge.coremod.transformer.CoreModBaseTransformer/COREMOD]: Transforming net/minecraft/world/level/levelgen/structure/Structure
[148月2026 10:33:49.514] [main/DEBUG] [net.minecraftforge.coremod.transformer.CoreModBaseTransformer/COREMOD]: Transforming net/minecraft/world/level/levelgen/structure/structures/OceanRuinPieces$OceanRuinPiece
[148月2026 10:33:49.524] [main/DEBUG] [net.minecraftforge.coremod.transformer.CoreModBaseTransformer/COREMOD]: Transforming net/minecraft/world/level/levelgen/structure/structures/SwampHutPiece
[148月2026 10:33:49.536] [main/DEBUG] [net.minecraftforge.coremod.transformer.CoreModBaseTransformer/COREMOD]: Transforming net/minecraft/world/level/levelgen/structure/structures/OceanMonumentPieces$OceanMonumentPiece
[148月2026 10:33:49.561] [main/DEBUG] [net.minecraftforge.coremod.transformer.CoreModBaseTransformer/COREMOD]: Transforming net/minecraft/world/level/levelgen/structure/structures/WoodlandMansionPieces$WoodlandMansionPiece
[148月2026 10:33:49.743] [main/DEBUG] [net.minecraftforge.coremod.transformer.CoreModBaseTransformer/COREMOD]: Transforming net/minecraft/world/level/biome/Biome
[148月2026 10:33:50.122] [main/DEBUG] [io.netty.util.internal.PlatformDependent0/]: -Dio.netty.noUnsafe: false
[148月2026 10:33:50.122] [main/DEBUG] [io.netty.util.internal.PlatformDependent0/]: Java version: 17
[148月2026 10:33:50.124] [main/DEBUG] [io.netty.util.internal.PlatformDependent0/]: sun.misc.Unsafe.theUnsafe: available
[148月2026 10:33:50.124] [main/DEBUG] [io.netty.util.internal.PlatformDependent0/]: sun.misc.Unsafe.copyMemory: available
[148月2026 10:33:50.126] [main/DEBUG] [io.netty.util.internal.PlatformDependent0/]: sun.misc.Unsafe.storeFence: available
[148月2026 10:33:50.127] [main/DEBUG] [io.netty.util.internal.PlatformDependent0/]: java.nio.Buffer.address: available
[148月2026 10:33:50.128] [main/DEBUG] [io.netty.util.internal.PlatformDependent0/]: direct buffer constructor: unavailable
java.lang.UnsupportedOperationException: Reflective setAccessible(true) disabled
	at io.netty.util.internal.ReflectionUtil.trySetAccessible(ReflectionUtil.java:31) ~[netty-common-4.1.82.Final.jar%2382!/:4.1.82.Final]
	at io.netty.util.internal.PlatformDependent0$5.run(PlatformDependent0.java:288) ~[netty-common-4.1.82.Final.jar%2382!/:4.1.82.Final]
	at java.security.AccessController.doPrivileged(AccessController.java:318) ~[?:?]
	at io.netty.util.internal.PlatformDependent0.<clinit>(PlatformDependent0.java:282) ~[netty-common-4.1.82.Final.jar%2382!/:4.1.82.Final]
	at io.netty.util.internal.PlatformDependent.isAndroid(PlatformDependent.java:333) ~[netty-common-4.1.82.Final.jar%2382!/:4.1.82.Final]
	at io.netty.util.internal.PlatformDependent.<clinit>(PlatformDependent.java:88) ~[netty-common-4.1.82.Final.jar%2382!/:4.1.82.Final]
	at io.netty.util.ConstantPool.<init>(ConstantPool.java:34) ~[netty-common-4.1.82.Final.jar%2382!/:4.1.82.Final]
	at io.netty.util.AttributeKey$1.<init>(AttributeKey.java:27) ~[netty-common-4.1.82.Final.jar%2382!/:4.1.82.Final]
	at io.netty.util.AttributeKey.<clinit>(AttributeKey.java:27) ~[netty-common-4.1.82.Final.jar%2382!/:4.1.82.Final]
	at net.minecraftforge.network.NetworkConstants.<clinit>(NetworkConstants.java:34) ~[forge-1.20.1-47.4.13-universal.jar%23136!/:?]
	at net.minecraftforge.network.NetworkHooks.init(NetworkHooks.java:52) ~[forge-1.20.1-47.4.13-universal.jar%23136!/:?]
	at net.minecraft.server.Bootstrap.m_135870_(Bootstrap.java:62) ~[server-1.20.1-20230612.114412-srg.jar%23131!/:?]
	at net.minecraft.server.Main.main(Main.java:121) ~[server-1.20.1-20230612.114412-srg.jar%23131!/:?]
	at jdk.internal.reflect.NativeMethodAccessorImpl.invoke0(Native Method) ~[?:?]
	at jdk.internal.reflect.NativeMethodAccessorImpl.invoke(NativeMethodAccessorImpl.java:77) ~[?:?]
	at jdk.internal.reflect.DelegatingMethodAccessorImpl.invoke(DelegatingMethodAccessorImpl.java:43) ~[?:?]
	at java.lang.reflect.Method.invoke(Method.java:568) ~[?:?]
	at net.minecraftforge.fml.loading.targets.CommonLaunchHandler.runTarget(CommonLaunchHandler.java:111) ~[fmlloader-1.20.1-47.4.13.jar%2369!/:?]
	at net.minecraftforge.fml.loading.targets.CommonLaunchHandler.serverService(CommonLaunchHandler.java:103) ~[fmlloader-1.20.1-47.4.13.jar%2369!/:?]
	at net.minecraftforge.fml.loading.targets.CommonServerLaunchHandler.lambda$makeService$0(CommonServerLaunchHandler.java:27) ~[fmlloader-1.20.1-47.4.13.jar%2369!/:?]
	at cpw.mods.modlauncher.LaunchServiceHandlerDecorator.launch(LaunchServiceHandlerDecorator.java:30) ~[modlauncher-10.0.9.jar%2355!/:?]
	at cpw.mods.modlauncher.LaunchServiceHandler.launch(LaunchServiceHandler.java:53) ~[modlauncher-10.0.9.jar%2355!/:?]
	at cpw.mods.modlauncher.LaunchServiceHandler.launch(LaunchServiceHandler.java:71) ~[modlauncher-10.0.9.jar%2355!/:?]
	at cpw.mods.modlauncher.Launcher.run(Launcher.java:108) ~[modlauncher-10.0.9.jar%2355!/:?]
	at cpw.mods.modlauncher.Launcher.main(Launcher.java:78) ~[modlauncher-10.0.9.jar%2355!/:?]
	at cpw.mods.modlauncher.BootstrapLaunchConsumer.accept(BootstrapLaunchConsumer.java:26) ~[modlauncher-10.0.9.jar%2355!/:?]
	at cpw.mods.modlauncher.BootstrapLaunchConsumer.accept(BootstrapLaunchConsumer.java:23) ~[modlauncher-10.0.9.jar%2355!/:?]
	at cpw.mods.bootstraplauncher.BootstrapLauncher.main(BootstrapLauncher.java:141) ~[bootstraplauncher-1.1.2.jar:?]
[148月2026 10:33:50.131] [main/DEBUG] [io.netty.util.internal.PlatformDependent0/]: java.nio.Bits.unaligned: available, true
[148月2026 10:33:50.132] [main/DEBUG] [io.netty.util.internal.PlatformDependent0/]: jdk.internal.misc.Unsafe.allocateUninitializedArray(int): unavailable
java.lang.IllegalAccessException: class io.netty.util.internal.PlatformDependent0$7 (in module io.netty.common) cannot access class jdk.internal.misc.Unsafe (in module java.base) because module java.base does not export jdk.internal.misc to module io.netty.common
	at jdk.internal.reflect.Reflection.newIllegalAccessException(Reflection.java:392) ~[?:?]
	at java.lang.reflect.AccessibleObject.checkAccess(AccessibleObject.java:674) ~[?:?]
	at java.lang.reflect.Method.invoke(Method.java:560) ~[?:?]
	at io.netty.util.internal.PlatformDependent0$7.run(PlatformDependent0.java:410) ~[netty-common-4.1.82.Final.jar%2382!/:4.1.82.Final]
	at java.security.AccessController.doPrivileged(AccessController.java:318) ~[?:?]
	at io.netty.util.internal.PlatformDependent0.<clinit>(PlatformDependent0.java:401) ~[netty-common-4.1.82.Final.jar%2382!/:4.1.82.Final]
	at io.netty.util.internal.PlatformDependent.isAndroid(PlatformDependent.java:333) ~[netty-common-4.1.82.Final.jar%2382!/:4.1.82.Final]
	at io.netty.util.internal.PlatformDependent.<clinit>(PlatformDependent.java:88) ~[netty-common-4.1.82.Final.jar%2382!/:4.1.82.Final]
	at io.netty.util.ConstantPool.<init>(ConstantPool.java:34) ~[netty-common-4.1.82.Final.jar%2382!/:4.1.82.Final]
	at io.netty.util.AttributeKey$1.<init>(AttributeKey.java:27) ~[netty-common-4.1.82.Final.jar%2382!/:4.1.82.Final]
	at io.netty.util.AttributeKey.<clinit>(AttributeKey.java:27) ~[netty-common-4.1.82.Final.jar%2382!/:4.1.82.Final]
	at net.minecraftforge.network.NetworkConstants.<clinit>(NetworkConstants.java:34) ~[forge-1.20.1-47.4.13-universal.jar%23136!/:?]
	at net.minecraftforge.network.NetworkHooks.init(NetworkHooks.java:52) ~[forge-1.20.1-47.4.13-universal.jar%23136!/:?]
	at net.minecraft.server.Bootstrap.m_135870_(Bootstrap.java:62) ~[server-1.20.1-20230612.114412-srg.jar%23131!/:?]
	at net.minecraft.server.Main.main(Main.java:121) ~[server-1.20.1-20230612.114412-srg.jar%23131!/:?]
	at jdk.internal.reflect.NativeMethodAccessorImpl.invoke0(Native Method) ~[?:?]
	at jdk.internal.reflect.NativeMethodAccessorImpl.invoke(NativeMethodAccessorImpl.java:77) ~[?:?]
	at jdk.internal.reflect.DelegatingMethodAccessorImpl.invoke(DelegatingMethodAccessorImpl.java:43) ~[?:?]
	at java.lang.reflect.Method.invoke(Method.java:568) ~[?:?]
	at net.minecraftforge.fml.loading.targets.CommonLaunchHandler.runTarget(CommonLaunchHandler.java:111) ~[fmlloader-1.20.1-47.4.13.jar%2369!/:?]
	at net.minecraftforge.fml.loading.targets.CommonLaunchHandler.serverService(CommonLaunchHandler.java:103) ~[fmlloader-1.20.1-47.4.13.jar%2369!/:?]
	at net.minecraftforge.fml.loading.targets.CommonServerLaunchHandler.lambda$makeService$0(CommonServerLaunchHandler.java:27) ~[fmlloader-1.20.1-47.4.13.jar%2369!/:?]
	at cpw.mods.modlauncher.LaunchServiceHandlerDecorator.launch(LaunchServiceHandlerDecorator.java:30) ~[modlauncher-10.0.9.jar%2355!/:?]
	at cpw.mods.modlauncher.LaunchServiceHandler.launch(LaunchServiceHandler.java:53) ~[modlauncher-10.0.9.jar%2355!/:?]
	at cpw.mods.modlauncher.LaunchServiceHandler.launch(LaunchServiceHandler.java:71) ~[modlauncher-10.0.9.jar%2355!/:?]
	at cpw.mods.modlauncher.Launcher.run(Launcher.java:108) ~[modlauncher-10.0.9.jar%2355!/:?]
	at cpw.mods.modlauncher.Launcher.main(Launcher.java:78) ~[modlauncher-10.0.9.jar%2355!/:?]
	at cpw.mods.modlauncher.BootstrapLaunchConsumer.accept(BootstrapLaunchConsumer.java:26) ~[modlauncher-10.0.9.jar%2355!/:?]
	at cpw.mods.modlauncher.BootstrapLaunchConsumer.accept(BootstrapLaunchConsumer.java:23) ~[modlauncher-10.0.9.jar%2355!/:?]
	at cpw.mods.bootstraplauncher.BootstrapLauncher.main(BootstrapLauncher.java:141) ~[bootstraplauncher-1.1.2.jar:?]
[148月2026 10:33:50.134] [main/DEBUG] [io.netty.util.internal.PlatformDependent0/]: java.nio.DirectByteBuffer.<init>(long, int): unavailable
[148月2026 10:33:50.134] [main/DEBUG] [io.netty.util.internal.PlatformDependent/]: sun.misc.Unsafe: available
[148月2026 10:33:50.135] [main/DEBUG] [io.netty.util.internal.PlatformDependent/]: maxDirectMemory: 8434745344 bytes (maybe)
[148月2026 10:33:50.136] [main/DEBUG] [io.netty.util.internal.PlatformDependent/]: -Dio.netty.tmpdir: C:\Users\ASUS\AppData\Local\Temp (java.io.tmpdir)
[148月2026 10:33:50.136] [main/DEBUG] [io.netty.util.internal.PlatformDependent/]: -Dio.netty.bitMode: 64 (sun.arch.data.model)
[148月2026 10:33:50.136] [main/DEBUG] [io.netty.util.internal.PlatformDependent/]: Platform: Windows
[148月2026 10:33:50.136] [main/DEBUG] [io.netty.util.internal.PlatformDependent/]: -Dio.netty.maxDirectMemory: -1 bytes
[148月2026 10:33:50.136] [main/DEBUG] [io.netty.util.internal.PlatformDependent/]: -Dio.netty.uninitializedArrayAllocationThreshold: -1
[148月2026 10:33:50.138] [main/DEBUG] [io.netty.util.internal.CleanerJava9/]: java.nio.ByteBuffer.cleaner(): available
[148月2026 10:33:50.139] [main/DEBUG] [io.netty.util.internal.PlatformDependent/]: -Dio.netty.noPreferDirect: false
[148月2026 10:33:50.230] [main/DEBUG] [net.minecraftforge.network.NetworkHooks/]: Loading Network data for FML net version: FML3
[148月2026 10:33:50.259] [main/DEBUG] [net.minecraftforge.common.ForgeI18n/CORE]: Loading I18N data entries: 6434
[148月2026 10:33:50.295] [main/DEBUG] [net.minecraftforge.fml.ModWorkManager/LOADING]: Using 16 threads for parallel mod-loading
[148月2026 10:33:50.304] [main/DEBUG] [net.minecraftforge.fml.javafmlmod.FMLJavaModLanguageProvider/LOADING]: Loading FMLModContainer from classloader cpw.mods.modlauncher.TransformingClassLoader@668625f5 - got cpw.mods.cl.ModuleClassLoader@198ef2ce
[148月2026 10:33:50.307] [main/DEBUG] [net.minecraftforge.fml.javafmlmod.FMLModContainer/LOADING]: Creating FMLModContainer instance for com.p1nero.invincible.InvincibleMod
[148月2026 10:33:50.309] [main/DEBUG] [net.minecraftforge.fml.javafmlmod.FMLJavaModLanguageProvider/LOADING]: Loading FMLModContainer from classloader cpw.mods.modlauncher.TransformingClassLoader@668625f5 - got cpw.mods.cl.ModuleClassLoader@198ef2ce
[148月2026 10:33:50.309] [main/DEBUG] [net.minecraftforge.fml.javafmlmod.FMLModContainer/LOADING]: Creating FMLModContainer instance for com.bawnorton.mixinsquared.platform.forge.MixinSquaredMod
[148月2026 10:33:50.309] [main/DEBUG] [net.minecraftforge.fml.javafmlmod.FMLJavaModLanguageProvider/LOADING]: Loading FMLModContainer from classloader cpw.mods.modlauncher.TransformingClassLoader@668625f5 - got cpw.mods.cl.ModuleClassLoader@198ef2ce
[148月2026 10:33:50.310] [main/DEBUG] [net.minecraftforge.fml.javafmlmod.FMLModContainer/LOADING]: Creating FMLModContainer instance for software.bernie.example.GeckoLibMod
[148月2026 10:33:50.311] [main/DEBUG] [net.minecraftforge.fml.javafmlmod.FMLJavaModLanguageProvider/LOADING]: Loading FMLModContainer from classloader cpw.mods.modlauncher.TransformingClassLoader@668625f5 - got cpw.mods.cl.ModuleClassLoader@198ef2ce
[148月2026 10:33:50.311] [main/DEBUG] [net.minecraftforge.fml.javafmlmod.FMLModContainer/LOADING]: Creating FMLModContainer instance for net.shelmarow.combat_evolution.CombatEvolution
[148月2026 10:33:50.312] [main/DEBUG] [net.minecraftforge.fml.javafmlmod.FMLJavaModLanguageProvider/LOADING]: Loading FMLModContainer from classloader cpw.mods.modlauncher.TransformingClassLoader@668625f5 - got cpw.mods.cl.ModuleClassLoader@198ef2ce
[148月2026 10:33:50.312] [main/DEBUG] [net.minecraftforge.fml.javafmlmod.FMLModContainer/LOADING]: Creating FMLModContainer instance for com.maidweapon.refill.MaidWeaponRefill
[148月2026 10:33:50.314] [main/DEBUG] [net.minecraftforge.fml.javafmlmod.FMLJavaModLanguageProvider/LOADING]: Loading FMLModContainer from classloader cpw.mods.modlauncher.TransformingClassLoader@668625f5 - got cpw.mods.cl.ModuleClassLoader@198ef2ce
[148月2026 10:33:50.314] [main/DEBUG] [net.minecraftforge.fml.javafmlmod.FMLModContainer/LOADING]: Creating FMLModContainer instance for com.github.tartaricacid.touhoulittlemaid.TouhouLittleMaid
[148月2026 10:33:50.315] [main/DEBUG] [net.minecraftforge.fml.javafmlmod.FMLJavaModLanguageProvider/LOADING]: Loading FMLModContainer from classloader cpw.mods.modlauncher.TransformingClassLoader@668625f5 - got cpw.mods.cl.ModuleClassLoader@198ef2ce
[148月2026 10:33:50.315] [main/DEBUG] [net.minecraftforge.fml.javafmlmod.FMLModContainer/LOADING]: Creating FMLModContainer instance for com.github.mcmodderanchor.simplebedrockmodel.SimpleBedrockModel
[148月2026 10:33:50.316] [main/DEBUG] [net.minecraftforge.fml.javafmlmod.FMLJavaModLanguageProvider/LOADING]: Loading FMLModContainer from classloader cpw.mods.modlauncher.TransformingClassLoader@668625f5 - got cpw.mods.cl.ModuleClassLoader@198ef2ce
[148月2026 10:33:50.316] [main/DEBUG] [net.minecraftforge.fml.javafmlmod.FMLModContainer/LOADING]: Creating FMLModContainer instance for yesman.epicfight.main.EpicFightMod
[148月2026 10:33:50.316] [main/DEBUG] [mixin/]: Mixing EpicFightModMixin from invincible.mixins.json into yesman.epicfight.main.EpicFightMod
[148月2026 10:33:50.318] [main/DEBUG] [mixin/]: Renaming synthetic method lambda$invincible$constructMod$1()V to md176f02$lambda$invincible$constructMod$1$0 in invincible.mixins.json:EpicFightModMixin
[148月2026 10:33:50.318] [main/DEBUG] [mixin/]: Renaming synthetic method lambda$invincible$constructMod$0(Lcom/p1nero/invincible/api/forgeevent/DuplicateAnimationRegistryEvent$DuplicateAnimationBuilder;)V to md176f02$lambda$invincible$constructMod$0$1 in invincible.mixins.json:EpicFightModMixin
[148月2026 10:33:50.330] [main/DEBUG] [net.minecraftforge.fml.javafmlmod.FMLJavaModLanguageProvider/LOADING]: Loading FMLModContainer from classloader cpw.mods.modlauncher.TransformingClassLoader@668625f5 - got cpw.mods.cl.ModuleClassLoader@198ef2ce
[148月2026 10:33:50.330] [main/DEBUG] [net.minecraftforge.fml.javafmlmod.FMLModContainer/LOADING]: Creating FMLModContainer instance for reascer.wom.main.WeaponsOfMinecraft
[148月2026 10:33:50.332] [main/DEBUG] [net.minecraftforge.fml.javafmlmod.FMLJavaModLanguageProvider/LOADING]: Loading FMLModContainer from classloader cpw.mods.modlauncher.TransformingClassLoader@668625f5 - got cpw.mods.cl.ModuleClassLoader@198ef2ce
[148月2026 10:33:50.332] [main/DEBUG] [net.minecraftforge.fml.javafmlmod.FMLModContainer/LOADING]: Creating FMLModContainer instance for com.merlin204.avalon.main.AvalonMOD
[148月2026 10:33:50.332] [main/DEBUG] [net.minecraftforge.fml.javafmlmod.FMLJavaModLanguageProvider/LOADING]: Loading FMLModContainer from classloader cpw.mods.modlauncher.TransformingClassLoader@668625f5 - got cpw.mods.cl.ModuleClassLoader@198ef2ce
[148月2026 10:33:50.333] [main/DEBUG] [net.minecraftforge.fml.javafmlmod.FMLModContainer/LOADING]: Creating FMLModContainer instance for se.gory_moon.player_mobs.PlayerMobs
[148月2026 10:33:50.334] [main/DEBUG] [net.minecraftforge.fml.javafmlmod.FMLJavaModLanguageProvider/LOADING]: Loading FMLModContainer from classloader cpw.mods.modlauncher.TransformingClassLoader@668625f5 - got cpw.mods.cl.ModuleClassLoader@198ef2ce
[148月2026 10:33:50.336] [main/DEBUG] [net.minecraftforge.fml.javafmlmod.FMLModContainer/LOADING]: Creating FMLModContainer instance for com.llamalad7.mixinextras.platform.forge.MixinExtrasMod
[148月2026 10:33:50.337] [main/DEBUG] [net.minecraftforge.fml.javafmlmod.FMLJavaModLanguageProvider/LOADING]: Loading FMLModContainer from classloader cpw.mods.modlauncher.TransformingClassLoader@668625f5 - got cpw.mods.cl.ModuleClassLoader@198ef2ce
[148月2026 10:33:50.337] [main/DEBUG] [net.minecraftforge.fml.javafmlmod.FMLModContainer/LOADING]: Creating FMLModContainer instance for com.guhao.vix.VIX
[148月2026 10:33:50.338] [main/DEBUG] [net.minecraftforge.fml.javafmlmod.FMLJavaModLanguageProvider/LOADING]: Loading FMLModContainer from classloader cpw.mods.modlauncher.TransformingClassLoader@668625f5 - got cpw.mods.cl.ModuleClassLoader@198ef2ce
[148月2026 10:33:50.338] [main/DEBUG] [net.minecraftforge.fml.javafmlmod.FMLModContainer/LOADING]: Creating FMLModContainer instance for dev.architectury.forge.ArchitecturyForge
[148月2026 10:33:50.338] [main/DEBUG] [net.minecraftforge.fml.javafmlmod.FMLJavaModLanguageProvider/LOADING]: Loading FMLModContainer from classloader cpw.mods.modlauncher.TransformingClassLoader@668625f5 - got cpw.mods.cl.ModuleClassLoader@198ef2ce
[148月2026 10:33:50.339] [main/DEBUG] [net.minecraftforge.fml.javafmlmod.FMLModContainer/LOADING]: Creating FMLModContainer instance for com.hm.efn.EFN
[148月2026 10:33:50.340] [main/DEBUG] [net.minecraftforge.fml.javafmlmod.FMLJavaModLanguageProvider/LOADING]: Loading FMLModContainer from classloader cpw.mods.modlauncher.TransformingClassLoader@668625f5 - got cpw.mods.cl.ModuleClassLoader@198ef2ce
[148月2026 10:33:50.340] [main/DEBUG] [net.minecraftforge.fml.javafmlmod.FMLModContainer/LOADING]: Creating FMLModContainer instance for com.pla.annoyingvillagers.AnnoyingVillagers
[148月2026 10:33:50.343] [main/DEBUG] [net.minecraftforge.fml.javafmlmod.FMLJavaModLanguageProvider/LOADING]: Loading FMLModContainer from classloader cpw.mods.modlauncher.TransformingClassLoader@668625f5 - got cpw.mods.cl.ModuleClassLoader@198ef2ce
[148月2026 10:33:50.343] [main/DEBUG] [net.minecraftforge.fml.javafmlmod.FMLModContainer/LOADING]: Creating FMLModContainer instance for com.pla.efclash_blade.EFClashBlade
[148月2026 10:33:50.344] [main/DEBUG] [net.minecraftforge.fml.javafmlmod.FMLJavaModLanguageProvider/LOADING]: Loading FMLModContainer from classloader cpw.mods.modlauncher.TransformingClassLoader@668625f5 - got cpw.mods.cl.ModuleClassLoader@198ef2ce
[148月2026 10:33:50.344] [main/DEBUG] [net.minecraftforge.fml.javafmlmod.FMLModContainer/LOADING]: Creating FMLModContainer instance for org.ywzj.vehicle.YwzjVehicle
[148月2026 10:33:50.345] [main/DEBUG] [net.minecraftforge.fml.javafmlmod.FMLJavaModLanguageProvider/LOADING]: Loading FMLModContainer from classloader cpw.mods.modlauncher.TransformingClassLoader@668625f5 - got cpw.mods.cl.ModuleClassLoader@198ef2ce
[148月2026 10:33:50.345] [main/DEBUG] [net.minecraftforge.fml.javafmlmod.FMLModContainer/LOADING]: Creating FMLModContainer instance for net.EFTLM.EFTLM
[148月2026 10:33:50.346] [main/DEBUG] [net.minecraftforge.fml.javafmlmod.FMLJavaModLanguageProvider/LOADING]: Loading FMLModContainer from classloader cpw.mods.modlauncher.TransformingClassLoader@668625f5 - got cpw.mods.cl.ModuleClassLoader@198ef2ce
[148月2026 10:33:50.346] [main/DEBUG] [net.minecraftforge.fml.javafmlmod.FMLModContainer/LOADING]: Creating FMLModContainer instance for com.ysmef.geomodel.YSMGeoCompat
[148月2026 10:33:50.347] [main/DEBUG] [net.minecraftforge.fml.javafmlmod.FMLJavaModLanguageProvider/LOADING]: Loading FMLModContainer from classloader cpw.mods.modlauncher.TransformingClassLoader@668625f5 - got cpw.mods.cl.ModuleClassLoader@198ef2ce
[148月2026 10:33:50.347] [main/DEBUG] [net.minecraftforge.fml.javafmlmod.FMLModContainer/LOADING]: Creating FMLModContainer instance for net.minecraftforge.common.ForgeMod
[148月2026 10:33:50.350] [main/DEBUG] [net.minecraftforge.fml.javafmlmod.FMLJavaModLanguageProvider/LOADING]: Loading FMLModContainer from classloader cpw.mods.modlauncher.TransformingClassLoader@668625f5 - got cpw.mods.cl.ModuleClassLoader@198ef2ce
[148月2026 10:33:50.351] [main/DEBUG] [net.minecraftforge.fml.javafmlmod.FMLModContainer/LOADING]: Creating FMLModContainer instance for org.eftlm.stylish.EFTLMStylish
[148月2026 10:33:50.368] [modloading-worker-0/DEBUG] [net.minecraftforge.fml.javafmlmod.AutomaticEventSubscriber/LOADING]: Attempting to inject @EventBusSubscriber classes into the eventbus for mixinsquared
[148月2026 10:33:50.377] [modloading-worker-0/DEBUG] [net.minecraftforge.fml.javafmlmod.AutomaticEventSubscriber/LOADING]: Attempting to inject @EventBusSubscriber classes into the eventbus for mixinextras
[148月2026 10:33:50.383] [modloading-worker-0/DEBUG] [net.minecraftforge.fml.javafmlmod.AutomaticEventSubscriber/LOADING]: Attempting to inject @EventBusSubscriber classes into the eventbus for simplebedrockmodel
[148月2026 10:33:50.386] [modloading-worker-0/DEBUG] [net.minecraftforge.fml.javafmlmod.AutomaticEventSubscriber/LOADING]: Attempting to inject @EventBusSubscriber classes into the eventbus for vix
[148月2026 10:33:50.397] [modloading-worker-0/DEBUG] [mixin/]: Mixing common.PathPackResourcesMixin from mixins.ywzj_vehicle.json into net.minecraftforge.resource.PathPackResources
[148月2026 10:33:50.398] [modloading-worker-0/DEBUG] [mixin/]: Renaming synthetic method lambda$ywzj_vehicle$getNamespacesFromCommon$6(Ljava/lang/String;)Z to md176f02$lambda$ywzj_vehicle$getNamespacesFromCommon$6$0 in mixins.ywzj_vehicle.json:common.PathPackResourcesMixin
[148月2026 10:33:50.399] [modloading-worker-0/DEBUG] [mixin/]: Renaming synthetic method lambda$ywzj_vehicle$getNamespacesFromCommon$5(Ljava/nio/file/Path;)Ljava/lang/String; to md176f02$lambda$ywzj_vehicle$getNamespacesFromCommon$5$1 in mixins.ywzj_vehicle.json:common.PathPackResourcesMixin
[148月2026 10:33:50.399] [modloading-worker-0/DEBUG] [mixin/]: Renaming synthetic method lambda$ywzj_vehicle$getNamespacesFromCommon$4(Ljava/nio/file/Path;)Z to md176f02$lambda$ywzj_vehicle$getNamespacesFromCommon$4$2 in mixins.ywzj_vehicle.json:common.PathPackResourcesMixin
[148月2026 10:33:50.399] [modloading-worker-0/DEBUG] [mixin/]: Renaming synthetic method lambda$ywzj_vehicle$getNamespacesFromCommon$3(Ljava/nio/file/Path;)Z to md176f02$lambda$ywzj_vehicle$getNamespacesFromCommon$3$3 in mixins.ywzj_vehicle.json:common.PathPackResourcesMixin
[148月2026 10:33:50.399] [modloading-worker-0/DEBUG] [mixin/]: Renaming synthetic method lambda$listResourcesMerged$2(Ljava/lang/String;Lcom/mojang/serialization/DataResult$PartialResult;)V to md176f02$lambda$listResourcesMerged$2$4 in mixins.ywzj_vehicle.json:common.PathPackResourcesMixin
[148月2026 10:33:50.399] [modloading-worker-0/DEBUG] [mixin/]: Renaming synthetic method lambda$listResourcesMerged$1(Lnet/minecraft/server/packs/PackType;Ljava/lang/String;Lnet/minecraft/server/packs/PackResources$ResourceOutput;Ljava/util/List;)V to md176f02$lambda$listResourcesMerged$1$5 in mixins.ywzj_vehicle.json:common.PathPackResourcesMixin
[148月2026 10:33:50.399] [modloading-worker-0/DEBUG] [mixin/]: Renaming synthetic method lambda$listResourcesMerged$0(Ljava/nio/file/Path;Lnet/minecraft/server/packs/PackResources$ResourceOutput;Lnet/minecraft/resources/ResourceLocation;Lnet/minecraft/server/packs/resources/IoSupplier;)V to md176f02$lambda$listResourcesMerged$0$6 in mixins.ywzj_vehicle.json:common.PathPackResourcesMixin
[148月2026 10:33:50.454] [modloading-worker-0/DEBUG] [net.minecraftforge.fml.javafmlmod.AutomaticEventSubscriber/LOADING]: Auto-subscribing com.github.mcmodderanchor.simplebedrockmodel.v1.resource.ReloadListenersRegister$BedrockModelServerRegister to FORGE
[148月2026 10:33:50.457] [modloading-worker-0/DEBUG] [net.minecraftforge.fml.javafmlmod.AutomaticEventSubscriber/LOADING]: Attempting to inject @EventBusSubscriber classes into the eventbus for maid_weapon_refill
[148月2026 10:33:50.502] [modloading-worker-0/DEBUG] [mixin/]: Mixing SkillMixin from efn.mixins.json into yesman.epicfight.skill.Skill
[148月2026 10:33:50.507] [modloading-worker-0/INFO] [com.merlin204.avalon.main.AvalonMOD/]: 自动注册实体: SHAKE_WAVE -> shake_wave
[148月2026 10:33:50.508] [modloading-worker-0/INFO] [com.merlin204.avalon.main.AvalonMOD/]: 自动注册实体: VFX -> vfx
[148月2026 10:33:50.510] [modloading-worker-0/INFO] [com.merlin204.avalon.main.AvalonMOD/]: 自动注册实体: ANIMATION_TEXTURE_VFX -> animation_texture_vfx
[148月2026 10:33:50.513] [modloading-worker-0/DEBUG] [net.minecraftforge.fml.config.ConfigTracker/CONFIG]: Config file efclash_blade-server.toml for efclash_blade tracking
[148月2026 10:33:50.513] [modloading-worker-0/DEBUG] [net.minecraftforge.fml.config.ConfigTracker/CONFIG]: Config file epicfight-server.toml for epicfight tracking
[148月2026 10:33:50.514] [modloading-worker-0/DEBUG] [net.minecraftforge.fml.config.ConfigTracker/CONFIG]: Config file ysm_geo_compat-client.toml for ysm_geo_compat tracking
[148月2026 10:33:50.514] [modloading-worker-0/INFO] [YSM-GEO Compat/]: YSM-GEO Compat: Initialized successfully
[148月2026 10:33:50.517] [modloading-worker-0/DEBUG] [net.minecraftforge.fml.javafmlmod.AutomaticEventSubscriber/LOADING]: Attempting to inject @EventBusSubscriber classes into the eventbus for ysm_geo_compat
[148月2026 10:33:50.519] [modloading-worker-0/INFO] [org.eftlm.stylish.EFTLMStylish/]: EFTLM Stylish Combat loaded!
[148月2026 10:33:50.532] [modloading-worker-0/INFO] [eftlm_stylish/]: [DIAG] ===== EFTLM Stylish environment =====
[148月2026 10:33:50.536] [modloading-worker-0/INFO] [eftlm_stylish/]: [DIAG] ef_tlm version: 1.3.2
[148月2026 10:33:50.537] [modloading-worker-0/INFO] [eftlm_stylish/]: [DIAG] epicfight version: 20.14.17
[148月2026 10:33:50.538] [modloading-worker-0/DEBUG] [mixin/]: Mixing compat.efn.NFShortSwordTwoItemMixin from annoyingvillagers.mixins.json into com.hm.efn.item.custom.NFShortSwordTwoItem
[148月2026 10:33:50.537] [modloading-worker-0/INFO] [eftlm_stylish/]: [DIAG] touhou_little_maid version: 1.5.3-forge+mc1.20.1
[148月2026 10:33:50.539] [modloading-worker-0/INFO] [eftlm_stylish/]: [DIAG] wom loaded: true version: 2.0.164
[148月2026 10:33:50.540] [modloading-worker-0/INFO] [eftlm_stylish/]: [DIAG] =======================================
[148月2026 10:33:50.540] [modloading-worker-0/DEBUG] [net.minecraftforge.fml.javafmlmod.AutomaticEventSubscriber/LOADING]: Attempting to inject @EventBusSubscriber classes into the eventbus for eftlm_stylish
[148月2026 10:33:50.541] [modloading-worker-0/DEBUG] [net.minecraftforge.fml.javafmlmod.AutomaticEventSubscriber/LOADING]: Auto-subscribing org.eftlm.stylish.rl.RlMemoryCleanup to FORGE
[148月2026 10:33:50.546] [modloading-worker-0/DEBUG] [mixin/]: Mixing compat.efn.AetherialDuskDualSword_MainHandItemMixin from annoyingvillagers.mixins.json into com.hm.efn.item.custom.AetherialDuskDualSword_MainHandItem
[148月2026 10:33:50.552] [modloading-worker-0/DEBUG] [mixin/]: Mixing compat.efn.CrescentMoonItemMixin from annoyingvillagers.mixins.json into com.hm.efn.item.custom.CrescentMoonItem
[148月2026 10:33:50.560] [modloading-worker-0/DEBUG] [mixin/]: Mixing compat.efn.ScytheItemMixin from annoyingvillagers.mixins.json into com.hm.efn.item.custom.ScytheItem
[148月2026 10:33:50.562] [modloading-worker-0/DEBUG] [net.minecraftforge.fml.javafmlmod.AutomaticEventSubscriber/LOADING]: Auto-subscribing org.eftlm.stylish.rl.RlFeedback to FORGE
[148月2026 10:33:50.565] [modloading-worker-0/DEBUG] [mixin/]: Mixing compat.efn.NfClawItemMixin from annoyingvillagers.mixins.json into com.hm.efn.item.custom.NfClawItem
[148月2026 10:33:50.573] [modloading-worker-0/DEBUG] [mixin/]: Mixing compat.efn.YamatoItemMixin from annoyingvillagers.mixins.json into com.hm.efn.item.custom.YamatoItem
[148月2026 10:33:50.579] [modloading-worker-0/DEBUG] [epicfight/]: Registered Extendable Enum class com.pla.efclash_blade.gameasset.EFClashBladeSkillSlots in skill_slot
[148月2026 10:33:50.582] [modloading-worker-0/DEBUG] [mixin/]: Mixing compat.efn.AirTachiItemMixin from annoyingvillagers.mixins.json into com.hm.efn.item.custom.AirTachiItem
[148月2026 10:33:50.583] [modloading-worker-0/DEBUG] [epicfight/]: Registered Extendable Enum class net.EFTLM.EF.Animation.EFTLM_LivingMotions in living_motion
[148月2026 10:33:50.587] [modloading-worker-0/DEBUG] [mixin/]: Mixing compat.efn.ExcaliburItemMixin from annoyingvillagers.mixins.json into com.hm.efn.item.geo.ExcaliburItem
[148月2026 10:33:50.587] [modloading-worker-0/DEBUG] [epicfight/]: Registered Extendable Enum class com.merlin204.avalon.epicfight.gameassets.AvalonCategories in weapon_category
[148月2026 10:33:50.590] [modloading-worker-0/DEBUG] [epicfight/]: Registered Extendable Enum class com.pla.efclash_blade.gameasset.EFClashBladeSkillCategories in skill_category
[148月2026 10:33:50.591] [modloading-worker-0/DEBUG] [net.minecraftforge.fml.javafmlmod.AutomaticEventSubscriber/LOADING]: Attempting to inject @EventBusSubscriber classes into the eventbus for efclash_blade
[148月2026 10:33:50.591] [modloading-worker-0/DEBUG] [net.minecraftforge.fml.config.ConfigTracker/CONFIG]: Config file wom-client.toml for wom tracking
[148月2026 10:33:50.591] [modloading-worker-0/DEBUG] [net.minecraftforge.fml.javafmlmod.AutomaticEventSubscriber/LOADING]: Auto-subscribing com.pla.efclash_blade.gameasset.EFClashBladeSkills to MOD
[148月2026 10:33:50.600] [modloading-worker-0/INFO] [org.ywzj.vehicle.YwzjVehicle/VehiclePackFinder]: Start scanning for vehicle packs in E:\program\JAVA\touhou little maid - unknow sky area\prod_server\limitless_vehicle
[148月2026 10:33:50.603] [modloading-worker-0/DEBUG] [net.minecraftforge.fml.javafmlmod.AutomaticEventSubscriber/LOADING]: Auto-subscribing com.pla.efclash_blade.event.MobClashBladeEvent to FORGE
[148月2026 10:33:50.605] [modloading-worker-0/DEBUG] [mixin/]: Mixing MobClashBladeMixin from annoyingvillagers.mixins.json into com.pla.efclash_blade.event.MobClashBladeEvent
[148月2026 10:33:50.605] [modloading-worker-0/DEBUG] [mixin/]: Renaming synthetic method lambda$moreLogicAfterClashing$1(Lnet/minecraft/server/level/ServerPlayer;)V to md176f02$lambda$moreLogicAfterClashing$1$0 in annoyingvillagers.mixins.json:MobClashBladeMixin
[148月2026 10:33:50.606] [modloading-worker-0/DEBUG] [mixin/]: Renaming synthetic method lambda$moreLogicAfterClashing$0(Lnet/minecraft/server/level/ServerPlayer;)V to md176f02$lambda$moreLogicAfterClashing$0$1 in annoyingvillagers.mixins.json:MobClashBladeMixin
[148月2026 10:33:50.614] [modloading-worker-0/DEBUG] [net.minecraftforge.fml.javafmlmod.AutomaticEventSubscriber/LOADING]: Auto-subscribing org.eftlm.stylish.rl.RlCommand to FORGE
[148月2026 10:33:50.614] [modloading-worker-0/DEBUG] [net.minecraftforge.fml.javafmlmod.AutomaticEventSubscriber/LOADING]: Attempting to inject @EventBusSubscriber classes into the eventbus for geckolib
[148月2026 10:33:50.614] [modloading-worker-0/DEBUG] [net.minecraftforge.fml.javafmlmod.AutomaticEventSubscriber/LOADING]: Auto-subscribing software.bernie.example.GeckoLibMod to FORGE
[148月2026 10:33:50.614] [modloading-worker-0/DEBUG] [net.minecraftforge.fml.javafmlmod.AutomaticEventSubscriber/LOADING]: Auto-subscribing software.bernie.example.CommonListener to MOD
[148月2026 10:33:50.625] [modloading-worker-0/DEBUG] [net.minecraftforge.fml.config.ConfigTracker/CONFIG]: Config file player_mobs-common.toml for player_mobs tracking
[148月2026 10:33:50.658] [modloading-worker-0/DEBUG] [mixin/]: Mixing compat.efn.ThornWheelItemMixin from annoyingvillagers.mixins.json into com.hm.efn.item.custom.ThornWheelItem
[148月2026 10:33:50.661] [modloading-worker-0/DEBUG] [net.minecraftforge.fml.javafmlmod.AutomaticEventSubscriber/LOADING]: Attempting to inject @EventBusSubscriber classes into the eventbus for ef_tlm
[148月2026 10:33:50.662] [modloading-worker-0/DEBUG] [net.minecraftforge.fml.javafmlmod.AutomaticEventSubscriber/LOADING]: Auto-subscribing net.EFTLM.EF.Event.EventBus$ModEvents to MOD
[148月2026 10:33:50.664] [modloading-worker-0/DEBUG] [mixin/]: Mixing compat.efn.HfMuramasaItemMixin from annoyingvillagers.mixins.json into com.hm.efn.item.custom.HfMurasamaItem
[148月2026 10:33:50.664] [modloading-worker-0/DEBUG] [net.minecraftforge.fml.javafmlmod.AutomaticEventSubscriber/LOADING]: Auto-subscribing com.pla.efclash_blade.event.AddStarterSkillEvent to FORGE
[148月2026 10:33:50.667] [modloading-worker-0/DEBUG] [mixin/]: Mixing compat.efn.BroadBladeItemMixin from annoyingvillagers.mixins.json into com.hm.efn.item.custom.BroadBladeItem
[148月2026 10:33:50.667] [modloading-worker-0/INFO] [org.ywzj.vehicle.YwzjVehicle/VehiclePackFinder]: - default_vehicle, Main namespace: ywzj_vehicle
[148月2026 10:33:50.668] [modloading-worker-0/INFO] [org.ywzj.vehicle.YwzjVehicle/VehiclePackFinder]: Found 1 possible vehicle pack(s)
[148月2026 10:33:50.671] [modloading-worker-0/DEBUG] [net.minecraftforge.fml.javafmlmod.AutomaticEventSubscriber/LOADING]: Auto-subscribing org.eftlm.stylish.rl.RlActHandler to FORGE
[148月2026 10:33:50.672] [modloading-worker-0/DEBUG] [mixin/]: Mixing compat.efn.CoTachiItemMixin from annoyingvillagers.mixins.json into com.hm.efn.item.custom.CoTachiItem
[148月2026 10:33:50.675] [modloading-worker-0/DEBUG] [mixin/]: Mixing compat.efn.KusabimaruItemMixin from annoyingvillagers.mixins.json into com.hm.efn.item.custom.KusabimaruItem
[148月2026 10:33:50.675] [modloading-worker-0/DEBUG] [net.minecraftforge.fml.javafmlmod.AutomaticEventSubscriber/LOADING]: Attempting to inject @EventBusSubscriber classes into the eventbus for epic_fight_avalon
[148月2026 10:33:50.676] [modloading-worker-0/DEBUG] [net.minecraftforge.fml.javafmlmod.AutomaticEventSubscriber/LOADING]: Auto-subscribing com.merlin204.avalon.event.ForgeEvents to FORGE
[148月2026 10:33:50.679] [modloading-worker-0/DEBUG] [mixin/]: Mixing compat.efn.Meen_SpearItemMixin from annoyingvillagers.mixins.json into com.hm.efn.item.custom.Meen_SpearItem
[148月2026 10:33:50.680] [modloading-worker-0/DEBUG] [net.minecraftforge.fml.config.ConfigTracker/CONFIG]: Config file ywzj_vehicle-common.toml for ywzj_vehicle tracking
[148月2026 10:33:50.681] [modloading-worker-0/DEBUG] [net.minecraftforge.fml.javafmlmod.AutomaticEventSubscriber/LOADING]: Auto-subscribing org.eftlm.stylish.compat.wom.SolarModelHandler to FORGE
[148月2026 10:33:50.681] [modloading-worker-0/DEBUG] [net.minecraftforge.versions.forge.ForgeVersion/CORE]: Forge Version package package net.minecraftforge.versions.forge, Forge, version 47.4 from cpw.mods.modlauncher.TransformingClassLoader@668625f5
[148月2026 10:33:50.683] [modloading-worker-0/DEBUG] [net.minecraftforge.versions.forge.ForgeVersion/CORE]: Found Forge version 47.4.13
[148月2026 10:33:50.683] [modloading-worker-0/DEBUG] [net.minecraftforge.versions.forge.ForgeVersion/CORE]: Found Forge spec 47.4
[148月2026 10:33:50.683] [modloading-worker-0/DEBUG] [net.minecraftforge.versions.forge.ForgeVersion/CORE]: Found Forge group net.minecraftforge
[148月2026 10:33:50.684] [modloading-worker-0/DEBUG] [mixin/]: Mixing compat.efn.NFShortSwordItemMixin from annoyingvillagers.mixins.json into com.hm.efn.item.custom.NFShortSwordItem
[148月2026 10:33:50.685] [modloading-worker-0/DEBUG] [net.minecraftforge.fml.config.ConfigTracker/CONFIG]: Config file combat_evolution-common.toml for combat_evolution tracking
[148月2026 10:33:50.686] [modloading-worker-0/DEBUG] [net.minecraftforge.versions.mcp.MCPVersion/CORE]: MCP Version package package net.minecraftforge.versions.mcp, Minecraft, version 1.20.1 from cpw.mods.modlauncher.TransformingClassLoader@668625f5
[148月2026 10:33:50.686] [modloading-worker-0/DEBUG] [net.minecraftforge.versions.mcp.MCPVersion/CORE]: Found MC version information 1.20.1
[148月2026 10:33:50.686] [modloading-worker-0/DEBUG] [net.minecraftforge.versions.mcp.MCPVersion/CORE]: Found MCP version information 20230612.114412
[148月2026 10:33:50.686] [modloading-worker-0/DEBUG] [net.minecraftforge.fml.config.ConfigTracker/CONFIG]: Config file ywzj_vehicle-server.toml for ywzj_vehicle tracking
[148月2026 10:33:50.686] [modloading-worker-0/INFO] [net.minecraftforge.common.ForgeMod/FORGEMOD]: Forge mod loading, version 47.4.13, for MC 1.20.1 with MCP 20230612.114412
[148月2026 10:33:50.686] [modloading-worker-0/DEBUG] [net.minecraftforge.fml.javafmlmod.AutomaticEventSubscriber/LOADING]: Auto-subscribing com.merlin204.avalon.event.AvalonEntityEventHandler to MOD
[148月2026 10:33:50.686] [modloading-worker-0/INFO] [net.minecraftforge.common.MinecraftForge/FORGE]: MinecraftForge v47.4.13 Initialized
[148月2026 10:33:50.686] [modloading-worker-0/DEBUG] [mixin/]: Mixing compat.efn.PioneerItemMixin from annoyingvillagers.mixins.json into com.hm.efn.item.custom.PioneerItem
[148月2026 10:33:50.688] [modloading-worker-0/DEBUG] [net.minecraftforge.fml.javafmlmod.AutomaticEventSubscriber/LOADING]: Auto-subscribing com.pla.efclash_blade.EFClashBlade$initer to MOD
[148月2026 10:33:50.692] [modloading-worker-0/DEBUG] [net.minecraftforge.fml.javafmlmod.AutomaticEventSubscriber/LOADING]: Auto-subscribing org.eftlm.stylish.compat.efn.EfnSkillCommand to FORGE
[148月2026 10:33:50.692] [modloading-worker-0/DEBUG] [mixin/]: Mixing compat.efn.FireExsiliumgladiusItemMixin from annoyingvillagers.mixins.json into com.hm.efn.item.custom.FireExsiliumgladiusItem
[148月2026 10:33:50.692] [modloading-worker-0/DEBUG] [net.minecraftforge.fml.javafmlmod.AutomaticEventSubscriber/LOADING]: Auto-subscribing com.merlin204.avalon.epicfight.AvalonAnimations to MOD
[148月2026 10:33:50.708] [modloading-worker-0/DEBUG] [epicfight/]: Registered Extendable Enum class com.p1nero.invincible.api.skill.ComboNode$ComboTypes in combo_type
[148月2026 10:33:50.712] [modloading-worker-0/DEBUG] [mixin/]: Mixing compat.efn.ExsiliumgladiusItemMixin from annoyingvillagers.mixins.json into com.hm.efn.item.custom.ExsiliumgladiusItem
[148月2026 10:33:50.713] [modloading-worker-0/DEBUG] [net.minecraftforge.fml.config.ConfigTracker/CONFIG]: Config file invincible-common.toml for invincible tracking
[148月2026 10:33:50.713] [modloading-worker-0/DEBUG] [net.minecraftforge.fml.javafmlmod.AutomaticEventSubscriber/LOADING]: Attempting to inject @EventBusSubscriber classes into the eventbus for invincible
[148月2026 10:33:50.713] [modloading-worker-0/DEBUG] [net.minecraftforge.fml.javafmlmod.AutomaticEventSubscriber/LOADING]: Auto-subscribing com.p1nero.invincible.gameassets.InvincibleDuplicateDemoAnimations to MOD
[148月2026 10:33:50.714] [modloading-worker-0/DEBUG] [mixin/]: Mixing AnimationManagerAccessor from invincible.mixins.json into yesman.epicfight.api.animation.AnimationManager
[148月2026 10:33:50.719] [modloading-worker-0/DEBUG] [net.minecraftforge.fml.javafmlmod.AutomaticEventSubscriber/LOADING]: Auto-subscribing org.eftlm.stylish.arena.AutoArena to FORGE
[148月2026 10:33:50.721] [modloading-worker-0/DEBUG] [net.minecraftforge.fml.javafmlmod.AutomaticEventSubscriber/LOADING]: Auto-subscribing net.EFTLM.EF.Event.EventBus$ForgeEvents to FORGE
[148月2026 10:33:50.722] [modloading-worker-0/DEBUG] [net.minecraftforge.fml.javafmlmod.AutomaticEventSubscriber/LOADING]: Auto-subscribing com.p1nero.invincible.gameassets.InvincibleDemoWeaponCapabilityPresets to MOD
[148月2026 10:33:50.744] [modloading-worker-0/DEBUG] [net.minecraftforge.fml.javafmlmod.AutomaticEventSubscriber/LOADING]: Auto-subscribing com.p1nero.invincible.gameassets.InvincibleDemoSkills to MOD
[148月2026 10:33:50.747] [modloading-worker-0/DEBUG] [net.minecraftforge.fml.javafmlmod.AutomaticEventSubscriber/LOADING]: Auto-subscribing org.eftlm.stylish.EF.Event.StylishBehaviorRegister to FORGE
[148月2026 10:33:50.749] [modloading-worker-0/DEBUG] [net.minecraftforge.fml.javafmlmod.AutomaticEventSubscriber/LOADING]: Auto-subscribing com.merlin204.avalon.api.AvalonEntityRegistryManager to MOD
[148月2026 10:33:50.750] [modloading-worker-0/DEBUG] [mixin/]: Mixing MixinLevelEvent from architectury.mixins.json into net.minecraftforge.event.level.LevelEvent
[148月2026 10:33:50.760] [modloading-worker-0/DEBUG] [net.minecraftforge.fml.javafmlmod.AutomaticEventSubscriber/LOADING]: Auto-subscribing com.p1nero.invincible.command.InvincibleCommands to FORGE
[148月2026 10:33:50.764] [modloading-worker-0/DEBUG] [net.minecraftforge.fml.javafmlmod.AutomaticEventSubscriber/LOADING]: Auto-subscribing com.p1nero.invincible.capability.InvinciblePlayerCapabilityProvider to FORGE
[148月2026 10:33:50.764] [modloading-worker-0/DEBUG] [net.minecraftforge.fml.javafmlmod.AutomaticEventSubscriber/LOADING]: Auto-subscribing org.eftlm.stylish.EF.Event.ModEventBus to MOD
[148月2026 10:33:50.770] [modloading-worker-0/DEBUG] [net.minecraftforge.fml.config.ConfigTracker/CONFIG]: Config file epicfight-common.toml for epicfight tracking
[148月2026 10:33:50.772] [modloading-worker-0/DEBUG] [net.minecraftforge.fml.javafmlmod.AutomaticEventSubscriber/LOADING]: Auto-subscribing org.eftlm.stylish.EF.Event.Diagnose to FORGE
[148月2026 10:33:50.782] [modloading-worker-0/DEBUG] [net.minecraftforge.fml.javafmlmod.AutomaticEventSubscriber/LOADING]: Auto-subscribing org.eftlm.stylish.EF.Event.ChaseBoost to FORGE
[148月2026 10:33:50.815] [modloading-worker-0/DEBUG] [net.minecraftforge.fml.javafmlmod.AutomaticEventSubscriber/LOADING]: Attempting to inject @EventBusSubscriber classes into the eventbus for combat_evolution
[148月2026 10:33:50.815] [modloading-worker-0/DEBUG] [net.minecraftforge.fml.javafmlmod.AutomaticEventSubscriber/LOADING]: Auto-subscribing net.shelmarow.combat_evolution.tickTask.TickTaskHandler to FORGE
[148月2026 10:33:50.820] [modloading-worker-0/DEBUG] [net.minecraftforge.fml.javafmlmod.AutomaticEventSubscriber/LOADING]: Auto-subscribing net.shelmarow.combat_evolution.skill.CESkills to MOD
[148月2026 10:33:50.823] [modloading-worker-0/DEBUG] [net.minecraftforge.fml.javafmlmod.AutomaticEventSubscriber/LOADING]: Auto-subscribing net.shelmarow.combat_evolution.gameassets.CEAnimationBuilder to MOD
[148月2026 10:33:50.827] [modloading-worker-0/DEBUG] [net.minecraftforge.fml.javafmlmod.AutomaticEventSubscriber/LOADING]: Auto-subscribing net.shelmarow.combat_evolution.execution.ExecutionHandler to FORGE
[148月2026 10:33:50.829] [modloading-worker-0/DEBUG] [mixin/]: Mixing ExecutionHandlerMixin from annoyingvillagers.mixins.json into net.shelmarow.combat_evolution.execution.ExecutionHandler
[148月2026 10:33:50.845] [modloading-worker-0/DEBUG] [net.minecraftforge.fml.javafmlmod.AutomaticEventSubscriber/LOADING]: Auto-subscribing com.p1nero.invincible.capability.InvincibleEntityCapabilityProvider to FORGE
[148月2026 10:33:50.845] [modloading-worker-0/DEBUG] [net.minecraftforge.fml.config.ConfigTracker/CONFIG]: Config file forge-client.toml for forge tracking
[148月2026 10:33:50.845] [modloading-worker-0/DEBUG] [net.minecraftforge.fml.config.ConfigTracker/CONFIG]: Config file forge-server.toml for forge tracking
[148月2026 10:33:50.845] [modloading-worker-0/DEBUG] [net.minecraftforge.fml.ModLoadingContext/]: Attempted to register an empty config for type COMMON on mod forge
[148月2026 10:33:50.852] [modloading-worker-0/DEBUG] [mixin/]: Mixing ServerPlayerPatchMixin from invincible.mixins.json into yesman.epicfight.world.capabilities.entitypatch.player.ServerPlayerPatch
[148月2026 10:33:50.855] [modloading-worker-0/DEBUG] [mixin/]: Mixing ServerPlayerPatchMixin from efn.mixins.json into yesman.epicfight.world.capabilities.entitypatch.player.ServerPlayerPatch
[148月2026 10:33:50.856] [modloading-worker-0/DEBUG] [mixin/]: Mixing ServerPlayerPatchMixin from ef_tlm.mixins.json into yesman.epicfight.world.capabilities.entitypatch.player.ServerPlayerPatch
[148月2026 10:33:50.887] [modloading-worker-0/DEBUG] [mixin/]: Mixing ExecutionTaskMixin from annoyingvillagers.mixins.json into net.shelmarow.combat_evolution.execution.ExecutionTask
[148月2026 10:33:50.890] [modloading-worker-0/DEBUG] [net.minecraftforge.fml.javafmlmod.AutomaticEventSubscriber/LOADING]: Auto-subscribing com.p1nero.invincible.capability.InvincibleCapabilities to FORGE
[148月2026 10:33:50.917] [modloading-worker-0/DEBUG] [net.minecraftforge.fml.javafmlmod.AutomaticEventSubscriber/LOADING]: Auto-subscribing net.EFTLM.EF.Animation.EFTLM_Animations to MOD
[148月2026 10:33:50.931] [modloading-worker-0/DEBUG] [net.minecraftforge.fml.javafmlmod.AutomaticEventSubscriber/LOADING]: Auto-subscribing com.p1nero.invincible.InvincibleConfig to MOD
[148月2026 10:33:50.949] [modloading-worker-0/DEBUG] [epicfight/]: Registered Extendable Enum class yesman.epicfight.api.animation.LivingMotions in living_motion
[148月2026 10:33:50.953] [modloading-worker-0/DEBUG] [epicfight/]: Registered Extendable Enum class yesman.epicfight.skill.SkillCategories in skill_category
[148月2026 10:33:50.955] [modloading-worker-0/DEBUG] [epicfight/]: Registered Extendable Enum class yesman.epicfight.skill.SkillSlots in skill_slot
[148月2026 10:33:50.957] [modloading-worker-0/DEBUG] [net.minecraftforge.fml.javafmlmod.AutomaticEventSubscriber/LOADING]: Auto-subscribing net.shelmarow.combat_evolution.example.event.ModEvent to MOD
[148月2026 10:33:50.960] [modloading-worker-0/DEBUG] [epicfight/]: Registered Extendable Enum class yesman.epicfight.world.capabilities.item.CapabilityItem$Styles in style
[148月2026 10:33:50.960] [modloading-worker-0/DEBUG] [epicfight/]: Registered Extendable Enum class yesman.epicfight.world.capabilities.item.CapabilityItem$WeaponCategories in weapon_category
[148月2026 10:33:50.964] [modloading-worker-0/DEBUG] [epicfight/]: Registered Extendable Enum class yesman.epicfight.world.capabilities.entitypatch.Factions in faction
[148月2026 10:33:50.965] [modloading-worker-0/DEBUG] [net.minecraftforge.fml.javafmlmod.AutomaticEventSubscriber/LOADING]: Auto-subscribing net.shelmarow.combat_evolution.event.ModEvent to MOD
[148月2026 10:33:50.967] [modloading-worker-0/DEBUG] [net.minecraftforge.fml.javafmlmod.AutomaticEventSubscriber/LOADING]: Auto-subscribing net.shelmarow.combat_evolution.event.ForgeEvent to FORGE
[148月2026 10:33:50.970] [modloading-worker-0/DEBUG] [epicfight/]: Registered Extendable Enum class yesman.epicfight.network.EntityPairingPacketTypes in entity_pairing_packet_type
[148月2026 10:33:50.971] [modloading-worker-0/DEBUG] [net.minecraftforge.fml.javafmlmod.AutomaticEventSubscriber/LOADING]: Attempting to inject @EventBusSubscriber classes into the eventbus for forge
[148月2026 10:33:50.973] [modloading-worker-0/DEBUG] [net.minecraftforge.fml.javafmlmod.AutomaticEventSubscriber/LOADING]: Auto-subscribing net.minecraftforge.common.ForgeSpawnEggItem$CommonHandler to MOD
[148月2026 10:33:50.977] [modloading-worker-0/DEBUG] [mixin/]: Mixing ExplosionMixin from annoyingvillagers.mixins.json into net.minecraft.world.level.Explosion
[148月2026 10:33:50.984] [modloading-worker-0/DEBUG] [mixin/]: Mixing common.ExplosionAccessor from mixins.ywzj_vehicle.json into net.minecraft.world.level.Explosion
[148月2026 10:33:51.029] [modloading-worker-0/DEBUG] [net.minecraftforge.fml.javafmlmod.AutomaticEventSubscriber/LOADING]: Auto-subscribing net.shelmarow.combat_evolution.ai.attribute.CEAttributes to MOD
[148月2026 10:33:51.054] [modloading-worker-0/DEBUG] [net.minecraftforge.fml.javafmlmod.AutomaticEventSubscriber/LOADING]: Attempting to inject @EventBusSubscriber classes into the eventbus for architectury
[148月2026 10:33:51.056] [modloading-worker-0/DEBUG] [net.minecraftforge.fml.javafmlmod.AutomaticEventSubscriber/LOADING]: Auto-subscribing dev.architectury.registry.level.entity.trade.forge.TradeRegistryImpl to FORGE
[148月2026 10:33:51.063] [modloading-worker-0/DEBUG] [net.minecraftforge.fml.javafmlmod.AutomaticEventSubscriber/LOADING]: Auto-subscribing dev.architectury.registry.forge.ReloadListenerRegistryImpl to FORGE
[148月2026 10:33:51.069] [modloading-worker-0/DEBUG] [net.minecraftforge.fml.javafmlmod.AutomaticEventSubscriber/LOADING]: Auto-subscribing dev.architectury.networking.forge.NetworkManagerImpl to FORGE
[148月2026 10:33:51.070] [modloading-worker-0/DEBUG] [mixin/]: Mixing PlayerMobMixin from annoyingvillagers.mixins.json into se.gory_moon.player_mobs.entity.PlayerMobEntity
[148月2026 10:33:51.072] [modloading-worker-0/DEBUG] [mixin/]: Mixing PlayerMobMixin2 from annoyingvillagers.mixins.json into se.gory_moon.player_mobs.entity.PlayerMobEntity
[148月2026 10:33:51.137] [modloading-worker-0/INFO] [dev.architectury.networking.forge.NetworkManagerImpl/]: Registering C2S receiver with id architectury:sync_ids
[148月2026 10:33:51.210] [modloading-worker-0/DEBUG] [net.minecraftforge.fml.javafmlmod.AutomaticEventSubscriber/LOADING]: Attempting to inject @EventBusSubscriber classes into the eventbus for wom
[148月2026 10:33:51.210] [modloading-worker-0/DEBUG] [net.minecraftforge.fml.javafmlmod.AutomaticEventSubscriber/LOADING]: Auto-subscribing reascer.wom.world.loot.WOMLootDropTables to MOD
[148月2026 10:33:51.220] [modloading-worker-0/DEBUG] [net.minecraftforge.fml.javafmlmod.AutomaticEventSubscriber/LOADING]: Auto-subscribing reascer.wom.world.loot.WOMChestLootTables to FORGE
[148月2026 10:33:51.225] [modloading-worker-0/DEBUG] [net.minecraftforge.fml.javafmlmod.AutomaticEventSubscriber/LOADING]: Auto-subscribing reascer.wom.world.capabilities.item.WOMWeaponCapabilityPresets to MOD
[148月2026 10:33:51.313] [modloading-worker-0/DEBUG] [com.tterrag.registrate.AbstractRegistrate/REGISTRATE.REGISTER]: Captured registration for entry player_mobs:player_mob of type minecraft:entity_type
[148月2026 10:33:51.327] [modloading-worker-0/DEBUG] [net.minecraftforge.fml.javafmlmod.AutomaticEventSubscriber/LOADING]: Auto-subscribing reascer.wom.gameasset.animations.weapons.AnimsSolar to MOD
[148月2026 10:33:51.351] [modloading-worker-0/INFO] [epicfight/]: Loaded mod compat: GeckolibCompat
[148月2026 10:33:51.352] [modloading-worker-0/DEBUG] [net.minecraftforge.fml.javafmlmod.AutomaticEventSubscriber/LOADING]: Attempting to inject @EventBusSubscriber classes into the eventbus for epicfight
[148月2026 10:33:51.352] [modloading-worker-0/DEBUG] [net.minecraftforge.fml.javafmlmod.AutomaticEventSubscriber/LOADING]: Auto-subscribing yesman.epicfight.world.entity.ai.attribute.EpicFightAttributes to MOD
[148月2026 10:33:51.356] [modloading-worker-0/DEBUG] [net.minecraftforge.fml.javafmlmod.AutomaticEventSubscriber/LOADING]: Auto-subscribing yesman.epicfight.main.EpicFightMod$ServerForgeEvents to FORGE
[148月2026 10:33:51.360] [modloading-worker-0/DEBUG] [net.minecraftforge.fml.javafmlmod.AutomaticEventSubscriber/LOADING]: Auto-subscribing reascer.wom.gameasset.animations.weapons.AnimsSatsujin to MOD
[148月2026 10:33:51.363] [modloading-worker-0/DEBUG] [net.minecraftforge.fml.javafmlmod.AutomaticEventSubscriber/LOADING]: Auto-subscribing yesman.epicfight.gameasset.EpicFightSkills to MOD
[148月2026 10:33:51.363] [modloading-worker-0/DEBUG] [com.tterrag.registrate.AbstractRegistrate/REGISTRATE.REGISTER]: Captured registration for entry player_mobs:player_mob_spawn_egg of type minecraft:item
[148月2026 10:33:51.384] [modloading-worker-0/DEBUG] [net.minecraftforge.fml.javafmlmod.AutomaticEventSubscriber/LOADING]: Auto-subscribing yesman.epicfight.gameasset.Animations to MOD
[148月2026 10:33:51.392] [modloading-worker-0/DEBUG] [net.minecraftforge.fml.javafmlmod.AutomaticEventSubscriber/LOADING]: Auto-subscribing reascer.wom.gameasset.animations.weapons.AnimsRuine to MOD
[148月2026 10:33:51.398] [modloading-worker-0/DEBUG] [com.tterrag.registrate.AbstractRegistrate/REGISTRATE.REGISTER]: Captured registration for entry player_mobs:player_mob.ambient of type minecraft:sound_event
[148月2026 10:33:51.415] [modloading-worker-0/DEBUG] [com.tterrag.registrate.AbstractRegistrate/REGISTRATE.REGISTER]: Captured registration for entry player_mobs:player_mob.hurt of type minecraft:sound_event
[148月2026 10:33:51.416] [modloading-worker-0/DEBUG] [com.tterrag.registrate.AbstractRegistrate/REGISTRATE.REGISTER]: Captured registration for entry player_mobs:player_mob.death of type minecraft:sound_event
[148月2026 10:33:51.420] [modloading-worker-0/DEBUG] [mixin/]: Mixing EnderHandMixin from annoyingvillagers.mixins.json into reascer.wom.world.entity.mob.EnderHand
[148月2026 10:33:51.424] [modloading-worker-0/DEBUG] [net.minecraftforge.fml.javafmlmod.AutomaticEventSubscriber/LOADING]: Attempting to inject @EventBusSubscriber classes into the eventbus for player_mobs
[148月2026 10:33:51.424] [modloading-worker-0/DEBUG] [net.minecraftforge.fml.javafmlmod.AutomaticEventSubscriber/LOADING]: Auto-subscribing se.gory_moon.player_mobs.utils.SpawnHandler to FORGE
[148月2026 10:33:51.463] [modloading-worker-0/DEBUG] [net.minecraftforge.fml.javafmlmod.AutomaticEventSubscriber/LOADING]: Auto-subscribing se.gory_moon.player_mobs.utils.DeathHandler to FORGE
[148月2026 10:33:51.463] [modloading-worker-0/DEBUG] [net.minecraftforge.fml.javafmlmod.AutomaticEventSubscriber/LOADING]: Auto-subscribing reascer.wom.gameasset.animations.weapons.AnimsOrbit to MOD
[148月2026 10:33:51.465] [modloading-worker-0/DEBUG] [mixin/]: Mixing StaticAnimationMixin from invincible.mixins.json into yesman.epicfight.api.animation.types.StaticAnimation
[148月2026 10:33:51.469] [modloading-worker-0/DEBUG] [mixin/]: Mixing StaticAnimationsMixin from combat_evolution.mixins.json into yesman.epicfight.api.animation.types.StaticAnimation
[148月2026 10:33:51.485] [modloading-worker-0/DEBUG] [net.minecraftforge.fml.javafmlmod.AutomaticEventSubscriber/LOADING]: Auto-subscribing reascer.wom.gameasset.animations.weapons.AnimsNova to MOD
[148月2026 10:33:51.498] [modloading-worker-0/DEBUG] [mixin/]: Mixing compat.efn.StopEffectMixin from annoyingvillagers.mixins.json into com.hm.efn.mobeffects.StopEffect
[148月2026 10:33:51.502] [modloading-worker-0/DEBUG] [net.minecraftforge.fml.javafmlmod.AutomaticEventSubscriber/LOADING]: Auto-subscribing reascer.wom.gameasset.animations.weapons.AnimsNapoleon to MOD
[148月2026 10:33:51.515] [modloading-worker-0/DEBUG] [net.minecraftforge.fml.javafmlmod.AutomaticEventSubscriber/LOADING]: Auto-subscribing reascer.wom.gameasset.animations.weapons.AnimsMoonless to MOD
[148月2026 10:33:51.543] [modloading-worker-0/DEBUG] [net.minecraftforge.fml.javafmlmod.AutomaticEventSubscriber/LOADING]: Auto-subscribing reascer.wom.gameasset.animations.weapons.AnimsHerrscher to MOD
[148月2026 10:33:51.562] [modloading-worker-0/DEBUG] [net.minecraftforge.fml.javafmlmod.AutomaticEventSubscriber/LOADING]: Auto-subscribing reascer.wom.gameasset.animations.weapons.AnimsEnderblaster to MOD
[148月2026 10:33:51.578] [modloading-worker-0/DEBUG] [net.minecraftforge.fml.javafmlmod.AutomaticEventSubscriber/LOADING]: Auto-subscribing yesman.epicfight.events.WorldEvents to FORGE
[148月2026 10:33:51.590] [modloading-worker-0/DEBUG] [net.minecraftforge.fml.javafmlmod.AutomaticEventSubscriber/LOADING]: Auto-subscribing yesman.epicfight.events.PlayerEvents to FORGE
[148月2026 10:33:51.596] [modloading-worker-0/DEBUG] [net.minecraftforge.fml.javafmlmod.AutomaticEventSubscriber/LOADING]: Auto-subscribing reascer.wom.gameasset.animations.weapons.AnimsAgony to MOD
[148月2026 10:33:51.619] [modloading-worker-0/DEBUG] [net.minecraftforge.fml.javafmlmod.AutomaticEventSubscriber/LOADING]: Auto-subscribing reascer.wom.gameasset.WOMSkills to MOD
[148月2026 10:33:51.627] [modloading-worker-0/DEBUG] [net.minecraftforge.fml.javafmlmod.AutomaticEventSubscriber/LOADING]: Auto-subscribing reascer.wom.gameasset.WOMAnimations to MOD
[148月2026 10:33:51.658] [modloading-worker-0/DEBUG] [net.minecraftforge.fml.javafmlmod.AutomaticEventSubscriber/LOADING]: Auto-subscribing yesman.epicfight.events.EntityEvents to FORGE
[148月2026 10:33:51.714] [modloading-worker-0/DEBUG] [net.minecraftforge.fml.javafmlmod.AutomaticEventSubscriber/LOADING]: Auto-subscribing reascer.wom.events.WOMLivingEntityEvents to FORGE
[148月2026 10:33:51.737] [modloading-worker-0/DEBUG] [net.minecraftforge.fml.javafmlmod.AutomaticEventSubscriber/LOADING]: Auto-subscribing yesman.epicfight.events.CapabilityEvents to FORGE
[148月2026 10:33:51.742] [modloading-worker-0/DEBUG] [net.minecraftforge.fml.javafmlmod.AutomaticEventSubscriber/LOADING]: Auto-subscribing yesman.epicfight.data.loot.EpicFightLootTables to FORGE
[148月2026 10:33:51.744] [modloading-worker-0/DEBUG] [net.minecraftforge.fml.javafmlmod.AutomaticEventSubscriber/LOADING]: Auto-subscribing yesman.epicfight.config.ServerConfig to MOD
[148月2026 10:33:51.745] [modloading-worker-0/DEBUG] [net.minecraftforge.fml.javafmlmod.AutomaticEventSubscriber/LOADING]: Attempting to inject @EventBusSubscriber classes into the eventbus for ywzj_vehicle
[148月2026 10:33:51.745] [modloading-worker-0/DEBUG] [net.minecraftforge.fml.javafmlmod.AutomaticEventSubscriber/LOADING]: Auto-subscribing org.ywzj.vehicle.resource.BedrockModelLoader to MOD
[148月2026 10:33:51.746] [modloading-worker-0/DEBUG] [net.minecraftforge.fml.javafmlmod.AutomaticEventSubscriber/LOADING]: Auto-subscribing yesman.epicfight.config.CommonConfig to MOD
[148月2026 10:33:51.759] [modloading-worker-0/DEBUG] [net.minecraftforge.fml.javafmlmod.AutomaticEventSubscriber/LOADING]: Auto-subscribing reascer.wom.events.PatchedRegisterModBusEvents to MOD
[148月2026 10:33:51.761] [modloading-worker-0/DEBUG] [net.minecraftforge.fml.javafmlmod.AutomaticEventSubscriber/LOADING]: Auto-subscribing org.ywzj.vehicle.handler.HitboxHelperEvent to FORGE
[148月2026 10:33:51.767] [modloading-worker-0/DEBUG] [net.minecraftforge.fml.javafmlmod.AutomaticEventSubscriber/LOADING]: Auto-subscribing org.ywzj.vehicle.custom.sync.SyncDataManager to FORGE
[148月2026 10:33:51.785] [modloading-worker-0/DEBUG] [epicfight/]: Registered Extendable Enum class com.hm.efn.gameasset.EFNSkillSlots in skill_slot
[148月2026 10:33:51.785] [modloading-worker-0/DEBUG] [net.minecraftforge.fml.javafmlmod.AutomaticEventSubscriber/LOADING]: Auto-subscribing org.ywzj.vehicle.custom.sync.SyncDataManager$Setup to MOD
[148月2026 10:33:51.787] [modloading-worker-0/DEBUG] [epicfight/]: Registered Extendable Enum class com.hm.efn.gameasset.EFNSkillCategories in skill_category
[148月2026 10:33:51.788] [modloading-worker-0/DEBUG] [net.minecraftforge.fml.javafmlmod.AutomaticEventSubscriber/LOADING]: Auto-subscribing org.ywzj.vehicle.custom.VehicleWeaponManager to FORGE
[148月2026 10:33:51.793] [modloading-worker-0/DEBUG] [net.minecraftforge.fml.javafmlmod.AutomaticEventSubscriber/LOADING]: Auto-subscribing org.ywzj.vehicle.custom.VehicleDataManager to FORGE
[148月2026 10:33:51.797] [modloading-worker-0/DEBUG] [net.minecraftforge.fml.javafmlmod.AutomaticEventSubscriber/LOADING]: Auto-subscribing org.ywzj.vehicle.custom.CommonAssetsManager to FORGE
[148月2026 10:33:51.805] [modloading-worker-0/DEBUG] [net.minecraftforge.fml.javafmlmod.AutomaticEventSubscriber/LOADING]: Auto-subscribing org.ywzj.vehicle.compat.ValkyrienSkiesCompat to FORGE
[148月2026 10:33:51.812] [modloading-worker-0/DEBUG] [net.minecraftforge.fml.javafmlmod.AutomaticEventSubscriber/LOADING]: Auto-subscribing org.ywzj.vehicle.compat.CreateCompat to FORGE
[148月2026 10:33:51.815] [modloading-worker-0/DEBUG] [net.minecraftforge.fml.javafmlmod.AutomaticEventSubscriber/LOADING]: Auto-subscribing org.ywzj.vehicle.all.ModRegistries to MOD
[148月2026 10:33:51.816] [modloading-worker-0/DEBUG] [net.minecraftforge.fml.javafmlmod.AutomaticEventSubscriber/LOADING]: Auto-subscribing org.ywzj.vehicle.all.AllEvents$AllModEvents to MOD
[148月2026 10:33:51.820] [modloading-worker-0/DEBUG] [net.minecraftforge.fml.javafmlmod.AutomaticEventSubscriber/LOADING]: Auto-subscribing org.ywzj.vehicle.all.AllEvents$AllForgeEvents to FORGE
[148月2026 10:33:51.842] [modloading-worker-0/DEBUG] [net.minecraftforge.fml.javafmlmod.AutomaticEventSubscriber/LOADING]: Auto-subscribing org.ywzj.vehicle.all.AllConfigs to MOD
[148月2026 10:33:51.859] [modloading-worker-0/DEBUG] [net.minecraftforge.fml.config.ConfigTracker/CONFIG]: Config file efn-common.toml for efn tracking
[148月2026 10:33:51.870] [modloading-worker-0/DEBUG] [net.minecraftforge.fml.config.ConfigTracker/CONFIG]: Config file efn-client.toml for efn tracking
[148月2026 10:33:51.871] [modloading-worker-0/DEBUG] [net.minecraftforge.fml.javafmlmod.AutomaticEventSubscriber/LOADING]: Attempting to inject @EventBusSubscriber classes into the eventbus for efn
[148月2026 10:33:51.871] [modloading-worker-0/DEBUG] [net.minecraftforge.fml.javafmlmod.AutomaticEventSubscriber/LOADING]: Auto-subscribing com.hm.efn.skill.weapon_passive.YamatoPassive to FORGE
[148月2026 10:33:51.904] [modloading-worker-0/DEBUG] [mixin/]: Mixing SkillContainerMixin from invincible.mixins.json into yesman.epicfight.skill.SkillContainer
[148月2026 10:33:51.944] [modloading-worker-0/DEBUG] [net.minecraftforge.fml.javafmlmod.AutomaticEventSubscriber/LOADING]: Auto-subscribing com.hm.efn.skill.passive.ParryMasterPassive$AnimationHandler to FORGE
[148月2026 10:33:51.951] [modloading-worker-0/DEBUG] [net.minecraftforge.fml.javafmlmod.AutomaticEventSubscriber/LOADING]: Auto-subscribing com.hm.efn.skill.ExclusiveSkillHandler to FORGE
[148月2026 10:33:51.961] [modloading-worker-0/DEBUG] [net.minecraftforge.fml.javafmlmod.AutomaticEventSubscriber/LOADING]: Auto-subscribing com.hm.efn.registries.EFNLootModifier to MOD
[148月2026 10:33:51.962] [modloading-worker-0/DEBUG] [net.minecraftforge.fml.javafmlmod.AutomaticEventSubscriber/LOADING]: Auto-subscribing com.hm.efn.mobeffects.Yamato to FORGE
[148月2026 10:33:51.974] [modloading-worker-0/DEBUG] [net.minecraftforge.fml.javafmlmod.AutomaticEventSubscriber/LOADING]: Auto-subscribing com.hm.efn.mobeffects.VulnerabilityEffect to FORGE
[148月2026 10:33:51.995] [modloading-worker-0/DEBUG] [net.minecraftforge.fml.javafmlmod.AutomaticEventSubscriber/LOADING]: Auto-subscribing com.hm.efn.mobeffects.StaminaEnhance to FORGE
[148月2026 10:33:51.995] [modloading-worker-0/DEBUG] [net.minecraftforge.fml.config.ConfigTracker/CONFIG]: Config file touhou_little_maid-common.toml for touhou_little_maid tracking
[148月2026 10:33:51.998] [modloading-worker-0/DEBUG] [net.minecraftforge.fml.config.ConfigTracker/CONFIG]: Config file touhou_little_maid-server.toml for touhou_little_maid tracking
[148月2026 10:33:52.004] [modloading-worker-0/DEBUG] [net.minecraftforge.fml.javafmlmod.AutomaticEventSubscriber/LOADING]: Auto-subscribing com.hm.efn.mobeffects.SinStunImmunity to FORGE
[148月2026 10:33:52.004] [modloading-worker-0/INFO] [touhou_little_maid/]: common default pack init start...
[148月2026 10:33:52.017] [modloading-worker-0/DEBUG] [net.minecraftforge.fml.javafmlmod.AutomaticEventSubscriber/LOADING]: Auto-subscribing com.hm.efn.mobeffects.MeenLance to FORGE
[148月2026 10:33:52.025] [modloading-worker-0/DEBUG] [net.minecraftforge.fml.javafmlmod.AutomaticEventSubscriber/LOADING]: Auto-subscribing com.hm.efn.mobeffects.KnockBackResistanceEffect to FORGE
[148月2026 10:33:52.030] [modloading-worker-0/DEBUG] [net.minecraftforge.fml.javafmlmod.AutomaticEventSubscriber/LOADING]: Auto-subscribing com.hm.efn.mobeffects.InvincibilityEffect to FORGE
[148月2026 10:33:52.042] [modloading-worker-0/DEBUG] [net.minecraftforge.fml.javafmlmod.AutomaticEventSubscriber/LOADING]: Auto-subscribing com.hm.efn.mobeffects.HeavyRainStunEffect to FORGE
[148月2026 10:33:52.052] [modloading-worker-0/DEBUG] [net.minecraftforge.fml.javafmlmod.AutomaticEventSubscriber/LOADING]: Auto-subscribing com.hm.efn.mobeffects.GradualHeal$EffectEvents to FORGE
[148月2026 10:33:52.061] [modloading-worker-0/DEBUG] [net.minecraftforge.fml.javafmlmod.AutomaticEventSubscriber/LOADING]: Auto-subscribing com.hm.efn.mobeffects.FalchionBless to FORGE
[148月2026 10:33:52.064] [modloading-worker-0/DEBUG] [net.minecraftforge.fml.javafmlmod.AutomaticEventSubscriber/LOADING]: Auto-subscribing com.hm.efn.mobeffects.ClawEnhance to FORGE
[148月2026 10:33:52.075] [modloading-worker-0/DEBUG] [net.minecraftforge.fml.javafmlmod.AutomaticEventSubscriber/LOADING]: Auto-subscribing com.hm.efn.mobeffects.BloodlustEnhance to FORGE
[148月2026 10:33:52.082] [modloading-worker-0/DEBUG] [net.minecraftforge.fml.javafmlmod.AutomaticEventSubscriber/LOADING]: Auto-subscribing com.hm.efn.mobeffects.BattleContinuationEffect to FORGE
[148月2026 10:33:52.140] [modloading-worker-0/DEBUG] [net.minecraftforge.fml.javafmlmod.AutomaticEventSubscriber/LOADING]: Auto-subscribing com.hm.efn.item.custom.YamatoItem to FORGE
[148月2026 10:33:52.156] [modloading-worker-0/DEBUG] [net.minecraftforge.fml.javafmlmod.AutomaticEventSubscriber/LOADING]: Auto-subscribing com.hm.efn.item.custom.Meen_SpearItem to FORGE
[148月2026 10:33:52.160] [modloading-worker-0/DEBUG] [net.minecraftforge.fml.javafmlmod.AutomaticEventSubscriber/LOADING]: Auto-subscribing com.hm.efn.item.custom.HfMurasamaItem to FORGE
[148月2026 10:33:52.171] [modloading-worker-0/DEBUG] [net.minecraftforge.fml.javafmlmod.AutomaticEventSubscriber/LOADING]: Auto-subscribing com.hm.efn.item.custom.HfBladeItem to FORGE
[148月2026 10:33:52.174] [modloading-worker-0/DEBUG] [net.minecraftforge.fml.javafmlmod.AutomaticEventSubscriber/LOADING]: Auto-subscribing com.hm.efn.item.custom.BroadBladeItem to FORGE
[148月2026 10:33:52.176] [modloading-worker-0/DEBUG] [mixin/]: Mixing ArmaturesAccessor from efn.mixins.json into yesman.epicfight.gameasset.Armatures
[148月2026 10:33:52.178] [modloading-worker-0/DEBUG] [mixin/]: Renaming @Accessor method getEntityTypeArmatureMapper()Ljava/util/Map; to getEntityTypeArmatureMapper_$md$176f02$0 in efn.mixins.json:ArmaturesAccessor
[148月2026 10:33:52.230] [modloading-worker-0/DEBUG] [net.minecraftforge.fml.javafmlmod.AutomaticEventSubscriber/LOADING]: Auto-subscribing com.hm.efn.gameasset.combos.Yamato to MOD
[148月2026 10:33:52.234] [modloading-worker-0/DEBUG] [net.minecraftforge.fml.javafmlmod.AutomaticEventSubscriber/LOADING]: Auto-subscribing com.hm.efn.gameasset.combos.Shortsword to MOD
[148月2026 10:33:52.236] [modloading-worker-0/DEBUG] [net.minecraftforge.fml.javafmlmod.AutomaticEventSubscriber/LOADING]: Auto-subscribing com.hm.efn.gameasset.combos.Ruinsgreatsword to MOD
[148月2026 10:33:52.240] [modloading-worker-0/DEBUG] [net.minecraftforge.fml.javafmlmod.AutomaticEventSubscriber/LOADING]: Auto-subscribing com.hm.efn.gameasset.combos.Pioneer to MOD
[148月2026 10:33:52.242] [modloading-worker-0/DEBUG] [net.minecraftforge.fml.javafmlmod.AutomaticEventSubscriber/LOADING]: Auto-subscribing com.hm.efn.gameasset.combos.Murasama to MOD
[148月2026 10:33:52.247] [modloading-worker-0/DEBUG] [net.minecraftforge.fml.javafmlmod.AutomaticEventSubscriber/LOADING]: Auto-subscribing com.hm.efn.gameasset.combos.Meenlance to MOD
[148月2026 10:33:52.249] [modloading-worker-0/DEBUG] [net.minecraftforge.fml.javafmlmod.AutomaticEventSubscriber/LOADING]: Auto-subscribing com.hm.efn.gameasset.combos.Kusabimaru_Enhance to MOD
[148月2026 10:33:52.253] [modloading-worker-0/DEBUG] [net.minecraftforge.fml.javafmlmod.AutomaticEventSubscriber/LOADING]: Auto-subscribing com.hm.efn.gameasset.combos.Kusabimaru to MOD
[148月2026 10:33:52.259] [modloading-worker-0/DEBUG] [net.minecraftforge.fml.javafmlmod.AutomaticEventSubscriber/LOADING]: Auto-subscribing com.hm.efn.gameasset.combos.HfBlade to MOD
[148月2026 10:33:52.264] [modloading-worker-0/DEBUG] [net.minecraftforge.fml.javafmlmod.AutomaticEventSubscriber/LOADING]: Auto-subscribing com.hm.efn.gameasset.combos.Exsiliumgladius to MOD
[148月2026 10:33:52.269] [modloading-worker-0/DEBUG] [net.minecraftforge.fml.javafmlmod.AutomaticEventSubscriber/LOADING]: Auto-subscribing com.hm.efn.gameasset.combos.ExampleCombo to MOD
[148月2026 10:33:52.273] [modloading-worker-0/DEBUG] [net.minecraftforge.fml.javafmlmod.AutomaticEventSubscriber/LOADING]: Auto-subscribing com.hm.efn.gameasset.combos.CrescentMoon to MOD
[148月2026 10:33:52.279] [modloading-worker-0/DEBUG] [net.minecraftforge.fml.javafmlmod.AutomaticEventSubscriber/LOADING]: Auto-subscribing com.hm.efn.gameasset.combos.BroadBlade to MOD
[148月2026 10:33:52.282] [modloading-worker-0/DEBUG] [net.minecraftforge.fml.javafmlmod.AutomaticEventSubscriber/LOADING]: Auto-subscribing com.hm.efn.gameasset.combos.Bloodlust to MOD
[148月2026 10:33:52.286] [modloading-worker-0/DEBUG] [net.minecraftforge.fml.javafmlmod.AutomaticEventSubscriber/LOADING]: Auto-subscribing com.hm.efn.gameasset.combos.Beastclaw to MOD
[148月2026 10:33:52.289] [modloading-worker-0/DEBUG] [net.minecraftforge.fml.javafmlmod.AutomaticEventSubscriber/LOADING]: Auto-subscribing com.hm.efn.gameasset.combos.Aetherialdusk to MOD
[148月2026 10:33:52.294] [modloading-worker-0/DEBUG] [net.minecraftforge.fml.javafmlmod.AutomaticEventSubscriber/LOADING]: Auto-subscribing com.hm.efn.gameasset.animations.EFNZansetsuAnimations_B to MOD
[148月2026 10:33:52.324] [modloading-worker-0/DEBUG] [mixin/]: Mixing EFAttackAnimationMixin from combat_evolution.mixins.json into yesman.epicfight.api.animation.types.AttackAnimation
[148月2026 10:33:52.328] [modloading-worker-0/DEBUG] [mixin/]: Mixing AttackAnimationMixin from annoyingvillagers.mixins.json into yesman.epicfight.api.animation.types.AttackAnimation
[148月2026 10:33:52.382] [modloading-worker-0/DEBUG] [mixin/]: Mixing ActionAnimationMixin from efn.mixins.json into yesman.epicfight.api.animation.types.ActionAnimation
[148月2026 10:33:52.400] [modloading-worker-0/DEBUG] [net.minecraftforge.fml.javafmlmod.AutomaticEventSubscriber/LOADING]: Auto-subscribing com.hm.efn.gameasset.animations.EFNZansetsuAnimations to MOD
[148月2026 10:33:52.405] [modloading-worker-0/DEBUG] [net.minecraftforge.fml.javafmlmod.AutomaticEventSubscriber/LOADING]: Auto-subscribing com.hm.efn.gameasset.animations.EFNYamatoAnimations to MOD
[148月2026 10:33:52.434] [modloading-worker-0/DEBUG] [net.minecraftforge.fml.javafmlmod.AutomaticEventSubscriber/LOADING]: Auto-subscribing com.hm.efn.gameasset.animations.EFNThornWheelAnimations to MOD
[148月2026 10:33:52.445] [modloading-worker-0/DEBUG] [mixin/]: Mixing OpenMatrix4fInvertFixMixin from annoyingvillagers.mixins.json into yesman.epicfight.api.utils.math.OpenMatrix4f
[148月2026 10:33:52.597] [modloading-worker-0/DEBUG] [net.minecraftforge.fml.javafmlmod.AutomaticEventSubscriber/LOADING]: Auto-subscribing com.hm.efn.gameasset.animations.EFNTachiAnimations to MOD
[148月2026 10:33:52.600] [modloading-worker-0/DEBUG] [net.minecraftforge.fml.javafmlmod.AutomaticEventSubscriber/LOADING]: Auto-subscribing com.hm.efn.gameasset.animations.EFNSwordAnimations to MOD
[148月2026 10:33:52.602] [modloading-worker-0/DEBUG] [net.minecraftforge.fml.javafmlmod.AutomaticEventSubscriber/LOADING]: Auto-subscribing com.hm.efn.gameasset.animations.EFNStunAnimations to MOD
[148月2026 10:33:52.605] [modloading-worker-0/DEBUG] [net.minecraftforge.fml.javafmlmod.AutomaticEventSubscriber/LOADING]: Auto-subscribing com.hm.efn.gameasset.animations.EFNSkillAnimations to MOD
[148月2026 10:33:52.616] [modloading-worker-0/DEBUG] [net.minecraftforge.fml.javafmlmod.AutomaticEventSubscriber/LOADING]: Auto-subscribing com.hm.efn.gameasset.animations.EFNShortSwordAnimations to MOD
[148月2026 10:33:52.617] [modloading-worker-0/DEBUG] [net.minecraftforge.fml.config.ConfigTracker/CONFIG]: Config file annoyingvillagers-server.toml for annoyingvillagers tracking
[148月2026 10:33:52.617] [modloading-worker-0/DEBUG] [net.minecraftforge.fml.javafmlmod.AutomaticEventSubscriber/LOADING]: Auto-subscribing com.hm.efn.gameasset.animations.EFNSekiroAnimations to MOD
[148月2026 10:33:52.628] [modloading-worker-0/DEBUG] [net.minecraftforge.fml.config.ConfigTracker/CONFIG]: Config file annoyingvillagers-spawns.toml for annoyingvillagers tracking
[148月2026 10:33:52.630] [modloading-worker-0/DEBUG] [net.minecraftforge.fml.javafmlmod.AutomaticEventSubscriber/LOADING]: Attempting to inject @EventBusSubscriber classes into the eventbus for annoyingvillagers
[148月2026 10:33:52.631] [modloading-worker-0/DEBUG] [net.minecraftforge.fml.javafmlmod.AutomaticEventSubscriber/LOADING]: Auto-subscribing com.pla.annoyingvillagers.task.TaskScheduler to FORGE
[148月2026 10:33:52.634] [modloading-worker-0/DEBUG] [net.minecraftforge.fml.javafmlmod.AutomaticEventSubscriber/LOADING]: Auto-subscribing com.pla.annoyingvillagers.network.ThrowingEnderPearlMessage to MOD
[148月2026 10:33:52.637] [modloading-worker-0/DEBUG] [net.minecraftforge.fml.javafmlmod.AutomaticEventSubscriber/LOADING]: Auto-subscribing com.pla.annoyingvillagers.network.SpecialAttackMessage to MOD
[148月2026 10:33:52.641] [modloading-worker-0/DEBUG] [net.minecraftforge.fml.javafmlmod.AutomaticEventSubscriber/LOADING]: Auto-subscribing com.pla.annoyingvillagers.item.HookGunItem$Events to FORGE
[148月2026 10:33:52.647] [modloading-worker-0/DEBUG] [net.minecraftforge.fml.javafmlmod.AutomaticEventSubscriber/LOADING]: Auto-subscribing com.pla.annoyingvillagers.init.AnnoyingVillagersModTrades to FORGE
[148月2026 10:33:52.655] [modloading-worker-0/DEBUG] [net.minecraftforge.fml.javafmlmod.AutomaticEventSubscriber/LOADING]: Auto-subscribing com.pla.annoyingvillagers.init.AnnoyingVillagersModEntities to MOD
[148月2026 10:33:52.658] [modloading-worker-0/DEBUG] [net.minecraftforge.fml.javafmlmod.AutomaticEventSubscriber/LOADING]: Auto-subscribing com.pla.annoyingvillagers.gameasset.AnimsYonchiChikito to MOD
[148月2026 10:33:52.659] [modloading-worker-0/DEBUG] [net.minecraftforge.fml.javafmlmod.AutomaticEventSubscriber/LOADING]: Auto-subscribing com.hm.efn.gameasset.animations.EFNScytheAnimations to MOD
[148月2026 10:33:52.662] [modloading-worker-0/DEBUG] [net.minecraftforge.fml.javafmlmod.AutomaticEventSubscriber/LOADING]: Auto-subscribing com.pla.annoyingvillagers.gameasset.AnimsWom to MOD
[148月2026 10:33:52.666] [modloading-worker-0/DEBUG] [net.minecraftforge.fml.javafmlmod.AutomaticEventSubscriber/LOADING]: Auto-subscribing com.hm.efn.gameasset.animations.EFNMurasamaAnimations to MOD
[148月2026 10:33:52.674] [modloading-worker-0/DEBUG] [net.minecraftforge.fml.javafmlmod.AutomaticEventSubscriber/LOADING]: Auto-subscribing com.pla.annoyingvillagers.gameasset.AnimsTacticalImbuements to MOD
[148月2026 10:33:52.676] [modloading-worker-0/DEBUG] [net.minecraftforge.fml.javafmlmod.AutomaticEventSubscriber/LOADING]: Auto-subscribing com.pla.annoyingvillagers.gameasset.AnimsSculkSteve to MOD
[148月2026 10:33:52.678] [modloading-worker-0/DEBUG] [net.minecraftforge.fml.javafmlmod.AutomaticEventSubscriber/LOADING]: Auto-subscribing com.pla.annoyingvillagers.gameasset.AnimsPugilistSteve to MOD
[148月2026 10:33:52.691] [modloading-worker-0/DEBUG] [net.minecraftforge.fml.javafmlmod.AutomaticEventSubscriber/LOADING]: Auto-subscribing com.pla.annoyingvillagers.gameasset.AnimsEpicFightValourGuard to MOD
[148月2026 10:33:52.691] [modloading-worker-0/DEBUG] [net.minecraftforge.fml.javafmlmod.AutomaticEventSubscriber/LOADING]: Auto-subscribing com.hm.efn.gameasset.animations.EFNLanceAnimations to MOD
[148月2026 10:33:52.693] [modloading-worker-0/DEBUG] [net.minecraftforge.fml.javafmlmod.AutomaticEventSubscriber/LOADING]: Auto-subscribing com.pla.annoyingvillagers.gameasset.AnimsEpicFightSanji to MOD
[148月2026 10:33:52.697] [modloading-worker-0/DEBUG] [net.minecraftforge.fml.javafmlmod.AutomaticEventSubscriber/LOADING]: Auto-subscribing com.pla.annoyingvillagers.gameasset.AnimsEpicFightIronSpell to MOD
[148月2026 10:33:52.698] [modloading-worker-0/DEBUG] [net.minecraftforge.fml.javafmlmod.AutomaticEventSubscriber/LOADING]: Auto-subscribing com.pla.annoyingvillagers.gameasset.AnimsEpicFightInfernalGainer to MOD
[148月2026 10:33:52.700] [modloading-worker-0/DEBUG] [net.minecraftforge.fml.javafmlmod.AutomaticEventSubscriber/LOADING]: Auto-subscribing com.pla.annoyingvillagers.gameasset.AnimsEpicFightGuandao to MOD
[148月2026 10:33:52.703] [modloading-worker-0/DEBUG] [net.minecraftforge.fml.javafmlmod.AutomaticEventSubscriber/LOADING]: Auto-subscribing com.hm.efn.gameasset.animations.EFNHfBladeAnimations to MOD
[148月2026 10:33:52.703] [modloading-worker-0/DEBUG] [net.minecraftforge.fml.javafmlmod.AutomaticEventSubscriber/LOADING]: Auto-subscribing com.pla.annoyingvillagers.gameasset.AnimsEpicFightDualGreatsword to MOD
[148月2026 10:33:52.706] [modloading-worker-0/DEBUG] [net.minecraftforge.fml.javafmlmod.AutomaticEventSubscriber/LOADING]: Auto-subscribing com.pla.annoyingvillagers.gameasset.AnimsEpicFightBattleArts to MOD
[148月2026 10:33:52.723] [modloading-worker-0/DEBUG] [net.minecraftforge.fml.javafmlmod.AutomaticEventSubscriber/LOADING]: Auto-subscribing com.pla.annoyingvillagers.gameasset.AnimsEpicFightAwaken to MOD
[148月2026 10:33:52.730] [modloading-worker-0/DEBUG] [net.minecraftforge.fml.javafmlmod.AutomaticEventSubscriber/LOADING]: Auto-subscribing com.pla.annoyingvillagers.gameasset.AnimsEpicFightACG to MOD
[148月2026 10:33:52.730] [modloading-worker-0/DEBUG] [net.minecraftforge.fml.javafmlmod.AutomaticEventSubscriber/LOADING]: Auto-subscribing com.hm.efn.gameasset.animations.EFNGreatSwordAnimations to MOD
[148月2026 10:33:52.732] [modloading-worker-0/DEBUG] [net.minecraftforge.fml.javafmlmod.AutomaticEventSubscriber/LOADING]: Auto-subscribing com.pla.annoyingvillagers.gameasset.AnimsEpicFight to MOD
[148月2026 10:33:52.735] [modloading-worker-0/DEBUG] [net.minecraftforge.fml.javafmlmod.AutomaticEventSubscriber/LOADING]: Auto-subscribing com.pla.annoyingvillagers.gameasset.AVSkills to MOD
[148月2026 10:33:52.735] [modloading-worker-0/DEBUG] [net.minecraftforge.fml.javafmlmod.AutomaticEventSubscriber/LOADING]: Auto-subscribing com.hm.efn.gameasset.animations.EFNFalchionAnimations to MOD
[148月2026 10:33:52.738] [modloading-worker-0/DEBUG] [net.minecraftforge.fml.javafmlmod.AutomaticEventSubscriber/LOADING]: Auto-subscribing com.pla.annoyingvillagers.gameasset.AVAnimations to MOD
[148月2026 10:33:52.743] [modloading-worker-0/DEBUG] [net.minecraftforge.fml.javafmlmod.AutomaticEventSubscriber/LOADING]: Auto-subscribing com.pla.annoyingvillagers.event.WomFixEvent to FORGE
[148月2026 10:33:52.743] [modloading-worker-0/DEBUG] [net.minecraftforge.fml.javafmlmod.AutomaticEventSubscriber/LOADING]: Auto-subscribing com.hm.efn.gameasset.animations.EFNExsiliumgladiusAnimations to MOD
[148月2026 10:33:52.746] [modloading-worker-0/DEBUG] [net.minecraftforge.fml.javafmlmod.AutomaticEventSubscriber/LOADING]: Auto-subscribing com.pla.annoyingvillagers.event.VillagerHeadSetEvent to FORGE
[148月2026 10:33:52.746] [modloading-worker-0/DEBUG] [net.minecraftforge.fml.javafmlmod.AutomaticEventSubscriber/LOADING]: Auto-subscribing com.hm.efn.gameasset.animations.EFNDualSwordAnimations to MOD
[148月2026 10:33:52.748] [modloading-worker-0/DEBUG] [net.minecraftforge.fml.javafmlmod.AutomaticEventSubscriber/LOADING]: Auto-subscribing com.hm.efn.gameasset.animations.EFNDodgeAnimations to MOD
[148月2026 10:33:52.748] [modloading-worker-0/DEBUG] [net.minecraftforge.fml.javafmlmod.AutomaticEventSubscriber/LOADING]: Auto-subscribing com.pla.annoyingvillagers.event.TotemUsingEvent to FORGE
[148月2026 10:33:52.751] [modloading-worker-0/DEBUG] [net.minecraftforge.fml.javafmlmod.AutomaticEventSubscriber/LOADING]: Auto-subscribing com.hm.efn.gameasset.animations.EFNClawAnimations_N to MOD
[148月2026 10:33:52.752] [modloading-worker-0/DEBUG] [net.minecraftforge.fml.javafmlmod.AutomaticEventSubscriber/LOADING]: Auto-subscribing com.pla.annoyingvillagers.event.SnakeBladeCleanupEvent to FORGE
[148月2026 10:33:52.755] [modloading-worker-0/DEBUG] [net.minecraftforge.fml.javafmlmod.AutomaticEventSubscriber/LOADING]: Auto-subscribing com.hm.efn.gameasset.animations.EFNClawAnimations to MOD
[148月2026 10:33:52.758] [modloading-worker-0/DEBUG] [net.minecraftforge.fml.javafmlmod.AutomaticEventSubscriber/LOADING]: Auto-subscribing com.pla.annoyingvillagers.event.SleepPreventEvent to FORGE
[148月2026 10:33:52.758] [modloading-worker-0/DEBUG] [net.minecraftforge.fml.javafmlmod.AutomaticEventSubscriber/LOADING]: Auto-subscribing com.hm.efn.gameasset.animations.EFNBroadBladeAnimations to MOD
[148月2026 10:33:52.761] [modloading-worker-0/DEBUG] [net.minecraftforge.fml.javafmlmod.AutomaticEventSubscriber/LOADING]: Auto-subscribing com.pla.annoyingvillagers.event.RiseFromGroundEvent to FORGE
[148月2026 10:33:52.761] [modloading-worker-0/DEBUG] [net.minecraftforge.fml.javafmlmod.AutomaticEventSubscriber/LOADING]: Auto-subscribing com.hm.efn.gameasset.ExampleWeaponCapabilityPresets to MOD
[148月2026 10:33:52.764] [modloading-worker-0/DEBUG] [net.minecraftforge.fml.javafmlmod.AutomaticEventSubscriber/LOADING]: Auto-subscribing com.pla.annoyingvillagers.event.PlayerNpcDeadEvent to FORGE
[148月2026 10:33:52.765] [modloading-worker-0/DEBUG] [net.minecraftforge.fml.javafmlmod.AutomaticEventSubscriber/LOADING]: Auto-subscribing com.hm.efn.gameasset.EFNWeaponsGuardSkillCompat to MOD
[148月2026 10:33:52.768] [modloading-worker-0/DEBUG] [net.minecraftforge.fml.javafmlmod.AutomaticEventSubscriber/LOADING]: Auto-subscribing com.pla.annoyingvillagers.event.NullWeaponCleanupEvent to FORGE
[148月2026 10:33:52.770] [modloading-worker-0/DEBUG] [net.minecraftforge.fml.javafmlmod.AutomaticEventSubscriber/LOADING]: Auto-subscribing com.pla.annoyingvillagers.event.NpcGearLoadEvent to FORGE
[148月2026 10:33:52.771] [modloading-worker-0/DEBUG] [net.minecraftforge.fml.javafmlmod.AutomaticEventSubscriber/LOADING]: Auto-subscribing com.pla.annoyingvillagers.event.MonsterHealingEvent to FORGE
[148月2026 10:33:52.773] [modloading-worker-0/DEBUG] [net.minecraftforge.fml.javafmlmod.AutomaticEventSubscriber/LOADING]: Auto-subscribing com.hm.efn.gameasset.EFNWeaponCapabilityPresets to MOD
[148月2026 10:33:52.774] [modloading-worker-0/DEBUG] [net.minecraftforge.fml.javafmlmod.AutomaticEventSubscriber/LOADING]: Auto-subscribing com.pla.annoyingvillagers.event.MobTargetRedirectEvent to FORGE
[148月2026 10:33:52.779] [modloading-worker-0/DEBUG] [net.minecraftforge.fml.javafmlmod.AutomaticEventSubscriber/LOADING]: Auto-subscribing com.pla.annoyingvillagers.event.MobPlaceBlockEvent to FORGE
[148月2026 10:33:52.782] [modloading-worker-0/DEBUG] [net.minecraftforge.fml.javafmlmod.AutomaticEventSubscriber/LOADING]: Auto-subscribing com.pla.annoyingvillagers.event.KnockdownEvent to FORGE
[148月2026 10:33:52.783] [modloading-worker-0/DEBUG] [net.minecraftforge.fml.javafmlmod.AutomaticEventSubscriber/LOADING]: Auto-subscribing com.hm.efn.gameasset.EFNSkills to MOD
[148月2026 10:33:52.784] [modloading-worker-0/DEBUG] [net.minecraftforge.fml.javafmlmod.AutomaticEventSubscriber/LOADING]: Auto-subscribing com.pla.annoyingvillagers.event.HookSwordEvent to FORGE
[148月2026 10:33:52.786] [modloading-worker-0/DEBUG] [net.minecraftforge.fml.javafmlmod.AutomaticEventSubscriber/LOADING]: Auto-subscribing com.pla.annoyingvillagers.event.HerobrineDragonDismountEvent to FORGE
[148月2026 10:33:52.788] [modloading-worker-0/DEBUG] [net.minecraftforge.fml.javafmlmod.AutomaticEventSubscriber/LOADING]: Auto-subscribing com.pla.annoyingvillagers.event.FireworkUseEvent to FORGE
[148月2026 10:33:52.790] [modloading-worker-0/DEBUG] [net.minecraftforge.fml.javafmlmod.AutomaticEventSubscriber/LOADING]: Auto-subscribing com.pla.annoyingvillagers.event.ExplosionDamageEvent to FORGE
[148月2026 10:33:52.793] [modloading-worker-0/DEBUG] [net.minecraftforge.fml.javafmlmod.AutomaticEventSubscriber/LOADING]: Auto-subscribing com.hm.efn.gameasset.EFNAnimations to MOD
[148月2026 10:33:52.793] [modloading-worker-0/DEBUG] [net.minecraftforge.fml.javafmlmod.AutomaticEventSubscriber/LOADING]: Auto-subscribing com.pla.annoyingvillagers.event.ExecuteEvent to MOD
[148月2026 10:33:52.795] [modloading-worker-0/DEBUG] [net.minecraftforge.fml.javafmlmod.AutomaticEventSubscriber/LOADING]: Auto-subscribing com.pla.annoyingvillagers.event.EnchantBedDeathEvent to FORGE
[148月2026 10:33:52.798] [modloading-worker-0/DEBUG] [net.minecraftforge.fml.javafmlmod.AutomaticEventSubscriber/LOADING]: Auto-subscribing com.pla.annoyingvillagers.event.BlueDemonTridentOnPlayerHandEvent to FORGE
[148月2026 10:33:52.803] [modloading-worker-0/DEBUG] [net.minecraftforge.fml.javafmlmod.AutomaticEventSubscriber/LOADING]: Auto-subscribing com.hm.efn.event.PlayerRandomFireworksServerEvent to FORGE
[148月2026 10:33:52.803] [modloading-worker-0/DEBUG] [net.minecraftforge.fml.javafmlmod.AutomaticEventSubscriber/LOADING]: Auto-subscribing com.pla.annoyingvillagers.event.BlueDemonChestplateEvent to FORGE
[148月2026 10:33:52.806] [modloading-worker-0/DEBUG] [net.minecraftforge.fml.javafmlmod.AutomaticEventSubscriber/LOADING]: Auto-subscribing com.pla.annoyingvillagers.event.AnimationDamageEvent to FORGE
[148月2026 10:33:52.809] [modloading-worker-0/DEBUG] [net.minecraftforge.fml.javafmlmod.AutomaticEventSubscriber/LOADING]: Auto-subscribing com.pla.annoyingvillagers.event.AddStarterSkillEvent to FORGE
[148月2026 10:33:52.812] [modloading-worker-0/DEBUG] [net.minecraftforge.fml.javafmlmod.AutomaticEventSubscriber/LOADING]: Auto-subscribing com.hm.efn.event.EntityEvent to FORGE
[148月2026 10:33:52.813] [modloading-worker-0/DEBUG] [net.minecraftforge.fml.javafmlmod.AutomaticEventSubscriber/LOADING]: Auto-subscribing com.pla.annoyingvillagers.compat.p1nero_bow.AnimsP1neroEpicBow to MOD
[148月2026 10:33:52.816] [modloading-worker-0/DEBUG] [net.minecraftforge.fml.javafmlmod.AutomaticEventSubscriber/LOADING]: Auto-subscribing com.hm.efn.event.DuskFireArmorEffectListener to FORGE
[148月2026 10:33:52.816] [modloading-worker-0/DEBUG] [net.minecraftforge.fml.javafmlmod.AutomaticEventSubscriber/LOADING]: Auto-subscribing com.pla.annoyingvillagers.AnnoyingVillagers$initer to MOD
[148月2026 10:33:52.819] [modloading-worker-0/DEBUG] [net.minecraftforge.fml.javafmlmod.AutomaticEventSubscriber/LOADING]: Auto-subscribing com.hm.efn.event.BroadBladeEffectManager$CleanupHandler to FORGE
[148月2026 10:33:52.823] [modloading-worker-0/DEBUG] [net.minecraftforge.fml.javafmlmod.AutomaticEventSubscriber/LOADING]: Auto-subscribing com.hm.efn.entity.EFNEntityHandler to MOD
[148月2026 10:33:52.828] [modloading-worker-0/DEBUG] [net.minecraftforge.fml.javafmlmod.AutomaticEventSubscriber/LOADING]: Auto-subscribing com.hm.efn.datagen.loot.EFNLootTables to FORGE
[148月2026 10:33:52.829] [modloading-worker-0/DEBUG] [net.minecraftforge.fml.javafmlmod.AutomaticEventSubscriber/LOADING]: Auto-subscribing com.hm.efn.datagen.EFNDataGenerators to MOD
[148月2026 10:33:52.832] [modloading-worker-0/DEBUG] [net.minecraftforge.fml.javafmlmod.AutomaticEventSubscriber/LOADING]: Auto-subscribing com.hm.efn.data.DataEvents to MOD
[148月2026 10:33:52.833] [modloading-worker-0/DEBUG] [net.minecraftforge.fml.javafmlmod.AutomaticEventSubscriber/LOADING]: Auto-subscribing com.hm.efn.client.events.AddTriggerEvent to FORGE
[148月2026 10:33:52.845] [modloading-worker-0/DEBUG] [net.minecraftforge.fml.javafmlmod.AutomaticEventSubscriber/LOADING]: Auto-subscribing com.hm.efn.client.command.EFNCommands to FORGE
[148月2026 10:33:52.847] [modloading-worker-0/DEBUG] [net.minecraftforge.fml.javafmlmod.AutomaticEventSubscriber/LOADING]: Auto-subscribing com.hm.efn.capability.OriginalSkillEvents to FORGE
[148月2026 10:33:52.851] [modloading-worker-0/DEBUG] [net.minecraftforge.fml.javafmlmod.AutomaticEventSubscriber/LOADING]: Auto-subscribing com.hm.efn.capability.OriginalSkillEvents$ModBusEvents to MOD
[148月2026 10:33:52.853] [modloading-worker-0/DEBUG] [net.minecraftforge.fml.javafmlmod.AutomaticEventSubscriber/LOADING]: Auto-subscribing com.hm.efn.EFNCommonConfig$EFNModLoadingContext to MOD
[148月2026 10:33:52.855] [modloading-worker-0/DEBUG] [net.minecraftforge.fml.javafmlmod.AutomaticEventSubscriber/LOADING]: Auto-subscribing com.hm.efn.EFNClientConfig$EFNClientModLoadingContext to MOD
[148月2026 10:33:58.238] [modloading-worker-0/INFO] [touhou_little_maid/]: common default pack init finished, cost time: 6214.943 ms
[148月2026 10:33:58.241] [modloading-worker-0/DEBUG] [net.minecraftforge.fml.javafmlmod.AutomaticEventSubscriber/LOADING]: Attempting to inject @EventBusSubscriber classes into the eventbus for touhou_little_maid
[148月2026 10:33:58.242] [modloading-worker-0/DEBUG] [net.minecraftforge.fml.javafmlmod.AutomaticEventSubscriber/LOADING]: Auto-subscribing com.github.tartaricacid.touhoulittlemaid.item.ItemSubstituteJizo to FORGE
[148月2026 10:33:58.243] [modloading-worker-0/DEBUG] [net.minecraftforge.fml.javafmlmod.AutomaticEventSubscriber/LOADING]: Auto-subscribing com.github.tartaricacid.touhoulittlemaid.init.registry.MobSpawnInfoRegistry to FORGE
[148月2026 10:33:58.247] [modloading-worker-0/DEBUG] [net.minecraftforge.fml.javafmlmod.AutomaticEventSubscriber/LOADING]: Auto-subscribing com.github.tartaricacid.touhoulittlemaid.init.registry.DatapackRegistry to FORGE
[148月2026 10:33:58.250] [modloading-worker-0/DEBUG] [net.minecraftforge.fml.javafmlmod.AutomaticEventSubscriber/LOADING]: Auto-subscribing com.github.tartaricacid.touhoulittlemaid.init.registry.CompatRegistry to MOD
[148月2026 10:33:58.254] [modloading-worker-0/DEBUG] [net.minecraftforge.fml.javafmlmod.AutomaticEventSubscriber/LOADING]: Auto-subscribing com.github.tartaricacid.touhoulittlemaid.init.registry.CommonRegistry to MOD
[148月2026 10:33:58.257] [modloading-worker-0/DEBUG] [net.minecraftforge.fml.javafmlmod.AutomaticEventSubscriber/LOADING]: Auto-subscribing com.github.tartaricacid.touhoulittlemaid.init.registry.CommandRegistry to FORGE
[148月2026 10:33:58.260] [modloading-worker-0/DEBUG] [net.minecraftforge.fml.javafmlmod.AutomaticEventSubscriber/LOADING]: Auto-subscribing com.github.tartaricacid.touhoulittlemaid.init.registry.CapabilityRegistry to MOD
[148月2026 10:33:58.262] [modloading-worker-0/DEBUG] [net.minecraftforge.fml.javafmlmod.AutomaticEventSubscriber/LOADING]: Auto-subscribing com.github.tartaricacid.touhoulittlemaid.init.InitRecipes to MOD
[148月2026 10:33:58.263] [modloading-worker-0/DEBUG] [net.minecraftforge.fml.javafmlmod.AutomaticEventSubscriber/LOADING]: Auto-subscribing com.github.tartaricacid.touhoulittlemaid.init.InitLootModifier to MOD
[148月2026 10:33:58.264] [modloading-worker-0/DEBUG] [net.minecraftforge.fml.javafmlmod.AutomaticEventSubscriber/LOADING]: Auto-subscribing com.github.tartaricacid.touhoulittlemaid.init.InitEntities to MOD
[148月2026 10:33:58.266] [modloading-worker-0/DEBUG] [net.minecraftforge.fml.javafmlmod.AutomaticEventSubscriber/LOADING]: Auto-subscribing com.github.tartaricacid.touhoulittlemaid.event.maid.UseNameTagEvent to FORGE
[148月2026 10:33:58.272] [modloading-worker-0/DEBUG] [net.minecraftforge.fml.javafmlmod.AutomaticEventSubscriber/LOADING]: Auto-subscribing com.github.tartaricacid.touhoulittlemaid.event.maid.UseFavorabilityToolEvent to FORGE
[148月2026 10:33:58.277] [modloading-worker-0/DEBUG] [net.minecraftforge.fml.javafmlmod.AutomaticEventSubscriber/LOADING]: Auto-subscribing com.github.tartaricacid.touhoulittlemaid.event.maid.SwitchSittingEvent to FORGE
[148月2026 10:33:58.283] [modloading-worker-0/DEBUG] [net.minecraftforge.fml.javafmlmod.AutomaticEventSubscriber/LOADING]: Auto-subscribing com.github.tartaricacid.touhoulittlemaid.event.maid.SlabClickEvent to FORGE
[148月2026 10:33:58.290] [modloading-worker-0/DEBUG] [net.minecraftforge.fml.javafmlmod.AutomaticEventSubscriber/LOADING]: Auto-subscribing com.github.tartaricacid.touhoulittlemaid.event.maid.SaddleMaidEvent to FORGE
[148月2026 10:33:58.296] [modloading-worker-0/DEBUG] [net.minecraftforge.fml.javafmlmod.AutomaticEventSubscriber/LOADING]: Auto-subscribing com.github.tartaricacid.touhoulittlemaid.event.maid.PotionItemUse to FORGE
[148月2026 10:33:58.301] [modloading-worker-0/DEBUG] [net.minecraftforge.fml.javafmlmod.AutomaticEventSubscriber/LOADING]: Auto-subscribing com.github.tartaricacid.touhoulittlemaid.event.maid.MaidMountEvent to FORGE
[148月2026 10:33:58.304] [modloading-worker-0/DEBUG] [net.minecraftforge.fml.javafmlmod.AutomaticEventSubscriber/LOADING]: Auto-subscribing com.github.tartaricacid.touhoulittlemaid.event.maid.MaidFarmlandTrample to FORGE
[148月2026 10:33:58.308] [modloading-worker-0/DEBUG] [net.minecraftforge.fml.javafmlmod.AutomaticEventSubscriber/LOADING]: Auto-subscribing com.github.tartaricacid.touhoulittlemaid.event.maid.MaidDropBaubleEvent to FORGE
[148月2026 10:33:58.316] [modloading-worker-0/DEBUG] [net.minecraftforge.fml.javafmlmod.AutomaticEventSubscriber/LOADING]: Auto-subscribing com.github.tartaricacid.touhoulittlemaid.event.maid.MaidDeathFavorability to FORGE
[148月2026 10:33:58.321] [modloading-worker-0/DEBUG] [net.minecraftforge.fml.javafmlmod.AutomaticEventSubscriber/LOADING]: Auto-subscribing com.github.tartaricacid.touhoulittlemaid.event.maid.MaidAreaClickEvent to FORGE
[148月2026 10:33:58.323] [modloading-worker-0/DEBUG] [net.minecraftforge.fml.javafmlmod.AutomaticEventSubscriber/LOADING]: Auto-subscribing com.github.tartaricacid.touhoulittlemaid.event.maid.HandleBackpackEvent to FORGE
[148月2026 10:33:58.325] [modloading-worker-0/DEBUG] [net.minecraftforge.fml.javafmlmod.AutomaticEventSubscriber/LOADING]: Auto-subscribing com.github.tartaricacid.touhoulittlemaid.event.maid.GetExpBottleEvent to FORGE
[148月2026 10:33:58.328] [modloading-worker-0/DEBUG] [net.minecraftforge.fml.javafmlmod.AutomaticEventSubscriber/LOADING]: Auto-subscribing com.github.tartaricacid.touhoulittlemaid.event.maid.DismountMaidEvent to FORGE
[148月2026 10:33:58.330] [modloading-worker-0/DEBUG] [net.minecraftforge.fml.javafmlmod.AutomaticEventSubscriber/LOADING]: Auto-subscribing com.github.tartaricacid.touhoulittlemaid.event.maid.ApplyPotionEffectEvent to FORGE
[148月2026 10:33:58.331] [modloading-worker-0/DEBUG] [net.minecraftforge.fml.javafmlmod.AutomaticEventSubscriber/LOADING]: Auto-subscribing com.github.tartaricacid.touhoulittlemaid.event.maid.ApplyGoldenAppleEvent to FORGE
[148月2026 10:33:58.334] [modloading-worker-0/DEBUG] [net.minecraftforge.fml.javafmlmod.AutomaticEventSubscriber/LOADING]: Auto-subscribing com.github.tartaricacid.touhoulittlemaid.event.food.DefaultEatenEvent to FORGE
[148月2026 10:33:58.338] [modloading-worker-0/DEBUG] [net.minecraftforge.fml.javafmlmod.AutomaticEventSubscriber/LOADING]: Auto-subscribing com.github.tartaricacid.touhoulittlemaid.event.food.BowlFoodEvent to FORGE
[148月2026 10:33:58.341] [modloading-worker-0/DEBUG] [net.minecraftforge.fml.javafmlmod.AutomaticEventSubscriber/LOADING]: Auto-subscribing com.github.tartaricacid.touhoulittlemaid.event.MaidTrackEvent to FORGE
[148月2026 10:33:58.344] [modloading-worker-0/DEBUG] [net.minecraftforge.fml.javafmlmod.AutomaticEventSubscriber/LOADING]: Auto-subscribing com.github.tartaricacid.touhoulittlemaid.event.MaidMealRegConfigEvent to MOD
[148月2026 10:33:58.347] [modloading-worker-0/DEBUG] [net.minecraftforge.fml.javafmlmod.AutomaticEventSubscriber/LOADING]: Auto-subscribing com.github.tartaricacid.touhoulittlemaid.event.MaidLivingEntityEvent to FORGE
[148月2026 10:33:58.350] [modloading-worker-0/DEBUG] [net.minecraftforge.fml.javafmlmod.AutomaticEventSubscriber/LOADING]: Auto-subscribing com.github.tartaricacid.touhoulittlemaid.event.InstallChairEvent to FORGE
[148月2026 10:33:58.351] [modloading-worker-0/DEBUG] [net.minecraftforge.fml.javafmlmod.AutomaticEventSubscriber/LOADING]: Auto-subscribing com.github.tartaricacid.touhoulittlemaid.event.EntityJoinWorldEvent to FORGE
[148月2026 10:33:58.357] [modloading-worker-0/DEBUG] [net.minecraftforge.fml.javafmlmod.AutomaticEventSubscriber/LOADING]: Auto-subscribing com.github.tartaricacid.touhoulittlemaid.event.EntityHurtEvent to FORGE
[148月2026 10:33:58.360] [modloading-worker-0/DEBUG] [net.minecraftforge.fml.javafmlmod.AutomaticEventSubscriber/LOADING]: Auto-subscribing com.github.tartaricacid.touhoulittlemaid.event.EntityDeathEvent to FORGE
[148月2026 10:33:58.363] [modloading-worker-0/DEBUG] [net.minecraftforge.fml.javafmlmod.AutomaticEventSubscriber/LOADING]: Auto-subscribing com.github.tartaricacid.touhoulittlemaid.event.EnterServerEvent to FORGE
[148月2026 10:33:58.366] [modloading-worker-0/DEBUG] [net.minecraftforge.fml.javafmlmod.AutomaticEventSubscriber/LOADING]: Auto-subscribing com.github.tartaricacid.touhoulittlemaid.event.CopyEntityIdEvent to FORGE
[148月2026 10:33:58.368] [modloading-worker-0/DEBUG] [net.minecraftforge.fml.javafmlmod.AutomaticEventSubscriber/LOADING]: Auto-subscribing com.github.tartaricacid.touhoulittlemaid.event.CapabilityEvent to FORGE
[148月2026 10:33:58.374] [modloading-worker-0/DEBUG] [net.minecraftforge.fml.javafmlmod.AutomaticEventSubscriber/LOADING]: Auto-subscribing com.github.tartaricacid.touhoulittlemaid.event.CancelSaddleMaidEvent to FORGE
[148月2026 10:33:58.377] [modloading-worker-0/DEBUG] [net.minecraftforge.fml.javafmlmod.AutomaticEventSubscriber/LOADING]: Auto-subscribing com.github.tartaricacid.touhoulittlemaid.entity.chatbubble.RandomEmoji to FORGE
[148月2026 10:33:58.380] [modloading-worker-0/DEBUG] [net.minecraftforge.fml.javafmlmod.AutomaticEventSubscriber/LOADING]: Auto-subscribing com.github.tartaricacid.touhoulittlemaid.debug.target.SendMaidDebugDataEvent to FORGE
[148月2026 10:33:58.384] [modloading-worker-0/DEBUG] [net.minecraftforge.fml.javafmlmod.AutomaticEventSubscriber/LOADING]: Auto-subscribing com.github.tartaricacid.touhoulittlemaid.debug.event.DebugStickClickEvent to FORGE
[148月2026 10:33:58.386] [modloading-worker-0/DEBUG] [net.minecraftforge.fml.javafmlmod.AutomaticEventSubscriber/LOADING]: Auto-subscribing com.github.tartaricacid.touhoulittlemaid.datagen.MaidDataGenerator to MOD
[148月2026 10:33:58.390] [modloading-worker-0/DEBUG] [net.minecraftforge.fml.javafmlmod.AutomaticEventSubscriber/LOADING]: Auto-subscribing com.github.tartaricacid.touhoulittlemaid.compat.domesticationinnovation.EnchantmentRefuse to FORGE
[148月2026 10:33:58.393] [main/DEBUG] [net.minecraftforge.fml.DeferredWorkQueue/LOADING]: Dispatching synchronous work for work queue CONSTRUCT: 10 jobs
[148月2026 10:33:58.398] [main/DEBUG] [epicfight/]: Loaded enums in class net.EFTLM.EF.Animation.EFTLM_LivingMotions
[148月2026 10:33:58.399] [main/DEBUG] [epicfight/]: Loaded enums in class yesman.epicfight.api.animation.LivingMotions
[148月2026 10:33:58.399] [main/DEBUG] [epicfight/]: All enums are loaded: living_motion [HUG, HUG_WALK, HUG_RUN, HUG_KNEEL, HUG_SNEAK, ALL, INACTION, IDLE, CONFRONT, ANGRY, FLOAT, WALK, RUN, SWIM, FLY, SNEAK, KNEEL, FALL, SIT, MOUNT, DEATH, CHASE, SPELLCAST, JUMP, CELEBRATE, LANDING_RECOVERY, CREATIVE_FLY, CREATIVE_IDLE, SLEEP, DIGGING, ADMIRE, CLIMB, DRINK, EAT, NONE, AIM, BLOCK, BLOCK_SHIELD, RELOAD, SHOT, SPECTATE]
[148月2026 10:33:58.400] [main/DEBUG] [epicfight/]: Loaded enums in class com.pla.efclash_blade.gameasset.EFClashBladeSkillCategories
[148月2026 10:33:58.400] [main/DEBUG] [epicfight/]: Loaded enums in class com.hm.efn.gameasset.EFNSkillCategories
[148月2026 10:33:58.401] [main/DEBUG] [epicfight/]: Loaded enums in class yesman.epicfight.skill.SkillCategories
[148月2026 10:33:58.401] [main/DEBUG] [epicfight/]: All enums are loaded: skill_category [CLASH_BLADE, EFN_ARTS, EFN_SEKIRO, EFN_ZANSETSU, JUDGMENTCUT_END, BASIC_ATTACK, DODGE, PASSIVE, WEAPON_PASSIVE, WEAPON_INNATE, GUARD, KNOCKDOWN_WAKEUP, MOVER, IDENTITY]
[148月2026 10:33:58.401] [main/DEBUG] [epicfight/]: Loaded enums in class com.pla.efclash_blade.gameasset.EFClashBladeSkillSlots
[148月2026 10:33:58.401] [main/DEBUG] [epicfight/]: Loaded enums in class com.hm.efn.gameasset.EFNSkillSlots
[148月2026 10:33:58.401] [main/DEBUG] [epicfight/]: Loaded enums in class yesman.epicfight.skill.SkillSlots
[148月2026 10:33:58.402] [main/DEBUG] [epicfight/]: All enums are loaded: skill_slot [CLASH_BLADE, EFN_ARTS, EFN_SEKIRO, EFN_ZANSETSU, JUDGMENTCUT_END, BASIC_ATTACK, DODGE, PASSIVE1, PASSIVE2, PASSIVE3, WEAPON_PASSIVE, WEAPON_INNATE, GUARD, KNOCKDOWN_WAKEUP, MOVER, IDENTITY]
[148月2026 10:33:58.402] [main/DEBUG] [epicfight/]: Loaded enums in class yesman.epicfight.world.capabilities.item.CapabilityItem$Styles
[148月2026 10:33:58.402] [main/DEBUG] [epicfight/]: All enums are loaded: style [COMMON, ONE_HAND, TWO_HAND, MOUNT, RANGED, SHEATH, OCHS]
[148月2026 10:33:58.402] [main/DEBUG] [epicfight/]: Loaded enums in class com.merlin204.avalon.epicfight.gameassets.AvalonCategories
[148月2026 10:33:58.402] [main/DEBUG] [epicfight/]: Loaded enums in class yesman.epicfight.world.capabilities.item.CapabilityItem$WeaponCategories
[148月2026 10:33:58.403] [main/DEBUG] [epicfight/]: All enums are loaded: weapon_category [ANIMATION_ITEM, NOT_WEAPON, AXE, FIST, GREATSWORD, HOE, PICKAXE, SHOVEL, SWORD, UCHIGATANA, SPEAR, TACHI, TRIDENT, LONGSWORD, DAGGER, SHIELD, CROSSBOW, BOW]
[148月2026 10:33:58.461] [main/DEBUG] [epicfight/]: Loaded enums in class yesman.epicfight.world.capabilities.entitypatch.Factions
[148月2026 10:33:58.461] [main/DEBUG] [epicfight/]: All enums are loaded: faction [NEUTRAL, UNDEAD, BLAZE, ENDERMAN, ILLAGER, PIGLINS, WITHER, VILLAGER, ZOMBIFIED_PIGLIN]
[148月2026 10:33:58.461] [main/DEBUG] [epicfight/]: Loaded enums in class yesman.epicfight.network.EntityPairingPacketTypes
[148月2026 10:33:58.461] [main/DEBUG] [epicfight/]: All enums are loaded: entity_pairing_packet_type [ADRENALINE_ACTIVATED, BONEBREAKER_BEGIN, BONEBREAKER_MAX_STACK, BONEBREAKER_CLEAR, STAMINA_PILLAGER_BODY_ASHES, EMERGENCY_ESCAPE_ACTIVATED, ENDERMAN_RAGE, FLASH_WHITE, PIGLIN_BABY_SPAWN, SET_BOSS_EVENT_OWNER, TECHNICIAN_ACTIVATED, TRIDENT_THROWN, VENGEANCE_OVERLAY, VENGEANCE_TARGET_CANCEL, ZOMBIE_SPAWN]
[148月2026 10:33:59.106] [main/DEBUG] [net.minecraftforge.fml.DeferredWorkQueue/LOADING]: Synchronous work queue completed in 710.0 ms
[148月2026 10:33:59.310] [main/DEBUG] [net.minecraftforge.common.capabilities.CapabilityManager/CAPABILITIES]: Attempting to automatically register: Lnet/minecraftforge/energy/IEnergyStorage;
[148月2026 10:33:59.311] [main/DEBUG] [net.minecraftforge.common.capabilities.CapabilityManager/CAPABILITIES]: Attempting to automatically register: Lnet/minecraftforge/fluids/capability/IFluidHandler;
[148月2026 10:33:59.311] [main/DEBUG] [net.minecraftforge.common.capabilities.CapabilityManager/CAPABILITIES]: Attempting to automatically register: Lnet/minecraftforge/fluids/capability/IFluidHandlerItem;
[148月2026 10:33:59.311] [main/DEBUG] [net.minecraftforge.common.capabilities.CapabilityManager/CAPABILITIES]: Attempting to automatically register: Lnet/minecraftforge/items/IItemHandler;
[148月2026 10:33:59.348] [main/DEBUG] [com.tterrag.registrate.AbstractRegistrate/REGISTRATE.REGISTER]: (player_mobs) Registering 3 known objects of type minecraft:sound_event
[148月2026 10:33:59.355] [main/DEBUG] [com.tterrag.registrate.AbstractRegistrate/REGISTRATE.REGISTER]: Registered player_mobs:player_mob.ambient to registry minecraft:sound_event
[148月2026 10:33:59.355] [main/DEBUG] [com.tterrag.registrate.AbstractRegistrate/REGISTRATE.REGISTER]: Registered player_mobs:player_mob.hurt to registry minecraft:sound_event
[148月2026 10:33:59.355] [main/DEBUG] [com.tterrag.registrate.AbstractRegistrate/REGISTRATE.REGISTER]: Registered player_mobs:player_mob.death to registry minecraft:sound_event
[148月2026 10:33:59.675] [main/DEBUG] [com.tterrag.registrate.AbstractRegistrate/REGISTRATE.REGISTER]: (player_mobs) Registering 1 known objects of type minecraft:item
[148月2026 10:33:59.678] [main/DEBUG] [com.tterrag.registrate.AbstractRegistrate/REGISTRATE.REGISTER]: Registered player_mobs:player_mob_spawn_egg to registry minecraft:item
[148月2026 10:33:59.700] [main/DEBUG] [software.bernie.geckolib.GeckoLib/]: Registered SyncedAnimatable for class com.hm.efn.item.geo.ExcaliburItem
[148月2026 10:33:59.916] [main/DEBUG] [com.tterrag.registrate.AbstractRegistrate/REGISTRATE.REGISTER]: (player_mobs) Registering 1 known objects of type minecraft:entity_type
[148月2026 10:33:59.927] [main/DEBUG] [com.tterrag.registrate.AbstractRegistrate/REGISTRATE.REGISTER]: Registered player_mobs:player_mob to registry minecraft:entity_type
[148月2026 10:34:00.304] [main/DEBUG] [mixin/]: Mixing BasicAttackMixin from annoyingvillagers.mixins.json into yesman.epicfight.skill.BasicAttack
[148月2026 10:34:00.319] [main/DEBUG] [mixin/]: Mixing GuardSkillInvoker from combat_evolution.mixins.json into yesman.epicfight.skill.guard.GuardSkill
[148月2026 10:34:00.321] [main/DEBUG] [mixin/]: Mixing GuardSkillMixin from combat_evolution.mixins.json into yesman.epicfight.skill.guard.GuardSkill
[148月2026 10:34:00.322] [main/DEBUG] [mixin/]: Mixing GuardSkillMixin from efn.mixins.json into yesman.epicfight.skill.guard.GuardSkill
[148月2026 10:34:00.333] [main/DEBUG] [mixin/]: Mixing GuardSkillMixin from annoyingvillagers.mixins.json into yesman.epicfight.skill.guard.GuardSkill
[148月2026 10:34:00.370] [main/DEBUG] [mixin/]: Mixing ImpactGuardSkillMixin from annoyingvillagers.mixins.json into yesman.epicfight.skill.guard.ImpactGuardSkill
[148月2026 10:34:01.047] [main/DEBUG] [mixin/]: Mixing ClashBladeMixin from annoyingvillagers.mixins.json into com.pla.efclash_blade.skill.ClashBladeSkill
[148月2026 10:34:01.291] [main/DEBUG] [mixin/]: Mixing AttributeInstanceMixin from ef_tlm.mixins.json into net.minecraft.world.entity.ai.attributes.AttributeInstance
[148月2026 10:34:01.334] [main/WARN] [net.minecraft.network.syncher.SynchedEntityData/]: defineId called for: class net.minecraft.world.entity.player.Player from class yesman.epicfight.world.capabilities.entitypatch.player.PlayerPatch
[148月2026 10:34:01.348] [main/WARN] [net.minecraft.network.syncher.SynchedEntityData/]: defineId called for: class net.minecraft.world.entity.TamableAnimal from class reascer.wom.world.entity.mob.EnderHand
[148月2026 10:34:01.348] [main/WARN] [net.minecraft.network.syncher.SynchedEntityData/]: defineId called for: class net.minecraft.world.entity.TamableAnimal from class reascer.wom.world.entity.mob.TargetingHelper
[148月2026 10:34:01.363] [main/DEBUG] [mixin/]: Mixing common.MixinDamageSources from mixins.epicfight.json into net.minecraft.world.damagesource.DamageSources
[148月2026 10:34:01.385] [main/DEBUG] [com.merlin204.avalon.main.AvalonMOD/]: 成功注册实体属性: epic_fight_avalon:animation_texture_vfx
[148月2026 10:34:01.385] [main/DEBUG] [com.merlin204.avalon.main.AvalonMOD/]: 成功注册实体属性: epic_fight_avalon:shake_wave
[148月2026 10:34:01.385] [main/DEBUG] [com.merlin204.avalon.main.AvalonMOD/]: 成功注册实体属性: epic_fight_avalon:vfx
[148月2026 10:34:01.434] [main/WARN] [net.minecraft.network.syncher.SynchedEntityData/]: defineId called for: class net.minecraft.world.entity.boss.wither.WitherBoss from class yesman.epicfight.world.capabilities.entitypatch.boss.WitherPatch
[148月2026 10:34:01.434] [main/WARN] [net.minecraft.network.syncher.SynchedEntityData/]: defineId called for: class net.minecraft.world.entity.boss.wither.WitherBoss from class yesman.epicfight.world.capabilities.entitypatch.boss.WitherPatch
[148月2026 10:34:01.435] [main/WARN] [net.minecraft.network.syncher.SynchedEntityData/]: defineId called for: class net.minecraft.world.entity.boss.wither.WitherBoss from class yesman.epicfight.world.capabilities.entitypatch.boss.WitherPatch
[148月2026 10:34:01.435] [main/WARN] [net.minecraft.network.syncher.SynchedEntityData/]: defineId called for: class net.minecraft.world.entity.boss.wither.WitherBoss from class yesman.epicfight.world.capabilities.entitypatch.boss.WitherPatch
[148月2026 10:34:01.437] [main/WARN] [net.minecraft.network.syncher.SynchedEntityData/]: defineId called for: class net.minecraft.world.entity.boss.wither.WitherBoss from class yesman.epicfight.world.capabilities.entitypatch.boss.WitherPatch
[148月2026 10:34:01.438] [main/WARN] [net.minecraft.network.syncher.SynchedEntityData/]: defineId called for: class net.minecraft.world.entity.boss.wither.WitherBoss from class yesman.epicfight.world.capabilities.entitypatch.boss.WitherPatch
[148月2026 10:34:01.440] [main/WARN] [net.minecraft.network.syncher.SynchedEntityData/]: defineId called for: class net.minecraft.world.entity.boss.wither.WitherBoss from class yesman.epicfight.world.capabilities.entitypatch.boss.WitherPatch
[148月2026 10:34:01.441] [main/WARN] [net.minecraft.network.syncher.SynchedEntityData/]: defineId called for: class net.minecraft.world.entity.boss.wither.WitherBoss from class yesman.epicfight.world.capabilities.entitypatch.boss.WitherPatch
[148月2026 10:34:01.441] [main/WARN] [net.minecraft.network.syncher.SynchedEntityData/]: defineId called for: class net.minecraft.world.entity.boss.wither.WitherBoss from class yesman.epicfight.world.capabilities.entitypatch.boss.WitherPatch
[148月2026 10:34:01.450] [main/WARN] [net.minecraft.network.syncher.SynchedEntityData/]: defineId called for: class com.github.tartaricacid.touhoulittlemaid.entity.passive.EntityMaid from class net.EFTLM.EF.Capability.MaidPatch
[148月2026 10:34:01.475] [main/DEBUG] [net.minecraftforge.fml.config.ConfigTracker/CONFIG]: Loading configs type COMMON
[148月2026 10:34:01.477] [main/DEBUG] [net.minecraftforge.fml.config.ConfigFileTypeHandler/CONFIG]: Built TOML config for E:\program\JAVA\touhou little maid - unknow sky area\prod_server\config\efclash_blade-server.toml
[148月2026 10:34:01.478] [main/DEBUG] [net.minecraftforge.fml.config.ConfigFileTypeHandler/CONFIG]: Loaded TOML config file E:\program\JAVA\touhou little maid - unknow sky area\prod_server\config\efclash_blade-server.toml
[148月2026 10:34:01.493] [main/DEBUG] [net.minecraftforge.fml.config.ConfigFileTypeHandler/CONFIG]: Watching TOML config file E:\program\JAVA\touhou little maid - unknow sky area\prod_server\config\efclash_blade-server.toml for changes
[148月2026 10:34:01.496] [main/DEBUG] [net.minecraftforge.fml.config.ConfigFileTypeHandler/CONFIG]: Built TOML config for E:\program\JAVA\touhou little maid - unknow sky area\prod_server\config\player_mobs-common.toml
[148月2026 10:34:01.498] [main/DEBUG] [net.minecraftforge.fml.config.ConfigFileTypeHandler/CONFIG]: Loaded TOML config file E:\program\JAVA\touhou little maid - unknow sky area\prod_server\config\player_mobs-common.toml
[148月2026 10:34:01.498] [main/DEBUG] [net.minecraftforge.fml.config.ConfigFileTypeHandler/CONFIG]: Watching TOML config file E:\program\JAVA\touhou little maid - unknow sky area\prod_server\config\player_mobs-common.toml for changes
[148月2026 10:34:01.508] [main/DEBUG] [net.minecraftforge.fml.config.ConfigFileTypeHandler/CONFIG]: Built TOML config for E:\program\JAVA\touhou little maid - unknow sky area\prod_server\config\ywzj_vehicle-common.toml
[148月2026 10:34:01.509] [main/DEBUG] [net.minecraftforge.fml.config.ConfigFileTypeHandler/CONFIG]: Loaded TOML config file E:\program\JAVA\touhou little maid - unknow sky area\prod_server\config\ywzj_vehicle-common.toml
[148月2026 10:34:01.510] [Thread-1/DEBUG] [net.minecraftforge.fml.config.ConfigFileTypeHandler/CONFIG]: Config file player_mobs-common.toml changed, sending notifies
[148月2026 10:34:01.510] [main/DEBUG] [net.minecraftforge.fml.config.ConfigFileTypeHandler/CONFIG]: Watching TOML config file E:\program\JAVA\touhou little maid - unknow sky area\prod_server\config\ywzj_vehicle-common.toml for changes
[148月2026 10:34:01.512] [main/DEBUG] [net.minecraftforge.fml.config.ConfigFileTypeHandler/CONFIG]: Built TOML config for E:\program\JAVA\touhou little maid - unknow sky area\prod_server\config\combat_evolution-common.toml
[148月2026 10:34:01.515] [main/DEBUG] [net.minecraftforge.fml.config.ConfigFileTypeHandler/CONFIG]: Loaded TOML config file E:\program\JAVA\touhou little maid - unknow sky area\prod_server\config\combat_evolution-common.toml
[148月2026 10:34:01.516] [main/DEBUG] [net.minecraftforge.fml.config.ConfigFileTypeHandler/CONFIG]: Watching TOML config file E:\program\JAVA\touhou little maid - unknow sky area\prod_server\config\combat_evolution-common.toml for changes
[148月2026 10:34:01.517] [main/DEBUG] [net.minecraftforge.fml.config.ConfigFileTypeHandler/CONFIG]: Built TOML config for E:\program\JAVA\touhou little maid - unknow sky area\prod_server\config\invincible-common.toml
[148月2026 10:34:01.519] [main/DEBUG] [net.minecraftforge.fml.config.ConfigFileTypeHandler/CONFIG]: Loaded TOML config file E:\program\JAVA\touhou little maid - unknow sky area\prod_server\config\invincible-common.toml
[148月2026 10:34:01.519] [Thread-1/DEBUG] [net.minecraftforge.fml.config.ConfigFileTypeHandler/CONFIG]: Config file combat_evolution-common.toml changed, sending notifies
[148月2026 10:34:01.520] [main/DEBUG] [net.minecraftforge.fml.config.ConfigFileTypeHandler/CONFIG]: Watching TOML config file E:\program\JAVA\touhou little maid - unknow sky area\prod_server\config\invincible-common.toml for changes
[148月2026 10:34:01.523] [main/DEBUG] [net.minecraftforge.fml.config.ConfigFileTypeHandler/CONFIG]: Built TOML config for E:\program\JAVA\touhou little maid - unknow sky area\prod_server\config\epicfight-common.toml
[148月2026 10:34:01.526] [main/DEBUG] [net.minecraftforge.fml.config.ConfigFileTypeHandler/CONFIG]: Loaded TOML config file E:\program\JAVA\touhou little maid - unknow sky area\prod_server\config\epicfight-common.toml
[148月2026 10:34:01.526] [Thread-1/DEBUG] [net.minecraftforge.fml.config.ConfigFileTypeHandler/CONFIG]: Config file invincible-common.toml changed, sending notifies
[148月2026 10:34:01.528] [main/DEBUG] [net.minecraftforge.fml.config.ConfigFileTypeHandler/CONFIG]: Watching TOML config file E:\program\JAVA\touhou little maid - unknow sky area\prod_server\config\epicfight-common.toml for changes
[148月2026 10:34:01.532] [Thread-1/DEBUG] [net.minecraftforge.fml.config.ConfigFileTypeHandler/CONFIG]: Config file epicfight-common.toml changed, sending notifies
[148月2026 10:34:01.532] [main/DEBUG] [net.minecraftforge.fml.config.ConfigFileTypeHandler/CONFIG]: Built TOML config for E:\program\JAVA\touhou little maid - unknow sky area\prod_server\config\efn-common.toml
[148月2026 10:34:01.534] [main/DEBUG] [net.minecraftforge.fml.config.ConfigFileTypeHandler/CONFIG]: Loaded TOML config file E:\program\JAVA\touhou little maid - unknow sky area\prod_server\config\efn-common.toml
[148月2026 10:34:01.535] [Thread-1/DEBUG] [net.minecraftforge.fml.config.ConfigFileTypeHandler/CONFIG]: Config file epicfight-common.toml changed, sending notifies
[148月2026 10:34:01.536] [main/DEBUG] [net.minecraftforge.fml.config.ConfigFileTypeHandler/CONFIG]: Watching TOML config file E:\program\JAVA\touhou little maid - unknow sky area\prod_server\config\efn-common.toml for changes
[148月2026 10:34:01.540] [main/DEBUG] [net.minecraftforge.fml.config.ConfigFileTypeHandler/CONFIG]: Built TOML config for E:\program\JAVA\touhou little maid - unknow sky area\prod_server\config\touhou_little_maid-common.toml
[148月2026 10:34:01.542] [Thread-1/DEBUG] [net.minecraftforge.fml.config.ConfigFileTypeHandler/CONFIG]: Config file efn-common.toml changed, sending notifies
[148月2026 10:34:01.543] [main/DEBUG] [net.minecraftforge.fml.config.ConfigFileTypeHandler/CONFIG]: Loaded TOML config file E:\program\JAVA\touhou little maid - unknow sky area\prod_server\config\touhou_little_maid-common.toml
[148月2026 10:34:01.544] [main/DEBUG] [net.minecraftforge.fml.config.ConfigFileTypeHandler/CONFIG]: Watching TOML config file E:\program\JAVA\touhou little maid - unknow sky area\prod_server\config\touhou_little_maid-common.toml for changes
[148月2026 10:34:01.548] [main/DEBUG] [net.minecraftforge.fml.config.ConfigFileTypeHandler/CONFIG]: Built TOML config for E:\program\JAVA\touhou little maid - unknow sky area\prod_server\config\annoyingvillagers-server.toml
[148月2026 10:34:01.550] [main/DEBUG] [net.minecraftforge.fml.config.ConfigFileTypeHandler/CONFIG]: Loaded TOML config file E:\program\JAVA\touhou little maid - unknow sky area\prod_server\config\annoyingvillagers-server.toml
[148月2026 10:34:01.551] [Thread-1/DEBUG] [net.minecraftforge.fml.config.ConfigFileTypeHandler/CONFIG]: Config file touhou_little_maid-common.toml changed, sending notifies
[148月2026 10:34:01.551] [main/DEBUG] [net.minecraftforge.fml.config.ConfigFileTypeHandler/CONFIG]: Watching TOML config file E:\program\JAVA\touhou little maid - unknow sky area\prod_server\config\annoyingvillagers-server.toml for changes
[148月2026 10:34:01.555] [main/DEBUG] [net.minecraftforge.fml.config.ConfigFileTypeHandler/CONFIG]: Built TOML config for E:\program\JAVA\touhou little maid - unknow sky area\prod_server\config\annoyingvillagers-spawns.toml
[148月2026 10:34:01.558] [main/DEBUG] [net.minecraftforge.fml.config.ConfigFileTypeHandler/CONFIG]: Loaded TOML config file E:\program\JAVA\touhou little maid - unknow sky area\prod_server\config\annoyingvillagers-spawns.toml
[148月2026 10:34:01.558] [main/DEBUG] [net.minecraftforge.fml.config.ConfigFileTypeHandler/CONFIG]: Watching TOML config file E:\program\JAVA\touhou little maid - unknow sky area\prod_server\config\annoyingvillagers-spawns.toml for changes
[148月2026 10:34:01.567] [Thread-1/DEBUG] [net.minecraftforge.fml.config.ConfigFileTypeHandler/CONFIG]: Config file annoyingvillagers-spawns.toml changed, sending notifies
[148月2026 10:34:01.605] [modloading-worker-0/DEBUG] [mixin/]: Mixing EntityPatchProviderAccessor from invincible.mixins.json into yesman.epicfight.world.capabilities.provider.EntityPatchProvider
[148月2026 10:34:01.609] [modloading-worker-0/DEBUG] [mixin/]: Renaming @Accessor method getCapabilities()Ljava/util/Map; to getCapabilities_$md$176f02$0 in invincible.mixins.json:EntityPatchProviderAccessor
[148月2026 10:34:01.611] [modloading-worker-0/DEBUG] [mixin/]: Renaming @Accessor method getCustomCapabilities()Ljava/util/Map; to getCustomCapabilities_$md$176f02$1 in invincible.mixins.json:EntityPatchProviderAccessor
[148月2026 10:34:01.714] [main/DEBUG] [net.minecraftforge.fml.DeferredWorkQueue/LOADING]: Dispatching synchronous work for work queue COMMON_SETUP: 23 jobs
[148月2026 10:34:01.743] [main/DEBUG] [touhou_little_maid/ServerCustomPackLoader]: Touhou little maid mod's model is loading...
[148月2026 10:34:01.765] [main/DEBUG] [touhou_little_maid/ServerCustomPackLoader]: Loaded model info: authors_and_credits:wine_fox_maid
[148月2026 10:34:01.766] [main/DEBUG] [touhou_little_maid/ServerCustomPackLoader]: Loaded model info: authors_and_credits:wine_fox_taisho
[148月2026 10:34:01.766] [main/DEBUG] [touhou_little_maid/ServerCustomPackLoader]: Loaded model info: authors_and_credits:sazuki
[148月2026 10:34:01.766] [main/DEBUG] [touhou_little_maid/ServerCustomPackLoader]: Loaded model info: authors_and_credits:pajinyi
[148月2026 10:34:01.766] [main/DEBUG] [touhou_little_maid/ServerCustomPackLoader]: Loaded model info: authors_and_credits:fledge
[148月2026 10:34:01.766] [main/DEBUG] [touhou_little_maid/ServerCustomPackLoader]: Loaded model info: authors_and_credits:clocklalier
[148月2026 10:34:01.766] [main/DEBUG] [touhou_little_maid/ServerCustomPackLoader]: Loaded model info: authors_and_credits:cyra
[148月2026 10:34:01.766] [main/DEBUG] [touhou_little_maid/ServerCustomPackLoader]: Loaded model info: authors_and_credits:cyra_b2eb6fe570df68d353aa9d07b127b902
[148月2026 10:34:01.766] [main/DEBUG] [touhou_little_maid/ServerCustomPackLoader]: Loaded model info: authors_and_credits:cyra_pow_wow
[148月2026 10:34:01.766] [main/DEBUG] [touhou_little_maid/ServerCustomPackLoader]: Loaded model info: authors_and_credits:mory_chan
[148月2026 10:34:01.766] [main/DEBUG] [touhou_little_maid/ServerCustomPackLoader]: Loaded model info: authors_and_credits:flower_candy
[148月2026 10:34:01.766] [main/DEBUG] [touhou_little_maid/ServerCustomPackLoader]: Touhou little maid mod's model is loaded
[148月2026 10:34:01.766] [main/DEBUG] [touhou_little_maid/ServerCustomPackLoader]: Touhou little maid mod's model is loading...
[148月2026 10:34:01.766] [main/DEBUG] [touhou_little_maid/ServerCustomPackLoader]: Touhou little maid mod's model is loading...
[148月2026 10:34:01.770] [main/DEBUG] [touhou_little_maid/ServerCustomPackLoader]: Loaded model info: geckolib:winefox
[148月2026 10:34:01.770] [main/DEBUG] [touhou_little_maid/ServerCustomPackLoader]: Loaded model info: geckolib:winefox_blue
[148月2026 10:34:01.770] [main/DEBUG] [touhou_little_maid/ServerCustomPackLoader]: Loaded model info: geckolib:winefox_nine_tailed
[148月2026 10:34:01.770] [main/DEBUG] [touhou_little_maid/ServerCustomPackLoader]: Loaded model info: geckolib:winefox_nine_tailed_f609258f13252f11c3f44051b51f93c4
[148月2026 10:34:01.770] [main/DEBUG] [touhou_little_maid/ServerCustomPackLoader]: Loaded model info: geckolib:winefox_hanfu
[148月2026 10:34:01.770] [main/DEBUG] [touhou_little_maid/ServerCustomPackLoader]: Loaded model info: geckolib:winefox_new_year
[148月2026 10:34:01.770] [main/DEBUG] [touhou_little_maid/ServerCustomPackLoader]: Loaded model info: geckolib:winefox_jk
[148月2026 10:34:01.770] [main/DEBUG] [touhou_little_maid/ServerCustomPackLoader]: Loaded model info: geckolib:winefox_astronaut
[148月2026 10:34:01.770] [main/DEBUG] [touhou_little_maid/ServerCustomPackLoader]: Loaded model info: geckolib:winefox_kongfu
[148月2026 10:34:01.770] [main/DEBUG] [touhou_little_maid/ServerCustomPackLoader]: Loaded model info: geckolib:winefox_kongfu_163d46bab6d00d2e2910d32b83c7de53
[148月2026 10:34:01.770] [main/DEBUG] [touhou_little_maid/ServerCustomPackLoader]: Loaded model info: geckolib:winefox_kongfu_9dcb55de5689ffa419d9009d3eb82cac
[148月2026 10:34:01.770] [main/DEBUG] [touhou_little_maid/ServerCustomPackLoader]: Loaded model info: geckolib:winefox_kongfu_a4dbe4e83a24193e1005a40204c415ac
[148月2026 10:34:01.770] [main/DEBUG] [touhou_little_maid/ServerCustomPackLoader]: Loaded model info: geckolib:winefox_kongfu_538780bcc09da2d92795797b65aefe87
[148月2026 10:34:01.770] [main/DEBUG] [touhou_little_maid/ServerCustomPackLoader]: Loaded model info: geckolib:winefox_kongfu_15030e12f688c8163573af95dc4c6728
[148月2026 10:34:01.770] [main/DEBUG] [touhou_little_maid/ServerCustomPackLoader]: Loaded model info: geckolib:winefox_magical
[148月2026 10:34:01.770] [main/DEBUG] [touhou_little_maid/ServerCustomPackLoader]: Loaded model info: geckolib:winefox_magical_a12dc19190c076d8d24aff8714515c8e
[148月2026 10:34:01.770] [main/DEBUG] [touhou_little_maid/ServerCustomPackLoader]: Loaded model info: geckolib:winefox_magical_b073380075f0d30ea8bbcde8566f825e
[148月2026 10:34:01.771] [main/DEBUG] [touhou_little_maid/ServerCustomPackLoader]: Loaded model info: geckolib:winefox_magical_3b7aba412b5ededbab0780e258207bf0
[148月2026 10:34:01.771] [main/DEBUG] [touhou_little_maid/ServerCustomPackLoader]: Loaded model info: geckolib:winefox_magical_38ffa7d8d6f062b86c6bf88ac47a4c73
[148月2026 10:34:01.771] [main/DEBUG] [touhou_little_maid/ServerCustomPackLoader]: Loaded model info: geckolib:winefox_magical_7952f4718991f317b2f11926a90cbd10
[148月2026 10:34:01.771] [main/DEBUG] [touhou_little_maid/ServerCustomPackLoader]: Loaded model info: geckolib:winefox_saint
[148月2026 10:34:01.771] [main/DEBUG] [touhou_little_maid/ServerCustomPackLoader]: Loaded model info: geckolib:winefox_saint_c4f14815c46c13e6eb3d82ba88ed2f96
[148月2026 10:34:01.771] [main/DEBUG] [touhou_little_maid/ServerCustomPackLoader]: Loaded model info: geckolib:winefox_elf
[148月2026 10:34:01.771] [main/DEBUG] [touhou_little_maid/ServerCustomPackLoader]: Loaded model info: geckolib:winefox_salesperson
[148月2026 10:34:01.771] [main/DEBUG] [touhou_little_maid/ServerCustomPackLoader]: Loaded model info: geckolib:winefox_salesperson_84961723c2751ef4c6b9a0f8596f95cc
[148月2026 10:34:01.771] [main/DEBUG] [touhou_little_maid/ServerCustomPackLoader]: Loaded model info: geckolib:winefox_little
[148月2026 10:34:01.771] [main/DEBUG] [touhou_little_maid/ServerCustomPackLoader]: Loaded model info: geckolib:winefox_matured
[148月2026 10:34:01.771] [main/DEBUG] [touhou_little_maid/ServerCustomPackLoader]: Loaded model info: geckolib:winefox_momo
[148月2026 10:34:01.771] [main/DEBUG] [touhou_little_maid/ServerCustomPackLoader]: Loaded model info: geckolib:winefox_momo_897c13175aa632e673b32ed45ffd4961
[148月2026 10:34:01.771] [main/DEBUG] [touhou_little_maid/ServerCustomPackLoader]: Loaded model info: geckolib:winefox_wedding
[148月2026 10:34:01.771] [main/DEBUG] [touhou_little_maid/ServerCustomPackLoader]: Loaded model info: geckolib:winefox_tactics
[148月2026 10:34:01.771] [main/DEBUG] [touhou_little_maid/ServerCustomPackLoader]: Loaded model info: geckolib:winefox_mini
[148月2026 10:34:01.771] [main/DEBUG] [touhou_little_maid/ServerCustomPackLoader]: Loaded model info: geckolib:winefox_survivor
[148月2026 10:34:01.771] [main/DEBUG] [touhou_little_maid/ServerCustomPackLoader]: Loaded model info: geckolib:sta
[148月2026 10:34:01.771] [main/DEBUG] [touhou_little_maid/ServerCustomPackLoader]: Loaded model info: geckolib:zhiban
[148月2026 10:34:01.771] [main/DEBUG] [touhou_little_maid/ServerCustomPackLoader]: Loaded model info: geckolib:zhiban_hanfu
[148月2026 10:34:01.771] [main/DEBUG] [touhou_little_maid/ServerCustomPackLoader]: Loaded model info: geckolib:zhiban_new_year
[148月2026 10:34:01.771] [main/DEBUG] [touhou_little_maid/ServerCustomPackLoader]: Loaded model info: geckolib:hailuo_new_year
[148月2026 10:34:01.771] [main/DEBUG] [touhou_little_maid/ServerCustomPackLoader]: Loaded model info: geckolib:kluonoa
[148月2026 10:34:01.771] [main/DEBUG] [touhou_little_maid/ServerCustomPackLoader]: Loaded model info: geckolib:foxmaid
[148月2026 10:34:01.771] [main/DEBUG] [touhou_little_maid/ServerCustomPackLoader]: Loaded model info: geckolib:rice_cake_fox
[148月2026 10:34:01.771] [main/DEBUG] [touhou_little_maid/ServerCustomPackLoader]: Touhou little maid mod's model is loaded
[148月2026 10:34:01.997] [main/DEBUG] [touhou_little_maid/ServerCustomPackLoader]: Touhou little maid mod's model is loading...
[148月2026 10:34:02.012] [main/DEBUG] [touhou_little_maid/ServerCustomPackLoader]: Loaded model info: geckolib:qingluka
[148月2026 10:34:02.013] [main/DEBUG] [touhou_little_maid/ServerCustomPackLoader]: Touhou little maid mod's model is loaded
[148月2026 10:34:02.014] [main/DEBUG] [touhou_little_maid/ServerCustomPackLoader]: Touhou little maid mod's model is loading...
[148月2026 10:34:02.015] [main/DEBUG] [touhou_little_maid/ServerCustomPackLoader]: Touhou little maid mod's model is loading...
[148月2026 10:34:02.015] [main/DEBUG] [touhou_little_maid/ServerCustomPackLoader]: Touhou little maid mod's model is loading...
[148月2026 10:34:02.016] [main/DEBUG] [touhou_little_maid/ServerCustomPackLoader]: Loaded model info: minecraft_15th:alex
[148月2026 10:34:02.016] [main/DEBUG] [touhou_little_maid/ServerCustomPackLoader]: Loaded model info: minecraft_15th:rana
[148月2026 10:34:02.016] [main/DEBUG] [touhou_little_maid/ServerCustomPackLoader]: Loaded model info: minecraft_15th:natalie
[148月2026 10:34:02.016] [main/DEBUG] [touhou_little_maid/ServerCustomPackLoader]: Loaded model info: minecraft_15th:dawn
[148月2026 10:34:02.017] [main/DEBUG] [touhou_little_maid/ServerCustomPackLoader]: Touhou little maid mod's model is loaded
[148月2026 10:34:02.017] [main/DEBUG] [touhou_little_maid/ServerCustomPackLoader]: Touhou little maid mod's model is loading...
[148月2026 10:34:02.017] [main/DEBUG] [touhou_little_maid/ServerCustomPackLoader]: Touhou little maid mod's model is loading...
[148月2026 10:34:02.017] [main/DEBUG] [touhou_little_maid/ServerCustomPackLoader]: Touhou little maid mod's model is loading...
[148月2026 10:34:02.020] [main/DEBUG] [touhou_little_maid/ServerCustomPackLoader]: Loaded model info: next_update_model:stage
[148月2026 10:34:02.020] [main/DEBUG] [touhou_little_maid/ServerCustomPackLoader]: Loaded model info: next_update_model:japanese_lottery_machine
[148月2026 10:34:02.020] [main/DEBUG] [touhou_little_maid/ServerCustomPackLoader]: Loaded model info: next_update_model:fishpond
[148月2026 10:34:02.020] [main/DEBUG] [touhou_little_maid/ServerCustomPackLoader]: Loaded model info: next_update_model:mine
[148月2026 10:34:02.020] [main/DEBUG] [touhou_little_maid/ServerCustomPackLoader]: Loaded model info: next_update_model:logging_hut
[148月2026 10:34:02.020] [main/DEBUG] [touhou_little_maid/ServerCustomPackLoader]: Loaded model info: next_update_model:kitchen
[148月2026 10:34:02.020] [main/DEBUG] [touhou_little_maid/ServerCustomPackLoader]: Loaded model info: next_update_model:dining_table_default
[148月2026 10:34:02.020] [main/DEBUG] [touhou_little_maid/ServerCustomPackLoader]: Loaded model info: next_update_model:dining_table_spring
[148月2026 10:34:02.020] [main/DEBUG] [touhou_little_maid/ServerCustomPackLoader]: Loaded model info: next_update_model:dining_table_summer
[148月2026 10:34:02.020] [main/DEBUG] [touhou_little_maid/ServerCustomPackLoader]: Loaded model info: next_update_model:dining_table_autumn
[148月2026 10:34:02.020] [main/DEBUG] [touhou_little_maid/ServerCustomPackLoader]: Loaded model info: next_update_model:dining_table_winter
[148月2026 10:34:02.020] [main/DEBUG] [touhou_little_maid/ServerCustomPackLoader]: Loaded model info: next_update_model:cumin_lamb_chop
[148月2026 10:34:02.020] [main/DEBUG] [touhou_little_maid/ServerCustomPackLoader]: Loaded model info: next_update_model:hot_spring
[148月2026 10:34:02.020] [main/DEBUG] [touhou_little_maid/ServerCustomPackLoader]: Loaded model info: next_update_model:picnic_cloth
[148月2026 10:34:02.020] [main/DEBUG] [touhou_little_maid/ServerCustomPackLoader]: Loaded model info: next_update_model:elite_slime
[148月2026 10:34:02.020] [main/DEBUG] [touhou_little_maid/ServerCustomPackLoader]: Loaded model info: next_update_model:slime
[148月2026 10:34:02.020] [main/DEBUG] [touhou_little_maid/ServerCustomPackLoader]: Loaded model info: next_update_model:flip_phone
[148月2026 10:34:02.020] [main/DEBUG] [touhou_little_maid/ServerCustomPackLoader]: Loaded model info: next_update_model:fox_demon_statue
[148月2026 10:34:02.020] [main/DEBUG] [touhou_little_maid/ServerCustomPackLoader]: Loaded model info: next_update_model:fox_demon_statue_1
[148月2026 10:34:02.020] [main/DEBUG] [touhou_little_maid/ServerCustomPackLoader]: Loaded model info: next_update_model:bathroom
[148月2026 10:34:02.020] [main/DEBUG] [touhou_little_maid/ServerCustomPackLoader]: Loaded model info: next_update_model:backpack
[148月2026 10:34:02.020] [main/DEBUG] [touhou_little_maid/ServerCustomPackLoader]: Loaded model info: next_update_model:cabinet
[148月2026 10:34:02.020] [main/DEBUG] [touhou_little_maid/ServerCustomPackLoader]: Loaded model info: next_update_model:single_bed
[148月2026 10:34:02.020] [main/DEBUG] [touhou_little_maid/ServerCustomPackLoader]: Loaded model info: next_update_model:double_bed
[148月2026 10:34:02.020] [main/DEBUG] [touhou_little_maid/ServerCustomPackLoader]: Loaded model info: next_update_model:shrine
[148月2026 10:34:02.020] [main/DEBUG] [touhou_little_maid/ServerCustomPackLoader]: Loaded model info: next_update_model:3d_printer
[148月2026 10:34:02.020] [main/DEBUG] [touhou_little_maid/ServerCustomPackLoader]: Loaded model info: next_update_model:doorbell_ground
[148月2026 10:34:02.020] [main/DEBUG] [touhou_little_maid/ServerCustomPackLoader]: Loaded model info: next_update_model:doorbell_wall
[148月2026 10:34:02.020] [main/DEBUG] [touhou_little_maid/ServerCustomPackLoader]: Loaded model info: next_update_model:exchange_machine
[148月2026 10:34:02.021] [main/DEBUG] [touhou_little_maid/ServerCustomPackLoader]: Touhou little maid mod's model is loaded
[148月2026 10:34:02.021] [main/DEBUG] [touhou_little_maid/ServerCustomPackLoader]: Touhou little maid mod's model is loading...
[148月2026 10:34:02.028] [main/DEBUG] [touhou_little_maid/ServerCustomPackLoader]: Loaded model info: touhou_little_maid:hakurei_reimu
[148月2026 10:34:02.028] [main/DEBUG] [touhou_little_maid/ServerCustomPackLoader]: Loaded model info: touhou_little_maid:hakurei_reimu_2
[148月2026 10:34:02.028] [main/DEBUG] [touhou_little_maid/ServerCustomPackLoader]: Loaded model info: touhou_little_maid:hakurei_reimu_type_b
[148月2026 10:34:02.028] [main/DEBUG] [touhou_little_maid/ServerCustomPackLoader]: Loaded model info: touhou_little_maid:hakurei_reimu_type_b_716c27087f2716348835e7775121532f
[148月2026 10:34:02.028] [main/DEBUG] [touhou_little_maid/ServerCustomPackLoader]: Loaded model info: touhou_little_maid:hakurei_reimu_type_b_1720614ea46709023787aae005df1134
[148月2026 10:34:02.028] [main/DEBUG] [touhou_little_maid/ServerCustomPackLoader]: Loaded model info: touhou_little_maid:hakurei_reimu_type_b_9cc0af67a94bdbb6dbae8056ab30c2bc
[148月2026 10:34:02.028] [main/DEBUG] [touhou_little_maid/ServerCustomPackLoader]: Loaded model info: touhou_little_maid:kirisame_marisa
[148月2026 10:34:02.028] [main/DEBUG] [touhou_little_maid/ServerCustomPackLoader]: Loaded model info: touhou_little_maid:kirisame_marisa_2
[148月2026 10:34:02.028] [main/DEBUG] [touhou_little_maid/ServerCustomPackLoader]: Loaded model info: touhou_little_maid:rumia
[148月2026 10:34:02.028] [main/DEBUG] [touhou_little_maid/ServerCustomPackLoader]: Loaded model info: touhou_little_maid:daiyousei
[148月2026 10:34:02.028] [main/DEBUG] [touhou_little_maid/ServerCustomPackLoader]: Loaded model info: touhou_little_maid:cirno
[148月2026 10:34:02.028] [main/DEBUG] [touhou_little_maid/ServerCustomPackLoader]: Loaded model info: touhou_little_maid:cirno_maid
[148月2026 10:34:02.028] [main/DEBUG] [touhou_little_maid/ServerCustomPackLoader]: Loaded model info: touhou_little_maid:cirno_tan
[148月2026 10:34:02.028] [main/DEBUG] [touhou_little_maid/ServerCustomPackLoader]: Loaded model info: touhou_little_maid:cirno_slim
[148月2026 10:34:02.028] [main/DEBUG] [touhou_little_maid/ServerCustomPackLoader]: Loaded model info: touhou_little_maid:cirno_slim_43e8d943f0564065031ec0efc405edbb
[148月2026 10:34:02.028] [main/DEBUG] [touhou_little_maid/ServerCustomPackLoader]: Loaded model info: touhou_little_maid:cirno_slim_af6bc1a4e6e95433d0d72fe108ec09b7
[148月2026 10:34:02.028] [main/DEBUG] [touhou_little_maid/ServerCustomPackLoader]: Loaded model info: touhou_little_maid:hong_meiling
[148月2026 10:34:02.028] [main/DEBUG] [touhou_little_maid/ServerCustomPackLoader]: Loaded model info: touhou_little_maid:koakuma
[148月2026 10:34:02.028] [main/DEBUG] [touhou_little_maid/ServerCustomPackLoader]: Loaded model info: touhou_little_maid:patchouli_knowledge
[148月2026 10:34:02.028] [main/DEBUG] [touhou_little_maid/ServerCustomPackLoader]: Loaded model info: touhou_little_maid:patchouli_knowledge_2
[148月2026 10:34:02.028] [main/DEBUG] [touhou_little_maid/ServerCustomPackLoader]: Loaded model info: touhou_little_maid:izayoi_sakuya
[148月2026 10:34:02.028] [main/DEBUG] [touhou_little_maid/ServerCustomPackLoader]: Loaded model info: touhou_little_maid:remilia_scarlet
[148月2026 10:34:02.028] [main/DEBUG] [touhou_little_maid/ServerCustomPackLoader]: Loaded model info: touhou_little_maid:remilia_scarlet_2
[148月2026 10:34:02.028] [main/DEBUG] [touhou_little_maid/ServerCustomPackLoader]: Loaded model info: touhou_little_maid:flandre_scarlet
[148月2026 10:34:02.028] [main/DEBUG] [touhou_little_maid/ServerCustomPackLoader]: Loaded model info: touhou_little_maid:letty_whiterock
[148月2026 10:34:02.028] [main/DEBUG] [touhou_little_maid/ServerCustomPackLoader]: Loaded model info: touhou_little_maid:chen
[148月2026 10:34:02.028] [main/DEBUG] [touhou_little_maid/ServerCustomPackLoader]: Loaded model info: touhou_little_maid:alice_margatroid
[148月2026 10:34:02.028] [main/DEBUG] [touhou_little_maid/ServerCustomPackLoader]: Loaded model info: touhou_little_maid:shanghai_doll
[148月2026 10:34:02.028] [main/DEBUG] [touhou_little_maid/ServerCustomPackLoader]: Loaded model info: touhou_little_maid:hourai_doll
[148月2026 10:34:02.029] [main/DEBUG] [touhou_little_maid/ServerCustomPackLoader]: Loaded model info: touhou_little_maid:goliath_doll
[148月2026 10:34:02.029] [main/DEBUG] [touhou_little_maid/ServerCustomPackLoader]: Loaded model info: touhou_little_maid:lily_white
[148月2026 10:34:02.029] [main/DEBUG] [touhou_little_maid/ServerCustomPackLoader]: Loaded model info: touhou_little_maid:lily_black
[148月2026 10:34:02.029] [main/DEBUG] [touhou_little_maid/ServerCustomPackLoader]: Loaded model info: touhou_little_maid:lunasa_prismriver
[148月2026 10:34:02.029] [main/DEBUG] [touhou_little_maid/ServerCustomPackLoader]: Loaded model info: touhou_little_maid:merlin_prismriver
[148月2026 10:34:02.029] [main/DEBUG] [touhou_little_maid/ServerCustomPackLoader]: Loaded model info: touhou_little_maid:lyrica_prismriver
[148月2026 10:34:02.029] [main/DEBUG] [touhou_little_maid/ServerCustomPackLoader]: Loaded model info: touhou_little_maid:konpaku_youmu
[148月2026 10:34:02.029] [main/DEBUG] [touhou_little_maid/ServerCustomPackLoader]: Loaded model info: touhou_little_maid:saigyouji_yuyuko
[148月2026 10:34:02.029] [main/DEBUG] [touhou_little_maid/ServerCustomPackLoader]: Loaded model info: touhou_little_maid:yakumo_ran
[148月2026 10:34:02.029] [main/DEBUG] [touhou_little_maid/ServerCustomPackLoader]: Loaded model info: touhou_little_maid:yukari_yakumo
[148月2026 10:34:02.029] [main/DEBUG] [touhou_little_maid/ServerCustomPackLoader]: Loaded model info: touhou_little_maid:ibuki_suika
[148月2026 10:34:02.029] [main/DEBUG] [touhou_little_maid/ServerCustomPackLoader]: Loaded model info: touhou_little_maid:wriggle_nightbug
[148月2026 10:34:02.029] [main/DEBUG] [touhou_little_maid/ServerCustomPackLoader]: Loaded model info: touhou_little_maid:mystia_lorelei
[148月2026 10:34:02.029] [main/DEBUG] [touhou_little_maid/ServerCustomPackLoader]: Loaded model info: touhou_little_maid:keine_kamishirasawa
[148月2026 10:34:02.029] [main/DEBUG] [touhou_little_maid/ServerCustomPackLoader]: Loaded model info: touhou_little_maid:keine_kamishirasawa_2
[148月2026 10:34:02.029] [main/DEBUG] [touhou_little_maid/ServerCustomPackLoader]: Loaded model info: touhou_little_maid:tewi_inaba
[148月2026 10:34:02.029] [main/DEBUG] [touhou_little_maid/ServerCustomPackLoader]: Loaded model info: touhou_little_maid:reisen_udongein_inaba
[148月2026 10:34:02.029] [main/DEBUG] [touhou_little_maid/ServerCustomPackLoader]: Loaded model info: touhou_little_maid:yagokoro_eirin
[148月2026 10:34:02.029] [main/DEBUG] [touhou_little_maid/ServerCustomPackLoader]: Loaded model info: touhou_little_maid:houraisan_kaguya
[148月2026 10:34:02.029] [main/DEBUG] [touhou_little_maid/ServerCustomPackLoader]: Loaded model info: touhou_little_maid:fujiwara_no_mokou
[148月2026 10:34:02.029] [main/DEBUG] [touhou_little_maid/ServerCustomPackLoader]: Loaded model info: touhou_little_maid:syameimaru_aya
[148月2026 10:34:02.029] [main/DEBUG] [touhou_little_maid/ServerCustomPackLoader]: Loaded model info: touhou_little_maid:medicine_melancholy
[148月2026 10:34:02.029] [main/DEBUG] [touhou_little_maid/ServerCustomPackLoader]: Loaded model info: touhou_little_maid:kazami_yuka
[148月2026 10:34:02.030] [main/DEBUG] [touhou_little_maid/ServerCustomPackLoader]: Loaded model info: touhou_little_maid:onozuka_komachi
[148月2026 10:34:02.030] [main/DEBUG] [touhou_little_maid/ServerCustomPackLoader]: Loaded model info: touhou_little_maid:shikieiki_yamaxanadu
[148月2026 10:34:02.030] [main/DEBUG] [touhou_little_maid/ServerCustomPackLoader]: Loaded model info: touhou_little_maid:aki_sizuha
[148月2026 10:34:02.030] [main/DEBUG] [touhou_little_maid/ServerCustomPackLoader]: Loaded model info: touhou_little_maid:minoriko_aki
[148月2026 10:34:02.030] [main/DEBUG] [touhou_little_maid/ServerCustomPackLoader]: Loaded model info: touhou_little_maid:kagiyama_hina
[148月2026 10:34:02.030] [main/DEBUG] [touhou_little_maid/ServerCustomPackLoader]: Loaded model info: touhou_little_maid:kawasiro_nitori
[148月2026 10:34:02.030] [main/DEBUG] [touhou_little_maid/ServerCustomPackLoader]: Loaded model info: touhou_little_maid:inubashiri_momizi
[148月2026 10:34:02.030] [main/DEBUG] [touhou_little_maid/ServerCustomPackLoader]: Loaded model info: touhou_little_maid:kochiya_sanae
[148月2026 10:34:02.030] [main/DEBUG] [touhou_little_maid/ServerCustomPackLoader]: Loaded model info: touhou_little_maid:yasaka_kanako
[148月2026 10:34:02.030] [main/DEBUG] [touhou_little_maid/ServerCustomPackLoader]: Loaded model info: touhou_little_maid:moriya_suwako
[148月2026 10:34:02.030] [main/DEBUG] [touhou_little_maid/ServerCustomPackLoader]: Loaded model info: touhou_little_maid:nagae_iku
[148月2026 10:34:02.030] [main/DEBUG] [touhou_little_maid/ServerCustomPackLoader]: Loaded model info: touhou_little_maid:hinanawi_tenshi
[148月2026 10:34:02.030] [main/DEBUG] [touhou_little_maid/ServerCustomPackLoader]: Loaded model info: touhou_little_maid:kisume
[148月2026 10:34:02.030] [main/DEBUG] [touhou_little_maid/ServerCustomPackLoader]: Loaded model info: touhou_little_maid:kurodani_yamame
[148月2026 10:34:02.030] [main/DEBUG] [touhou_little_maid/ServerCustomPackLoader]: Loaded model info: touhou_little_maid:mizuhashi_parsee
[148月2026 10:34:02.030] [main/DEBUG] [touhou_little_maid/ServerCustomPackLoader]: Loaded model info: touhou_little_maid:hoshiguma_yugi
[148月2026 10:34:02.030] [main/DEBUG] [touhou_little_maid/ServerCustomPackLoader]: Loaded model info: touhou_little_maid:komeiji_satori
[148月2026 10:34:02.030] [main/DEBUG] [touhou_little_maid/ServerCustomPackLoader]: Loaded model info: touhou_little_maid:kaenbyou_rin
[148月2026 10:34:02.030] [main/DEBUG] [touhou_little_maid/ServerCustomPackLoader]: Loaded model info: touhou_little_maid:reiuji_utsuho
[148月2026 10:34:02.030] [main/DEBUG] [touhou_little_maid/ServerCustomPackLoader]: Loaded model info: touhou_little_maid:komeiji_koishi
[148月2026 10:34:02.030] [main/DEBUG] [touhou_little_maid/ServerCustomPackLoader]: Loaded model info: touhou_little_maid:komeiji_koishi_2
[148月2026 10:34:02.030] [main/DEBUG] [touhou_little_maid/ServerCustomPackLoader]: Loaded model info: touhou_little_maid:nazrin
[148月2026 10:34:02.030] [main/DEBUG] [touhou_little_maid/ServerCustomPackLoader]: Loaded model info: touhou_little_maid:tatara_kogasa
[148月2026 10:34:02.030] [main/DEBUG] [touhou_little_maid/ServerCustomPackLoader]: Loaded model info: touhou_little_maid:kumoi_ichirin
[148月2026 10:34:02.030] [main/DEBUG] [touhou_little_maid/ServerCustomPackLoader]: Loaded model info: touhou_little_maid:murasa_minamitsu
[148月2026 10:34:02.030] [main/DEBUG] [touhou_little_maid/ServerCustomPackLoader]: Loaded model info: touhou_little_maid:toramaru_shou
[148月2026 10:34:02.030] [main/DEBUG] [touhou_little_maid/ServerCustomPackLoader]: Loaded model info: touhou_little_maid:hijiri_byakuren
[148月2026 10:34:02.030] [main/DEBUG] [touhou_little_maid/ServerCustomPackLoader]: Loaded model info: touhou_little_maid:houjuu_nue
[148月2026 10:34:02.030] [main/DEBUG] [touhou_little_maid/ServerCustomPackLoader]: Loaded model info: touhou_little_maid:himekaidou_hatate
[148月2026 10:34:02.030] [main/DEBUG] [touhou_little_maid/ServerCustomPackLoader]: Loaded model info: touhou_little_maid:kasodani_kyouko
[148月2026 10:34:02.030] [main/DEBUG] [touhou_little_maid/ServerCustomPackLoader]: Loaded model info: touhou_little_maid:miyako_yoshika
[148月2026 10:34:02.030] [main/DEBUG] [touhou_little_maid/ServerCustomPackLoader]: Loaded model info: touhou_little_maid:kaku_seiga
[148月2026 10:34:02.030] [main/DEBUG] [touhou_little_maid/ServerCustomPackLoader]: Loaded model info: touhou_little_maid:mononobe_no_futo
[148月2026 10:34:02.030] [main/DEBUG] [touhou_little_maid/ServerCustomPackLoader]: Loaded model info: touhou_little_maid:toyosatomimi_no_miko
[148月2026 10:34:02.030] [main/DEBUG] [touhou_little_maid/ServerCustomPackLoader]: Loaded model info: touhou_little_maid:soga_no_toziko
[148月2026 10:34:02.030] [main/DEBUG] [touhou_little_maid/ServerCustomPackLoader]: Loaded model info: touhou_little_maid:hata_no_kokoro
[148月2026 10:34:02.030] [main/DEBUG] [touhou_little_maid/ServerCustomPackLoader]: Loaded model info: touhou_little_maid:hutatsuiwa_mamizou
[148月2026 10:34:02.030] [main/DEBUG] [touhou_little_maid/ServerCustomPackLoader]: Loaded model info: touhou_little_maid:wakasagihime
[148月2026 10:34:02.030] [main/DEBUG] [touhou_little_maid/ServerCustomPackLoader]: Loaded model info: touhou_little_maid:sekibanki
[148月2026 10:34:02.030] [main/DEBUG] [touhou_little_maid/ServerCustomPackLoader]: Loaded model info: touhou_little_maid:imaizumi_kagerou
[148月2026 10:34:02.031] [main/DEBUG] [touhou_little_maid/ServerCustomPackLoader]: Loaded model info: touhou_little_maid:tsukumo_yatsuhashi
[148月2026 10:34:02.031] [main/DEBUG] [touhou_little_maid/ServerCustomPackLoader]: Loaded model info: touhou_little_maid:tsukumo_benben
[148月2026 10:34:02.031] [main/DEBUG] [touhou_little_maid/ServerCustomPackLoader]: Loaded model info: touhou_little_maid:kijin_seija
[148月2026 10:34:02.031] [main/DEBUG] [touhou_little_maid/ServerCustomPackLoader]: Loaded model info: touhou_little_maid:sukuna_shinmyoumaru
[148月2026 10:34:02.031] [main/DEBUG] [touhou_little_maid/ServerCustomPackLoader]: Loaded model info: touhou_little_maid:horikawa_raiko
[148月2026 10:34:02.031] [main/DEBUG] [touhou_little_maid/ServerCustomPackLoader]: Loaded model info: touhou_little_maid:usami_sumireko
[148月2026 10:34:02.031] [main/DEBUG] [touhou_little_maid/ServerCustomPackLoader]: Loaded model info: touhou_little_maid:seiran
[148月2026 10:34:02.031] [main/DEBUG] [touhou_little_maid/ServerCustomPackLoader]: Loaded model info: touhou_little_maid:ringo
[148月2026 10:34:02.031] [main/DEBUG] [touhou_little_maid/ServerCustomPackLoader]: Loaded model info: touhou_little_maid:doremy_sweet
[148月2026 10:34:02.031] [main/DEBUG] [touhou_little_maid/ServerCustomPackLoader]: Loaded model info: touhou_little_maid:kisin_sagume
[148月2026 10:34:02.031] [main/DEBUG] [touhou_little_maid/ServerCustomPackLoader]: Loaded model info: touhou_little_maid:clownpiece
[148月2026 10:34:02.031] [main/DEBUG] [touhou_little_maid/ServerCustomPackLoader]: Loaded model info: touhou_little_maid:junko
[148月2026 10:34:02.031] [main/DEBUG] [touhou_little_maid/ServerCustomPackLoader]: Loaded model info: touhou_little_maid:hecatia_lapislazuli
[148月2026 10:34:02.031] [main/DEBUG] [touhou_little_maid/ServerCustomPackLoader]: Loaded model info: touhou_little_maid:yorigami_jyoon
[148月2026 10:34:02.031] [main/DEBUG] [touhou_little_maid/ServerCustomPackLoader]: Loaded model info: touhou_little_maid:yorigami_shion
[148月2026 10:34:02.031] [main/DEBUG] [touhou_little_maid/ServerCustomPackLoader]: Loaded model info: touhou_little_maid:eternity_larva
[148月2026 10:34:02.031] [main/DEBUG] [touhou_little_maid/ServerCustomPackLoader]: Loaded model info: touhou_little_maid:sakata_nemuno
[148月2026 10:34:02.031] [main/DEBUG] [touhou_little_maid/ServerCustomPackLoader]: Loaded model info: touhou_little_maid:komano_aunn
[148月2026 10:34:02.031] [main/DEBUG] [touhou_little_maid/ServerCustomPackLoader]: Loaded model info: touhou_little_maid:yatadera_narumi
[148月2026 10:34:02.031] [main/DEBUG] [touhou_little_maid/ServerCustomPackLoader]: Loaded model info: touhou_little_maid:nishida_satono
[148月2026 10:34:02.031] [main/DEBUG] [touhou_little_maid/ServerCustomPackLoader]: Loaded model info: touhou_little_maid:teireid_mai
[148月2026 10:34:02.031] [main/DEBUG] [touhou_little_maid/ServerCustomPackLoader]: Loaded model info: touhou_little_maid:matara_okina
[148月2026 10:34:02.031] [main/DEBUG] [touhou_little_maid/ServerCustomPackLoader]: Loaded model info: touhou_little_maid:ebisu_eika
[148月2026 10:34:02.031] [main/DEBUG] [touhou_little_maid/ServerCustomPackLoader]: Loaded model info: touhou_little_maid:ushizaki_urumi
[148月2026 10:34:02.031] [main/DEBUG] [touhou_little_maid/ServerCustomPackLoader]: Loaded model info: touhou_little_maid:niwatari_kutaka
[148月2026 10:34:02.031] [main/DEBUG] [touhou_little_maid/ServerCustomPackLoader]: Loaded model info: touhou_little_maid:kitcho_yachie
[148月2026 10:34:02.031] [main/DEBUG] [touhou_little_maid/ServerCustomPackLoader]: Loaded model info: touhou_little_maid:joutougu_mayumi
[148月2026 10:34:02.031] [main/DEBUG] [touhou_little_maid/ServerCustomPackLoader]: Loaded model info: touhou_little_maid:haniyasushin_keiki
[148月2026 10:34:02.031] [main/DEBUG] [touhou_little_maid/ServerCustomPackLoader]: Loaded model info: touhou_little_maid:kurokoma_saki
[148月2026 10:34:02.031] [main/DEBUG] [touhou_little_maid/ServerCustomPackLoader]: Loaded model info: touhou_little_maid:toutetsu_yuma
[148月2026 10:34:02.031] [main/DEBUG] [touhou_little_maid/ServerCustomPackLoader]: Loaded model info: touhou_little_maid:goutokuzi_mike
[148月2026 10:34:02.031] [main/DEBUG] [touhou_little_maid/ServerCustomPackLoader]: Loaded model info: touhou_little_maid:yamashiro_takane
[148月2026 10:34:02.031] [main/DEBUG] [touhou_little_maid/ServerCustomPackLoader]: Loaded model info: touhou_little_maid:komakusa_sannyo
[148月2026 10:34:02.031] [main/DEBUG] [touhou_little_maid/ServerCustomPackLoader]: Loaded model info: touhou_little_maid:tamatsukuri_misumaru
[148月2026 10:34:02.031] [main/DEBUG] [touhou_little_maid/ServerCustomPackLoader]: Loaded model info: touhou_little_maid:kudamaki_tsukasa
[148月2026 10:34:02.031] [main/DEBUG] [touhou_little_maid/ServerCustomPackLoader]: Loaded model info: touhou_little_maid:iizunamaru_megumu
[148月2026 10:34:02.031] [main/DEBUG] [touhou_little_maid/ServerCustomPackLoader]: Loaded model info: touhou_little_maid:tenkyu_chimata
[148月2026 10:34:02.031] [main/DEBUG] [touhou_little_maid/ServerCustomPackLoader]: Loaded model info: touhou_little_maid:himemushi_momoyo
[148月2026 10:34:02.031] [main/DEBUG] [touhou_little_maid/ServerCustomPackLoader]: Loaded model info: touhou_little_maid:son_biten
[148月2026 10:34:02.031] [main/DEBUG] [touhou_little_maid/ServerCustomPackLoader]: Loaded model info: touhou_little_maid:mitsugashira_enoko
[148月2026 10:34:02.031] [main/DEBUG] [touhou_little_maid/ServerCustomPackLoader]: Loaded model info: touhou_little_maid:tenkajin_chiyari
[148月2026 10:34:02.031] [main/DEBUG] [touhou_little_maid/ServerCustomPackLoader]: Loaded model info: touhou_little_maid:yomotsu_hisami
[148月2026 10:34:02.031] [main/DEBUG] [touhou_little_maid/ServerCustomPackLoader]: Loaded model info: touhou_little_maid:nippaku_zanmu
[148月2026 10:34:02.031] [main/DEBUG] [touhou_little_maid/ServerCustomPackLoader]: Loaded model info: touhou_little_maid:ubame_chirizuka
[148月2026 10:34:02.031] [main/DEBUG] [touhou_little_maid/ServerCustomPackLoader]: Loaded model info: touhou_little_maid:chimi_houjuu
[148月2026 10:34:02.031] [main/DEBUG] [touhou_little_maid/ServerCustomPackLoader]: Loaded model info: touhou_little_maid:nareko_michigami
[148月2026 10:34:02.031] [main/DEBUG] [touhou_little_maid/ServerCustomPackLoader]: Loaded model info: touhou_little_maid:yuiman_asama
[148月2026 10:34:02.031] [main/DEBUG] [touhou_little_maid/ServerCustomPackLoader]: Loaded model info: touhou_little_maid:ariya_iwanaga
[148月2026 10:34:02.031] [main/DEBUG] [touhou_little_maid/ServerCustomPackLoader]: Loaded model info: touhou_little_maid:watari_nina
[148月2026 10:34:02.031] [main/DEBUG] [touhou_little_maid/ServerCustomPackLoader]: Loaded model info: touhou_little_maid:morichika_rinnosuke
[148月2026 10:34:02.031] [main/DEBUG] [touhou_little_maid/ServerCustomPackLoader]: Loaded model info: touhou_little_maid:tokiko
[148月2026 10:34:02.031] [main/DEBUG] [touhou_little_maid/ServerCustomPackLoader]: Loaded model info: touhou_little_maid:sunny_milk
[148月2026 10:34:02.031] [main/DEBUG] [touhou_little_maid/ServerCustomPackLoader]: Loaded model info: touhou_little_maid:luna_child
[148月2026 10:34:02.031] [main/DEBUG] [touhou_little_maid/ServerCustomPackLoader]: Loaded model info: touhou_little_maid:star_sapphire
[148月2026 10:34:02.031] [main/DEBUG] [touhou_little_maid/ServerCustomPackLoader]: Loaded model info: touhou_little_maid:watatsuki_no_toyohime
[148月2026 10:34:02.031] [main/DEBUG] [touhou_little_maid/ServerCustomPackLoader]: Loaded model info: touhou_little_maid:watatsuki_no_yorihime
[148月2026 10:34:02.032] [main/DEBUG] [touhou_little_maid/ServerCustomPackLoader]: Loaded model info: touhou_little_maid:reisen
[148月2026 10:34:02.032] [main/DEBUG] [touhou_little_maid/ServerCustomPackLoader]: Loaded model info: touhou_little_maid:hieda_no_akyuu
[148月2026 10:34:02.032] [main/DEBUG] [touhou_little_maid/ServerCustomPackLoader]: Loaded model info: touhou_little_maid:ibaraki_kasen
[148月2026 10:34:02.032] [main/DEBUG] [touhou_little_maid/ServerCustomPackLoader]: Loaded model info: touhou_little_maid:ibaraki_kasen_2
[148月2026 10:34:02.032] [main/DEBUG] [touhou_little_maid/ServerCustomPackLoader]: Loaded model info: touhou_little_maid:motoori_kosuzu
[148月2026 10:34:02.032] [main/DEBUG] [touhou_little_maid/ServerCustomPackLoader]: Loaded model info: touhou_little_maid:miyadeguchi_mizuchi
[148月2026 10:34:02.032] [main/DEBUG] [touhou_little_maid/ServerCustomPackLoader]: Loaded model info: touhou_little_maid:miyoi_okunoda
[148月2026 10:34:02.032] [main/DEBUG] [touhou_little_maid/ServerCustomPackLoader]: Loaded model info: touhou_little_maid:usami_renko
[148月2026 10:34:02.032] [main/DEBUG] [touhou_little_maid/ServerCustomPackLoader]: Loaded model info: touhou_little_maid:maribel_hearn
[148月2026 10:34:02.032] [main/DEBUG] [touhou_little_maid/ServerCustomPackLoader]: Loaded model info: touhou_little_maid:satsuki_rin
[148月2026 10:34:02.032] [main/DEBUG] [touhou_little_maid/ServerCustomPackLoader]: Touhou little maid mod's model is loaded
[148月2026 10:34:02.032] [main/DEBUG] [touhou_little_maid/ServerCustomPackLoader]: Touhou little maid mod's model is loading...
[148月2026 10:34:02.036] [main/DEBUG] [touhou_little_maid/ServerCustomPackLoader]: Loaded model info: touhou_little_maid:cushion
[148月2026 10:34:02.036] [main/DEBUG] [touhou_little_maid/ServerCustomPackLoader]: Loaded model info: touhou_little_maid:class_desk
[148月2026 10:34:02.036] [main/DEBUG] [touhou_little_maid/ServerCustomPackLoader]: Loaded model info: touhou_little_maid:class_chair
[148月2026 10:34:02.036] [main/DEBUG] [touhou_little_maid/ServerCustomPackLoader]: Loaded model info: touhou_little_maid:kotatsu
[148月2026 10:34:02.036] [main/DEBUG] [touhou_little_maid/ServerCustomPackLoader]: Loaded model info: touhou_little_maid:play_station
[148月2026 10:34:02.036] [main/DEBUG] [touhou_little_maid/ServerCustomPackLoader]: Loaded model info: touhou_little_maid:tall_stool
[148月2026 10:34:02.036] [main/DEBUG] [touhou_little_maid/ServerCustomPackLoader]: Loaded model info: touhou_little_maid:low_stool
[148月2026 10:34:02.036] [main/DEBUG] [touhou_little_maid/ServerCustomPackLoader]: Loaded model info: touhou_little_maid:barbecue_booth
[148月2026 10:34:02.036] [main/DEBUG] [touhou_little_maid/ServerCustomPackLoader]: Loaded model info: touhou_little_maid:barbecue_booth_2
[148月2026 10:34:02.037] [main/DEBUG] [touhou_little_maid/ServerCustomPackLoader]: Loaded model info: touhou_little_maid:long_stool
[148月2026 10:34:02.037] [main/DEBUG] [touhou_little_maid/ServerCustomPackLoader]: Loaded model info: touhou_little_maid:square_table
[148月2026 10:34:02.037] [main/DEBUG] [touhou_little_maid/ServerCustomPackLoader]: Loaded model info: touhou_little_maid:mahjong_table
[148月2026 10:34:02.037] [main/DEBUG] [touhou_little_maid/ServerCustomPackLoader]: Loaded model info: touhou_little_maid:beach_chair
[148月2026 10:34:02.037] [main/DEBUG] [touhou_little_maid/ServerCustomPackLoader]: Loaded model info: touhou_little_maid:parasol
[148月2026 10:34:02.037] [main/DEBUG] [touhou_little_maid/ServerCustomPackLoader]: Loaded model info: touhou_little_maid:water_wheel
[148月2026 10:34:02.037] [main/DEBUG] [touhou_little_maid/ServerCustomPackLoader]: Loaded model info: touhou_little_maid:saisen_bako
[148月2026 10:34:02.037] [main/DEBUG] [touhou_little_maid/ServerCustomPackLoader]: Loaded model info: touhou_little_maid:well
[148月2026 10:34:02.037] [main/DEBUG] [touhou_little_maid/ServerCustomPackLoader]: Loaded model info: touhou_little_maid:torii
[148月2026 10:34:02.037] [main/DEBUG] [touhou_little_maid/ServerCustomPackLoader]: Loaded model info: touhou_little_maid:torii_2
[148月2026 10:34:02.037] [main/DEBUG] [touhou_little_maid/ServerCustomPackLoader]: Loaded model info: touhou_little_maid:torii_3
[148月2026 10:34:02.037] [main/DEBUG] [touhou_little_maid/ServerCustomPackLoader]: Loaded model info: touhou_little_maid:ema
[148月2026 10:34:02.037] [main/DEBUG] [touhou_little_maid/ServerCustomPackLoader]: Loaded model info: touhou_little_maid:anti_collision_bucket
[148月2026 10:34:02.037] [main/DEBUG] [touhou_little_maid/ServerCustomPackLoader]: Loaded model info: touhou_little_maid:park_bench
[148月2026 10:34:02.037] [main/DEBUG] [touhou_little_maid/ServerCustomPackLoader]: Loaded model info: touhou_little_maid:rinnosuke_children_toys
[148月2026 10:34:02.037] [main/DEBUG] [touhou_little_maid/ServerCustomPackLoader]: Loaded model info: touhou_little_maid:moto
[148月2026 10:34:02.037] [main/DEBUG] [touhou_little_maid/ServerCustomPackLoader]: Loaded model info: touhou_little_maid:bowl
[148月2026 10:34:02.037] [main/DEBUG] [touhou_little_maid/ServerCustomPackLoader]: Loaded model info: touhou_little_maid:lucky_cat_2m
[148月2026 10:34:02.037] [main/DEBUG] [touhou_little_maid/ServerCustomPackLoader]: Loaded model info: touhou_little_maid:yumemi_strawberry_milk
[148月2026 10:34:02.037] [main/DEBUG] [touhou_little_maid/ServerCustomPackLoader]: Loaded model info: touhou_little_maid:crystalizedsuns_moms_tombstone
[148月2026 10:34:02.037] [main/DEBUG] [touhou_little_maid/ServerCustomPackLoader]: Loaded model info: touhou_little_maid:legendary_pig_man
[148月2026 10:34:02.037] [main/DEBUG] [touhou_little_maid/ServerCustomPackLoader]: Loaded model info: touhou_little_maid:head_of_academycraft
[148月2026 10:34:02.037] [main/DEBUG] [touhou_little_maid/ServerCustomPackLoader]: Loaded model info: touhou_little_maid:fogg05
[148月2026 10:34:02.037] [main/DEBUG] [touhou_little_maid/ServerCustomPackLoader]: Loaded model info: touhou_little_maid:native_drum
[148月2026 10:34:02.038] [main/DEBUG] [touhou_little_maid/ServerCustomPackLoader]: Touhou little maid mod's model is loaded
[148月2026 10:34:02.038] [main/DEBUG] [touhou_little_maid/ServerCustomPackLoader]: Touhou little maid mod's model is loading...
[148月2026 10:34:02.039] [main/DEBUG] [touhou_little_maid/ServerCustomPackLoader]: Loaded model info: touhou_little_maid_old:reimu_hakurei
[148月2026 10:34:02.039] [main/DEBUG] [touhou_little_maid/ServerCustomPackLoader]: Loaded model info: touhou_little_maid_old:singyoku2
[148月2026 10:34:02.039] [main/DEBUG] [touhou_little_maid/ServerCustomPackLoader]: Loaded model info: touhou_little_maid_old:singyoku3
[148月2026 10:34:02.039] [main/DEBUG] [touhou_little_maid/ServerCustomPackLoader]: Loaded model info: touhou_little_maid_old:mima
[148月2026 10:34:02.039] [main/DEBUG] [touhou_little_maid/ServerCustomPackLoader]: Loaded model info: touhou_little_maid_old:kikuri
[148月2026 10:34:02.039] [main/DEBUG] [touhou_little_maid/ServerCustomPackLoader]: Loaded model info: touhou_little_maid_old:konngara
[148月2026 10:34:02.040] [main/DEBUG] [touhou_little_maid/ServerCustomPackLoader]: Loaded model info: touhou_little_maid_old:yuugen_magan
[148月2026 10:34:02.040] [main/DEBUG] [touhou_little_maid/ServerCustomPackLoader]: Loaded model info: touhou_little_maid_old:elis
[148月2026 10:34:02.040] [main/DEBUG] [touhou_little_maid/ServerCustomPackLoader]: Loaded model info: touhou_little_maid_old:sariel
[148月2026 10:34:02.040] [main/DEBUG] [touhou_little_maid/ServerCustomPackLoader]: Loaded model info: touhou_little_maid_old:genjii
[148月2026 10:34:02.040] [main/DEBUG] [touhou_little_maid/ServerCustomPackLoader]: Loaded model info: touhou_little_maid_old:rika
[148月2026 10:34:02.040] [main/DEBUG] [touhou_little_maid/ServerCustomPackLoader]: Loaded model info: touhou_little_maid_old:meira
[148月2026 10:34:02.040] [main/DEBUG] [touhou_little_maid/ServerCustomPackLoader]: Loaded model info: touhou_little_maid_old:kirisame_marisa
[148月2026 10:34:02.040] [main/DEBUG] [touhou_little_maid/ServerCustomPackLoader]: Loaded model info: touhou_little_maid_old:ellen
[148月2026 10:34:02.040] [main/DEBUG] [touhou_little_maid/ServerCustomPackLoader]: Loaded model info: touhou_little_maid_old:kotohime
[148月2026 10:34:02.040] [main/DEBUG] [touhou_little_maid/ServerCustomPackLoader]: Loaded model info: touhou_little_maid_old:kana_anaberal
[148月2026 10:34:02.040] [main/DEBUG] [touhou_little_maid/ServerCustomPackLoader]: Loaded model info: touhou_little_maid_old:rikako_asakura
[148月2026 10:34:02.040] [main/DEBUG] [touhou_little_maid/ServerCustomPackLoader]: Loaded model info: touhou_little_maid_old:chiyuri_kitashirakawa
[148月2026 10:34:02.040] [main/DEBUG] [touhou_little_maid/ServerCustomPackLoader]: Loaded model info: touhou_little_maid_old:yumemi_okazaki
[148月2026 10:34:02.040] [main/DEBUG] [touhou_little_maid/ServerCustomPackLoader]: Loaded model info: touhou_little_maid_old:orange
[148月2026 10:34:02.040] [main/DEBUG] [touhou_little_maid/ServerCustomPackLoader]: Loaded model info: touhou_little_maid_old:kurumi
[148月2026 10:34:02.040] [main/DEBUG] [touhou_little_maid/ServerCustomPackLoader]: Loaded model info: touhou_little_maid_old:elly
[148月2026 10:34:02.040] [main/DEBUG] [touhou_little_maid/ServerCustomPackLoader]: Loaded model info: touhou_little_maid_old:yuuka_old
[148月2026 10:34:02.040] [main/DEBUG] [touhou_little_maid/ServerCustomPackLoader]: Loaded model info: touhou_little_maid_old:mugetsu
[148月2026 10:34:02.040] [main/DEBUG] [touhou_little_maid/ServerCustomPackLoader]: Loaded model info: touhou_little_maid_old:gengetsu
[148月2026 10:34:02.040] [main/DEBUG] [touhou_little_maid/ServerCustomPackLoader]: Loaded model info: touhou_little_maid_old:sara
[148月2026 10:34:02.040] [main/DEBUG] [touhou_little_maid/ServerCustomPackLoader]: Loaded model info: touhou_little_maid_old:louise
[148月2026 10:34:02.040] [main/DEBUG] [touhou_little_maid/ServerCustomPackLoader]: Loaded model info: touhou_little_maid_old:alice
[148月2026 10:34:02.040] [main/DEBUG] [touhou_little_maid/ServerCustomPackLoader]: Loaded model info: touhou_little_maid_old:yuki
[148月2026 10:34:02.040] [main/DEBUG] [touhou_little_maid/ServerCustomPackLoader]: Loaded model info: touhou_little_maid_old:mai
[148月2026 10:34:02.040] [main/DEBUG] [touhou_little_maid/ServerCustomPackLoader]: Loaded model info: touhou_little_maid_old:yumeko
[148月2026 10:34:02.040] [main/DEBUG] [touhou_little_maid/ServerCustomPackLoader]: Loaded model info: touhou_little_maid_old:shinki
[148月2026 10:34:02.040] [main/DEBUG] [touhou_little_maid/ServerCustomPackLoader]: Loaded model info: touhou_little_maid_old:ruukoto
[148月2026 10:34:02.040] [main/DEBUG] [touhou_little_maid/ServerCustomPackLoader]: Loaded model info: touhou_little_maid_old:trump_king
[148月2026 10:34:02.040] [main/DEBUG] [touhou_little_maid/ServerCustomPackLoader]: Touhou little maid mod's model is loaded
[148月2026 10:34:02.040] [main/DEBUG] [touhou_little_maid/ServerCustomPackLoader]: Touhou little maid mod's model is loading...
[148月2026 10:34:02.040] [main/DEBUG] [touhou_little_maid/ServerCustomPackLoader]: Touhou little maid mod's model is loading...
[148月2026 10:34:02.044] [main/DEBUG] [touhou_little_maid/ServerCustomPackLoader]: Loaded model info: touhou_little_maid_seihou:vivit
[148月2026 10:34:02.044] [main/DEBUG] [touhou_little_maid/ServerCustomPackLoader]: Loaded model info: touhou_little_maid_seihou:vivit_2
[148月2026 10:34:02.044] [main/DEBUG] [touhou_little_maid/ServerCustomPackLoader]: Loaded model info: touhou_little_maid_seihou:milia
[148月2026 10:34:02.044] [main/DEBUG] [touhou_little_maid/ServerCustomPackLoader]: Loaded model info: touhou_little_maid_seihou:mei
[148月2026 10:34:02.044] [main/DEBUG] [touhou_little_maid/ServerCustomPackLoader]: Loaded model info: touhou_little_maid_seihou:mai
[148月2026 10:34:02.045] [main/DEBUG] [touhou_little_maid/ServerCustomPackLoader]: Touhou little maid mod's model is loaded
[148月2026 10:34:02.050] [main/DEBUG] [touhou_little_maid/ServerCustomPackLoader]: Touhou little maid mod's model is loading...
[148月2026 10:34:02.120] [main/INFO] [eftlm_stylish/]: [DIAG] MaidSkillBuildEvent registered: stylish_combat (tab=ef_tlm:skills)
[148月2026 10:34:02.133] [Forge Version Check/INFO] [net.minecraftforge.fml.VersionChecker/]: [player_mobs] Starting version check at https://raw.githubusercontent.com/GoryMoon/PlayerMobs/update/versions.json
[148月2026 10:34:02.610] [Forge Version Check/WARN] [net.minecraftforge.fml.VersionChecker/]: Failed to process update information
javax.net.ssl.SSLHandshakeException: PKIX path building failed: sun.security.provider.certpath.SunCertPathBuilderException: unable to find valid certification path to requested target
	at jdk.internal.net.http.HttpClientImpl.send(HttpClientImpl.java:578) ~[java.net.http:?]
	at jdk.internal.net.http.HttpClientFacade.send(HttpClientFacade.java:123) ~[java.net.http:?]
	at net.minecraftforge.fml.VersionChecker$1.openUrlString(VersionChecker.java:142) ~[fmlcore-1.20.1-47.4.13.jar%23132!/:?]
	at net.minecraftforge.fml.VersionChecker$1.process(VersionChecker.java:180) ~[fmlcore-1.20.1-47.4.13.jar%23132!/:?]
	at java.lang.Iterable.forEach(Iterable.java:75) ~[?:?]
	at net.minecraftforge.fml.VersionChecker$1.run(VersionChecker.java:117) ~[fmlcore-1.20.1-47.4.13.jar%23132!/:?]
Caused by: javax.net.ssl.SSLHandshakeException: PKIX path building failed: sun.security.provider.certpath.SunCertPathBuilderException: unable to find valid certification path to requested target
	at sun.security.ssl.Alert.createSSLException(Alert.java:131) ~[?:?]
	at sun.security.ssl.TransportContext.fatal(TransportContext.java:378) ~[?:?]
	at sun.security.ssl.TransportContext.fatal(TransportContext.java:321) ~[?:?]
	at sun.security.ssl.TransportContext.fatal(TransportContext.java:316) ~[?:?]
	at sun.security.ssl.CertificateMessage$T13CertificateConsumer.checkServerCerts(CertificateMessage.java:1351) ~[?:?]
	at sun.security.ssl.CertificateMessage$T13CertificateConsumer.onConsumeCertificate(CertificateMessage.java:1226) ~[?:?]
	at sun.security.ssl.CertificateMessage$T13CertificateConsumer.consume(CertificateMessage.java:1169) ~[?:?]
	at sun.security.ssl.SSLHandshake.consume(SSLHandshake.java:396) ~[?:?]
	at sun.security.ssl.HandshakeContext.dispatch(HandshakeContext.java:480) ~[?:?]
	at sun.security.ssl.SSLEngineImpl$DelegatedTask$DelegatedAction.run(SSLEngineImpl.java:1277) ~[?:?]
	at sun.security.ssl.SSLEngineImpl$DelegatedTask$DelegatedAction.run(SSLEngineImpl.java:1264) ~[?:?]
	at java.security.AccessController.doPrivileged(AccessController.java:712) ~[?:?]
	at sun.security.ssl.SSLEngineImpl$DelegatedTask.run(SSLEngineImpl.java:1209) ~[?:?]
	at java.util.ArrayList.forEach(ArrayList.java:1511) ~[?:?]
	at jdk.internal.net.http.common.SSLFlowDelegate.lambda$executeTasks$3(SSLFlowDelegate.java:1118) ~[java.net.http:?]
	at jdk.internal.net.http.HttpClientImpl$DelegatingExecutor.execute(HttpClientImpl.java:157) ~[java.net.http:?]
	at jdk.internal.net.http.common.SSLFlowDelegate.executeTasks(SSLFlowDelegate.java:1113) ~[java.net.http:?]
	at jdk.internal.net.http.common.SSLFlowDelegate.doHandshake(SSLFlowDelegate.java:1079) ~[java.net.http:?]
	at jdk.internal.net.http.common.SSLFlowDelegate$Reader.processData(SSLFlowDelegate.java:484) ~[java.net.http:?]
	at jdk.internal.net.http.common.SSLFlowDelegate$Reader$ReaderDownstreamPusher.run(SSLFlowDelegate.java:268) ~[java.net.http:?]
	at jdk.internal.net.http.common.SequentialScheduler$LockingRestartableTask.run(SequentialScheduler.java:205) ~[java.net.http:?]
	at jdk.internal.net.http.common.SequentialScheduler$CompleteRestartableTask.run(SequentialScheduler.java:149) ~[java.net.http:?]
	at jdk.internal.net.http.common.SequentialScheduler$TryEndDeferredCompleter.complete(SequentialScheduler.java:347) ~[java.net.http:?]
	at jdk.internal.net.http.common.SequentialScheduler$CompleteRestartableTask.run(SequentialScheduler.java:151) ~[java.net.http:?]
	at jdk.internal.net.http.common.SequentialScheduler$SchedulableTask.run(SequentialScheduler.java:230) ~[java.net.http:?]
	at java.util.concurrent.ThreadPoolExecutor.runWorker(ThreadPoolExecutor.java:1136) ~[?:?]
	at java.util.concurrent.ThreadPoolExecutor$Worker.run(ThreadPoolExecutor.java:635) ~[?:?]
	at java.lang.Thread.run(Thread.java:842) ~[?:?]
Caused by: sun.security.validator.ValidatorException: PKIX path building failed: sun.security.provider.certpath.SunCertPathBuilderException: unable to find valid certification path to requested target
	at sun.security.validator.PKIXValidator.doBuild(PKIXValidator.java:439) ~[?:?]
	at sun.security.validator.PKIXValidator.engineValidate(PKIXValidator.java:306) ~[?:?]
	at sun.security.validator.Validator.validate(Validator.java:264) ~[?:?]
	at sun.security.ssl.X509TrustManagerImpl.checkTrusted(X509TrustManagerImpl.java:285) ~[?:?]
	at sun.security.ssl.X509TrustManagerImpl.checkServerTrusted(X509TrustManagerImpl.java:144) ~[?:?]
	at sun.security.ssl.CertificateMessage$T13CertificateConsumer.checkServerCerts(CertificateMessage.java:1329) ~[?:?]
	at sun.security.ssl.CertificateMessage$T13CertificateConsumer.onConsumeCertificate(CertificateMessage.java:1226) ~[?:?]
	at sun.security.ssl.CertificateMessage$T13CertificateConsumer.consume(CertificateMessage.java:1169) ~[?:?]
	at sun.security.ssl.SSLHandshake.consume(SSLHandshake.java:396) ~[?:?]
	at sun.security.ssl.HandshakeContext.dispatch(HandshakeContext.java:480) ~[?:?]
	at sun.security.ssl.SSLEngineImpl$DelegatedTask$DelegatedAction.run(SSLEngineImpl.java:1277) ~[?:?]
	at sun.security.ssl.SSLEngineImpl$DelegatedTask$DelegatedAction.run(SSLEngineImpl.java:1264) ~[?:?]
	at java.security.AccessController.doPrivileged(AccessController.java:712) ~[?:?]
	at sun.security.ssl.SSLEngineImpl$DelegatedTask.run(SSLEngineImpl.java:1209) ~[?:?]
	at java.util.ArrayList.forEach(ArrayList.java:1511) ~[?:?]
	at jdk.internal.net.http.common.SSLFlowDelegate.lambda$executeTasks$3(SSLFlowDelegate.java:1118) ~[java.net.http:?]
	at jdk.internal.net.http.HttpClientImpl$DelegatingExecutor.execute(HttpClientImpl.java:157) ~[java.net.http:?]
	at jdk.internal.net.http.common.SSLFlowDelegate.executeTasks(SSLFlowDelegate.java:1113) ~[java.net.http:?]
	at jdk.internal.net.http.common.SSLFlowDelegate.doHandshake(SSLFlowDelegate.java:1079) ~[java.net.http:?]
	at jdk.internal.net.http.common.SSLFlowDelegate$Reader.processData(SSLFlowDelegate.java:484) ~[java.net.http:?]
	at jdk.internal.net.http.common.SSLFlowDelegate$Reader$ReaderDownstreamPusher.run(SSLFlowDelegate.java:268) ~[java.net.http:?]
	at jdk.internal.net.http.common.SequentialScheduler$LockingRestartableTask.run(SequentialScheduler.java:205) ~[java.net.http:?]
	at jdk.internal.net.http.common.SequentialScheduler$CompleteRestartableTask.run(SequentialScheduler.java:149) ~[java.net.http:?]
	at jdk.internal.net.http.common.SequentialScheduler$TryEndDeferredCompleter.complete(SequentialScheduler.java:347) ~[java.net.http:?]
	at jdk.internal.net.http.common.SequentialScheduler$CompleteRestartableTask.run(SequentialScheduler.java:151) ~[java.net.http:?]
	at jdk.internal.net.http.common.SequentialScheduler$SchedulableTask.run(SequentialScheduler.java:230) ~[java.net.http:?]
	at java.util.concurrent.ThreadPoolExecutor.runWorker(ThreadPoolExecutor.java:1136) ~[?:?]
	at java.util.concurrent.ThreadPoolExecutor$Worker.run(ThreadPoolExecutor.java:635) ~[?:?]
	at java.lang.Thread.run(Thread.java:842) ~[?:?]
Caused by: sun.security.provider.certpath.SunCertPathBuilderException: unable to find valid certification path to requested target
	at sun.security.provider.certpath.SunCertPathBuilder.build(SunCertPathBuilder.java:148) ~[?:?]
	at sun.security.provider.certpath.SunCertPathBuilder.engineBuild(SunCertPathBuilder.java:129) ~[?:?]
	at java.security.cert.CertPathBuilder.build(CertPathBuilder.java:297) ~[?:?]
	at sun.security.validator.PKIXValidator.doBuild(PKIXValidator.java:434) ~[?:?]
	at sun.security.validator.PKIXValidator.engineValidate(PKIXValidator.java:306) ~[?:?]
	at sun.security.validator.Validator.validate(Validator.java:264) ~[?:?]
	at sun.security.ssl.X509TrustManagerImpl.checkTrusted(X509TrustManagerImpl.java:285) ~[?:?]
	at sun.security.ssl.X509TrustManagerImpl.checkServerTrusted(X509TrustManagerImpl.java:144) ~[?:?]
	at sun.security.ssl.CertificateMessage$T13CertificateConsumer.checkServerCerts(CertificateMessage.java:1329) ~[?:?]
	at sun.security.ssl.CertificateMessage$T13CertificateConsumer.onConsumeCertificate(CertificateMessage.java:1226) ~[?:?]
	at sun.security.ssl.CertificateMessage$T13CertificateConsumer.consume(CertificateMessage.java:1169) ~[?:?]
	at sun.security.ssl.SSLHandshake.consume(SSLHandshake.java:396) ~[?:?]
	at sun.security.ssl.HandshakeContext.dispatch(HandshakeContext.java:480) ~[?:?]
	at sun.security.ssl.SSLEngineImpl$DelegatedTask$DelegatedAction.run(SSLEngineImpl.java:1277) ~[?:?]
	at sun.security.ssl.SSLEngineImpl$DelegatedTask$DelegatedAction.run(SSLEngineImpl.java:1264) ~[?:?]
	at java.security.AccessController.doPrivileged(AccessController.java:712) ~[?:?]
	at sun.security.ssl.SSLEngineImpl$DelegatedTask.run(SSLEngineImpl.java:1209) ~[?:?]
	at java.util.ArrayList.forEach(ArrayList.java:1511) ~[?:?]
	at jdk.internal.net.http.common.SSLFlowDelegate.lambda$executeTasks$3(SSLFlowDelegate.java:1118) ~[java.net.http:?]
	at jdk.internal.net.http.HttpClientImpl$DelegatingExecutor.execute(HttpClientImpl.java:157) ~[java.net.http:?]
	at jdk.internal.net.http.common.SSLFlowDelegate.executeTasks(SSLFlowDelegate.java:1113) ~[java.net.http:?]
	at jdk.internal.net.http.common.SSLFlowDelegate.doHandshake(SSLFlowDelegate.java:1079) ~[java.net.http:?]
	at jdk.internal.net.http.common.SSLFlowDelegate$Reader.processData(SSLFlowDelegate.java:484) ~[java.net.http:?]
	at jdk.internal.net.http.common.SSLFlowDelegate$Reader$ReaderDownstreamPusher.run(SSLFlowDelegate.java:268) ~[java.net.http:?]
	at jdk.internal.net.http.common.SequentialScheduler$LockingRestartableTask.run(SequentialScheduler.java:205) ~[java.net.http:?]
	at jdk.internal.net.http.common.SequentialScheduler$CompleteRestartableTask.run(SequentialScheduler.java:149) ~[java.net.http:?]
	at jdk.internal.net.http.common.SequentialScheduler$TryEndDeferredCompleter.complete(SequentialScheduler.java:347) ~[java.net.http:?]
	at jdk.internal.net.http.common.SequentialScheduler$CompleteRestartableTask.run(SequentialScheduler.java:151) ~[java.net.http:?]
	at jdk.internal.net.http.common.SequentialScheduler$SchedulableTask.run(SequentialScheduler.java:230) ~[java.net.http:?]
	at java.util.concurrent.ThreadPoolExecutor.runWorker(ThreadPoolExecutor.java:1136) ~[?:?]
	at java.util.concurrent.ThreadPoolExecutor$Worker.run(ThreadPoolExecutor.java:635) ~[?:?]
	at java.lang.Thread.run(Thread.java:842) ~[?:?]
[148月2026 10:34:02.615] [Forge Version Check/INFO] [net.minecraftforge.fml.VersionChecker/]: [forge] Starting version check at https://files.minecraftforge.net/net/minecraftforge/forge/promotions_slim.json
[148月2026 10:34:02.959] [main/DEBUG] [com.merlin204.avalon.main.AvalonMOD/]: Avalon自动注册 EntityPatch: epic_fight_avalon:animation_texture_vfx -> VFXEntityPatch
[148月2026 10:34:02.959] [main/DEBUG] [com.merlin204.avalon.main.AvalonMOD/]: Avalon自动注册 EntityPatch: epic_fight_avalon:shake_wave -> VFXEntityPatch
[148月2026 10:34:02.959] [main/DEBUG] [com.merlin204.avalon.main.AvalonMOD/]: Avalon自动注册 EntityPatch: epic_fight_avalon:vfx -> VFXEntityPatch
[148月2026 10:34:02.976] [main/DEBUG] [net.minecraftforge.fml.DeferredWorkQueue/LOADING]: Synchronous work queue completed in 1.263 s
[148月2026 10:34:02.983] [main/DEBUG] [net.minecraftforge.fml.DeferredWorkQueue/LOADING]: Dispatching synchronous work for work queue ENQUEUE_IMC: 9 jobs
[148月2026 10:34:02.996] [main/DEBUG] [net.minecraftforge.fml.DeferredWorkQueue/LOADING]: Synchronous work queue completed in 12.38 ms
[148月2026 10:34:03.000] [main/DEBUG] [net.minecraftforge.fml.DeferredWorkQueue/LOADING]: Dispatching synchronous work for work queue COMPLETE: 1 jobs
[148月2026 10:34:03.008] [main/DEBUG] [net.minecraftforge.fml.DeferredWorkQueue/LOADING]: Synchronous work queue completed in 7.355 ms
[148月2026 10:34:03.833] [Forge Version Check/DEBUG] [net.minecraftforge.fml.VersionChecker/]: [forge] Received version check data:
{
  "homepage": "https://files.minecraftforge.net/net/minecraftforge/forge/",
  "promos": {
    "1.1-latest": "1.3.4.29",
    "1.2.3-latest": "1.4.1.64",
    "1.2.4-latest": "2.0.0.68",
    "1.2.5-latest": "3.4.9.171",
    "1.3.2-latest": "4.3.5.318",
    "1.4.0-latest": "5.0.0.326",
    "1.4.1-latest": "6.0.0.329",
    "1.4.2-latest": "6.0.1.355",
    "1.4.3-latest": "6.2.1.358",
    "1.4.4-latest": "6.3.0.378",
    "1.4.5-latest": "6.4.2.448",
    "1.4.6-latest": "6.5.0.489",
    "1.4.7-latest": "6.6.2.534",
    "1.5-latest": "7.7.0.598",
    "1.5.1-latest": "7.7.2.682",
    "1.5.2-latest": "7.8.1.738",
    "1.5.2-recommended": "7.8.1.738",
    "1.6.1-latest": "8.9.0.775",
    "1.6.2-latest": "9.10.1.871",
    "1.6.2-recommended": "9.10.1.871",
    "1.6.3-latest": "9.11.0.878",
    "1.6.4-latest": "9.11.1.1345",
    "1.6.4-recommended": "9.11.1.1345",
    "1.7.2-latest": "10.12.2.1161",
    "1.7.2-recommended": "10.12.2.1161",
    "1.7.10-latest": "10.13.4.1614",
    "1.7.10-recommended": "10.13.4.1614",
    "1.8-latest": "11.14.4.1577",
    "1.8-recommended": "11.14.4.1563",
    "1.8.8-latest": "11.15.0.1655",
    "1.8.9-latest": "11.15.1.2318",
    "1.8.9-recommended": "11.15.1.2318",
    "1.9-latest": "12.16.1.1938",
    "1.9-recommended": "12.16.1.1887",
    "1.9.4-latest": "12.17.0.2317",
    "1.9.4-recommended": "12.17.0.2317",
    "1.10-latest": "12.18.0.2000",
    "1.10.2-latest": "12.18.3.2511",
    "1.10.2-recommended": "12.18.3.2511",
    "1.11-latest": "13.19.1.2199",
    "1.11-recommended": "13.19.1.2189",
    "1.11.2-latest": "13.20.1.2588",
    "1.11.2-recommended": "13.20.1.2588",
    "1.12-latest": "14.21.1.2443",
    "1.12-recommended": "14.21.1.2387",
    "1.12.1-latest": "14.22.1.2485",
    "1.12.1-recommended": "14.22.1.2478",
    "1.12.2-latest": "14.23.5.2864",
    "1.12.2-recommended": "14.23.5.2859",
    "1.13.2-latest": "25.0.223",
    "1.14.2-latest": "26.0.63",
    "1.14.3-latest": "27.0.60",
    "1.14.4-latest": "28.2.30",
    "1.14.4-recommended": "28.2.26",
    "1.15-latest": "29.0.4",
    "1.15.1-latest": "30.0.51",
    "1.15.2-latest": "31.2.62",
    "1.15.2-recommended": "31.2.57",
    "1.16.1-latest": "32.0.108",
    "1.16.2-latest": "33.0.61",
    "1.16.3-latest": "34.1.42",
    "1.16.3-recommended": "34.1.0",
    "1.16.4-latest": "35.1.37",
    "1.16.4-recommended": "35.1.4",
    "1.16.5-latest": "36.2.42",
    "1.16.5-recommended": "36.2.34",
    "1.17.1-latest": "37.1.1",
    "1.17.1-recommended": "37.1.1",
    "1.18-latest": "38.0.17",
    "1.18.1-latest": "39.1.2",
    "1.18.1-recommended": "39.1.0",
    "1.18.2-recommended": "40.3.0",
    "1.18.2-latest": "40.3.12",
    "1.19-latest": "41.1.0",
    "1.19-recommended": "41.1.0",
    "1.19.1-latest": "42.0.9",
    "1.19.2-recommended": "43.5.0",
    "1.19.2-latest": "43.5.2",
    "1.19.3-latest": "44.1.23",
    "1.19.3-recommended": "44.1.0",
    "1.19.4-recommended": "45.4.0",
    "1.19.4-latest": "45.4.3",
    "1.20-latest": "46.0.14",
    "1.20.1-recommended": "47.4.10",
    "1.20.1-latest": "47.4.22",
    "1.20.2-latest": "48.1.0",
    "1.20.2-recommended": "48.1.0",
    "1.20.3-latest": "49.0.2",
    "1.20.4-latest": "49.2.8",
    "1.20.4-recommended": "49.2.0",
    "1.20.6-latest": "50.2.10",
    "1.20.6-recommended": "50.2.0",
    "1.21-latest": "51.0.33",
    "1.21.1-latest": "52.1.16",
    "1.21.1-recommended": "52.1.0",
    "1.21.3-latest": "53.1.12",
    "1.21.3-recommended": "53.1.0",
    "1.21.4-latest": "54.1.18",
    "1.21.4-recommended": "54.1.14",
    "1.21.5-latest": "55.1.12",
    "1.21.5-recommended": "55.1.0",
    "1.21.6-latest": "56.0.9",
    "1.21.7-latest": "57.0.3",
    "1.21.8-latest": "58.1.21",
    "1.21.8-recommended": "58.1.0",
    "1.21.9-latest": "59.0.5",
    "1.21.10-latest": "60.1.14",
    "1.21.10-recommended": "60.1.0",
    "1.21.11-latest": "61.2.1",
    "1.21.11-recommended": "61.2.0",
    "26.1-latest": "62.0.9",
    "26.1.1-latest": "63.0.2",
    "26.1.2-latest": "64.1.1",
    "26.1.2-recommended": "64.1.0",
    "26.2-latest": "65.1.1",
    "26.2-recommended": "65.1.0"
  }
}
[148月2026 10:34:03.837] [Forge Version Check/INFO] [net.minecraftforge.fml.VersionChecker/]: [forge] Found status: OUTDATED Current: 47.4.13 Target: 47.4.22
[148月2026 10:34:05.130] [main/INFO] [epicfight/]: Data keys [invincible:left, invincible:up, invincible:down, invincible:parry_timer, invincible:cooldown, invincible:dodge_success_timer, invincible:right] for invincible:combo_demo
[148月2026 10:34:05.132] [main/INFO] [epicfight/]: Data keys [epicfight:combo_counter, epicfight:basic_attack_active] for epicfight:basic_attack
[148月2026 10:34:05.135] [main/INFO] [epicfight/]: Data keys [epicfight:penalty_restore_counter, epicfight:penalty] for epicfight:guard
[148月2026 10:34:05.136] [main/INFO] [epicfight/]: Data keys [epicfight:penalty_restore_counter, epicfight:penalty, epicfight:parry_motion_counter, epicfight:last_active] for epicfight:parrying
[148月2026 10:34:05.203] [main/INFO] [epicfight/]: Data keys [epicfight:penalty_restore_counter, epicfight:penalty] for epicfight:impact_guard
[148月2026 10:34:05.273] [main/INFO] [epicfight/]: Data keys [epicfight:stacks, epicfight:resisting_damage_type, epicfight:tick_record] for epicfight:adaptive_skin
[148月2026 10:34:05.275] [main/INFO] [epicfight/]: Data keys [epicfight:tick_record] for epicfight:adrenaline_fiend
[148月2026 10:34:05.288] [main/INFO] [epicfight/]: Data keys [epicfight:entity_id, epicfight:stacks] for epicfight:bonebreaker
[148月2026 10:34:05.290] [main/INFO] [epicfight/]: Data keys [epicfight:entity_id, epicfight:tick_record] for epicfight:vengeance
[148月2026 10:34:05.294] [main/INFO] [epicfight/]: Data keys [epicfight:slam_protect_next_fall, epicfight:fall_distance] for epicfight:meteor_slam
[148月2026 10:34:05.295] [main/INFO] [epicfight/]: Data keys [epicfight:stacks] for epicfight:revelation
[148月2026 10:34:05.337] [main/INFO] [epicfight/]: Data keys [epicfight:slam_protect_next_fall] for epicfight:demolition_leap
[148月2026 10:34:05.355] [main/INFO] [epicfight/]: Data keys [epicfight:jump_key_pressed_last_tick, epicfight:jump_count, epicfight:slam_protect_next_fall] for epicfight:phantom_ascent
[148月2026 10:34:05.373] [main/INFO] [epicfight/]: Data keys [epicfight:last_hit_count] for epicfight:grasping_spire
[148月2026 10:34:05.381] [main/INFO] [epicfight/]: Data keys [epicfight:sheath] for epicfight:battojutsu_passive
[148月2026 10:34:05.382] [main/INFO] [epicfight/]: Data keys [epicfight:sheath] for epicfight:battojutsu
[148月2026 10:34:05.383] [main/INFO] [epicfight/]: Data keys [epicfight:combo_counter] for epicfight:blade_rush
[148月2026 10:34:05.385] [main/INFO] [epicfight/]: Data keys [epicfight:thrown_trident_entity_id] for epicfight:everlasting_allegiance
[148月2026 10:34:05.386] [main/INFO] [epicfight/]: Data keys [wom:target_id] for wom:ender_obscuris
[148月2026 10:34:05.390] [main/INFO] [epicfight/]: Data keys [wom:timer_refresh, wom:dodge, wom:timer] for wom:dodge_master
[148月2026 10:34:05.390] [main/INFO] [epicfight/]: Data keys [wom:timer_refresh, wom:active, wom:dodge, wom:cooldown, wom:registered_position, wom:timer, wom:registered_health] for wom:time_travel
[148月2026 10:34:05.393] [main/INFO] [epicfight/]: Data keys [wom:cooldown] for wom:punishment_kick
[148月2026 10:34:05.394] [main/INFO] [epicfight/]: Data keys [wom:consumprion_value, wom:parrying, epicfight:penalty_restore_counter, epicfight:penalty, wom:holding_rmb, wom:last_active] for wom:counter_attack
[148月2026 10:34:05.395] [main/INFO] [epicfight/]: Data keys [wom:timer_refresh, wom:consumprion_value, epicfight:penalty_restore_counter, wom:cooldown, epicfight:penalty, wom:charge, wom:holding_stance, wom:timer, wom:vengence_duration] for wom:vengeful_parry
[148月2026 10:34:05.398] [main/INFO] [epicfight/]: Data keys [wom:parrying, epicfight:penalty_restore_counter, wom:cooldown, epicfight:penalty, wom:charge, wom:holding_rmb] for wom:perfect_bulwark
[148月2026 10:34:05.399] [main/INFO] [epicfight/]: Data keys [wom:charge, wom:cycle] for wom:soul_protection
[148月2026 10:34:05.399] [main/INFO] [epicfight/]: Data keys [wom:charge, wom:cycle] for wom:shulker_cloak
[148月2026 10:34:05.401] [main/INFO] [epicfight/]: Data keys [wom:active, epicfight:penalty_restore_counter, epicfight:penalty, wom:holding_rmb, wom:timer] for wom:buster_parade
[148月2026 10:34:05.401] [main/INFO] [epicfight/]: Data keys [wom:timer_refresh, wom:active, wom:duree, wom:timer] for wom:pain_anticipation
[148月2026 10:34:05.402] [main/INFO] [epicfight/]: Data keys [wom:timer_refresh, wom:active, wom:duree, wom:timer] for wom:latent_retribution
[148月2026 10:34:05.403] [main/INFO] [epicfight/]: Data keys [wom:rate, wom:power] for wom:critical_knowledge
[148月2026 10:34:05.417] [main/INFO] [epicfight/]: Data keys [wom:cooldown, wom:max_shield, wom:recovery_rate] for wom:heart_shield
[148月2026 10:34:05.420] [main/INFO] [epicfight/]: Data keys [wom:melody_index, wom:saved_elapsed_time, wom:step] for wom:dancing_blade
[148月2026 10:34:05.422] [main/INFO] [epicfight/]: Data keys [wom:timer_refresh, wom:active, wom:duree, wom:timer, wom:cycle, wom:stage] for wom:meditation
[148月2026 10:34:05.422] [main/INFO] [epicfight/]: Data keys [wom:cooldown] for wom:dopamine
[148月2026 10:34:05.423] [main/INFO] [epicfight/]: Data keys [wom:last_active] for wom:manipulator
[148月2026 10:34:05.424] [main/INFO] [epicfight/]: Data keys [wom:rate, wom:power, wom:timer, wom:stack] for wom:lethal_focus
[148月2026 10:34:05.424] [main/INFO] [epicfight/]: Data keys [wom:timer_refresh, wom:wall_glide, wom:timer, wom:wall_running, wom:angle, wom:jump_key_up] for wom:spider_techniques
[148月2026 10:34:05.426] [main/INFO] [epicfight/]: Data keys [wom:consumprion_value, wom:mermaid_movement, wom:cooldown, wom:diving, wom:crawling, wom:water_dashing, wom:jump_key_up] for wom:aqua_maneuvre
[148月2026 10:34:05.426] [main/INFO] [epicfight/]: Data keys [wom:consumprion_value, wom:active, wom:wall_glide, wom:timer, wom:wall_running, wom:verso, wom:buffing, wom:stage] for wom:natural_sprinter
[148月2026 10:34:05.426] [main/INFO] [epicfight/]: Data keys [wom:timer] for wom:lunatic_vivacity
[148月2026 10:34:05.426] [main/INFO] [epicfight/]: Data keys [wom:consumprion_value, wom:timer, wom:registered_health] for wom:voodoo_magic
[148月2026 10:34:05.427] [main/INFO] [epicfight/]: Data keys [wom:target_distance, wom:target_id] for wom:back_and_forth
[148月2026 10:34:05.427] [main/INFO] [epicfight/]: Data keys [wom:cooldown, wom:combo] for wom:shooting_style
[148月2026 10:34:05.428] [main/INFO] [epicfight/]: Data keys [wom:active, wom:timer] for wom:proximity_exploiter
[148月2026 10:34:05.430] [main/INFO] [epicfight/]: Data keys [wom:timer, wom:stack] for wom:all_eyes_on_you
[148月2026 10:34:05.430] [main/INFO] [epicfight/]: Data keys [wom:timer, wom:stack] for wom:all_eyes_on_me
[148月2026 10:34:05.432] [main/INFO] [epicfight/]: Data keys [wom:cooldown, wom:timer] for wom:avatar_of_might
[148月2026 10:34:05.433] [main/INFO] [epicfight/]: Data keys [wom:active, wom:attacks, wom:stack] for wom:agony_plunge
[148月2026 10:34:05.435] [main/INFO] [epicfight/]: Data keys [wom:timer_refresh, wom:active, wom:saved_charge, wom:movespeed, wom:charging_time, wom:holding_rmb, wom:timer, wom:charging, wom:charged, wom:charged_attack] for wom:torment_passive
[148月2026 10:34:05.435] [main/INFO] [epicfight/]: Data keys [wom:timer_refresh, wom:active, wom:timer] for wom:true_berserk
[148月2026 10:34:05.436] [main/INFO] [epicfight/]: Data keys [wom:stack] for wom:herrscher_passive
[148月2026 10:34:05.437] [main/INFO] [epicfight/]: Data keys [wom:timer_refresh, wom:buffed, wom:strenght, wom:timer, wom:expiation, wom:verso, wom:buffing, wom:redemptioon] for wom:plunder_perdition
[148月2026 10:34:05.438] [main/INFO] [epicfight/]: Data keys [wom:sheath] for wom:satsujin_passive
[148月2026 10:34:05.439] [main/INFO] [epicfight/]: Data keys [wom:timer_refresh, wom:active, wom:attacks, wom:saved_charge, wom:holding_stance, wom:timedslash, wom:holding_rmb, wom:timer, wom:charging, wom:frequency, wom:stack, wom:damage, wom:cooldown, wom:charge, wom:second_draw] for wom:sakura_state
[148月2026 10:34:05.439] [main/INFO] [epicfight/]: Data keys [wom:shoot, wom:using_item, wom:cooldown, wom:reload_cooldown, wom:zoom_cooldown, wom:nofalldamage, wom:holding_rmb, wom:zoom, wom:combo] for wom:ender_blast
[148月2026 10:34:05.440] [main/INFO] [epicfight/]: Data keys [wom:shoot, wom:using_item, wom:cooldown, wom:reload_cooldown, wom:zoom_cooldown, wom:nofalldamage, wom:holding_rmb, wom:side, wom:zoom, wom:combo] for wom:ender_fusion
[148月2026 10:34:05.440] [main/INFO] [epicfight/]: Data keys [wom:parrying, wom:cooldown, wom:holding_stance, wom:charging_time, wom:holding_rmb, wom:guard_point_result, wom:charged, wom:combo, wom:guard_point, wom:gesetz_sprengkopf] for wom:regierung
[148月2026 10:34:05.441] [main/INFO] [epicfight/]: Data keys [wom:timer_refresh, wom:lunar_eclipse_stack, wom:crescent, wom:timer, wom:echo] for wom:lunar_eclipse
[148月2026 10:34:05.441] [main/INFO] [epicfight/]: Data keys [wom:verso, wom:idle] for wom:lunar_echo_passive
[148月2026 10:34:05.441] [main/INFO] [epicfight/]: Data keys [wom:timer_refresh, wom:witheraftereffect, wom:darkness_target_reaped, wom:blackhole, wom:ascending, wom:shoot_cooldown, wom:darkness_target_hited, wom:darkness_target_vec, wom:zoom_cooldown, wom:darkness_target, wom:active, wom:blackhole_timer, wom:shoot, wom:blackhole_vec, wom:serius_focus, wom:holding_rmb, wom:darkness_portal_angle, wom:darkness_activate_portal, wom:timer, wom:darkness_portal_vec, wom:witherccatharsis, wom:darkness_portal_timer, wom:blackhole_active, wom:serius_focus_cooldown, wom:zoom] for wom:demonic_ascension
[148月2026 10:34:05.443] [main/INFO] [epicfight/]: Data keys [wom:basic_attack, wom:withercurse, wom:blink, wom:catharsis, wom:particle, wom:lapse, wom:idle] for wom:demon_mark_passive
[148月2026 10:34:05.443] [main/INFO] [epicfight/]: Data keys [wom:timer_refresh, wom:solar_infernio, wom:holding_rmb, wom:solar_obscuridad_ta_timer, wom:timer, wom:cycle, wom:charging, wom:particle, wom:heating_speed, wom:charge, wom:solar_obscuridad, wom:solar_crematorio, wom:heat_level, wom:stored_heat_level, wom:timed_attack] for wom:solar_arcano
[148月2026 10:34:05.444] [main/INFO] [epicfight/]: Data keys [wom:timer_refresh, wom:solar_infernio, wom:solar_obscuridad_ta_timer, wom:timer, wom:cycle, wom:charging, wom:particle, wom:heating_speed, wom:charge, wom:solar_obscuridad, wom:solar_crematorio, wom:heat_level, wom:stored_heat_level, wom:timed_attack] for wom:solar_passive
[148月2026 10:34:05.445] [main/INFO] [epicfight/]: Data keys [wom:serius_focus, wom:serius_focus_cooldown] for wom:rechargement
[148月2026 10:34:05.445] [main/INFO] [epicfight/]: Data keys [wom:active, wom:shell_number, wom:shell_delay, wom:charge, wom:bullet_loaded_old, wom:super_reload, wom:bullet_loaded, wom:shell_anim, wom:cycle, wom:charged, wom:bullet_overloaded] for wom:napoleon_passive
[148月2026 10:34:05.447] [main/INFO] [epicfight/]: Data keys [efn:scythe_sheath, efn:scythe_blood_power] for efn:scythe_skill
[148月2026 10:34:05.448] [main/INFO] [epicfight/]: Data keys [efn:press_innate, efn:thornwheel_loop, efn:thornwheel_loop_available] for efn:thornwheel
[148月2026 10:34:05.449] [main/INFO] [epicfight/]: Data keys [efn:murasama_forward_dodge, efn:jump_key_pressed_last_tick, efn:jump_count] for efn:murasama_dodge
[148月2026 10:34:05.450] [main/INFO] [epicfight/]: Data keys [efn:base_puncture_chance, efn:max_puncture_chance, efn:current_puncture_chance, efn:puncture_increment] for efn:parry_master
[148月2026 10:34:05.450] [main/INFO] [epicfight/]: Data keys [efn:buff_end_tick, efn:defense_start_tick, efn:buff_active] for efn:precise_parry
[148月2026 10:34:05.453] [main/INFO] [epicfight/]: Data keys [efn:cooldown, efn:cooldown_1, efn:cooldown_2] for efn:judgementcutend
[148月2026 10:34:05.454] [main/INFO] [epicfight/]: Data keys [efn:cooldown, efn:cooldown_1, efn:cooldown_2] for efn:stomp
[148月2026 10:34:05.455] [main/INFO] [epicfight/]: Data keys [efn:murasama_zansetsu_start_time, efn:murasama_key_left_down, efn:arts_key_pressed, efn:murasama_zansetsu_timer, efn:murasama_key_right_down, efn:murasama_zansetsu_attack_counter, efn:murasama_zandatsu_start_time, efn:murasama_zansetsu_sector, efn:murasama_last_triggered_sector, efn:murasama_zansetsu_slash_release, efn:murasama_zandatsu_available, efn:murasama_zansetsu_input_mode, efn:murasama_input_mode_switch_pressed, efn:murasama_pair_flag, efn:murasama_zansetsu_end_time, efn:arts_key, efn:murasama_zansetsu_active, efn:murasama_opposite_triggered, efn:murasama_left_mouse_pressed, efn:murasama_zandatsu_end_time] for efn:zansetsu
[148月2026 10:34:05.456] [main/INFO] [epicfight/]: Data keys [efn:cooldown, efn:cooldown_1, efn:cooldown_2] for efn:execution
[148月2026 10:34:05.457] [main/INFO] [epicfight/]: Data keys [efn:efn_last_active, efn:efn_last_parry_time, epicfight:penalty_restore_counter, epicfight:penalty, efn:efn_shake_penalty_count, efn:efn_parry_motion_counter, efn:efn_last_guard_start_tick, efn:efn_delay_protection_end, efn:efn_first_shake, efn:efn_last_successful_defense_tick, efn:efn_starting_parry, efn:efn_shake_detected] for efn:efn_parry
[148月2026 10:34:05.457] [main/INFO] [epicfight/]: Data keys [efn:efn_last_active, efn:efn_last_parry_time, epicfight:penalty_restore_counter, epicfight:penalty, efn:efn_shake_penalty_count, efn:efn_parry_motion_counter, efn:efn_last_guard_start_tick, efn:efn_delay_protection_end, efn:efn_first_shake, efn:efn_last_successful_defense_tick, efn:efn_starting_parry, efn:efn_shake_detected] for efn:murasama_parry
[148月2026 10:34:05.458] [main/INFO] [epicfight/]: Data keys [efn:cooldown, efn:arts_input_buffer, efn:cooldown_1, efn:arts_key_pressed, efn:sekiro_art_index, efn:cooldown_2, efn:arts_key] for efn:mortal_blade
[148月2026 10:34:05.458] [main/INFO] [epicfight/]: Data keys [efn:cooldown, efn:press_summon_sword, efn:key4_press_timer, efn:was_long_pressed, efn:jump_key, efn:key2_press_timer, efn:press_key3, efn:charge_power, efn:cooldown_1, efn:pressing_key3, efn:full_charge_message, efn:pressing_key2, efn:innate_press_timer, efn:doppelganger_delay, efn:doppelganger_tick, efn:force_release, efn:combo_counter, invincible:cooldown, efn:press_doppelganger, efn:sprint_key, efn:press_innate, invincible:right, efn:press_key1, invincible:left, efn:demon_key, efn:guard_key, efn:press_key2, efn:doppelganger_style, efn:arts_key_pressed, efn:is_charging, efn:pressing_key4, efn:up_key, efn:down_key, efn:charge_stage, invincible:up, efn:key1_press_timer, efn:press_key4, efn:have_doppelganger, efn:sneak_key, efn:energy_check, efn:charge_message, invincible:dodge_success_timer, efn:angel_key, invincible:down, efn:pressing_key1, invincible:parry_timer, efn:is_pressing, efn:key3_press_timer, efn:cooldown_2, efn:pressing_innate, efn:arts_key, efn:charge_ticks] for efn:yamato
[148月2026 10:34:05.458] [main/INFO] [epicfight/]: Data keys [efn:doppelganger_tick, efn:doppelganger_style, efn:parry_cooldown, efn:have_doppelganger, efn:doppelganger_delay, efn:stun_cooldown] for efn:yamato_passive
[148月2026 10:34:05.460] [main/INFO] [epicfight/]: Data keys [efn:cooldown, efn:is_replay_damage, efn:press_summon_sword, efn:key4_press_timer, efn:was_long_pressed, efn:jump_key, efn:key2_press_timer, efn:press_key3, efn:charge_power, efn:cooldown_1, efn:pressing_key3, efn:full_charge_message, efn:pressing_key2, efn:innate_press_timer, efn:force_release, efn:combo_counter, invincible:cooldown, efn:replay_enhanced, efn:sprint_key, efn:press_innate, invincible:right, efn:damage_history, efn:press_key1, invincible:left, efn:demon_key, efn:guard_key, efn:press_key2, efn:arts_key_pressed, efn:is_charging, efn:pressing_key4, efn:up_key, efn:down_key, efn:charge_stage, invincible:up, efn:key1_press_timer, efn:press_key4, efn:sneak_key, efn:energy_check, efn:charge_message, invincible:dodge_success_timer, efn:angel_key, invincible:down, efn:pressing_key1, invincible:parry_timer, efn:is_pressing, efn:key3_press_timer, efn:cooldown_2, efn:pressing_innate, efn:arts_key, efn:charge_ticks] for efn:shortsword
[148月2026 10:34:05.460] [main/INFO] [epicfight/]: Data keys [efn:cooldown, invincible:left, efn:demon_key, efn:press_summon_sword, efn:key4_press_timer, efn:was_long_pressed, efn:guard_key, efn:press_key2, efn:arts_key_pressed, efn:is_charging, efn:pressing_key4, efn:jump_key, efn:up_key, efn:key2_press_timer, efn:down_key, efn:press_key3, efn:charge_stage, invincible:up, efn:charge_power, efn:key1_press_timer, efn:cooldown_1, efn:press_key4, efn:pressing_key3, efn:full_charge_message, efn:pressing_key2, efn:innate_press_timer, efn:sneak_key, efn:energy_check, efn:force_release, efn:charge_message, efn:combo_counter, invincible:cooldown, invincible:dodge_success_timer, efn:angel_key, invincible:down, efn:pressing_key1, invincible:parry_timer, efn:is_pressing, efn:sprint_key, efn:press_innate, efn:key3_press_timer, efn:cooldown_2, efn:pressing_innate, efn:arts_key, efn:charge_ticks, invincible:right, efn:press_key1] for efn:ruinsgreatsword
[148月2026 10:34:05.460] [main/INFO] [epicfight/]: Data keys [efn:cooldown, invincible:left, efn:demon_key, efn:press_summon_sword, efn:key4_press_timer, efn:was_long_pressed, efn:guard_key, efn:press_key2, efn:arts_key_pressed, efn:is_charging, efn:pressing_key4, efn:jump_key, efn:up_key, efn:key2_press_timer, efn:down_key, efn:press_key3, efn:charge_stage, invincible:up, efn:charge_power, efn:key1_press_timer, efn:cooldown_1, efn:press_key4, efn:pressing_key3, efn:full_charge_message, efn:pressing_key2, efn:innate_press_timer, efn:sneak_key, efn:energy_check, efn:force_release, efn:charge_message, efn:combo_counter, invincible:cooldown, invincible:dodge_success_timer, efn:angel_key, invincible:down, efn:pressing_key1, invincible:parry_timer, efn:is_pressing, efn:sprint_key, efn:press_innate, efn:key3_press_timer, efn:cooldown_2, efn:pressing_innate, efn:arts_key, efn:charge_ticks, invincible:right, efn:press_key1] for efn:pioneer
[148月2026 10:34:05.461] [main/INFO] [epicfight/]: Data keys [efn:cooldown, efn:press_summon_sword, efn:key4_press_timer, efn:was_long_pressed, efn:murasama_zansetsu_timer, efn:murasama_zandatsu_start_time, efn:jump_key, efn:key2_press_timer, efn:press_key3, efn:murasama_pair_flag, efn:charge_power, efn:cooldown_1, efn:pressing_key3, efn:full_charge_message, efn:pressing_key2, efn:murasama_zansetsu_active, efn:murasama_opposite_triggered, efn:innate_press_timer, efn:murasama_zansetsu_start_time, efn:force_release, efn:murasama_key_right_down, efn:combo_counter, invincible:cooldown, efn:murasama_zansetsu_sector, efn:murasama_air_borne, efn:murasama_zansetsu_slash_release, efn:sprint_key, efn:press_innate, efn:murasama_sheath, efn:murasama_left_mouse_pressed, invincible:right, efn:press_key1, invincible:left, efn:sprint_sheath_timer, efn:demon_key, efn:guard_key, efn:press_key2, efn:murasama_key_left_down, efn:arts_key_pressed, efn:is_charging, efn:pressing_key4, efn:up_key, efn:down_key, efn:murasama_zandatsu_available, efn:murasama_sheath_timer, efn:charge_stage, invincible:up, efn:murasama_input_mode_switch_pressed, efn:key1_press_timer, efn:press_key4, efn:murasama_zandatsu_end_time, efn:sneak_key, efn:energy_check, efn:charge_message, efn:murasama_zansetsu_attack_counter, invincible:dodge_success_timer, efn:manual_unsheath, efn:murasama_last_triggered_sector, efn:angel_key, efn:murasama_zansetsu_input_mode, invincible:down, efn:pressing_key1, invincible:parry_timer, efn:murasama_zansetsu_end_time, efn:murasama_forward_dodge, efn:is_pressing, efn:key3_press_timer, efn:cooldown_2, efn:pressing_innate, efn:arts_key, efn:charge_ticks] for efn:murasama
[148月2026 10:34:05.461] [main/INFO] [epicfight/]: Data keys [efn:sprint_sheath_timer, efn:double_tap_timer, efn:murasama_key_left_down, efn:murasama_zansetsu_timer, efn:backward_pressed_last_tick, efn:murasama_zandatsu_start_time, efn:murasama_zandatsu_available, efn:murasama_sheath_timer, efn:murasama_input_mode_switch_pressed, efn:murasama_pair_flag, efn:forward_backward_end_tick, efn:forward_backward_window_active, efn:forward_backward_success, efn:murasama_zansetsu_active, efn:murasama_opposite_triggered, efn:murasama_zandatsu_end_time, efn:forward_pressed_last_tick, efn:forward_backward_timer, efn:murasama_zansetsu_start_time, efn:is_double_tap_sprint, efn:murasama_key_right_down, efn:murasama_zansetsu_attack_counter, efn:jump_count, efn:murasama_zansetsu_sector, efn:forward_backward_remaining_ticks, efn:manual_unsheath, efn:murasama_last_triggered_sector, efn:murasama_zansetsu_slash_release, efn:murasama_zansetsu_input_mode, efn:murasama_zansetsu_end_time, efn:was_double_tap_sprint, efn:murasama_forward_dodge, efn:up_key_pressed_last_tick, efn:jump_key_pressed_last_tick, efn:murasama_sheath, efn:murasama_left_mouse_pressed] for efn:murasama_passive
[148月2026 10:34:05.463] [main/INFO] [epicfight/]: Data keys [efn:cooldown, invincible:left, efn:demon_key, efn:press_summon_sword, efn:key4_press_timer, efn:was_long_pressed, efn:guard_key, efn:press_key2, efn:arts_key_pressed, efn:is_charging, efn:pressing_key4, efn:jump_key, efn:up_key, efn:key2_press_timer, efn:down_key, efn:press_key3, efn:charge_stage, invincible:up, efn:charge_power, efn:key1_press_timer, efn:cooldown_1, efn:press_key4, efn:pressing_key3, efn:full_charge_message, efn:pressing_key2, efn:innate_press_timer, efn:sneak_key, efn:energy_check, efn:force_release, efn:charge_message, efn:combo_counter, invincible:cooldown, invincible:dodge_success_timer, efn:angel_key, invincible:down, efn:pressing_key1, invincible:parry_timer, efn:is_pressing, efn:sprint_key, efn:press_innate, efn:key3_press_timer, efn:cooldown_2, efn:pressing_innate, efn:arts_key, efn:charge_ticks, invincible:right, efn:press_key1] for efn:meenlance
[148月2026 10:34:05.463] [main/INFO] [epicfight/]: Data keys [efn:cooldown, invincible:left, efn:demon_key, efn:press_summon_sword, efn:key4_press_timer, efn:was_long_pressed, efn:guard_key, efn:press_key2, efn:arts_key_pressed, efn:is_charging, efn:pressing_key4, efn:jump_key, efn:up_key, efn:key2_press_timer, efn:down_key, efn:press_key3, efn:charge_stage, invincible:up, efn:charge_power, efn:key1_press_timer, efn:cooldown_1, efn:press_key4, efn:pressing_key3, efn:full_charge_message, efn:pressing_key2, efn:innate_press_timer, efn:sneak_key, efn:energy_check, efn:force_release, efn:charge_message, efn:combo_counter, invincible:cooldown, invincible:dodge_success_timer, efn:angel_key, invincible:down, efn:pressing_key1, invincible:parry_timer, efn:is_pressing, efn:sprint_key, efn:press_innate, efn:key3_press_timer, efn:cooldown_2, efn:pressing_innate, efn:arts_key, efn:charge_ticks, invincible:right, efn:press_key1] for efn:kusabimaru
[148月2026 10:34:05.463] [main/INFO] [epicfight/]: Data keys [efn:cooldown, efn:press_summon_sword, efn:key4_press_timer, efn:was_long_pressed, efn:murasama_zansetsu_timer, efn:murasama_zandatsu_start_time, efn:jump_key, efn:key2_press_timer, efn:press_key3, efn:murasama_pair_flag, efn:charge_power, efn:cooldown_1, efn:pressing_key3, efn:full_charge_message, efn:pressing_key2, efn:murasama_zansetsu_active, efn:murasama_opposite_triggered, efn:innate_press_timer, efn:murasama_zansetsu_start_time, efn:force_release, efn:murasama_key_right_down, efn:combo_counter, invincible:cooldown, efn:murasama_zansetsu_sector, efn:murasama_air_borne, efn:murasama_zansetsu_slash_release, efn:sprint_key, efn:press_innate, efn:murasama_sheath, efn:murasama_left_mouse_pressed, invincible:right, efn:press_key1, invincible:left, efn:sprint_sheath_timer, efn:demon_key, efn:guard_key, efn:press_key2, efn:murasama_key_left_down, efn:arts_key_pressed, efn:is_charging, efn:pressing_key4, efn:up_key, efn:down_key, efn:murasama_zandatsu_available, efn:murasama_sheath_timer, efn:charge_stage, invincible:up, efn:murasama_input_mode_switch_pressed, efn:key1_press_timer, efn:press_key4, efn:murasama_zandatsu_end_time, efn:sneak_key, efn:energy_check, efn:charge_message, efn:murasama_zansetsu_attack_counter, invincible:dodge_success_timer, efn:manual_unsheath, efn:murasama_last_triggered_sector, efn:angel_key, efn:murasama_zansetsu_input_mode, invincible:down, efn:pressing_key1, invincible:parry_timer, efn:murasama_zansetsu_end_time, efn:murasama_forward_dodge, efn:is_pressing, efn:key3_press_timer, efn:cooldown_2, efn:pressing_innate, efn:arts_key, efn:charge_ticks] for efn:hf_blade
[148月2026 10:34:05.466] [main/INFO] [epicfight/]: Data keys [efn:sprint_sheath_timer, efn:double_tap_timer, efn:murasama_key_left_down, efn:murasama_zansetsu_timer, efn:backward_pressed_last_tick, efn:murasama_zandatsu_start_time, efn:murasama_zandatsu_available, efn:murasama_sheath_timer, efn:murasama_input_mode_switch_pressed, efn:murasama_pair_flag, efn:forward_backward_end_tick, efn:forward_backward_window_active, efn:forward_backward_success, efn:murasama_zansetsu_active, efn:murasama_opposite_triggered, efn:murasama_zandatsu_end_time, efn:forward_pressed_last_tick, efn:forward_backward_timer, efn:murasama_zansetsu_start_time, efn:is_double_tap_sprint, efn:murasama_key_right_down, efn:murasama_zansetsu_attack_counter, efn:jump_count, efn:murasama_zansetsu_sector, efn:forward_backward_remaining_ticks, efn:manual_unsheath, efn:murasama_last_triggered_sector, efn:murasama_zansetsu_slash_release, efn:murasama_zansetsu_input_mode, efn:murasama_zansetsu_end_time, efn:was_double_tap_sprint, efn:murasama_forward_dodge, efn:up_key_pressed_last_tick, efn:jump_key_pressed_last_tick, efn:murasama_sheath, efn:murasama_left_mouse_pressed] for efn:hf_blade_passive
[148月2026 10:34:05.467] [main/INFO] [epicfight/]: Data keys [efn:cooldown, invincible:left, efn:demon_key, efn:press_summon_sword, efn:key4_press_timer, efn:was_long_pressed, efn:guard_key, efn:press_key2, efn:arts_key_pressed, efn:is_charging, efn:pressing_key4, efn:jump_key, efn:up_key, efn:key2_press_timer, efn:down_key, efn:press_key3, efn:charge_stage, invincible:up, efn:charge_power, efn:key1_press_timer, efn:cooldown_1, efn:press_key4, efn:pressing_key3, efn:full_charge_message, efn:pressing_key2, efn:innate_press_timer, efn:sneak_key, efn:energy_check, efn:force_release, efn:charge_message, efn:combo_counter, invincible:cooldown, invincible:dodge_success_timer, efn:angel_key, invincible:down, efn:pressing_key1, invincible:parry_timer, efn:is_pressing, efn:sprint_key, efn:press_innate, efn:key3_press_timer, efn:cooldown_2, efn:pressing_innate, efn:arts_key, efn:charge_ticks, invincible:right, efn:press_key1] for efn:exsiliumgladius
[148月2026 10:34:05.469] [main/INFO] [epicfight/]: Data keys [invincible:left, invincible:up, invincible:down, invincible:parry_timer, invincible:cooldown, invincible:dodge_success_timer, invincible:right] for efn:examplecombo
[148月2026 10:34:05.469] [main/INFO] [epicfight/]: Data keys [efn:cooldown, invincible:left, efn:demon_key, efn:press_summon_sword, efn:key4_press_timer, efn:was_long_pressed, efn:guard_key, efn:press_key2, efn:arts_key_pressed, efn:is_charging, efn:pressing_key4, efn:jump_key, efn:up_key, efn:key2_press_timer, efn:down_key, efn:press_key3, efn:charge_stage, invincible:up, efn:charge_power, efn:key1_press_timer, efn:cooldown_1, efn:press_key4, efn:pressing_key3, efn:full_charge_message, efn:pressing_key2, efn:innate_press_timer, efn:sneak_key, efn:energy_check, efn:force_release, efn:charge_message, efn:combo_counter, invincible:cooldown, invincible:dodge_success_timer, efn:angel_key, invincible:down, efn:pressing_key1, invincible:parry_timer, efn:is_pressing, efn:sprint_key, efn:press_innate, efn:key3_press_timer, efn:cooldown_2, efn:pressing_innate, efn:arts_key, efn:charge_ticks, invincible:right, efn:press_key1] for efn:crescentmoon
[148月2026 10:34:05.470] [main/INFO] [epicfight/]: Data keys [efn:cooldown, invincible:left, efn:demon_key, efn:press_summon_sword, efn:key4_press_timer, efn:was_long_pressed, efn:guard_key, efn:press_key2, efn:arts_key_pressed, efn:is_charging, efn:pressing_key4, efn:jump_key, efn:up_key, efn:key2_press_timer, efn:down_key, efn:press_key3, efn:charge_stage, invincible:up, efn:charge_power, efn:key1_press_timer, efn:cooldown_1, efn:press_key4, efn:pressing_key3, efn:full_charge_message, efn:pressing_key2, efn:innate_press_timer, efn:sneak_key, efn:energy_check, efn:force_release, efn:charge_message, efn:combo_counter, invincible:cooldown, invincible:dodge_success_timer, efn:angel_key, invincible:down, efn:pressing_key1, invincible:parry_timer, efn:is_pressing, efn:sprint_key, efn:press_innate, efn:key3_press_timer, efn:cooldown_2, efn:pressing_innate, efn:arts_key, efn:charge_ticks, invincible:right, efn:press_key1] for efn:broadblade
[148月2026 10:34:05.470] [main/INFO] [epicfight/]: Data keys [efn:cooldown, invincible:left, efn:demon_key, efn:press_summon_sword, efn:key4_press_timer, efn:was_long_pressed, efn:guard_key, efn:press_key2, efn:arts_key_pressed, efn:is_charging, efn:pressing_key4, efn:jump_key, efn:up_key, efn:key2_press_timer, efn:down_key, efn:press_key3, efn:charge_stage, invincible:up, efn:charge_power, efn:key1_press_timer, efn:cooldown_1, efn:press_key4, efn:pressing_key3, efn:full_charge_message, efn:pressing_key2, efn:innate_press_timer, efn:sneak_key, efn:energy_check, efn:force_release, efn:charge_message, efn:combo_counter, invincible:cooldown, invincible:dodge_success_timer, efn:angel_key, invincible:down, efn:pressing_key1, invincible:parry_timer, efn:is_pressing, efn:sprint_key, efn:press_innate, efn:key3_press_timer, efn:cooldown_2, efn:pressing_innate, efn:arts_key, efn:charge_ticks, invincible:right, efn:press_key1] for efn:bloodlust
[148月2026 10:34:05.471] [main/INFO] [epicfight/]: Data keys [efn:cooldown, invincible:left, efn:demon_key, efn:press_summon_sword, efn:key4_press_timer, efn:was_long_pressed, efn:guard_key, efn:press_key2, efn:arts_key_pressed, efn:is_charging, efn:pressing_key4, efn:jump_key, efn:up_key, efn:key2_press_timer, efn:down_key, efn:press_key3, efn:charge_stage, invincible:up, efn:charge_power, efn:key1_press_timer, efn:cooldown_1, efn:press_key4, efn:pressing_key3, efn:full_charge_message, efn:pressing_key2, efn:innate_press_timer, efn:sneak_key, efn:energy_check, efn:force_release, efn:charge_message, efn:combo_counter, invincible:cooldown, invincible:dodge_success_timer, efn:angel_key, invincible:down, efn:pressing_key1, invincible:parry_timer, efn:is_pressing, efn:sprint_key, efn:press_innate, efn:key3_press_timer, efn:cooldown_2, efn:pressing_innate, efn:arts_key, efn:charge_ticks, invincible:right, efn:press_key1] for efn:beastclaw
[148月2026 10:34:05.474] [main/INFO] [epicfight/]: Data keys [efn:cooldown, invincible:left, efn:demon_key, efn:press_summon_sword, efn:key4_press_timer, efn:was_long_pressed, efn:guard_key, efn:press_key2, efn:arts_key_pressed, efn:is_charging, efn:pressing_key4, efn:jump_key, efn:up_key, efn:key2_press_timer, efn:down_key, efn:press_key3, efn:charge_stage, invincible:up, efn:charge_power, efn:key1_press_timer, efn:cooldown_1, efn:press_key4, efn:pressing_key3, efn:full_charge_message, efn:pressing_key2, efn:innate_press_timer, efn:sneak_key, efn:energy_check, efn:force_release, efn:charge_message, efn:combo_counter, invincible:cooldown, invincible:dodge_success_timer, efn:angel_key, invincible:down, efn:pressing_key1, invincible:parry_timer, efn:is_pressing, efn:sprint_key, efn:press_innate, efn:key3_press_timer, efn:cooldown_2, efn:pressing_innate, efn:arts_key, efn:charge_ticks, invincible:right, efn:press_key1] for efn:aetherialdusk
[148月2026 10:34:05.475] [main/INFO] [epicfight/]: Data keys [annoyingvillagers:is_trident_ranged_mode, annoyingvillagers:trident_amount] for annoyingvillagers:trident_festival
[148月2026 10:34:05.596] [main/INFO] [com.mojang.authlib.yggdrasil.YggdrasilAuthenticationService/]: Environment: authHost='https://authserver.mojang.com', accountsHost='https://api.mojang.com', sessionHost='https://sessionserver.mojang.com', servicesHost='https://api.minecraftservices.com', name='PROD'
[148月2026 10:34:07.305] [main/INFO] [epicfight/]: Data keys [invincible:left, invincible:up, invincible:down, invincible:parry_timer, invincible:cooldown, invincible:dodge_success_timer, invincible:right] for invincible:combo_demo
[148月2026 10:34:07.305] [main/INFO] [epicfight/]: Data keys [epicfight:combo_counter, epicfight:basic_attack_active] for epicfight:basic_attack
[148月2026 10:34:07.307] [main/INFO] [epicfight/]: Data keys [epicfight:penalty_restore_counter, epicfight:penalty] for epicfight:guard
[148月2026 10:34:07.307] [main/INFO] [epicfight/]: Data keys [epicfight:penalty_restore_counter, epicfight:penalty, epicfight:parry_motion_counter, epicfight:last_active] for epicfight:parrying
[148月2026 10:34:07.308] [main/INFO] [epicfight/]: Data keys [epicfight:penalty_restore_counter, epicfight:penalty] for epicfight:impact_guard
[148月2026 10:34:07.308] [main/INFO] [epicfight/]: Data keys [epicfight:stacks, epicfight:resisting_damage_type, epicfight:tick_record] for epicfight:adaptive_skin
[148月2026 10:34:07.309] [main/INFO] [epicfight/]: Data keys [epicfight:tick_record] for epicfight:adrenaline_fiend
[148月2026 10:34:07.309] [main/INFO] [epicfight/]: Data keys [epicfight:entity_id, epicfight:stacks] for epicfight:bonebreaker
[148月2026 10:34:07.309] [main/INFO] [epicfight/]: Data keys [epicfight:entity_id, epicfight:tick_record] for epicfight:vengeance
[148月2026 10:34:07.310] [main/INFO] [epicfight/]: Data keys [epicfight:slam_protect_next_fall, epicfight:fall_distance] for epicfight:meteor_slam
[148月2026 10:34:07.310] [main/INFO] [epicfight/]: Data keys [epicfight:stacks] for epicfight:revelation
[148月2026 10:34:07.310] [main/INFO] [epicfight/]: Data keys [epicfight:slam_protect_next_fall] for epicfight:demolition_leap
[148月2026 10:34:07.311] [main/INFO] [epicfight/]: Data keys [epicfight:jump_key_pressed_last_tick, epicfight:jump_count, epicfight:slam_protect_next_fall] for epicfight:phantom_ascent
[148月2026 10:34:07.312] [main/INFO] [epicfight/]: Data keys [epicfight:last_hit_count] for epicfight:grasping_spire
[148月2026 10:34:07.313] [main/INFO] [epicfight/]: Data keys [epicfight:sheath] for epicfight:battojutsu_passive
[148月2026 10:34:07.313] [main/INFO] [epicfight/]: Data keys [epicfight:sheath] for epicfight:battojutsu
[148月2026 10:34:07.314] [main/INFO] [epicfight/]: Data keys [epicfight:combo_counter] for epicfight:blade_rush
[148月2026 10:34:07.314] [main/INFO] [epicfight/]: Data keys [epicfight:thrown_trident_entity_id] for epicfight:everlasting_allegiance
[148月2026 10:34:07.314] [main/INFO] [epicfight/]: Data keys [wom:target_id] for wom:ender_obscuris
[148月2026 10:34:07.315] [main/INFO] [epicfight/]: Data keys [wom:timer_refresh, wom:dodge, wom:timer] for wom:dodge_master
[148月2026 10:34:07.315] [main/INFO] [epicfight/]: Data keys [wom:timer_refresh, wom:active, wom:dodge, wom:cooldown, wom:registered_position, wom:timer, wom:registered_health] for wom:time_travel
[148月2026 10:34:07.316] [main/INFO] [epicfight/]: Data keys [wom:cooldown] for wom:punishment_kick
[148月2026 10:34:07.316] [main/INFO] [epicfight/]: Data keys [wom:consumprion_value, wom:parrying, epicfight:penalty_restore_counter, epicfight:penalty, wom:holding_rmb, wom:last_active] for wom:counter_attack
[148月2026 10:34:07.317] [main/INFO] [epicfight/]: Data keys [wom:timer_refresh, wom:consumprion_value, epicfight:penalty_restore_counter, wom:cooldown, epicfight:penalty, wom:charge, wom:holding_stance, wom:timer, wom:vengence_duration] for wom:vengeful_parry
[148月2026 10:34:07.317] [main/INFO] [epicfight/]: Data keys [wom:parrying, epicfight:penalty_restore_counter, wom:cooldown, epicfight:penalty, wom:charge, wom:holding_rmb] for wom:perfect_bulwark
[148月2026 10:34:07.317] [main/INFO] [epicfight/]: Data keys [wom:charge, wom:cycle] for wom:soul_protection
[148月2026 10:34:07.318] [main/INFO] [epicfight/]: Data keys [wom:charge, wom:cycle] for wom:shulker_cloak
[148月2026 10:34:07.318] [main/INFO] [epicfight/]: Data keys [wom:active, epicfight:penalty_restore_counter, epicfight:penalty, wom:holding_rmb, wom:timer] for wom:buster_parade
[148月2026 10:34:07.318] [main/INFO] [epicfight/]: Data keys [wom:timer_refresh, wom:active, wom:duree, wom:timer] for wom:pain_anticipation
[148月2026 10:34:07.318] [main/INFO] [epicfight/]: Data keys [wom:timer_refresh, wom:active, wom:duree, wom:timer] for wom:latent_retribution
[148月2026 10:34:07.318] [main/INFO] [epicfight/]: Data keys [wom:rate, wom:power] for wom:critical_knowledge
[148月2026 10:34:07.318] [main/INFO] [epicfight/]: Data keys [wom:cooldown, wom:max_shield, wom:recovery_rate] for wom:heart_shield
[148月2026 10:34:07.320] [main/INFO] [epicfight/]: Data keys [wom:melody_index, wom:saved_elapsed_time, wom:step] for wom:dancing_blade
[148月2026 10:34:07.320] [main/INFO] [epicfight/]: Data keys [wom:timer_refresh, wom:active, wom:duree, wom:timer, wom:cycle, wom:stage] for wom:meditation
[148月2026 10:34:07.320] [main/INFO] [epicfight/]: Data keys [wom:cooldown] for wom:dopamine
[148月2026 10:34:07.320] [main/INFO] [epicfight/]: Data keys [wom:last_active] for wom:manipulator
[148月2026 10:34:07.321] [main/INFO] [epicfight/]: Data keys [wom:rate, wom:power, wom:timer, wom:stack] for wom:lethal_focus
[148月2026 10:34:07.321] [main/INFO] [epicfight/]: Data keys [wom:timer_refresh, wom:wall_glide, wom:timer, wom:wall_running, wom:angle, wom:jump_key_up] for wom:spider_techniques
[148月2026 10:34:07.322] [main/INFO] [epicfight/]: Data keys [wom:consumprion_value, wom:mermaid_movement, wom:cooldown, wom:diving, wom:crawling, wom:water_dashing, wom:jump_key_up] for wom:aqua_maneuvre
[148月2026 10:34:07.322] [main/INFO] [epicfight/]: Data keys [wom:consumprion_value, wom:active, wom:wall_glide, wom:timer, wom:wall_running, wom:verso, wom:buffing, wom:stage] for wom:natural_sprinter
[148月2026 10:34:07.323] [main/INFO] [epicfight/]: Data keys [wom:timer] for wom:lunatic_vivacity
[148月2026 10:34:07.323] [main/INFO] [epicfight/]: Data keys [wom:consumprion_value, wom:timer, wom:registered_health] for wom:voodoo_magic
[148月2026 10:34:07.323] [main/INFO] [epicfight/]: Data keys [wom:target_distance, wom:target_id] for wom:back_and_forth
[148月2026 10:34:07.324] [main/INFO] [epicfight/]: Data keys [wom:cooldown, wom:combo] for wom:shooting_style
[148月2026 10:34:07.324] [main/INFO] [epicfight/]: Data keys [wom:active, wom:timer] for wom:proximity_exploiter
[148月2026 10:34:07.325] [main/INFO] [epicfight/]: Data keys [wom:timer, wom:stack] for wom:all_eyes_on_you
[148月2026 10:34:07.325] [main/INFO] [epicfight/]: Data keys [wom:timer, wom:stack] for wom:all_eyes_on_me
[148月2026 10:34:07.325] [main/INFO] [epicfight/]: Data keys [wom:cooldown, wom:timer] for wom:avatar_of_might
[148月2026 10:34:07.325] [main/INFO] [epicfight/]: Data keys [wom:active, wom:attacks, wom:stack] for wom:agony_plunge
[148月2026 10:34:07.326] [main/INFO] [epicfight/]: Data keys [wom:timer_refresh, wom:active, wom:saved_charge, wom:movespeed, wom:charging_time, wom:holding_rmb, wom:timer, wom:charging, wom:charged, wom:charged_attack] for wom:torment_passive
[148月2026 10:34:07.326] [main/INFO] [epicfight/]: Data keys [wom:timer_refresh, wom:active, wom:timer] for wom:true_berserk
[148月2026 10:34:07.327] [main/INFO] [epicfight/]: Data keys [wom:stack] for wom:herrscher_passive
[148月2026 10:34:07.328] [main/INFO] [epicfight/]: Data keys [wom:timer_refresh, wom:buffed, wom:strenght, wom:timer, wom:expiation, wom:verso, wom:buffing, wom:redemptioon] for wom:plunder_perdition
[148月2026 10:34:07.328] [main/INFO] [epicfight/]: Data keys [wom:sheath] for wom:satsujin_passive
[148月2026 10:34:07.328] [main/INFO] [epicfight/]: Data keys [wom:timer_refresh, wom:active, wom:attacks, wom:saved_charge, wom:holding_stance, wom:timedslash, wom:holding_rmb, wom:timer, wom:charging, wom:frequency, wom:stack, wom:damage, wom:cooldown, wom:charge, wom:second_draw] for wom:sakura_state
[148月2026 10:34:07.330] [main/INFO] [epicfight/]: Data keys [wom:shoot, wom:using_item, wom:cooldown, wom:reload_cooldown, wom:zoom_cooldown, wom:nofalldamage, wom:holding_rmb, wom:zoom, wom:combo] for wom:ender_blast
[148月2026 10:34:07.330] [main/INFO] [epicfight/]: Data keys [wom:shoot, wom:using_item, wom:cooldown, wom:reload_cooldown, wom:zoom_cooldown, wom:nofalldamage, wom:holding_rmb, wom:side, wom:zoom, wom:combo] for wom:ender_fusion
[148月2026 10:34:07.330] [main/INFO] [epicfight/]: Data keys [wom:parrying, wom:cooldown, wom:holding_stance, wom:charging_time, wom:holding_rmb, wom:guard_point_result, wom:charged, wom:combo, wom:guard_point, wom:gesetz_sprengkopf] for wom:regierung
[148月2026 10:34:07.331] [main/INFO] [epicfight/]: Data keys [wom:timer_refresh, wom:lunar_eclipse_stack, wom:crescent, wom:timer, wom:echo] for wom:lunar_eclipse
[148月2026 10:34:07.331] [main/INFO] [epicfight/]: Data keys [wom:verso, wom:idle] for wom:lunar_echo_passive
[148月2026 10:34:07.331] [main/INFO] [epicfight/]: Data keys [wom:timer_refresh, wom:witheraftereffect, wom:darkness_target_reaped, wom:blackhole, wom:ascending, wom:shoot_cooldown, wom:darkness_target_hited, wom:darkness_target_vec, wom:zoom_cooldown, wom:darkness_target, wom:active, wom:blackhole_timer, wom:shoot, wom:blackhole_vec, wom:serius_focus, wom:holding_rmb, wom:darkness_portal_angle, wom:darkness_activate_portal, wom:timer, wom:darkness_portal_vec, wom:witherccatharsis, wom:darkness_portal_timer, wom:blackhole_active, wom:serius_focus_cooldown, wom:zoom] for wom:demonic_ascension
[148月2026 10:34:07.332] [main/INFO] [epicfight/]: Data keys [wom:basic_attack, wom:withercurse, wom:blink, wom:catharsis, wom:particle, wom:lapse, wom:idle] for wom:demon_mark_passive
[148月2026 10:34:07.332] [main/INFO] [epicfight/]: Data keys [wom:timer_refresh, wom:solar_infernio, wom:holding_rmb, wom:solar_obscuridad_ta_timer, wom:timer, wom:cycle, wom:charging, wom:particle, wom:heating_speed, wom:charge, wom:solar_obscuridad, wom:solar_crematorio, wom:heat_level, wom:stored_heat_level, wom:timed_attack] for wom:solar_arcano
[148月2026 10:34:07.333] [main/INFO] [epicfight/]: Data keys [wom:timer_refresh, wom:solar_infernio, wom:solar_obscuridad_ta_timer, wom:timer, wom:cycle, wom:charging, wom:particle, wom:heating_speed, wom:charge, wom:solar_obscuridad, wom:solar_crematorio, wom:heat_level, wom:stored_heat_level, wom:timed_attack] for wom:solar_passive
[148月2026 10:34:07.333] [main/INFO] [epicfight/]: Data keys [wom:serius_focus, wom:serius_focus_cooldown] for wom:rechargement
[148月2026 10:34:07.333] [main/INFO] [epicfight/]: Data keys [wom:active, wom:shell_number, wom:shell_delay, wom:charge, wom:bullet_loaded_old, wom:super_reload, wom:bullet_loaded, wom:shell_anim, wom:cycle, wom:charged, wom:bullet_overloaded] for wom:napoleon_passive
[148月2026 10:34:07.333] [main/INFO] [epicfight/]: Data keys [efn:scythe_sheath, efn:scythe_blood_power] for efn:scythe_skill
[148月2026 10:34:07.334] [main/INFO] [epicfight/]: Data keys [efn:press_innate, efn:thornwheel_loop, efn:thornwheel_loop_available] for efn:thornwheel
[148月2026 10:34:07.334] [main/INFO] [epicfight/]: Data keys [efn:murasama_forward_dodge, efn:jump_key_pressed_last_tick, efn:jump_count] for efn:murasama_dodge
[148月2026 10:34:07.334] [main/INFO] [epicfight/]: Data keys [efn:base_puncture_chance, efn:max_puncture_chance, efn:current_puncture_chance, efn:puncture_increment] for efn:parry_master
[148月2026 10:34:07.335] [main/INFO] [epicfight/]: Data keys [efn:buff_end_tick, efn:defense_start_tick, efn:buff_active] for efn:precise_parry
[148月2026 10:34:07.336] [main/INFO] [epicfight/]: Data keys [efn:cooldown, efn:cooldown_1, efn:cooldown_2] for efn:judgementcutend
[148月2026 10:34:07.336] [main/INFO] [epicfight/]: Data keys [efn:cooldown, efn:cooldown_1, efn:cooldown_2] for efn:stomp
[148月2026 10:34:07.336] [main/INFO] [epicfight/]: Data keys [efn:murasama_zansetsu_start_time, efn:murasama_key_left_down, efn:arts_key_pressed, efn:murasama_zansetsu_timer, efn:murasama_key_right_down, efn:murasama_zansetsu_attack_counter, efn:murasama_zandatsu_start_time, efn:murasama_zansetsu_sector, efn:murasama_last_triggered_sector, efn:murasama_zansetsu_slash_release, efn:murasama_zandatsu_available, efn:murasama_zansetsu_input_mode, efn:murasama_input_mode_switch_pressed, efn:murasama_pair_flag, efn:murasama_zansetsu_end_time, efn:arts_key, efn:murasama_zansetsu_active, efn:murasama_opposite_triggered, efn:murasama_left_mouse_pressed, efn:murasama_zandatsu_end_time] for efn:zansetsu
[148月2026 10:34:07.337] [main/INFO] [epicfight/]: Data keys [efn:cooldown, efn:cooldown_1, efn:cooldown_2] for efn:execution
[148月2026 10:34:07.337] [main/INFO] [epicfight/]: Data keys [efn:efn_last_active, efn:efn_last_parry_time, epicfight:penalty_restore_counter, epicfight:penalty, efn:efn_shake_penalty_count, efn:efn_parry_motion_counter, efn:efn_last_guard_start_tick, efn:efn_delay_protection_end, efn:efn_first_shake, efn:efn_last_successful_defense_tick, efn:efn_starting_parry, efn:efn_shake_detected] for efn:efn_parry
[148月2026 10:34:07.337] [main/INFO] [epicfight/]: Data keys [efn:efn_last_active, efn:efn_last_parry_time, epicfight:penalty_restore_counter, epicfight:penalty, efn:efn_shake_penalty_count, efn:efn_parry_motion_counter, efn:efn_last_guard_start_tick, efn:efn_delay_protection_end, efn:efn_first_shake, efn:efn_last_successful_defense_tick, efn:efn_starting_parry, efn:efn_shake_detected] for efn:murasama_parry
[148月2026 10:34:07.337] [main/INFO] [epicfight/]: Data keys [efn:cooldown, efn:arts_input_buffer, efn:cooldown_1, efn:arts_key_pressed, efn:sekiro_art_index, efn:cooldown_2, efn:arts_key] for efn:mortal_blade
[148月2026 10:34:07.339] [main/INFO] [epicfight/]: Data keys [efn:cooldown, efn:press_summon_sword, efn:key4_press_timer, efn:was_long_pressed, efn:jump_key, efn:key2_press_timer, efn:press_key3, efn:charge_power, efn:cooldown_1, efn:pressing_key3, efn:full_charge_message, efn:pressing_key2, efn:innate_press_timer, efn:doppelganger_delay, efn:doppelganger_tick, efn:force_release, efn:combo_counter, invincible:cooldown, efn:press_doppelganger, efn:sprint_key, efn:press_innate, invincible:right, efn:press_key1, invincible:left, efn:demon_key, efn:guard_key, efn:press_key2, efn:doppelganger_style, efn:arts_key_pressed, efn:is_charging, efn:pressing_key4, efn:up_key, efn:down_key, efn:charge_stage, invincible:up, efn:key1_press_timer, efn:press_key4, efn:have_doppelganger, efn:sneak_key, efn:energy_check, efn:charge_message, invincible:dodge_success_timer, efn:angel_key, invincible:down, efn:pressing_key1, invincible:parry_timer, efn:is_pressing, efn:key3_press_timer, efn:cooldown_2, efn:pressing_innate, efn:arts_key, efn:charge_ticks] for efn:yamato
[148月2026 10:34:07.339] [main/INFO] [epicfight/]: Data keys [efn:doppelganger_tick, efn:doppelganger_style, efn:parry_cooldown, efn:have_doppelganger, efn:doppelganger_delay, efn:stun_cooldown] for efn:yamato_passive
[148月2026 10:34:07.340] [main/INFO] [epicfight/]: Data keys [efn:cooldown, efn:is_replay_damage, efn:press_summon_sword, efn:key4_press_timer, efn:was_long_pressed, efn:jump_key, efn:key2_press_timer, efn:press_key3, efn:charge_power, efn:cooldown_1, efn:pressing_key3, efn:full_charge_message, efn:pressing_key2, efn:innate_press_timer, efn:force_release, efn:combo_counter, invincible:cooldown, efn:replay_enhanced, efn:sprint_key, efn:press_innate, invincible:right, efn:damage_history, efn:press_key1, invincible:left, efn:demon_key, efn:guard_key, efn:press_key2, efn:arts_key_pressed, efn:is_charging, efn:pressing_key4, efn:up_key, efn:down_key, efn:charge_stage, invincible:up, efn:key1_press_timer, efn:press_key4, efn:sneak_key, efn:energy_check, efn:charge_message, invincible:dodge_success_timer, efn:angel_key, invincible:down, efn:pressing_key1, invincible:parry_timer, efn:is_pressing, efn:key3_press_timer, efn:cooldown_2, efn:pressing_innate, efn:arts_key, efn:charge_ticks] for efn:shortsword
[148月2026 10:34:07.341] [main/INFO] [epicfight/]: Data keys [efn:cooldown, invincible:left, efn:demon_key, efn:press_summon_sword, efn:key4_press_timer, efn:was_long_pressed, efn:guard_key, efn:press_key2, efn:arts_key_pressed, efn:is_charging, efn:pressing_key4, efn:jump_key, efn:up_key, efn:key2_press_timer, efn:down_key, efn:press_key3, efn:charge_stage, invincible:up, efn:charge_power, efn:key1_press_timer, efn:cooldown_1, efn:press_key4, efn:pressing_key3, efn:full_charge_message, efn:pressing_key2, efn:innate_press_timer, efn:sneak_key, efn:energy_check, efn:force_release, efn:charge_message, efn:combo_counter, invincible:cooldown, invincible:dodge_success_timer, efn:angel_key, invincible:down, efn:pressing_key1, invincible:parry_timer, efn:is_pressing, efn:sprint_key, efn:press_innate, efn:key3_press_timer, efn:cooldown_2, efn:pressing_innate, efn:arts_key, efn:charge_ticks, invincible:right, efn:press_key1] for efn:ruinsgreatsword
[148月2026 10:34:07.341] [main/INFO] [epicfight/]: Data keys [efn:cooldown, invincible:left, efn:demon_key, efn:press_summon_sword, efn:key4_press_timer, efn:was_long_pressed, efn:guard_key, efn:press_key2, efn:arts_key_pressed, efn:is_charging, efn:pressing_key4, efn:jump_key, efn:up_key, efn:key2_press_timer, efn:down_key, efn:press_key3, efn:charge_stage, invincible:up, efn:charge_power, efn:key1_press_timer, efn:cooldown_1, efn:press_key4, efn:pressing_key3, efn:full_charge_message, efn:pressing_key2, efn:innate_press_timer, efn:sneak_key, efn:energy_check, efn:force_release, efn:charge_message, efn:combo_counter, invincible:cooldown, invincible:dodge_success_timer, efn:angel_key, invincible:down, efn:pressing_key1, invincible:parry_timer, efn:is_pressing, efn:sprint_key, efn:press_innate, efn:key3_press_timer, efn:cooldown_2, efn:pressing_innate, efn:arts_key, efn:charge_ticks, invincible:right, efn:press_key1] for efn:pioneer
[148月2026 10:34:07.342] [main/INFO] [epicfight/]: Data keys [efn:cooldown, efn:press_summon_sword, efn:key4_press_timer, efn:was_long_pressed, efn:murasama_zansetsu_timer, efn:murasama_zandatsu_start_time, efn:jump_key, efn:key2_press_timer, efn:press_key3, efn:murasama_pair_flag, efn:charge_power, efn:cooldown_1, efn:pressing_key3, efn:full_charge_message, efn:pressing_key2, efn:murasama_zansetsu_active, efn:murasama_opposite_triggered, efn:innate_press_timer, efn:murasama_zansetsu_start_time, efn:force_release, efn:murasama_key_right_down, efn:combo_counter, invincible:cooldown, efn:murasama_zansetsu_sector, efn:murasama_air_borne, efn:murasama_zansetsu_slash_release, efn:sprint_key, efn:press_innate, efn:murasama_sheath, efn:murasama_left_mouse_pressed, invincible:right, efn:press_key1, invincible:left, efn:sprint_sheath_timer, efn:demon_key, efn:guard_key, efn:press_key2, efn:murasama_key_left_down, efn:arts_key_pressed, efn:is_charging, efn:pressing_key4, efn:up_key, efn:down_key, efn:murasama_zandatsu_available, efn:murasama_sheath_timer, efn:charge_stage, invincible:up, efn:murasama_input_mode_switch_pressed, efn:key1_press_timer, efn:press_key4, efn:murasama_zandatsu_end_time, efn:sneak_key, efn:energy_check, efn:charge_message, efn:murasama_zansetsu_attack_counter, invincible:dodge_success_timer, efn:manual_unsheath, efn:murasama_last_triggered_sector, efn:angel_key, efn:murasama_zansetsu_input_mode, invincible:down, efn:pressing_key1, invincible:parry_timer, efn:murasama_zansetsu_end_time, efn:murasama_forward_dodge, efn:is_pressing, efn:key3_press_timer, efn:cooldown_2, efn:pressing_innate, efn:arts_key, efn:charge_ticks] for efn:murasama
[148月2026 10:34:07.342] [main/INFO] [epicfight/]: Data keys [efn:sprint_sheath_timer, efn:double_tap_timer, efn:murasama_key_left_down, efn:murasama_zansetsu_timer, efn:backward_pressed_last_tick, efn:murasama_zandatsu_start_time, efn:murasama_zandatsu_available, efn:murasama_sheath_timer, efn:murasama_input_mode_switch_pressed, efn:murasama_pair_flag, efn:forward_backward_end_tick, efn:forward_backward_window_active, efn:forward_backward_success, efn:murasama_zansetsu_active, efn:murasama_opposite_triggered, efn:murasama_zandatsu_end_time, efn:forward_pressed_last_tick, efn:forward_backward_timer, efn:murasama_zansetsu_start_time, efn:is_double_tap_sprint, efn:murasama_key_right_down, efn:murasama_zansetsu_attack_counter, efn:jump_count, efn:murasama_zansetsu_sector, efn:forward_backward_remaining_ticks, efn:manual_unsheath, efn:murasama_last_triggered_sector, efn:murasama_zansetsu_slash_release, efn:murasama_zansetsu_input_mode, efn:murasama_zansetsu_end_time, efn:was_double_tap_sprint, efn:murasama_forward_dodge, efn:up_key_pressed_last_tick, efn:jump_key_pressed_last_tick, efn:murasama_sheath, efn:murasama_left_mouse_pressed] for efn:murasama_passive
[148月2026 10:34:07.343] [main/INFO] [epicfight/]: Data keys [efn:cooldown, invincible:left, efn:demon_key, efn:press_summon_sword, efn:key4_press_timer, efn:was_long_pressed, efn:guard_key, efn:press_key2, efn:arts_key_pressed, efn:is_charging, efn:pressing_key4, efn:jump_key, efn:up_key, efn:key2_press_timer, efn:down_key, efn:press_key3, efn:charge_stage, invincible:up, efn:charge_power, efn:key1_press_timer, efn:cooldown_1, efn:press_key4, efn:pressing_key3, efn:full_charge_message, efn:pressing_key2, efn:innate_press_timer, efn:sneak_key, efn:energy_check, efn:force_release, efn:charge_message, efn:combo_counter, invincible:cooldown, invincible:dodge_success_timer, efn:angel_key, invincible:down, efn:pressing_key1, invincible:parry_timer, efn:is_pressing, efn:sprint_key, efn:press_innate, efn:key3_press_timer, efn:cooldown_2, efn:pressing_innate, efn:arts_key, efn:charge_ticks, invincible:right, efn:press_key1] for efn:meenlance
[148月2026 10:34:07.343] [main/INFO] [epicfight/]: Data keys [efn:cooldown, invincible:left, efn:demon_key, efn:press_summon_sword, efn:key4_press_timer, efn:was_long_pressed, efn:guard_key, efn:press_key2, efn:arts_key_pressed, efn:is_charging, efn:pressing_key4, efn:jump_key, efn:up_key, efn:key2_press_timer, efn:down_key, efn:press_key3, efn:charge_stage, invincible:up, efn:charge_power, efn:key1_press_timer, efn:cooldown_1, efn:press_key4, efn:pressing_key3, efn:full_charge_message, efn:pressing_key2, efn:innate_press_timer, efn:sneak_key, efn:energy_check, efn:force_release, efn:charge_message, efn:combo_counter, invincible:cooldown, invincible:dodge_success_timer, efn:angel_key, invincible:down, efn:pressing_key1, invincible:parry_timer, efn:is_pressing, efn:sprint_key, efn:press_innate, efn:key3_press_timer, efn:cooldown_2, efn:pressing_innate, efn:arts_key, efn:charge_ticks, invincible:right, efn:press_key1] for efn:kusabimaru
[148月2026 10:34:07.344] [main/INFO] [epicfight/]: Data keys [efn:cooldown, efn:press_summon_sword, efn:key4_press_timer, efn:was_long_pressed, efn:murasama_zansetsu_timer, efn:murasama_zandatsu_start_time, efn:jump_key, efn:key2_press_timer, efn:press_key3, efn:murasama_pair_flag, efn:charge_power, efn:cooldown_1, efn:pressing_key3, efn:full_charge_message, efn:pressing_key2, efn:murasama_zansetsu_active, efn:murasama_opposite_triggered, efn:innate_press_timer, efn:murasama_zansetsu_start_time, efn:force_release, efn:murasama_key_right_down, efn:combo_counter, invincible:cooldown, efn:murasama_zansetsu_sector, efn:murasama_air_borne, efn:murasama_zansetsu_slash_release, efn:sprint_key, efn:press_innate, efn:murasama_sheath, efn:murasama_left_mouse_pressed, invincible:right, efn:press_key1, invincible:left, efn:sprint_sheath_timer, efn:demon_key, efn:guard_key, efn:press_key2, efn:murasama_key_left_down, efn:arts_key_pressed, efn:is_charging, efn:pressing_key4, efn:up_key, efn:down_key, efn:murasama_zandatsu_available, efn:murasama_sheath_timer, efn:charge_stage, invincible:up, efn:murasama_input_mode_switch_pressed, efn:key1_press_timer, efn:press_key4, efn:murasama_zandatsu_end_time, efn:sneak_key, efn:energy_check, efn:charge_message, efn:murasama_zansetsu_attack_counter, invincible:dodge_success_timer, efn:manual_unsheath, efn:murasama_last_triggered_sector, efn:angel_key, efn:murasama_zansetsu_input_mode, invincible:down, efn:pressing_key1, invincible:parry_timer, efn:murasama_zansetsu_end_time, efn:murasama_forward_dodge, efn:is_pressing, efn:key3_press_timer, efn:cooldown_2, efn:pressing_innate, efn:arts_key, efn:charge_ticks] for efn:hf_blade
[148月2026 10:34:07.345] [main/INFO] [epicfight/]: Data keys [efn:sprint_sheath_timer, efn:double_tap_timer, efn:murasama_key_left_down, efn:murasama_zansetsu_timer, efn:backward_pressed_last_tick, efn:murasama_zandatsu_start_time, efn:murasama_zandatsu_available, efn:murasama_sheath_timer, efn:murasama_input_mode_switch_pressed, efn:murasama_pair_flag, efn:forward_backward_end_tick, efn:forward_backward_window_active, efn:forward_backward_success, efn:murasama_zansetsu_active, efn:murasama_opposite_triggered, efn:murasama_zandatsu_end_time, efn:forward_pressed_last_tick, efn:forward_backward_timer, efn:murasama_zansetsu_start_time, efn:is_double_tap_sprint, efn:murasama_key_right_down, efn:murasama_zansetsu_attack_counter, efn:jump_count, efn:murasama_zansetsu_sector, efn:forward_backward_remaining_ticks, efn:manual_unsheath, efn:murasama_last_triggered_sector, efn:murasama_zansetsu_slash_release, efn:murasama_zansetsu_input_mode, efn:murasama_zansetsu_end_time, efn:was_double_tap_sprint, efn:murasama_forward_dodge, efn:up_key_pressed_last_tick, efn:jump_key_pressed_last_tick, efn:murasama_sheath, efn:murasama_left_mouse_pressed] for efn:hf_blade_passive
[148月2026 10:34:07.345] [main/INFO] [epicfight/]: Data keys [efn:cooldown, invincible:left, efn:demon_key, efn:press_summon_sword, efn:key4_press_timer, efn:was_long_pressed, efn:guard_key, efn:press_key2, efn:arts_key_pressed, efn:is_charging, efn:pressing_key4, efn:jump_key, efn:up_key, efn:key2_press_timer, efn:down_key, efn:press_key3, efn:charge_stage, invincible:up, efn:charge_power, efn:key1_press_timer, efn:cooldown_1, efn:press_key4, efn:pressing_key3, efn:full_charge_message, efn:pressing_key2, efn:innate_press_timer, efn:sneak_key, efn:energy_check, efn:force_release, efn:charge_message, efn:combo_counter, invincible:cooldown, invincible:dodge_success_timer, efn:angel_key, invincible:down, efn:pressing_key1, invincible:parry_timer, efn:is_pressing, efn:sprint_key, efn:press_innate, efn:key3_press_timer, efn:cooldown_2, efn:pressing_innate, efn:arts_key, efn:charge_ticks, invincible:right, efn:press_key1] for efn:exsiliumgladius
[148月2026 10:34:07.346] [main/INFO] [epicfight/]: Data keys [invincible:left, invincible:up, invincible:down, invincible:parry_timer, invincible:cooldown, invincible:dodge_success_timer, invincible:right] for efn:examplecombo
[148月2026 10:34:07.347] [main/INFO] [epicfight/]: Data keys [efn:cooldown, invincible:left, efn:demon_key, efn:press_summon_sword, efn:key4_press_timer, efn:was_long_pressed, efn:guard_key, efn:press_key2, efn:arts_key_pressed, efn:is_charging, efn:pressing_key4, efn:jump_key, efn:up_key, efn:key2_press_timer, efn:down_key, efn:press_key3, efn:charge_stage, invincible:up, efn:charge_power, efn:key1_press_timer, efn:cooldown_1, efn:press_key4, efn:pressing_key3, efn:full_charge_message, efn:pressing_key2, efn:innate_press_timer, efn:sneak_key, efn:energy_check, efn:force_release, efn:charge_message, efn:combo_counter, invincible:cooldown, invincible:dodge_success_timer, efn:angel_key, invincible:down, efn:pressing_key1, invincible:parry_timer, efn:is_pressing, efn:sprint_key, efn:press_innate, efn:key3_press_timer, efn:cooldown_2, efn:pressing_innate, efn:arts_key, efn:charge_ticks, invincible:right, efn:press_key1] for efn:crescentmoon
[148月2026 10:34:07.347] [main/INFO] [epicfight/]: Data keys [efn:cooldown, invincible:left, efn:demon_key, efn:press_summon_sword, efn:key4_press_timer, efn:was_long_pressed, efn:guard_key, efn:press_key2, efn:arts_key_pressed, efn:is_charging, efn:pressing_key4, efn:jump_key, efn:up_key, efn:key2_press_timer, efn:down_key, efn:press_key3, efn:charge_stage, invincible:up, efn:charge_power, efn:key1_press_timer, efn:cooldown_1, efn:press_key4, efn:pressing_key3, efn:full_charge_message, efn:pressing_key2, efn:innate_press_timer, efn:sneak_key, efn:energy_check, efn:force_release, efn:charge_message, efn:combo_counter, invincible:cooldown, invincible:dodge_success_timer, efn:angel_key, invincible:down, efn:pressing_key1, invincible:parry_timer, efn:is_pressing, efn:sprint_key, efn:press_innate, efn:key3_press_timer, efn:cooldown_2, efn:pressing_innate, efn:arts_key, efn:charge_ticks, invincible:right, efn:press_key1] for efn:broadblade
[148月2026 10:34:07.347] [main/INFO] [epicfight/]: Data keys [efn:cooldown, invincible:left, efn:demon_key, efn:press_summon_sword, efn:key4_press_timer, efn:was_long_pressed, efn:guard_key, efn:press_key2, efn:arts_key_pressed, efn:is_charging, efn:pressing_key4, efn:jump_key, efn:up_key, efn:key2_press_timer, efn:down_key, efn:press_key3, efn:charge_stage, invincible:up, efn:charge_power, efn:key1_press_timer, efn:cooldown_1, efn:press_key4, efn:pressing_key3, efn:full_charge_message, efn:pressing_key2, efn:innate_press_timer, efn:sneak_key, efn:energy_check, efn:force_release, efn:charge_message, efn:combo_counter, invincible:cooldown, invincible:dodge_success_timer, efn:angel_key, invincible:down, efn:pressing_key1, invincible:parry_timer, efn:is_pressing, efn:sprint_key, efn:press_innate, efn:key3_press_timer, efn:cooldown_2, efn:pressing_innate, efn:arts_key, efn:charge_ticks, invincible:right, efn:press_key1] for efn:bloodlust
[148月2026 10:34:07.348] [main/INFO] [epicfight/]: Data keys [efn:cooldown, invincible:left, efn:demon_key, efn:press_summon_sword, efn:key4_press_timer, efn:was_long_pressed, efn:guard_key, efn:press_key2, efn:arts_key_pressed, efn:is_charging, efn:pressing_key4, efn:jump_key, efn:up_key, efn:key2_press_timer, efn:down_key, efn:press_key3, efn:charge_stage, invincible:up, efn:charge_power, efn:key1_press_timer, efn:cooldown_1, efn:press_key4, efn:pressing_key3, efn:full_charge_message, efn:pressing_key2, efn:innate_press_timer, efn:sneak_key, efn:energy_check, efn:force_release, efn:charge_message, efn:combo_counter, invincible:cooldown, invincible:dodge_success_timer, efn:angel_key, invincible:down, efn:pressing_key1, invincible:parry_timer, efn:is_pressing, efn:sprint_key, efn:press_innate, efn:key3_press_timer, efn:cooldown_2, efn:pressing_innate, efn:arts_key, efn:charge_ticks, invincible:right, efn:press_key1] for efn:beastclaw
[148月2026 10:34:07.348] [main/INFO] [epicfight/]: Data keys [efn:cooldown, invincible:left, efn:demon_key, efn:press_summon_sword, efn:key4_press_timer, efn:was_long_pressed, efn:guard_key, efn:press_key2, efn:arts_key_pressed, efn:is_charging, efn:pressing_key4, efn:jump_key, efn:up_key, efn:key2_press_timer, efn:down_key, efn:press_key3, efn:charge_stage, invincible:up, efn:charge_power, efn:key1_press_timer, efn:cooldown_1, efn:press_key4, efn:pressing_key3, efn:full_charge_message, efn:pressing_key2, efn:innate_press_timer, efn:sneak_key, efn:energy_check, efn:force_release, efn:charge_message, efn:combo_counter, invincible:cooldown, invincible:dodge_success_timer, efn:angel_key, invincible:down, efn:pressing_key1, invincible:parry_timer, efn:is_pressing, efn:sprint_key, efn:press_innate, efn:key3_press_timer, efn:cooldown_2, efn:pressing_innate, efn:arts_key, efn:charge_ticks, invincible:right, efn:press_key1] for efn:aetherialdusk
[148月2026 10:34:07.348] [main/INFO] [epicfight/]: Data keys [annoyingvillagers:is_trident_ranged_mode, annoyingvillagers:trident_amount] for annoyingvillagers:trident_festival
[148月2026 10:34:07.450] [main/WARN] [net.minecraft.server.packs.VanillaPackResourcesBuilder/]: Assets URL 'union:/E:/program/JAVA/touhou%20little%20maid%20-%20unknow%20sky%20area/prod_server/libraries/net/minecraft/server/1.20.1-20230612.114412/server-1.20.1-20230612.114412-srg.jar%23131!/assets/.mcassetsroot' uses unexpected schema
[148月2026 10:34:07.451] [main/WARN] [net.minecraft.server.packs.VanillaPackResourcesBuilder/]: Assets URL 'union:/E:/program/JAVA/touhou%20little%20maid%20-%20unknow%20sky%20area/prod_server/libraries/net/minecraft/server/1.20.1-20230612.114412/server-1.20.1-20230612.114412-srg.jar%23131!/data/.mcassetsroot' uses unexpected schema
[148月2026 10:34:07.709] [main/DEBUG] [net.minecraftforge.server.ServerLifecycleHooks/CORE]: Generating PackInfo named mod:invincible for mod file E:\program\JAVA\touhou little maid - unknow sky area\prod_server\mods\[无坚不摧] epic-fight-invincible-lib-20.14.8.2-mc1.20.1-forge.jar
[148月2026 10:34:07.710] [main/DEBUG] [net.minecraftforge.server.ServerLifecycleHooks/CORE]: Generating PackInfo named mod:mixinsquared for mod file 
[148月2026 10:34:07.710] [main/DEBUG] [net.minecraftforge.server.ServerLifecycleHooks/CORE]: Generating PackInfo named mod:geckolib for mod file 
[148月2026 10:34:07.711] [main/DEBUG] [net.minecraftforge.server.ServerLifecycleHooks/CORE]: Generating PackInfo named mod:combat_evolution for mod file E:\program\JAVA\touhou little maid - unknow sky area\prod_server\mods\CombatEvolution-2.1.10.jar
[148月2026 10:34:07.712] [main/DEBUG] [net.minecraftforge.server.ServerLifecycleHooks/CORE]: Generating PackInfo named mod:maid_weapon_refill for mod file E:\program\JAVA\touhou little maid - unknow sky area\prod_server\mods\maid_weapon_refill-1.0.0.jar
[148月2026 10:34:07.712] [main/DEBUG] [net.minecraftforge.server.ServerLifecycleHooks/CORE]: Generating PackInfo named mod:touhou_little_maid for mod file E:\program\JAVA\touhou little maid - unknow sky area\prod_server\mods\[车万女仆] touhoulittlemaid-1.5.3-forge+mc1.20.1.jar
[148月2026 10:34:07.713] [main/DEBUG] [net.minecraftforge.server.ServerLifecycleHooks/CORE]: Generating PackInfo named mod:simplebedrockmodel for mod file 
[148月2026 10:34:07.713] [main/DEBUG] [net.minecraftforge.server.ServerLifecycleHooks/CORE]: Generating PackInfo named mod:epicfight for mod file E:\program\JAVA\touhou little maid - unknow sky area\prod_server\mods\[史诗战斗] epic-fight-20.14.17-mc1.20.1-forge.jar
[148月2026 10:34:07.714] [main/DEBUG] [net.minecraftforge.server.ServerLifecycleHooks/CORE]: Generating PackInfo named mod:wom for mod file E:\program\JAVA\touhou little maid - unknow sky area\prod_server\mods\[奇迹武器] WeaponsOfMiracles-2.0.164-mc1.20.1-forge.jar
[148月2026 10:34:07.716] [main/DEBUG] [net.minecraftforge.server.ServerLifecycleHooks/CORE]: Generating PackInfo named mod:epic_fight_avalon for mod file E:\program\JAVA\touhou little maid - unknow sky area\prod_server\mods\epic_fight_avalon-20.12.6.4.jar
[148月2026 10:34:07.717] [main/DEBUG] [net.minecraftforge.server.ServerLifecycleHooks/CORE]: Generating PackInfo named mod:player_mobs for mod file E:\program\JAVA\touhou little maid - unknow sky area\prod_server\mods\PlayerMobs-1.20.1-4.1.0.37.jar
[148月2026 10:34:07.718] [main/DEBUG] [net.minecraftforge.server.ServerLifecycleHooks/CORE]: Generating PackInfo named mod:mixinextras for mod file 
[148月2026 10:34:07.718] [main/DEBUG] [net.minecraftforge.server.ServerLifecycleHooks/CORE]: Generating PackInfo named mod:vix for mod file 
[148月2026 10:34:07.720] [main/DEBUG] [net.minecraftforge.server.ServerLifecycleHooks/CORE]: Generating PackInfo named mod:architectury for mod file E:\program\JAVA\touhou little maid - unknow sky area\prod_server\mods\architectury-9.2.14-forge.jar
[148月2026 10:34:07.721] [main/DEBUG] [net.minecraftforge.server.ServerLifecycleHooks/CORE]: Generating PackInfo named mod:efn for mod file E:\program\JAVA\touhou little maid - unknow sky area\prod_server\mods\[史诗战斗：夜幕] EpicFight Nightfall-3.4.0.jar
[148月2026 10:34:07.722] [main/DEBUG] [net.minecraftforge.server.ServerLifecycleHooks/CORE]: Generating PackInfo named mod:annoyingvillagers for mod file E:\program\JAVA\touhou little maid - unknow sky area\prod_server\mods\[烦人的村民] AnnoyingVillagers-1.20.1-1.4.7.jar
[148月2026 10:34:07.723] [main/DEBUG] [net.minecraftforge.server.ServerLifecycleHooks/CORE]: Generating PackInfo named mod:efclash_blade for mod file E:\program\JAVA\touhou little maid - unknow sky area\prod_server\mods\[史诗战斗：冲击之刃] Epicfight-ClashBlade-1.20.1-2.1.jar
[148月2026 10:34:07.723] [main/DEBUG] [net.minecraftforge.server.ServerLifecycleHooks/CORE]: Generating PackInfo named mod:ywzj_vehicle for mod file E:\program\JAVA\touhou little maid - unknow sky area\prod_server\mods\ywzj_vehicle-1.20.1-0.5.8.jar
[148月2026 10:34:07.724] [main/DEBUG] [net.minecraftforge.server.ServerLifecycleHooks/CORE]: Generating PackInfo named mod:ef_tlm for mod file E:\program\JAVA\touhou little maid - unknow sky area\prod_server\mods\[史诗战斗：车万女仆] [史诗战斗：车万女仆]EpicFight_TouhouLittleMaid-1.20.1-1.3.2-all.jar
[148月2026 10:34:07.726] [main/DEBUG] [net.minecraftforge.server.ServerLifecycleHooks/CORE]: Generating PackInfo named mod:ysm_geo_compat for mod file 
[148月2026 10:34:07.726] [main/DEBUG] [net.minecraftforge.server.ServerLifecycleHooks/CORE]: Generating PackInfo named mod:forge for mod file E:\program\JAVA\touhou little maid - unknow sky area\prod_server\libraries\net\minecraftforge\forge\1.20.1-47.4.13\forge-1.20.1-47.4.13-universal.jar
[148月2026 10:34:07.727] [main/DEBUG] [net.minecraftforge.server.ServerLifecycleHooks/CORE]: Generating PackInfo named mod:eftlm_stylish for mod file E:\program\JAVA\touhou little maid - unknow sky area\prod_server\mods\eftlm_stylish-1.0.0.jar
[148月2026 10:34:08.970] [main/DEBUG] [mixin/]: Mixing MixinLootDataManager from architectury.mixins.json into net.minecraft.world.level.storage.loot.LootDataManager
[148月2026 10:34:09.230] [main/DEBUG] [net.minecraftforge.coremod.transformer.CoreModBaseTransformer/COREMOD]: Transforming net/minecraft/server/commands/SummonCommand
[148月2026 10:34:09.707] [Worker-Main-8/ERROR] [simplebedrockmodel/]: Not found model file: ywzj_vehicle:models/bedrock/entity/grenade_40mm.json
[148月2026 10:34:09.712] [Worker-Main-8/ERROR] [simplebedrockmodel/]: Not found model file: ywzj_vehicle:models/bedrock/entity/aerial_bomb.json
[148月2026 10:34:09.713] [Worker-Main-8/ERROR] [simplebedrockmodel/]: Not found model file: ywzj_vehicle:models/bedrock/block/machine_max_block.json
[148月2026 10:34:09.715] [Worker-Main-8/ERROR] [simplebedrockmodel/]: Not found model file: ywzj_vehicle:models/bedrock/entity/missile_akd10.json
[148月2026 10:34:09.716] [Worker-Main-8/ERROR] [simplebedrockmodel/]: Not found model file: ywzj_vehicle:models/bedrock/entity/basic_bullet.json
[148月2026 10:34:09.718] [Worker-Main-8/ERROR] [simplebedrockmodel/]: Not found model file: ywzj_vehicle:models/bedrock/entity/rocket_57mm.json
[148月2026 10:34:10.536] [Worker-Main-5/DEBUG] [net.minecraftforge.coremod.transformer.CoreModBaseTransformer/COREMOD]: Transforming net/minecraft/world/entity/raid/Raid
[148月2026 10:34:10.622] [Worker-Main-5/DEBUG] [mixin/]: Mixing FishingHookPredicateMixin from touhou_little_maid.mixins.json into net.minecraft.advancements.critereon.FishingHookPredicate
[148月2026 10:34:11.477] [Worker-Main-5/ERROR] [net.minecraftforge.common.ForgeHooks/]: Couldn't parse element loot_tables:touhou_little_maid:grant_book_on_first_join
com.google.gson.JsonSyntaxException: Expected name to be an item, was unknown string 'patchouli:guide_book'
	at net.minecraft.util.GsonHelper.m_13866_(GsonHelper.java:145) ~[server-1.20.1-20230612.114412-srg.jar%23131!/:?]
	at java.util.Optional.orElseThrow(Optional.java:403) ~[?:?]
	at net.minecraft.util.GsonHelper.m_13874_(GsonHelper.java:145) ~[server-1.20.1-20230612.114412-srg.jar%23131!/:?]
	at net.minecraft.util.GsonHelper.m_13909_(GsonHelper.java:153) ~[server-1.20.1-20230612.114412-srg.jar%23131!/:?]
	at net.minecraft.world.level.storage.loot.entries.LootItem$Serializer.m_7267_(LootItem.java:55) ~[server-1.20.1-20230612.114412-srg.jar%23131!/:?]
	at net.minecraft.world.level.storage.loot.entries.LootItem$Serializer.m_7267_(LootItem.java:40) ~[server-1.20.1-20230612.114412-srg.jar%23131!/:?]
	at net.minecraft.world.level.storage.loot.entries.LootPoolSingletonContainer$Serializer.m_5921_(LootPoolSingletonContainer.java:151) ~[server-1.20.1-20230612.114412-srg.jar%23131!/:?]
	at net.minecraft.world.level.storage.loot.entries.LootPoolSingletonContainer$Serializer.m_5921_(LootPoolSingletonContainer.java:129) ~[server-1.20.1-20230612.114412-srg.jar%23131!/:?]
	at net.minecraft.world.level.storage.loot.entries.LootPoolEntryContainer$Serializer.m_7561_(LootPoolEntryContainer.java:86) ~[server-1.20.1-20230612.114412-srg.jar%23131!/:?]
	at net.minecraft.world.level.storage.loot.entries.LootPoolEntryContainer$Serializer.m_7561_(LootPoolEntryContainer.java:74) ~[server-1.20.1-20230612.114412-srg.jar%23131!/:?]
	at net.minecraft.world.level.storage.loot.GsonAdapterFactory$JsonAdapter.deserialize(GsonAdapterFactory.java:102) ~[server-1.20.1-20230612.114412-srg.jar%23131!/:?]
	at com.google.gson.internal.bind.TreeTypeAdapter.read(TreeTypeAdapter.java:76) ~[gson-2.10.jar%2372!/:?]
	at com.google.gson.internal.bind.TypeAdapterRuntimeTypeWrapper.read(TypeAdapterRuntimeTypeWrapper.java:40) ~[gson-2.10.jar%2372!/:?]
	at com.google.gson.internal.bind.ArrayTypeAdapter.read(ArrayTypeAdapter.java:72) ~[gson-2.10.jar%2372!/:?]
	at com.google.gson.Gson.fromJson(Gson.java:1214) ~[gson-2.10.jar%2372!/:?]
	at com.google.gson.Gson.fromJson(Gson.java:1319) ~[gson-2.10.jar%2372!/:?]
	at com.google.gson.Gson.fromJson(Gson.java:1290) ~[gson-2.10.jar%2372!/:?]
	at com.google.gson.internal.bind.TreeTypeAdapter$GsonContextImpl.deserialize(TreeTypeAdapter.java:179) ~[gson-2.10.jar%2372!/:?]
	at net.minecraft.util.GsonHelper.m_13808_(GsonHelper.java:463) ~[server-1.20.1-20230612.114412-srg.jar%23131!/:?]
	at net.minecraft.util.GsonHelper.m_13836_(GsonHelper.java:471) ~[server-1.20.1-20230612.114412-srg.jar%23131!/:?]
	at net.minecraft.world.level.storage.loot.LootPool$Serializer.deserialize(LootPool.java:192) ~[server-1.20.1-20230612.114412-srg.jar%23131!/:?]
	at net.minecraft.world.level.storage.loot.LootPool$Serializer.deserialize(LootPool.java:189) ~[server-1.20.1-20230612.114412-srg.jar%23131!/:?]
	at com.google.gson.internal.bind.TreeTypeAdapter.read(TreeTypeAdapter.java:76) ~[gson-2.10.jar%2372!/:?]
	at com.google.gson.internal.bind.TypeAdapterRuntimeTypeWrapper.read(TypeAdapterRuntimeTypeWrapper.java:40) ~[gson-2.10.jar%2372!/:?]
	at com.google.gson.internal.bind.ArrayTypeAdapter.read(ArrayTypeAdapter.java:72) ~[gson-2.10.jar%2372!/:?]
	at com.google.gson.Gson.fromJson(Gson.java:1214) ~[gson-2.10.jar%2372!/:?]
	at com.google.gson.Gson.fromJson(Gson.java:1319) ~[gson-2.10.jar%2372!/:?]
	at com.google.gson.Gson.fromJson(Gson.java:1290) ~[gson-2.10.jar%2372!/:?]
	at com.google.gson.internal.bind.TreeTypeAdapter$GsonContextImpl.deserialize(TreeTypeAdapter.java:179) ~[gson-2.10.jar%2372!/:?]
	at net.minecraft.util.GsonHelper.m_13808_(GsonHelper.java:463) ~[server-1.20.1-20230612.114412-srg.jar%23131!/:?]
	at net.minecraft.util.GsonHelper.m_13845_(GsonHelper.java:481) ~[server-1.20.1-20230612.114412-srg.jar%23131!/:?]
	at net.minecraft.world.level.storage.loot.LootTable$Serializer.deserialize(LootTable.java:294) ~[server-1.20.1-20230612.114412-srg.jar%23131!/:?]
	at net.minecraft.world.level.storage.loot.LootTable$Serializer.deserialize(LootTable.java:291) ~[server-1.20.1-20230612.114412-srg.jar%23131!/:?]
	at com.google.gson.internal.bind.TreeTypeAdapter.read(TreeTypeAdapter.java:76) ~[gson-2.10.jar%2372!/:?]
	at com.google.gson.Gson.fromJson(Gson.java:1214) ~[gson-2.10.jar%2372!/:?]
	at com.google.gson.Gson.fromJson(Gson.java:1319) ~[gson-2.10.jar%2372!/:?]
	at com.google.gson.Gson.fromJson(Gson.java:1261) ~[gson-2.10.jar%2372!/:?]
	at net.minecraftforge.common.ForgeHooks.loadLootTable(ForgeHooks.java:872) ~[forge-1.20.1-47.4.13-universal.jar%23136!/:?]
	at net.minecraftforge.common.ForgeHooks.lambda$getLootTableDeserializer$3(ForgeHooks.java:849) ~[forge-1.20.1-47.4.13-universal.jar%23136!/:?]
	at net.minecraft.world.level.storage.loot.LootDataType.deserialize(LootDataType.java:45) ~[server-1.20.1-20230612.114412-srg.jar%23131!/:?]
	at net.minecraft.world.level.storage.loot.LootDataManager.lambda$scheduleElementParse$4(LootDataManager.java:56) ~[server-1.20.1-20230612.114412-srg.jar%23131!/:?]
	at java.util.HashMap.forEach(HashMap.java:1421) ~[?:?]
	at net.minecraft.world.level.storage.loot.LootDataManager.m_278660_(LootDataManager.java:55) ~[server-1.20.1-20230612.114412-srg.jar%23131!/:?]
	at java.util.concurrent.CompletableFuture$AsyncRun.run(CompletableFuture.java:1804) ~[?:?]
	at java.util.concurrent.CompletableFuture$AsyncRun.exec(CompletableFuture.java:1796) ~[?:?]
	at java.util.concurrent.ForkJoinTask.doExec(ForkJoinTask.java:373) ~[?:?]
	at java.util.concurrent.ForkJoinPool$WorkQueue.topLevelExec(ForkJoinPool.java:1182) ~[?:?]
	at java.util.concurrent.ForkJoinPool.scan(ForkJoinPool.java:1655) ~[?:?]
	at java.util.concurrent.ForkJoinPool.runWorker(ForkJoinPool.java:1622) ~[?:?]
	at java.util.concurrent.ForkJoinWorkerThread.run(ForkJoinWorkerThread.java:165) ~[?:?]
[148月2026 10:34:11.766] [main/INFO] [net.minecraft.world.item.crafting.RecipeManager/]: Skipping loading recipe touhou_little_maid:memorizable_gensokyo as it's serializer returned null
[148月2026 10:34:11.827] [main/INFO] [net.minecraft.world.item.crafting.RecipeManager/]: Loaded 9 recipes
[148月2026 10:34:11.985] [main/INFO] [net.minecraft.advancements.AdvancementList/]: Loaded 1353 advancements
[148月2026 10:34:36.197] [main/WARN] [epicfight/]: Skill efn:example doesn't exist in the registry.
[148月2026 10:34:36.263] [main/WARN] [epicfight/]: Item Capability Exception: No item named annoyingvillagers:air
[148月2026 10:34:36.319] [main/WARN] [epicfight/]: Can't find a particle type epicfight:entity.hit.blunt in invincible:custom_combo_demo
[148月2026 10:34:36.333] [main/WARN] [epicfight/]: Item Capability Exception: No item named efn:scythe
[148月2026 10:34:36.349] [main/WARN] [epicfight/]: Item Capability Exception: No item named annoyingvillagers:diamond_durandal
[148月2026 10:34:37.356] [main/DEBUG] [net.minecraftforge.common.ForgeHooks/WP]: Gathering id map for writing to world save maid_pilot_world
[148月2026 10:34:37.414] [main/DEBUG] [net.minecraftforge.common.ForgeHooks/WP]: ID Map collection complete maid_pilot_world
[148月2026 10:34:37.527] [Server thread/INFO] [net.minecraft.server.dedicated.DedicatedServer/]: Starting minecraft server version 1.20.1
[148月2026 10:34:37.528] [Server thread/INFO] [net.minecraft.server.dedicated.DedicatedServer/]: Loading properties
[148月2026 10:34:37.528] [Server thread/INFO] [net.minecraft.server.dedicated.DedicatedServer/]: Default game type: SURVIVAL
[148月2026 10:34:37.528] [Server thread/INFO] [net.minecraft.server.MinecraftServer/]: Generating keypair
[148月2026 10:34:37.639] [Server thread/INFO] [net.minecraft.server.dedicated.DedicatedServer/]: Starting Minecraft server on *:25565
[148月2026 10:34:37.640] [Server thread/DEBUG] [net.minecraftforge.network.DualStackUtils/]: Detected IPv6 address: "0:0:0:0:0:0:0:0"
[148月2026 10:34:37.670] [Server thread/INFO] [net.minecraft.server.network.ServerConnectionListener/]: Using default channel type
[148月2026 10:34:37.701] [Server thread/DEBUG] [io.netty.channel.MultithreadEventLoopGroup/]: -Dio.netty.eventLoopThreads: 32
[148月2026 10:34:37.733] [Server thread/DEBUG] [io.netty.util.internal.InternalThreadLocalMap/]: -Dio.netty.threadLocalMap.stringBuilder.initialSize: 1024
[148月2026 10:34:37.733] [Server thread/DEBUG] [io.netty.util.internal.InternalThreadLocalMap/]: -Dio.netty.threadLocalMap.stringBuilder.maxSize: 4096
[148月2026 10:34:37.744] [Server thread/DEBUG] [io.netty.channel.nio.NioEventLoop/]: -Dio.netty.noKeySetOptimization: false
[148月2026 10:34:37.744] [Server thread/DEBUG] [io.netty.channel.nio.NioEventLoop/]: -Dio.netty.selectorAutoRebuildThreshold: 512
[148月2026 10:34:37.757] [Server thread/DEBUG] [io.netty.util.internal.PlatformDependent/]: org.jctools-core.MpscChunkedArrayQueue: available
[148月2026 10:34:37.993] [Server thread/DEBUG] [io.netty.channel.DefaultChannelId/]: -Dio.netty.processId: 22960 (auto-detected)
[148月2026 10:34:37.996] [Server thread/DEBUG] [io.netty.util.NetUtil/]: -Djava.net.preferIPv4Stack: false
[148月2026 10:34:37.997] [Server thread/DEBUG] [io.netty.util.NetUtil/]: -Djava.net.preferIPv6Addresses: true
[148月2026 10:34:38.022] [Server thread/DEBUG] [io.netty.util.NetUtilInitializations/]: Loopback interface: lo (Software Loopback Interface 1, 127.0.0.1)
[148月2026 10:34:38.023] [Server thread/DEBUG] [io.netty.util.NetUtil/]: Failed to get SOMAXCONN from sysctl and file \proc\sys\net\core\somaxconn. Default: 200
[148月2026 10:34:38.126] [Server thread/DEBUG] [io.netty.channel.DefaultChannelId/]: -Dio.netty.machineId: 00:00:00:00:00:00:00:e0 (auto-detected)
[148月2026 10:34:38.184] [Server thread/DEBUG] [io.netty.buffer.PooledByteBufAllocator/]: -Dio.netty.allocator.numHeapArenas: 32
[148月2026 10:34:38.184] [Server thread/DEBUG] [io.netty.buffer.PooledByteBufAllocator/]: -Dio.netty.allocator.numDirectArenas: 32
[148月2026 10:34:38.184] [Server thread/DEBUG] [io.netty.buffer.PooledByteBufAllocator/]: -Dio.netty.allocator.pageSize: 8192
[148月2026 10:34:38.184] [Server thread/DEBUG] [io.netty.buffer.PooledByteBufAllocator/]: -Dio.netty.allocator.maxOrder: 9
[148月2026 10:34:38.184] [Server thread/DEBUG] [io.netty.buffer.PooledByteBufAllocator/]: -Dio.netty.allocator.chunkSize: 4194304
[148月2026 10:34:38.184] [Server thread/DEBUG] [io.netty.buffer.PooledByteBufAllocator/]: -Dio.netty.allocator.smallCacheSize: 256
[148月2026 10:34:38.184] [Server thread/DEBUG] [io.netty.buffer.PooledByteBufAllocator/]: -Dio.netty.allocator.normalCacheSize: 64
[148月2026 10:34:38.184] [Server thread/DEBUG] [io.netty.buffer.PooledByteBufAllocator/]: -Dio.netty.allocator.maxCachedBufferCapacity: 32768
[148月2026 10:34:38.184] [Server thread/DEBUG] [io.netty.buffer.PooledByteBufAllocator/]: -Dio.netty.allocator.cacheTrimInterval: 8192
[148月2026 10:34:38.184] [Server thread/DEBUG] [io.netty.buffer.PooledByteBufAllocator/]: -Dio.netty.allocator.cacheTrimIntervalMillis: 0
[148月2026 10:34:38.186] [Server thread/DEBUG] [io.netty.buffer.PooledByteBufAllocator/]: -Dio.netty.allocator.useCacheForAllThreads: false
[148月2026 10:34:38.186] [Server thread/DEBUG] [io.netty.buffer.PooledByteBufAllocator/]: -Dio.netty.allocator.maxCachedByteBuffersPerChunk: 1023
[148月2026 10:34:38.205] [Server thread/DEBUG] [io.netty.buffer.ByteBufUtil/]: -Dio.netty.allocator.type: pooled
[148月2026 10:34:38.205] [Server thread/DEBUG] [io.netty.buffer.ByteBufUtil/]: -Dio.netty.threadLocalDirectBufferSize: 0
[148月2026 10:34:38.207] [Server thread/DEBUG] [io.netty.buffer.ByteBufUtil/]: -Dio.netty.maxThreadLocalCharBufferSize: 16384
[148月2026 10:34:38.256] [Server thread/DEBUG] [net.minecraftforge.fml.config.ConfigTracker/CONFIG]: Loading configs type SERVER
[148月2026 10:34:38.256] [Server thread/DEBUG] [net.minecraftforge.fml.config.ConfigFileTypeHandler/CONFIG]: Built TOML config for .\maid_pilot_world\serverconfig\epicfight-server.toml
[148月2026 10:34:38.258] [Server thread/DEBUG] [net.minecraftforge.fml.config.ConfigFileTypeHandler/CONFIG]: Loaded TOML config file .\maid_pilot_world\serverconfig\epicfight-server.toml
[148月2026 10:34:38.260] [Server thread/DEBUG] [net.minecraftforge.fml.config.ConfigFileTypeHandler/CONFIG]: Watching TOML config file .\maid_pilot_world\serverconfig\epicfight-server.toml for changes
[148月2026 10:34:38.262] [Server thread/DEBUG] [net.minecraftforge.fml.config.ConfigFileTypeHandler/CONFIG]: Built TOML config for .\maid_pilot_world\serverconfig\ywzj_vehicle-server.toml
[148月2026 10:34:38.262] [Server thread/DEBUG] [net.minecraftforge.fml.config.ConfigFileTypeHandler/CONFIG]: Loaded TOML config file .\maid_pilot_world\serverconfig\ywzj_vehicle-server.toml
[148月2026 10:34:38.264] [Server thread/DEBUG] [net.minecraftforge.fml.config.ConfigFileTypeHandler/CONFIG]: Watching TOML config file .\maid_pilot_world\serverconfig\ywzj_vehicle-server.toml for changes
[148月2026 10:34:38.266] [Server thread/DEBUG] [net.minecraftforge.fml.config.ConfigFileTypeHandler/CONFIG]: Built TOML config for .\maid_pilot_world\serverconfig\forge-server.toml
[148月2026 10:34:38.267] [Server thread/DEBUG] [net.minecraftforge.fml.config.ConfigFileTypeHandler/CONFIG]: Loaded TOML config file .\maid_pilot_world\serverconfig\forge-server.toml
[148月2026 10:34:38.268] [Server thread/DEBUG] [net.minecraftforge.fml.config.ConfigFileTypeHandler/CONFIG]: Watching TOML config file .\maid_pilot_world\serverconfig\forge-server.toml for changes
[148月2026 10:34:38.269] [Server thread/DEBUG] [net.minecraftforge.common.ForgeConfig/FORGEMOD]: Loaded forge config file forge-server.toml
[148月2026 10:34:38.271] [Server thread/DEBUG] [net.minecraftforge.fml.config.ConfigFileTypeHandler/CONFIG]: Built TOML config for .\maid_pilot_world\serverconfig\touhou_little_maid-server.toml
[148月2026 10:34:38.272] [Server thread/DEBUG] [net.minecraftforge.fml.config.ConfigFileTypeHandler/CONFIG]: Loaded TOML config file .\maid_pilot_world\serverconfig\touhou_little_maid-server.toml
[148月2026 10:34:38.272] [Server thread/DEBUG] [net.minecraftforge.fml.config.ConfigFileTypeHandler/CONFIG]: Watching TOML config file .\maid_pilot_world\serverconfig\touhou_little_maid-server.toml for changes
[148月2026 10:34:38.274] [Thread-1/DEBUG] [net.minecraftforge.fml.config.ConfigFileTypeHandler/CONFIG]: Config file forge-server.toml changed, sending notifies
[148月2026 10:34:38.274] [Thread-1/DEBUG] [net.minecraftforge.common.ForgeConfig/FORGEMOD]: Forge config just got changed on the file system!
[148月2026 10:34:38.359] [Server thread/INFO] [net.minecraft.server.dedicated.DedicatedServer/]: Preparing level "maid_pilot_world"
[148月2026 10:34:38.506] [Server thread/DEBUG] [net.minecraftforge.coremod.transformer.CoreModBaseTransformer/COREMOD]: Transforming net/minecraft/world/level/levelgen/PhantomSpawner
[148月2026 10:34:38.517] [Server thread/DEBUG] [net.minecraftforge.coremod.transformer.CoreModBaseTransformer/COREMOD]: Transforming net/minecraft/world/level/levelgen/PatrolSpawner
[148月2026 10:34:38.523] [Server thread/DEBUG] [net.minecraftforge.coremod.transformer.CoreModBaseTransformer/COREMOD]: Transforming net/minecraft/world/entity/npc/CatSpawner
[148月2026 10:34:38.530] [Server thread/DEBUG] [net.minecraftforge.coremod.transformer.CoreModBaseTransformer/COREMOD]: Transforming net/minecraft/world/entity/ai/village/VillageSiege
[148月2026 10:34:38.616] [Server thread/DEBUG] [mixin/]: Mixing PersistentEntitySectionManagerMixin from touhou_little_maid.mixins.json into net.minecraft.world.level.entity.PersistentEntitySectionManager
[148月2026 10:34:38.616] [Server thread/DEBUG] [mixin/]: Renaming synthetic method lambda$companionTick$0(J)V to md176f02$lambda$companionTick$0$0 in touhou_little_maid.mixins.json:PersistentEntitySectionManagerMixin
[148月2026 10:34:38.923] [Server thread/INFO] [net.minecraft.server.MinecraftServer/]: Preparing start region for dimension minecraft:overworld
[148月2026 10:34:40.210] [Server thread/DEBUG] [mixin/]: Mixing MixinChunkSerializer from architectury.mixins.json into net.minecraft.world.level.chunk.storage.ChunkSerializer
[148月2026 10:34:41.689] [Worker-Main-3/INFO] [net.minecraft.server.level.progress.LoggerChunkProgressListener/]: Preparing spawn area: 0%
[148月2026 10:34:41.690] [Worker-Main-7/INFO] [net.minecraft.server.level.progress.LoggerChunkProgressListener/]: Preparing spawn area: 0%
[148月2026 10:34:41.691] [Worker-Main-3/INFO] [net.minecraft.server.level.progress.LoggerChunkProgressListener/]: Preparing spawn area: 0%
[148月2026 10:34:41.691] [Worker-Main-7/INFO] [net.minecraft.server.level.progress.LoggerChunkProgressListener/]: Preparing spawn area: 0%
[148月2026 10:34:41.693] [Worker-Main-7/INFO] [net.minecraft.server.level.progress.LoggerChunkProgressListener/]: Preparing spawn area: 0%
[148月2026 10:34:41.696] [Worker-Main-3/INFO] [net.minecraft.server.level.progress.LoggerChunkProgressListener/]: Preparing spawn area: 0%
[148月2026 10:34:41.923] [Worker-Main-8/INFO] [net.minecraft.server.level.progress.LoggerChunkProgressListener/]: Preparing spawn area: 0%
[148月2026 10:34:42.114] [Server thread/INFO] [eftlm_stylish/]: [DIAG] WOM behaviors registered: 19 items, 2 style-mapped items
[148月2026 10:34:42.146] [Server thread/INFO] [eftlm_stylish/]: [DIAG] EFN behaviors registered: 51 items
[148月2026 10:34:42.147] [Server thread/INFO] [eftlm_stylish/]: [DIAG] CombatBehaviorsEvent registered: 8 weapon categories + WOM behaviors (wom=true)
[148月2026 10:34:42.158] [Server thread/DEBUG] [mixin/]: Mixing AnimationPlayerMixin from invincible.mixins.json into yesman.epicfight.api.animation.AnimationPlayer
[148月2026 10:34:42.160] [Server thread/DEBUG] [mixin/]: Renaming synthetic method lambda$invincible$injectTick$0(Lyesman/epicfight/world/capabilities/entitypatch/LivingEntityPatch;Lyesman/epicfight/world/capabilities/entitypatch/player/PlayerPatch;Lcom/p1nero/invincible/capability/InvinciblePlayer;)V to md176f02$lambda$invincible$injectTick$0$0 in invincible.mixins.json:AnimationPlayerMixin
[148月2026 10:34:42.183] [Server thread/DEBUG] [mixin/]: Mixing AnimationPlayerMixin from combat_evolution.mixins.json into yesman.epicfight.api.animation.AnimationPlayer
[148月2026 10:34:42.184] [Server thread/DEBUG] [mixin/]: Mixing AnimationPlayerMixin from efn.mixins.json into yesman.epicfight.api.animation.AnimationPlayer
[148月2026 10:34:42.347] [Server thread/DEBUG] [mixin/]: Mixing NodeEvaluatorBurningCacher from touhou_little_maid.mixins.json into net.minecraft.world.level.pathfinder.WalkNodeEvaluator
[148月2026 10:34:42.412] [Server thread/DEBUG] [mixin/]: Mixing ItemCooldownsMixin from annoyingvillagers.mixins.json into net.minecraft.world.item.ItemCooldowns
[148月2026 10:34:42.424] [Worker-Main-11/INFO] [net.minecraft.server.level.progress.LoggerChunkProgressListener/]: Preparing spawn area: 4%
[148月2026 10:34:42.441] [Server thread/DEBUG] [io.netty.buffer.AbstractByteBuf/]: -Dio.netty.buffer.checkAccessible: true
[148月2026 10:34:42.441] [Server thread/DEBUG] [io.netty.buffer.AbstractByteBuf/]: -Dio.netty.buffer.checkBounds: true
[148月2026 10:34:42.442] [Server thread/DEBUG] [io.netty.util.ResourceLeakDetectorFactory/]: Loaded default ResourceLeakDetector: io.netty.util.ResourceLeakDetector@803e579
[148月2026 10:34:42.486] [Server thread/INFO] [eftlm_stylish/]: [DIAG] WOM behaviors registered: 19 items, 2 style-mapped items
[148月2026 10:34:42.487] [Server thread/INFO] [eftlm_stylish/]: [DIAG] EFN behaviors registered: 51 items
[148月2026 10:34:42.488] [Server thread/INFO] [eftlm_stylish/]: [DIAG] CombatBehaviorsEvent registered: 8 weapon categories + WOM behaviors (wom=true)
[148月2026 10:34:42.924] [Worker-Main-13/INFO] [net.minecraft.server.level.progress.LoggerChunkProgressListener/]: Preparing spawn area: 88%
[148月2026 10:34:43.003] [Server thread/INFO] [net.minecraft.server.level.progress.LoggerChunkProgressListener/]: Time elapsed: 4081 ms
[148月2026 10:34:43.005] [Server thread/INFO] [net.minecraft.server.dedicated.DedicatedServer/]: Done (4.748s)! For help, type "help"
[148月2026 10:34:43.005] [Server thread/INFO] [net.minecraft.server.dedicated.DedicatedServer/]: Starting remote control listener
[148月2026 10:34:43.011] [Server thread/INFO] [net.minecraft.server.rcon.thread.GenericThread/]: Thread RCON Listener started
[148月2026 10:34:43.011] [Server thread/INFO] [net.minecraft.server.rcon.thread.RconThread/]: RCON running on 0.0.0.0:25575
[148月2026 10:34:43.022] [Server thread/DEBUG] [net.minecraftforge.network.DualStackUtils/]: Detected IPv6 address: "0:0:0:0:0:0:0:0"
[148月2026 10:34:43.041] [Server thread/DEBUG] [net.minecraftforge.common.ForgeI18n/CORE]: Loading I18N data entries: 3977
[148月2026 10:34:43.045] [Server thread/INFO] [net.minecraftforge.server.permission.PermissionAPI/]: Successfully initialized permission handler forge:default_handler
[148月2026 10:34:43.049] [Server thread/INFO] [eftlm_stylish/]: [SKILL] test mode OFF
[148月2026 10:34:43.052] [Server thread/INFO] [eftlm_stylish/]: [Arena] cleared 0 leftover maids, 0 leftover mobs
[148月2026 10:34:43.057] [Server thread/INFO] [eftlm_stylish/]: [Arena] platform built: 21x21 stone at y=-60, world border 21x21 (3ms)
[148月2026 10:34:43.058] [Server thread/INFO] [eftlm_stylish/]: [Arena] enabled: center=(8,-59,8) entities=annoyingvillagers:herobrine_warden,annoyingvillagers:armored_herobrine,annoyingvillagers:glaive_herobrine,annoyingvillagers:herobrine_7,annoyingvillagers:swordsman_herobrine,annoyingvillagers:sledgehammer_herobrine,annoyingvillagers:null count=1 interval=400
[148月2026 10:34:43.101] [Server thread/DEBUG] [net.minecraftforge.coremod.transformer.CoreModBaseTransformer/COREMOD]: Transforming net/minecraft/world/level/NaturalSpawner
[148月2026 10:34:43.135] [Server thread/INFO] [eftlm_stylish/]: [DIAG] Maid join world: name=model.touhou_little_maid.hakurei_reimu.name patch=MaidPatch
[148月2026 10:34:43.145] [Server thread/INFO] [eftlm_stylish/]: [DIAG] Maid join world: name=model.touhou_little_maid.hakurei_reimu.name patch=MaidPatch
[148月2026 10:34:43.177] [Server thread/INFO] [eftlm_stylish/]: [RL] config loaded: enable_all_maids=true epsilon=0.08 arbitration=hybrid model_file=rl_model.bin
[148月2026 10:34:43.182] [Server thread/INFO] [eftlm_stylish/]: [RL] model loaded: sizes=[18, 64, 64, 27] dims=18->27
[148月2026 10:34:43.275] [Server thread/DEBUG] [mixin/]: Mixing common.ProjectileUtilMixin from mixins.ywzj_vehicle.json into net.minecraft.world.entity.projectile.ProjectileUtil
[148月2026 10:34:43.378] [Server thread/DEBUG] [mixin/]: Mixing MixinClientboundSetEntityMotionPacket from mixins.wom.json into net.minecraft.network.protocol.game.ClientboundSetEntityMotionPacket
[148月2026 10:34:43.574] [Server thread/INFO] [eftlm_stylish/]: [RL] action executor registered: generic (fixed=true)
[148月2026 10:34:43.576] [Server thread/INFO] [eftlm_stylish/]: [RL] action executor registered: efn_skill (fixed=false)
[148月2026 10:34:43.587] [Server thread/INFO] [eftlm_stylish/]: [SKILLS] catalog loaded: 32 weapons, 313 skills (source=jar:/eftlm_stylish/skills.json)
[148月2026 10:34:44.063] [Server thread/INFO] [maid_weapon_refill/]: [WeaponRefill] boss annoyingvillagers:low_shadow_herobrine_clone killed by arena maid model.touhou_little_maid.hakurei_reimu.name, reset durability on 7 item(s)
[148月2026 10:34:44.064] [Server thread/INFO] [eftlm_stylish/]: [SKILL] DEATH: annoyingvillagers:low_shadow_herobrine_clone killed by source=entity.touhou_little_maid.maid msg=mob
[148月2026 10:34:44.066] [Server thread/INFO] [eftlm_stylish/]: [SKILL] KILL detected: entity.annoyingvillagers.low_shadow_herobrine_clone by entity.touhou_little_maid.maid source=entity.touhou_little_maid.maid
[148月2026 10:34:44.097] [Server thread/DEBUG] [io.netty.util.internal.ThreadLocalRandom/]: -Dio.netty.initialSeedUniquifier: 0x96caf03b1eaa7999
[148月2026 10:34:44.464] [Server thread/INFO] [eftlm_stylish/]: [DIAG] WOM behaviors registered: 19 items, 2 style-mapped items
[148月2026 10:34:44.465] [Server thread/INFO] [eftlm_stylish/]: [DIAG] EFN behaviors registered: 51 items
[148月2026 10:34:44.466] [Server thread/INFO] [eftlm_stylish/]: [DIAG] CombatBehaviorsEvent registered: 8 weapon categories + WOM behaviors (wom=true)
[148月2026 10:34:44.469] [Server thread/INFO] [eftlm_stylish/]: [DIAG] Maid join world: name=model.touhou_little_maid.hakurei_reimu.name patch=MaidPatch
[148月2026 10:34:44.474] [Server thread/INFO] [eftlm_stylish/]: [Arena] maid spawned at BlockPos{x=8, y=-59, z=8} id=37 main=efn:yamato_dmc4 melee=efn:kusabimaru/efn:meen_spear task=ef_tlm:fight_mode_task patch=OK
[148月2026 10:34:44.511] [Server thread/INFO] [eftlm_stylish/]: [Arena] spawned target: annoyingvillagers:herobrine_warden at BlockPos{x=3, y=-59, z=10}
[148月2026 10:34:44.512] [Server thread/INFO] [eftlm_stylish/]: [Arena] targets refilled: 0 alive -> 1 spawned
[148月2026 10:34:44.524] [Server thread/INFO] [maid_weapon_refill/]: [WeaponRefill] boss annoyingvillagers:infected_player_npc killed by arena maid model.touhou_little_maid.hakurei_reimu.name, reset durability on 1 item(s)
[148月2026 10:34:44.525] [Server thread/INFO] [eftlm_stylish/]: [SKILL] DEATH: annoyingvillagers:infected_player_npc killed by source=entity.touhou_little_maid.maid msg=mob
[148月2026 10:34:44.526] [Server thread/INFO] [eftlm_stylish/]: [SKILL] KILL detected: entity.annoyingvillagers.infected_player_npc by entity.touhou_little_maid.maid source=entity.touhou_little_maid.maid
[148月2026 10:34:44.532] [Server thread/INFO] [net.minecraft.world.entity.LivingEntity/]: Named entity InfectedPlayerNpcEntity['direwolf20'/34, l='ServerLevel[maid_pilot_world]', x=4.37, y=-59.00, z=15.33] died: direwolf20 was slain by model.touhou_little_maid.hakurei_reimu.name
[148月2026 10:34:45.269] [Server thread/INFO] [eftlm_stylish/]: [DIAG] maid=model.touhou_little_maid.hakurei_reimu.name pos=BlockPos{x=12, y=-59, z=0} patch=MaidPatch isFightMode=true task=ef_tlm:fight_mode_task learnedSkills=[eftlm_stylish:stylish_combat, ]
[148月2026 10:34:46.713] [Server thread/INFO] [eftlm_stylish/]: [DIAG] maid=model.touhou_little_maid.hakurei_reimu.name pos=BlockPos{x=8, y=-59, z=8} patch=MaidPatch isFightMode=true task=ef_tlm:fight_mode_task learnedSkills=[eftlm_stylish:stylish_combat, ]
[148月2026 10:34:47.285] [Server thread/DEBUG] [epicfight/]: [EpicFightMod] No joint named Leg_R.KINEMATICS in EFNStunAnimation efn:animmodels/animations/biped/yamato/biped_hitup_2.json
[148月2026 10:34:47.286] [Server thread/DEBUG] [epicfight/]: [EpicFightMod] No joint named Leg_L.KINEMATICS in EFNStunAnimation efn:animmodels/animations/biped/yamato/biped_hitup_2.json
[148月2026 10:34:47.286] [Server thread/DEBUG] [epicfight/]: [EpicFightMod] No joint named Knee_R.KINEMATICS in EFNStunAnimation efn:animmodels/animations/biped/yamato/biped_hitup_2.json
[148月2026 10:34:47.286] [Server thread/DEBUG] [epicfight/]: [EpicFightMod] No joint named Knee_L.KINEMATICS in EFNStunAnimation efn:animmodels/animations/biped/yamato/biped_hitup_2.json
[148月2026 10:34:47.286] [Server thread/DEBUG] [epicfight/]: [EpicFightMod] No joint named Hand_R.KINEMATICS in EFNStunAnimation efn:animmodels/animations/biped/yamato/biped_hitup_2.json
[148月2026 10:34:47.286] [Server thread/DEBUG] [epicfight/]: [EpicFightMod] No joint named Hand_L.KINEMATICS in EFNStunAnimation efn:animmodels/animations/biped/yamato/biped_hitup_2.json
[148月2026 10:34:47.286] [Server thread/DEBUG] [epicfight/]: [EpicFightMod] No joint named Elbow_R.KINEMATICS in EFNStunAnimation efn:animmodels/animations/biped/yamato/biped_hitup_2.json
[148月2026 10:34:47.286] [Server thread/DEBUG] [epicfight/]: [EpicFightMod] No joint named Elbow_L.KINEMATICS in EFNStunAnimation efn:animmodels/animations/biped/yamato/biped_hitup_2.json
[148月2026 10:34:48.412] [Server thread/INFO] [eftlm_stylish/]: [DIAG] maid=model.touhou_little_maid.hakurei_reimu.name pos=BlockPos{x=4, y=-57, z=12} patch=MaidPatch isFightMode=true task=ef_tlm:fight_mode_task learnedSkills=[eftlm_stylish:stylish_combat, ]
[148月2026 10:34:48.966] [Server thread/INFO] [maid_weapon_refill/]: [WeaponRefill] boss annoyingvillagers:low_shadow_herobrine_clone killed by arena maid model.touhou_little_maid.hakurei_reimu.name, reset durability on 0 item(s)
[148月2026 10:34:48.967] [Server thread/INFO] [eftlm_stylish/]: [SKILL] DEATH: annoyingvillagers:low_shadow_herobrine_clone killed by source=entity.touhou_little_maid.maid msg=mob
[148月2026 10:34:48.967] [Server thread/INFO] [eftlm_stylish/]: [SKILL] KILL detected: entity.annoyingvillagers.low_shadow_herobrine_clone by entity.touhou_little_maid.maid source=entity.touhou_little_maid.maid
[148月2026 10:34:49.014] [Server thread/INFO] [eftlm_stylish/]: [RL] heartbeat: tick=100 action=9 buffer=20 stack=3 skills=2
[148月2026 10:34:49.017] [Server thread/INFO] [maid_weapon_refill/]: [WeaponRefill] boss annoyingvillagers:infected_player_npc killed by arena maid model.touhou_little_maid.hakurei_reimu.name, reset durability on 1 item(s)
[148月2026 10:34:49.017] [Server thread/INFO] [eftlm_stylish/]: [SKILL] DEATH: annoyingvillagers:infected_player_npc killed by source=entity.touhou_little_maid.maid msg=mob
[148月2026 10:34:49.019] [Server thread/INFO] [eftlm_stylish/]: [SKILL] KILL detected: entity.annoyingvillagers.infected_player_npc by entity.touhou_little_maid.maid source=entity.touhou_little_maid.maid
[148月2026 10:34:49.020] [Server thread/INFO] [net.minecraft.world.entity.LivingEntity/]: Named entity InfectedPlayerNpcEntity['Gory_Moon'/55, l='ServerLevel[maid_pilot_world]', x=3.89, y=-59.00, z=10.31] died: Gory_Moon was slain by model.touhou_little_maid.hakurei_reimu.name
[148月2026 10:34:50.122] [Server thread/INFO] [eftlm_stylish/]: [Arena] spawned target: annoyingvillagers:armored_herobrine at BlockPos{x=8, y=-59, z=11}
[148月2026 10:34:50.122] [Server thread/INFO] [eftlm_stylish/]: [Arena] targets refilled: 0 alive -> 1 spawned
[148月2026 10:34:50.126] [Server thread/INFO] [eftlm_stylish/]: [DIAG] maid=model.touhou_little_maid.hakurei_reimu.name pos=BlockPos{x=16, y=-59, z=0} patch=MaidPatch isFightMode=true task=ef_tlm:fight_mode_task learnedSkills=[eftlm_stylish:stylish_combat, ]
[148月2026 10:34:50.211] [Server thread/INFO] [maid_weapon_refill/]: [WeaponRefill] boss annoyingvillagers:low_shadow_herobrine_clone killed by arena maid model.touhou_little_maid.hakurei_reimu.name, reset durability on 1 item(s)
[148月2026 10:34:50.212] [Server thread/INFO] [eftlm_stylish/]: [SKILL] DEATH: annoyingvillagers:low_shadow_herobrine_clone killed by source=entity.touhou_little_maid.maid msg=mob
[148月2026 10:34:50.212] [Server thread/INFO] [eftlm_stylish/]: [SKILL] KILL detected: entity.annoyingvillagers.low_shadow_herobrine_clone by entity.touhou_little_maid.maid source=entity.touhou_little_maid.maid
[148月2026 10:34:50.262] [Server thread/INFO] [maid_weapon_refill/]: [WeaponRefill] boss annoyingvillagers:infected_player_npc killed by arena maid model.touhou_little_maid.hakurei_reimu.name, reset durability on 1 item(s)
[148月2026 10:34:50.263] [Server thread/INFO] [eftlm_stylish/]: [SKILL] DEATH: annoyingvillagers:infected_player_npc killed by source=entity.touhou_little_maid.maid msg=mob
[148月2026 10:34:50.265] [Server thread/INFO] [eftlm_stylish/]: [SKILL] KILL detected: entity.annoyingvillagers.infected_player_npc by entity.touhou_little_maid.maid source=entity.touhou_little_maid.maid
[148月2026 10:34:50.266] [Server thread/INFO] [net.minecraft.world.entity.LivingEntity/]: Named entity InfectedPlayerNpcEntity['P3pp3rF1y'/73, l='ServerLevel[maid_pilot_world]', x=6.15, y=-59.00, z=11.24] died: P3pp3rF1y was slain by model.touhou_little_maid.hakurei_reimu.name
[148月2026 10:34:50.780] [Server thread/DEBUG] [epicfight/]: [EpicFightMod] No joint named Leg_R.KINEMATICS in EFNStunAnimation efn:animmodels/animations/biped/yamato/biped_hit_air_r0.json
[148月2026 10:34:50.780] [Server thread/DEBUG] [epicfight/]: [EpicFightMod] No joint named Leg_L.KINEMATICS in EFNStunAnimation efn:animmodels/animations/biped/yamato/biped_hit_air_r0.json
[148月2026 10:34:50.780] [Server thread/DEBUG] [epicfight/]: [EpicFightMod] No joint named Knee_R.KINEMATICS in EFNStunAnimation efn:animmodels/animations/biped/yamato/biped_hit_air_r0.json
[148月2026 10:34:50.780] [Server thread/DEBUG] [epicfight/]: [EpicFightMod] No joint named Knee_L.KINEMATICS in EFNStunAnimation efn:animmodels/animations/biped/yamato/biped_hit_air_r0.json
[148月2026 10:34:50.780] [Server thread/DEBUG] [epicfight/]: [EpicFightMod] No joint named Hand_R.KINEMATICS in EFNStunAnimation efn:animmodels/animations/biped/yamato/biped_hit_air_r0.json
[148月2026 10:34:50.780] [Server thread/DEBUG] [epicfight/]: [EpicFightMod] No joint named Hand_L.KINEMATICS in EFNStunAnimation efn:animmodels/animations/biped/yamato/biped_hit_air_r0.json
[148月2026 10:34:50.780] [Server thread/DEBUG] [epicfight/]: [EpicFightMod] No joint named Elbow_R.KINEMATICS in EFNStunAnimation efn:animmodels/animations/biped/yamato/biped_hit_air_r0.json
[148月2026 10:34:50.780] [Server thread/DEBUG] [epicfight/]: [EpicFightMod] No joint named Elbow_L.KINEMATICS in EFNStunAnimation efn:animmodels/animations/biped/yamato/biped_hit_air_r0.json
[148月2026 10:34:51.711] [Server thread/INFO] [eftlm_stylish/]: [DIAG] maid=model.touhou_little_maid.hakurei_reimu.name pos=BlockPos{x=8, y=-59, z=10} patch=MaidPatch isFightMode=true task=ef_tlm:fight_mode_task learnedSkills=[eftlm_stylish:stylish_combat, ef_tlm:meen_innate, ]
[148月2026 10:34:53.179] [Server thread/DEBUG] [epicfight/]: [EpicFightMod] No joint named Leg_R.KINEMATICS in EFNStunAnimation efn:animmodels/animations/biped/yamato/biped_hit_air_l0.json
[148月2026 10:34:53.179] [Server thread/DEBUG] [epicfight/]: [EpicFightMod] No joint named Leg_L.KINEMATICS in EFNStunAnimation efn:animmodels/animations/biped/yamato/biped_hit_air_l0.json
[148月2026 10:34:53.179] [Server thread/DEBUG] [epicfight/]: [EpicFightMod] No joint named Knee_R.KINEMATICS in EFNStunAnimation efn:animmodels/animations/biped/yamato/biped_hit_air_l0.json
[148月2026 10:34:53.179] [Server thread/DEBUG] [epicfight/]: [EpicFightMod] No joint named Knee_L.KINEMATICS in EFNStunAnimation efn:animmodels/animations/biped/yamato/biped_hit_air_l0.json
[148月2026 10:34:53.179] [Server thread/DEBUG] [epicfight/]: [EpicFightMod] No joint named Hand_R.KINEMATICS in EFNStunAnimation efn:animmodels/animations/biped/yamato/biped_hit_air_l0.json
[148月2026 10:34:53.179] [Server thread/DEBUG] [epicfight/]: [EpicFightMod] No joint named Hand_L.KINEMATICS in EFNStunAnimation efn:animmodels/animations/biped/yamato/biped_hit_air_l0.json
[148月2026 10:34:53.181] [Server thread/DEBUG] [epicfight/]: [EpicFightMod] No joint named Elbow_R.KINEMATICS in EFNStunAnimation efn:animmodels/animations/biped/yamato/biped_hit_air_l0.json
[148月2026 10:34:53.181] [Server thread/DEBUG] [epicfight/]: [EpicFightMod] No joint named Elbow_L.KINEMATICS in EFNStunAnimation efn:animmodels/animations/biped/yamato/biped_hit_air_l0.json
[148月2026 10:34:53.409] [Server thread/INFO] [eftlm_stylish/]: [DIAG] maid=model.touhou_little_maid.hakurei_reimu.name pos=BlockPos{x=5, y=-59, z=12} patch=MaidPatch isFightMode=true task=ef_tlm:fight_mode_task learnedSkills=[eftlm_stylish:stylish_combat, ]
[148月2026 10:34:54.011] [Server thread/INFO] [eftlm_stylish/]: [RL] heartbeat: tick=200 action=9 buffer=40 stack=5 skills=6
[148月2026 10:34:54.013] [Server thread/INFO] [eftlm_stylish/]: [RL] diag target: patch=entity.annoyingvillagers.armored_herobrine tlm=entity.annoyingvillagers.armored_herobrine dist=2.1
[148月2026 10:34:55.115] [Server thread/INFO] [eftlm_stylish/]: [DIAG] maid=model.touhou_little_maid.hakurei_reimu.name pos=BlockPos{x=16, y=-59, z=2} patch=MaidPatch isFightMode=true task=ef_tlm:fight_mode_task learnedSkills=[eftlm_stylish:stylish_combat, ]
[148月2026 10:34:56.716] [Server thread/INFO] [eftlm_stylish/]: [DIAG] maid=model.touhou_little_maid.hakurei_reimu.name pos=BlockPos{x=7, y=-59, z=11} patch=MaidPatch isFightMode=true task=ef_tlm:fight_mode_task learnedSkills=[eftlm_stylish:stylish_combat, ]
[148月2026 10:34:58.411] [Server thread/INFO] [eftlm_stylish/]: [DIAG] maid=model.touhou_little_maid.hakurei_reimu.name pos=BlockPos{x=7, y=-59, z=10} patch=MaidPatch isFightMode=true task=ef_tlm:fight_mode_task learnedSkills=[eftlm_stylish:stylish_combat, ]
[148月2026 10:34:59.011] [Server thread/INFO] [eftlm_stylish/]: [RL] heartbeat: tick=300 action=9 buffer=60 stack=5 skills=2
[148月2026 10:35:00.098] [Server thread/INFO] [eftlm_stylish/]: [DIAG] maid=model.touhou_little_maid.hakurei_reimu.name pos=BlockPos{x=16, y=-59, z=0} patch=MaidPatch isFightMode=true task=ef_tlm:fight_mode_task learnedSkills=[eftlm_stylish:stylish_combat, ]
[148月2026 10:35:01.713] [Server thread/INFO] [eftlm_stylish/]: [DIAG] maid=model.touhou_little_maid.hakurei_reimu.name pos=BlockPos{x=7, y=-59, z=11} patch=MaidPatch isFightMode=true task=ef_tlm:fight_mode_task learnedSkills=[eftlm_stylish:stylish_combat, ]
[148月2026 10:35:03.184] [Server thread/DEBUG] [epicfight/]: [EpicFightMod] No joint named Leg_R.KINEMATICS in EFNStunAnimation efn:animmodels/animations/biped/yamato/biped_hitup_1.json
[148月2026 10:35:03.185] [Server thread/DEBUG] [epicfight/]: [EpicFightMod] No joint named Leg_L.KINEMATICS in EFNStunAnimation efn:animmodels/animations/biped/yamato/biped_hitup_1.json
[148月2026 10:35:03.185] [Server thread/DEBUG] [epicfight/]: [EpicFightMod] No joint named Knee_R.KINEMATICS in EFNStunAnimation efn:animmodels/animations/biped/yamato/biped_hitup_1.json
[148月2026 10:35:03.185] [Server thread/DEBUG] [epicfight/]: [EpicFightMod] No joint named Knee_L.KINEMATICS in EFNStunAnimation efn:animmodels/animations/biped/yamato/biped_hitup_1.json
[148月2026 10:35:03.185] [Server thread/DEBUG] [epicfight/]: [EpicFightMod] No joint named Hand_R.KINEMATICS in EFNStunAnimation efn:animmodels/animations/biped/yamato/biped_hitup_1.json
[148月2026 10:35:03.185] [Server thread/DEBUG] [epicfight/]: [EpicFightMod] No joint named Hand_L.KINEMATICS in EFNStunAnimation efn:animmodels/animations/biped/yamato/biped_hitup_1.json
[148月2026 10:35:03.185] [Server thread/DEBUG] [epicfight/]: [EpicFightMod] No joint named Elbow_R.KINEMATICS in EFNStunAnimation efn:animmodels/animations/biped/yamato/biped_hitup_1.json
[148月2026 10:35:03.185] [Server thread/DEBUG] [epicfight/]: [EpicFightMod] No joint named Elbow_L.KINEMATICS in EFNStunAnimation efn:animmodels/animations/biped/yamato/biped_hitup_1.json
[148月2026 10:35:03.411] [Server thread/INFO] [eftlm_stylish/]: [DIAG] maid=model.touhou_little_maid.hakurei_reimu.name pos=BlockPos{x=7, y=-59, z=10} patch=MaidPatch isFightMode=true task=ef_tlm:fight_mode_task learnedSkills=[eftlm_stylish:stylish_combat, ]
[148月2026 10:35:04.013] [Server thread/INFO] [eftlm_stylish/]: [RL] heartbeat: tick=400 action=9 buffer=80 stack=5 skills=6
[148月2026 10:35:04.013] [Server thread/INFO] [eftlm_stylish/]: [RL] diag target: patch=entity.annoyingvillagers.armored_herobrine tlm=entity.annoyingvillagers.armored_herobrine dist=3.4
[148月2026 10:35:05.127] [Server thread/INFO] [eftlm_stylish/]: [DIAG] maid=model.touhou_little_maid.hakurei_reimu.name pos=BlockPos{x=14, y=-59, z=0} patch=MaidPatch isFightMode=true task=ef_tlm:fight_mode_task learnedSkills=[eftlm_stylish:stylish_combat, ]
[148月2026 10:35:06.713] [Server thread/INFO] [eftlm_stylish/]: [DIAG] maid=model.touhou_little_maid.hakurei_reimu.name pos=BlockPos{x=6, y=-59, z=6} patch=MaidPatch isFightMode=true task=ef_tlm:fight_mode_task learnedSkills=[eftlm_stylish:stylish_combat, ef_tlm:meen_innate, ]
[148月2026 10:35:08.412] [Server thread/INFO] [eftlm_stylish/]: [DIAG] maid=model.touhou_little_maid.hakurei_reimu.name pos=BlockPos{x=7, y=-59, z=10} patch=MaidPatch isFightMode=true task=ef_tlm:fight_mode_task learnedSkills=[eftlm_stylish:stylish_combat, ]
[148月2026 10:35:09.011] [Server thread/INFO] [eftlm_stylish/]: [RL] heartbeat: tick=500 action=10 buffer=100 stack=5 skills=6
[148月2026 10:35:10.118] [Server thread/INFO] [eftlm_stylish/]: [DIAG] maid=model.touhou_little_maid.hakurei_reimu.name pos=BlockPos{x=14, y=-59, z=0} patch=MaidPatch isFightMode=true task=ef_tlm:fight_mode_task learnedSkills=[eftlm_stylish:stylish_combat, ]
[148月2026 10:35:11.713] [Server thread/INFO] [eftlm_stylish/]: [DIAG] maid=model.touhou_little_maid.hakurei_reimu.name pos=BlockPos{x=5, y=-59, z=6} patch=MaidPatch isFightMode=true task=ef_tlm:fight_mode_task learnedSkills=[eftlm_stylish:stylish_combat, ef_tlm:meen_innate, ]
[148月2026 10:35:13.413] [Server thread/INFO] [eftlm_stylish/]: [DIAG] maid=model.touhou_little_maid.hakurei_reimu.name pos=BlockPos{x=6, y=-59, z=6} patch=MaidPatch isFightMode=true task=ef_tlm:fight_mode_task learnedSkills=[eftlm_stylish:stylish_combat, ]
[148月2026 10:35:14.014] [Server thread/INFO] [eftlm_stylish/]: [RL] heartbeat: tick=600 action=10 buffer=120 stack=5 skills=0
[148月2026 10:35:14.015] [Server thread/INFO] [eftlm_stylish/]: [RL] diag target: patch=entity.annoyingvillagers.armored_herobrine tlm=entity.annoyingvillagers.armored_herobrine dist=4.3
[148月2026 10:35:15.197] [Server thread/INFO] [eftlm_stylish/]: [DIAG] maid=model.touhou_little_maid.hakurei_reimu.name pos=BlockPos{x=8, y=-59, z=5} patch=MaidPatch isFightMode=true task=ef_tlm:fight_mode_task learnedSkills=[eftlm_stylish:stylish_combat, ]
[148月2026 10:35:16.714] [Server thread/INFO] [eftlm_stylish/]: [DIAG] maid=model.touhou_little_maid.hakurei_reimu.name pos=BlockPos{x=10, y=-59, z=5} patch=MaidPatch isFightMode=true task=ef_tlm:fight_mode_task learnedSkills=[eftlm_stylish:stylish_combat, ef_tlm:meen_innate, ]
[148月2026 10:35:18.410] [Server thread/INFO] [eftlm_stylish/]: [DIAG] maid=model.touhou_little_maid.hakurei_reimu.name pos=BlockPos{x=7, y=-59, z=6} patch=MaidPatch isFightMode=true task=ef_tlm:fight_mode_task learnedSkills=[eftlm_stylish:stylish_combat, ]
[148月2026 10:35:19.012] [Server thread/INFO] [eftlm_stylish/]: [RL] heartbeat: tick=700 action=10 buffer=140 stack=5 skills=6
[148月2026 10:35:19.465] [Server thread/INFO] [eftlm_stylish/]: [SKILL] DEATH: annoyingvillagers:elite_herobrine_knocked killed by source=null msg=generic
[148月2026 10:35:20.129] [Server thread/INFO] [eftlm_stylish/]: [DIAG] maid=model.touhou_little_maid.hakurei_reimu.name pos=BlockPos{x=9, y=-59, z=5} patch=MaidPatch isFightMode=true task=ef_tlm:fight_mode_task learnedSkills=[eftlm_stylish:stylish_combat, ]
[148月2026 10:35:21.713] [Server thread/INFO] [eftlm_stylish/]: [DIAG] maid=model.touhou_little_maid.hakurei_reimu.name pos=BlockPos{x=13, y=-59, z=7} patch=MaidPatch isFightMode=true task=ef_tlm:fight_mode_task learnedSkills=[eftlm_stylish:stylish_combat, ]
[148月2026 10:35:23.411] [Server thread/INFO] [eftlm_stylish/]: [DIAG] maid=model.touhou_little_maid.hakurei_reimu.name pos=BlockPos{x=14, y=-59, z=2} patch=MaidPatch isFightMode=true task=ef_tlm:fight_mode_task learnedSkills=[eftlm_stylish:stylish_combat, ]
[148月2026 10:35:24.011] [Server thread/INFO] [eftlm_stylish/]: [RL] heartbeat: tick=800 action=0 buffer=160 stack=5 skills=0
[148月2026 10:35:24.013] [Server thread/INFO] [eftlm_stylish/]: [RL] diag target: patch=entity.annoyingvillagers.armored_herobrine tlm=entity.annoyingvillagers.armored_herobrine dist=12.2
[148月2026 10:35:24.122] [Server thread/INFO] [eftlm_stylish/]: [Arena] cage: maid pulled back inside (r=8)
[148月2026 10:35:25.139] [Server thread/INFO] [eftlm_stylish/]: [DIAG] maid=model.touhou_little_maid.hakurei_reimu.name pos=BlockPos{x=6, y=-59, z=4} patch=MaidPatch isFightMode=true task=ef_tlm:fight_mode_task learnedSkills=[eftlm_stylish:stylish_combat, ]
[148月2026 10:35:26.708] [Server thread/INFO] [eftlm_stylish/]: [DIAG] maid=model.touhou_little_maid.hakurei_reimu.name pos=BlockPos{x=7, y=-59, z=11} patch=MaidPatch isFightMode=true task=ef_tlm:fight_mode_task learnedSkills=[eftlm_stylish:stylish_combat, ]
[148月2026 10:35:28.409] [Server thread/INFO] [eftlm_stylish/]: [DIAG] maid=model.touhou_little_maid.hakurei_reimu.name pos=BlockPos{x=14, y=-59, z=2} patch=MaidPatch isFightMode=true task=ef_tlm:fight_mode_task learnedSkills=[eftlm_stylish:stylish_combat, ]
[148月2026 10:35:29.008] [Server thread/INFO] [eftlm_stylish/]: [RL] heartbeat: tick=900 action=0 buffer=180 stack=5 skills=0
[148月2026 10:35:30.118] [Server thread/INFO] [eftlm_stylish/]: [DIAG] maid=model.touhou_little_maid.hakurei_reimu.name pos=BlockPos{x=8, y=-59, z=6} patch=MaidPatch isFightMode=true task=ef_tlm:fight_mode_task learnedSkills=[eftlm_stylish:stylish_combat, ]
