[148月2026 10:33:26.374] [main/INFO] [cpw.mods.modlauncher.Launcher/MODLAUNCHER]: ModLauncher running: args [--launchTarget, forgeserver, --fml.forgeVersion, 47.4.13, --fml.mcVersion, 1.20.1, --fml.forgeGroup, net.minecraftforge, --fml.mcpVersion, 20230612.114412, nogui]
[148月2026 10:33:26.382] [main/INFO] [cpw.mods.modlauncher.Launcher/MODLAUNCHER]: ModLauncher 10.0.9+10.0.9+main.dcd20f30 starting: java version 17.0.10 by Oracle Corporation; OS Windows 11 arch amd64 version 10.0
[148月2026 10:33:27.692] [main/INFO] [net.minecraftforge.fml.loading.ImmediateWindowHandler/]: ImmediateWindowProvider not loading because launch target is forgeserver
[148月2026 10:33:27.950] [main/INFO] [mixin/]: SpongePowered MIXIN Subsystem Version=0.8.5 Source=union:/E:/program/JAVA/touhou%20little%20maid%20-%20unknow%20sky%20area/prod_server/libraries/org/spongepowered/mixin/0.8.5/mixin-0.8.5.jar%2365!/ Service=ModLauncher Env=SERVER
[148月2026 10:33:28.650] [main/WARN] [net.minecraftforge.fml.loading.moddiscovery.ModFileParser/LOADING]: Mod file E:\program\JAVA\touhou little maid - unknow sky area\prod_server\libraries\net\minecraftforge\fmlcore\1.20.1-47.4.13\fmlcore-1.20.1-47.4.13.jar is missing mods.toml file
[148月2026 10:33:28.665] [main/WARN] [net.minecraftforge.fml.loading.moddiscovery.ModFileParser/LOADING]: Mod file E:\program\JAVA\touhou little maid - unknow sky area\prod_server\libraries\net\minecraftforge\javafmllanguage\1.20.1-47.4.13\javafmllanguage-1.20.1-47.4.13.jar is missing mods.toml file
[148月2026 10:33:28.681] [main/WARN] [net.minecraftforge.fml.loading.moddiscovery.ModFileParser/LOADING]: Mod file E:\program\JAVA\touhou little maid - unknow sky area\prod_server\libraries\net\minecraftforge\lowcodelanguage\1.20.1-47.4.13\lowcodelanguage-1.20.1-47.4.13.jar is missing mods.toml file
[148月2026 10:33:28.713] [main/WARN] [net.minecraftforge.fml.loading.moddiscovery.ModFileParser/LOADING]: Mod file E:\program\JAVA\touhou little maid - unknow sky area\prod_server\libraries\net\minecraftforge\mclanguage\1.20.1-47.4.13\mclanguage-1.20.1-47.4.13.jar is missing mods.toml file
[148月2026 10:33:29.146] [main/INFO] [net.minecraftforge.fml.loading.moddiscovery.JarInJarDependencyLocator/]: Found 12 dependencies adding them to mods collection
[148月2026 10:33:32.797] [main/INFO] [mixin/]: Compatibility level set to JAVA_17
[148月2026 10:33:32.983] [main/INFO] [cpw.mods.modlauncher.LaunchServiceHandler/MODLAUNCHER]: Launching target 'forgeserver' with arguments [nogui]
[148月2026 10:33:36.749] [main/WARN] [mixin/]: Error loading class: net/minecraft/client/renderer/RenderBuffers (java.lang.ClassNotFoundException: net.minecraft.client.renderer.RenderBuffers)
[148月2026 10:33:36.751] [main/WARN] [mixin/]: @Mixin target net.minecraft.client.renderer.RenderBuffers was not found annoyingvillagers.mixins.json:RenderBuffersMixin
[148月2026 10:33:36.915] [main/WARN] [mixin/]: Error loading class: com/simibubi/create/content/contraptions/ContraptionCollider (java.lang.ClassNotFoundException: com.simibubi.create.content.contraptions.ContraptionCollider)
[148月2026 10:33:36.917] [main/WARN] [mixin/]: @Mixin target com.simibubi.create.content.contraptions.ContraptionCollider was not found mixins.ywzj_vehicle.json:create.ContraptionColliderMixin
[148月2026 10:33:36.920] [main/WARN] [mixin/]: Error loading class: com/tacz/guns/util/EntityUtil (java.lang.ClassNotFoundException: com.tacz.guns.util.EntityUtil)
[148月2026 10:33:37.079] [main/WARN] [mixin/]: Error loading class: com/mojang/blaze3d/platform/InputConstants$Key (java.lang.ClassNotFoundException: com.mojang.blaze3d.platform.InputConstants$Key)
[148月2026 10:33:37.102] [main/WARN] [mixin/]: Error loading class: net/minecraft/client/renderer/entity/EntityRendererProvider$Context (java.lang.ClassNotFoundException: net.minecraft.client.renderer.entity.EntityRendererProvider$Context)
[148月2026 10:33:37.141] [main/WARN] [mixin/]: Error loading class: net/minecraft/client/renderer/entity/EntityRendererProvider$Context (java.lang.ClassNotFoundException: net.minecraft.client.renderer.entity.EntityRendererProvider$Context)
[148月2026 10:33:38.566] [main/WARN] [oshi.driver.windows.perfmon.PerfmonDisabled/]: Invalid registry value type detected for PerfOS counters. Should be REG_DWORD. Ignoring: HKEY_LOCAL_MACHINE\SYSTEM\CurrentControlSet\Services\PerfOS\Performance\Disable Performance Counters.
[148月2026 10:33:40.892] [main/INFO] [MixinExtras|Service/]: Initializing MixinExtras via com.llamalad7.mixinextras.service.MixinExtrasServiceImpl(version=0.4.1).
[148月2026 10:33:44.889] [main/WARN] [mixin/]: @Final field f_31427_:[I in mixins.epicfight.json:common.MixinWitherBoss should be final
[148月2026 10:33:44.890] [main/WARN] [mixin/]: @Final field f_31428_:[I in mixins.epicfight.json:common.MixinWitherBoss should be final
[148月2026 10:33:48.273] [main/WARN] [net.minecraft.network.syncher.SynchedEntityData/]: defineId called for: class net.minecraft.world.entity.LivingEntity from class yesman.epicfight.world.capabilities.entitypatch.LivingEntityPatch
[148月2026 10:33:48.274] [main/WARN] [net.minecraft.network.syncher.SynchedEntityData/]: defineId called for: class net.minecraft.world.entity.LivingEntity from class yesman.epicfight.world.capabilities.entitypatch.LivingEntityPatch
[148月2026 10:33:48.274] [main/WARN] [net.minecraft.network.syncher.SynchedEntityData/]: defineId called for: class net.minecraft.world.entity.LivingEntity from class yesman.epicfight.world.capabilities.entitypatch.LivingEntityPatch
[148月2026 10:33:48.275] [main/WARN] [net.minecraft.network.syncher.SynchedEntityData/]: defineId called for: class net.minecraft.world.entity.LivingEntity from class yesman.epicfight.world.capabilities.entitypatch.LivingEntityPatch
[148月2026 10:33:48.276] [main/WARN] [net.minecraft.network.syncher.SynchedEntityData/]: defineId called for: class net.minecraft.world.entity.LivingEntity from class yesman.epicfight.world.capabilities.entitypatch.LivingEntityPatch
[148月2026 10:33:48.276] [main/WARN] [net.minecraft.network.syncher.SynchedEntityData/]: defineId called for: class net.minecraft.world.entity.LivingEntity from class yesman.epicfight.world.capabilities.entitypatch.LivingEntityPatch
[148月2026 10:33:48.279] [main/WARN] [net.minecraft.network.syncher.SynchedEntityData/]: defineId called for: class net.minecraft.world.entity.LivingEntity from class yesman.epicfight.world.capabilities.entitypatch.LivingEntityPatch
[148月2026 10:33:48.280] [main/WARN] [net.minecraft.network.syncher.SynchedEntityData/]: defineId called for: class net.minecraft.world.entity.LivingEntity from class yesman.epicfight.world.capabilities.entitypatch.LivingEntityPatch
[148月2026 10:33:48.280] [main/WARN] [net.minecraft.network.syncher.SynchedEntityData/]: defineId called for: class net.minecraft.world.entity.LivingEntity from class yesman.epicfight.world.capabilities.entitypatch.LivingEntityPatch
[148月2026 10:33:48.281] [main/WARN] [net.minecraft.network.syncher.SynchedEntityData/]: defineId called for: class net.minecraft.world.entity.LivingEntity from class yesman.epicfight.world.capabilities.entitypatch.LivingEntityPatch
[148月2026 10:33:48.281] [main/WARN] [net.minecraft.network.syncher.SynchedEntityData/]: defineId called for: class net.minecraft.world.entity.LivingEntity from class yesman.epicfight.world.capabilities.entitypatch.LivingEntityPatch
[148月2026 10:33:48.281] [main/WARN] [net.minecraft.network.syncher.SynchedEntityData/]: defineId called for: class net.minecraft.world.entity.LivingEntity from class yesman.epicfight.world.capabilities.entitypatch.LivingEntityPatch
[148月2026 10:33:50.507] [modloading-worker-0/INFO] [com.merlin204.avalon.main.AvalonMOD/]: 自动注册实体: SHAKE_WAVE -> shake_wave
[148月2026 10:33:50.508] [modloading-worker-0/INFO] [com.merlin204.avalon.main.AvalonMOD/]: 自动注册实体: VFX -> vfx
[148月2026 10:33:50.510] [modloading-worker-0/INFO] [com.merlin204.avalon.main.AvalonMOD/]: 自动注册实体: ANIMATION_TEXTURE_VFX -> animation_texture_vfx
[148月2026 10:33:50.514] [modloading-worker-0/INFO] [YSM-GEO Compat/]: YSM-GEO Compat: Initialized successfully
[148月2026 10:33:50.519] [modloading-worker-0/INFO] [org.eftlm.stylish.EFTLMStylish/]: EFTLM Stylish Combat loaded!
[148月2026 10:33:50.532] [modloading-worker-0/INFO] [eftlm_stylish/]: [DIAG] ===== EFTLM Stylish environment =====
[148月2026 10:33:50.536] [modloading-worker-0/INFO] [eftlm_stylish/]: [DIAG] ef_tlm version: 1.3.2
[148月2026 10:33:50.537] [modloading-worker-0/INFO] [eftlm_stylish/]: [DIAG] epicfight version: 20.14.17
[148月2026 10:33:50.537] [modloading-worker-0/INFO] [eftlm_stylish/]: [DIAG] touhou_little_maid version: 1.5.3-forge+mc1.20.1
[148月2026 10:33:50.539] [modloading-worker-0/INFO] [eftlm_stylish/]: [DIAG] wom loaded: true version: 2.0.164
[148月2026 10:33:50.540] [modloading-worker-0/INFO] [eftlm_stylish/]: [DIAG] =======================================
[148月2026 10:33:50.600] [modloading-worker-0/INFO] [org.ywzj.vehicle.YwzjVehicle/VehiclePackFinder]: Start scanning for vehicle packs in E:\program\JAVA\touhou little maid - unknow sky area\prod_server\limitless_vehicle
[148月2026 10:33:50.667] [modloading-worker-0/INFO] [org.ywzj.vehicle.YwzjVehicle/VehiclePackFinder]: - default_vehicle, Main namespace: ywzj_vehicle
[148月2026 10:33:50.668] [modloading-worker-0/INFO] [org.ywzj.vehicle.YwzjVehicle/VehiclePackFinder]: Found 1 possible vehicle pack(s)
[148月2026 10:33:50.686] [modloading-worker-0/INFO] [net.minecraftforge.common.ForgeMod/FORGEMOD]: Forge mod loading, version 47.4.13, for MC 1.20.1 with MCP 20230612.114412
[148月2026 10:33:50.686] [modloading-worker-0/INFO] [net.minecraftforge.common.MinecraftForge/FORGE]: MinecraftForge v47.4.13 Initialized
[148月2026 10:33:51.137] [modloading-worker-0/INFO] [dev.architectury.networking.forge.NetworkManagerImpl/]: Registering C2S receiver with id architectury:sync_ids
[148月2026 10:33:51.351] [modloading-worker-0/INFO] [epicfight/]: Loaded mod compat: GeckolibCompat
[148月2026 10:33:52.004] [modloading-worker-0/INFO] [touhou_little_maid/]: common default pack init start...
[148月2026 10:33:58.238] [modloading-worker-0/INFO] [touhou_little_maid/]: common default pack init finished, cost time: 6214.943 ms
[148月2026 10:34:01.334] [main/WARN] [net.minecraft.network.syncher.SynchedEntityData/]: defineId called for: class net.minecraft.world.entity.player.Player from class yesman.epicfight.world.capabilities.entitypatch.player.PlayerPatch
[148月2026 10:34:01.348] [main/WARN] [net.minecraft.network.syncher.SynchedEntityData/]: defineId called for: class net.minecraft.world.entity.TamableAnimal from class reascer.wom.world.entity.mob.EnderHand
[148月2026 10:34:01.348] [main/WARN] [net.minecraft.network.syncher.SynchedEntityData/]: defineId called for: class net.minecraft.world.entity.TamableAnimal from class reascer.wom.world.entity.mob.TargetingHelper
[148月2026 10:34:01.434] [main/WARN] [net.minecraft.network.syncher.SynchedEntityData/]: defineId called for: class net.minecraft.world.entity.boss.wither.WitherBoss from class yesman.epicfight.world.capabilities.entitypatch.boss.WitherPatch
[148月2026 10:34:01.434] [main/WARN] [net.minecraft.network.syncher.SynchedEntityData/]: defineId called for: class net.minecraft.world.entity.boss.wither.WitherBoss from class yesman.epicfight.world.capabilities.entitypatch.boss.WitherPatch
[148月2026 10:34:01.435] [main/WARN] [net.minecraft.network.syncher.SynchedEntityData/]: defineId called for: class net.minecraft.world.entity.boss.wither.WitherBoss from class yesman.epicfight.world.capabilities.entitypatch.boss.WitherPatch
[148月2026 10:34:01.435] [main/WARN] [net.minecraft.network.syncher.SynchedEntityData/]: defineId called for: class net.minecraft.world.entity.boss.wither.WitherBoss from class yesman.epicfight.world.capabilities.entitypatch.boss.WitherPatch
[148月2026 10:34:01.437] [main/WARN] [net.minecraft.network.syncher.SynchedEntityData/]: defineId called for: class net.minecraft.world.entity.boss.wither.WitherBoss from class yesman.epicfight.world.capabilities.entitypatch.boss.WitherPatch
[148月2026 10:34:01.438] [main/WARN] [net.minecraft.network.syncher.SynchedEntityData/]: defineId called for: class net.minecraft.world.entity.boss.wither.WitherBoss from class yesman.epicfight.world.capabilities.entitypatch.boss.WitherPatch
[148月2026 10:34:01.440] [main/WARN] [net.minecraft.network.syncher.SynchedEntityData/]: defineId called for: class net.minecraft.world.entity.boss.wither.WitherBoss from class yesman.epicfight.world.capabilities.entitypatch.boss.WitherPatch
[148月2026 10:34:01.441] [main/WARN] [net.minecraft.network.syncher.SynchedEntityData/]: defineId called for: class net.minecraft.world.entity.boss.wither.WitherBoss from class yesman.epicfight.world.capabilities.entitypatch.boss.WitherPatch
[148月2026 10:34:01.441] [main/WARN] [net.minecraft.network.syncher.SynchedEntityData/]: defineId called for: class net.minecraft.world.entity.boss.wither.WitherBoss from class yesman.epicfight.world.capabilities.entitypatch.boss.WitherPatch
[148月2026 10:34:01.450] [main/WARN] [net.minecraft.network.syncher.SynchedEntityData/]: defineId called for: class com.github.tartaricacid.touhoulittlemaid.entity.passive.EntityMaid from class net.EFTLM.EF.Capability.MaidPatch
[148月2026 10:34:02.120] [main/INFO] [eftlm_stylish/]: [DIAG] MaidSkillBuildEvent registered: stylish_combat (tab=ef_tlm:skills)
[148月2026 10:34:02.133] [Forge Version Check/INFO] [net.minecraftforge.fml.VersionChecker/]: [player_mobs] Starting version check at https://raw.githubusercontent.com/GoryMoon/PlayerMobs/update/versions.json
[148月2026 10:34:02.610] [Forge Version Check/WARN] [net.minecraftforge.fml.VersionChecker/]: Failed to process update information
javax.net.ssl.SSLHandshakeException: PKIX path building failed: sun.security.provider.certpath.SunCertPathBuilderException: unable to find valid certification path to requested target
	at jdk.internal.net.http.HttpClientImpl.send(HttpClientImpl.java:578) ~[java.net.http:?]
	at jdk.internal.net.http.HttpClientFacade.send(HttpClientFacade.java:123) ~[java.net.http:?]
	at net.minecraftforge.fml.VersionChecker$1.openUrlString(VersionChecker.java:142) ~[fmlcore-1.20.1-47.4.13.jar%23132!/:?]
	at net.minecraftforge.fml.VersionChecker$1.process(VersionChecker.java:180) ~[fmlcore-1.20.1-47.4.13.jar%23132!/:?]
	at java.lang.Iterable.forEach(Iterable.java:75) ~[?:?]
	at net.minecraftforge.fml.VersionChecker$1.run(VersionChecker.java:117) ~[fmlcore-1.20.1-47.4.13.jar%23132!/:?]
Caused by: javax.net.ssl.SSLHandshakeException: PKIX path building failed: sun.security.provider.certpath.SunCertPathBuilderException: unable to find valid certification path to requested target
	at sun.security.ssl.Alert.createSSLException(Alert.java:131) ~[?:?]
	at sun.security.ssl.TransportContext.fatal(TransportContext.java:378) ~[?:?]
	at sun.security.ssl.TransportContext.fatal(TransportContext.java:321) ~[?:?]
	at sun.security.ssl.TransportContext.fatal(TransportContext.java:316) ~[?:?]
	at sun.security.ssl.CertificateMessage$T13CertificateConsumer.checkServerCerts(CertificateMessage.java:1351) ~[?:?]
	at sun.security.ssl.CertificateMessage$T13CertificateConsumer.onConsumeCertificate(CertificateMessage.java:1226) ~[?:?]
	at sun.security.ssl.CertificateMessage$T13CertificateConsumer.consume(CertificateMessage.java:1169) ~[?:?]
	at sun.security.ssl.SSLHandshake.consume(SSLHandshake.java:396) ~[?:?]
	at sun.security.ssl.HandshakeContext.dispatch(HandshakeContext.java:480) ~[?:?]
	at sun.security.ssl.SSLEngineImpl$DelegatedTask$DelegatedAction.run(SSLEngineImpl.java:1277) ~[?:?]
	at sun.security.ssl.SSLEngineImpl$DelegatedTask$DelegatedAction.run(SSLEngineImpl.java:1264) ~[?:?]
	at java.security.AccessController.doPrivileged(AccessController.java:712) ~[?:?]
	at sun.security.ssl.SSLEngineImpl$DelegatedTask.run(SSLEngineImpl.java:1209) ~[?:?]
	at java.util.ArrayList.forEach(ArrayList.java:1511) ~[?:?]
	at jdk.internal.net.http.common.SSLFlowDelegate.lambda$executeTasks$3(SSLFlowDelegate.java:1118) ~[java.net.http:?]
	at jdk.internal.net.http.HttpClientImpl$DelegatingExecutor.execute(HttpClientImpl.java:157) ~[java.net.http:?]
	at jdk.internal.net.http.common.SSLFlowDelegate.executeTasks(SSLFlowDelegate.java:1113) ~[java.net.http:?]
	at jdk.internal.net.http.common.SSLFlowDelegate.doHandshake(SSLFlowDelegate.java:1079) ~[java.net.http:?]
	at jdk.internal.net.http.common.SSLFlowDelegate$Reader.processData(SSLFlowDelegate.java:484) ~[java.net.http:?]
	at jdk.internal.net.http.common.SSLFlowDelegate$Reader$ReaderDownstreamPusher.run(SSLFlowDelegate.java:268) ~[java.net.http:?]
	at jdk.internal.net.http.common.SequentialScheduler$LockingRestartableTask.run(SequentialScheduler.java:205) ~[java.net.http:?]
	at jdk.internal.net.http.common.SequentialScheduler$CompleteRestartableTask.run(SequentialScheduler.java:149) ~[java.net.http:?]
	at jdk.internal.net.http.common.SequentialScheduler$TryEndDeferredCompleter.complete(SequentialScheduler.java:347) ~[java.net.http:?]
	at jdk.internal.net.http.common.SequentialScheduler$CompleteRestartableTask.run(SequentialScheduler.java:151) ~[java.net.http:?]
	at jdk.internal.net.http.common.SequentialScheduler$SchedulableTask.run(SequentialScheduler.java:230) ~[java.net.http:?]
	at java.util.concurrent.ThreadPoolExecutor.runWorker(ThreadPoolExecutor.java:1136) ~[?:?]
	at java.util.concurrent.ThreadPoolExecutor$Worker.run(ThreadPoolExecutor.java:635) ~[?:?]
	at java.lang.Thread.run(Thread.java:842) ~[?:?]
Caused by: sun.security.validator.ValidatorException: PKIX path building failed: sun.security.provider.certpath.SunCertPathBuilderException: unable to find valid certification path to requested target
	at sun.security.validator.PKIXValidator.doBuild(PKIXValidator.java:439) ~[?:?]
	at sun.security.validator.PKIXValidator.engineValidate(PKIXValidator.java:306) ~[?:?]
	at sun.security.validator.Validator.validate(Validator.java:264) ~[?:?]
	at sun.security.ssl.X509TrustManagerImpl.checkTrusted(X509TrustManagerImpl.java:285) ~[?:?]
	at sun.security.ssl.X509TrustManagerImpl.checkServerTrusted(X509TrustManagerImpl.java:144) ~[?:?]
	at sun.security.ssl.CertificateMessage$T13CertificateConsumer.checkServerCerts(CertificateMessage.java:1329) ~[?:?]
	at sun.security.ssl.CertificateMessage$T13CertificateConsumer.onConsumeCertificate(CertificateMessage.java:1226) ~[?:?]
	at sun.security.ssl.CertificateMessage$T13CertificateConsumer.consume(CertificateMessage.java:1169) ~[?:?]
	at sun.security.ssl.SSLHandshake.consume(SSLHandshake.java:396) ~[?:?]
	at sun.security.ssl.HandshakeContext.dispatch(HandshakeContext.java:480) ~[?:?]
	at sun.security.ssl.SSLEngineImpl$DelegatedTask$DelegatedAction.run(SSLEngineImpl.java:1277) ~[?:?]
	at sun.security.ssl.SSLEngineImpl$DelegatedTask$DelegatedAction.run(SSLEngineImpl.java:1264) ~[?:?]
	at java.security.AccessController.doPrivileged(AccessController.java:712) ~[?:?]
	at sun.security.ssl.SSLEngineImpl$DelegatedTask.run(SSLEngineImpl.java:1209) ~[?:?]
	at java.util.ArrayList.forEach(ArrayList.java:1511) ~[?:?]
	at jdk.internal.net.http.common.SSLFlowDelegate.lambda$executeTasks$3(SSLFlowDelegate.java:1118) ~[java.net.http:?]
	at jdk.internal.net.http.HttpClientImpl$DelegatingExecutor.execute(HttpClientImpl.java:157) ~[java.net.http:?]
	at jdk.internal.net.http.common.SSLFlowDelegate.executeTasks(SSLFlowDelegate.java:1113) ~[java.net.http:?]
	at jdk.internal.net.http.common.SSLFlowDelegate.doHandshake(SSLFlowDelegate.java:1079) ~[java.net.http:?]
	at jdk.internal.net.http.common.SSLFlowDelegate$Reader.processData(SSLFlowDelegate.java:484) ~[java.net.http:?]
	at jdk.internal.net.http.common.SSLFlowDelegate$Reader$ReaderDownstreamPusher.run(SSLFlowDelegate.java:268) ~[java.net.http:?]
	at jdk.internal.net.http.common.SequentialScheduler$LockingRestartableTask.run(SequentialScheduler.java:205) ~[java.net.http:?]
	at jdk.internal.net.http.common.SequentialScheduler$CompleteRestartableTask.run(SequentialScheduler.java:149) ~[java.net.http:?]
	at jdk.internal.net.http.common.SequentialScheduler$TryEndDeferredCompleter.complete(SequentialScheduler.java:347) ~[java.net.http:?]
	at jdk.internal.net.http.common.SequentialScheduler$CompleteRestartableTask.run(SequentialScheduler.java:151) ~[java.net.http:?]
	at jdk.internal.net.http.common.SequentialScheduler$SchedulableTask.run(SequentialScheduler.java:230) ~[java.net.http:?]
	at java.util.concurrent.ThreadPoolExecutor.runWorker(ThreadPoolExecutor.java:1136) ~[?:?]
	at java.util.concurrent.ThreadPoolExecutor$Worker.run(ThreadPoolExecutor.java:635) ~[?:?]
	at java.lang.Thread.run(Thread.java:842) ~[?:?]
Caused by: sun.security.provider.certpath.SunCertPathBuilderException: unable to find valid certification path to requested target
	at sun.security.provider.certpath.SunCertPathBuilder.build(SunCertPathBuilder.java:148) ~[?:?]
	at sun.security.provider.certpath.SunCertPathBuilder.engineBuild(SunCertPathBuilder.java:129) ~[?:?]
	at java.security.cert.CertPathBuilder.build(CertPathBuilder.java:297) ~[?:?]
	at sun.security.validator.PKIXValidator.doBuild(PKIXValidator.java:434) ~[?:?]
	at sun.security.validator.PKIXValidator.engineValidate(PKIXValidator.java:306) ~[?:?]
	at sun.security.validator.Validator.validate(Validator.java:264) ~[?:?]
	at sun.security.ssl.X509TrustManagerImpl.checkTrusted(X509TrustManagerImpl.java:285) ~[?:?]
	at sun.security.ssl.X509TrustManagerImpl.checkServerTrusted(X509TrustManagerImpl.java:144) ~[?:?]
	at sun.security.ssl.CertificateMessage$T13CertificateConsumer.checkServerCerts(CertificateMessage.java:1329) ~[?:?]
	at sun.security.ssl.CertificateMessage$T13CertificateConsumer.onConsumeCertificate(CertificateMessage.java:1226) ~[?:?]
	at sun.security.ssl.CertificateMessage$T13CertificateConsumer.consume(CertificateMessage.java:1169) ~[?:?]
	at sun.security.ssl.SSLHandshake.consume(SSLHandshake.java:396) ~[?:?]
	at sun.security.ssl.HandshakeContext.dispatch(HandshakeContext.java:480) ~[?:?]
	at sun.security.ssl.SSLEngineImpl$DelegatedTask$DelegatedAction.run(SSLEngineImpl.java:1277) ~[?:?]
	at sun.security.ssl.SSLEngineImpl$DelegatedTask$DelegatedAction.run(SSLEngineImpl.java:1264) ~[?:?]
	at java.security.AccessController.doPrivileged(AccessController.java:712) ~[?:?]
	at sun.security.ssl.SSLEngineImpl$DelegatedTask.run(SSLEngineImpl.java:1209) ~[?:?]
	at java.util.ArrayList.forEach(ArrayList.java:1511) ~[?:?]
	at jdk.internal.net.http.common.SSLFlowDelegate.lambda$executeTasks$3(SSLFlowDelegate.java:1118) ~[java.net.http:?]
	at jdk.internal.net.http.HttpClientImpl$DelegatingExecutor.execute(HttpClientImpl.java:157) ~[java.net.http:?]
	at jdk.internal.net.http.common.SSLFlowDelegate.executeTasks(SSLFlowDelegate.java:1113) ~[java.net.http:?]
	at jdk.internal.net.http.common.SSLFlowDelegate.doHandshake(SSLFlowDelegate.java:1079) ~[java.net.http:?]
	at jdk.internal.net.http.common.SSLFlowDelegate$Reader.processData(SSLFlowDelegate.java:484) ~[java.net.http:?]
	at jdk.internal.net.http.common.SSLFlowDelegate$Reader$ReaderDownstreamPusher.run(SSLFlowDelegate.java:268) ~[java.net.http:?]
	at jdk.internal.net.http.common.SequentialScheduler$LockingRestartableTask.run(SequentialScheduler.java:205) ~[java.net.http:?]
	at jdk.internal.net.http.common.SequentialScheduler$CompleteRestartableTask.run(SequentialScheduler.java:149) ~[java.net.http:?]
	at jdk.internal.net.http.common.SequentialScheduler$TryEndDeferredCompleter.complete(SequentialScheduler.java:347) ~[java.net.http:?]
	at jdk.internal.net.http.common.SequentialScheduler$CompleteRestartableTask.run(SequentialScheduler.java:151) ~[java.net.http:?]
	at jdk.internal.net.http.common.SequentialScheduler$SchedulableTask.run(SequentialScheduler.java:230) ~[java.net.http:?]
	at java.util.concurrent.ThreadPoolExecutor.runWorker(ThreadPoolExecutor.java:1136) ~[?:?]
	at java.util.concurrent.ThreadPoolExecutor$Worker.run(ThreadPoolExecutor.java:635) ~[?:?]
	at java.lang.Thread.run(Thread.java:842) ~[?:?]
[148月2026 10:34:02.615] [Forge Version Check/INFO] [net.minecraftforge.fml.VersionChecker/]: [forge] Starting version check at https://files.minecraftforge.net/net/minecraftforge/forge/promotions_slim.json
[148月2026 10:34:03.837] [Forge Version Check/INFO] [net.minecraftforge.fml.VersionChecker/]: [forge] Found status: OUTDATED Current: 47.4.13 Target: 47.4.22
[148月2026 10:34:05.130] [main/INFO] [epicfight/]: Data keys [invincible:left, invincible:up, invincible:down, invincible:parry_timer, invincible:cooldown, invincible:dodge_success_timer, invincible:right] for invincible:combo_demo
[148月2026 10:34:05.132] [main/INFO] [epicfight/]: Data keys [epicfight:combo_counter, epicfight:basic_attack_active] for epicfight:basic_attack
[148月2026 10:34:05.135] [main/INFO] [epicfight/]: Data keys [epicfight:penalty_restore_counter, epicfight:penalty] for epicfight:guard
[148月2026 10:34:05.136] [main/INFO] [epicfight/]: Data keys [epicfight:penalty_restore_counter, epicfight:penalty, epicfight:parry_motion_counter, epicfight:last_active] for epicfight:parrying
[148月2026 10:34:05.203] [main/INFO] [epicfight/]: Data keys [epicfight:penalty_restore_counter, epicfight:penalty] for epicfight:impact_guard
[148月2026 10:34:05.273] [main/INFO] [epicfight/]: Data keys [epicfight:stacks, epicfight:resisting_damage_type, epicfight:tick_record] for epicfight:adaptive_skin
[148月2026 10:34:05.275] [main/INFO] [epicfight/]: Data keys [epicfight:tick_record] for epicfight:adrenaline_fiend
[148月2026 10:34:05.288] [main/INFO] [epicfight/]: Data keys [epicfight:entity_id, epicfight:stacks] for epicfight:bonebreaker
[148月2026 10:34:05.290] [main/INFO] [epicfight/]: Data keys [epicfight:entity_id, epicfight:tick_record] for epicfight:vengeance
[148月2026 10:34:05.294] [main/INFO] [epicfight/]: Data keys [epicfight:slam_protect_next_fall, epicfight:fall_distance] for epicfight:meteor_slam
[148月2026 10:34:05.295] [main/INFO] [epicfight/]: Data keys [epicfight:stacks] for epicfight:revelation
[148月2026 10:34:05.337] [main/INFO] [epicfight/]: Data keys [epicfight:slam_protect_next_fall] for epicfight:demolition_leap
[148月2026 10:34:05.355] [main/INFO] [epicfight/]: Data keys [epicfight:jump_key_pressed_last_tick, epicfight:jump_count, epicfight:slam_protect_next_fall] for epicfight:phantom_ascent
[148月2026 10:34:05.373] [main/INFO] [epicfight/]: Data keys [epicfight:last_hit_count] for epicfight:grasping_spire
[148月2026 10:34:05.381] [main/INFO] [epicfight/]: Data keys [epicfight:sheath] for epicfight:battojutsu_passive
[148月2026 10:34:05.382] [main/INFO] [epicfight/]: Data keys [epicfight:sheath] for epicfight:battojutsu
[148月2026 10:34:05.383] [main/INFO] [epicfight/]: Data keys [epicfight:combo_counter] for epicfight:blade_rush
[148月2026 10:34:05.385] [main/INFO] [epicfight/]: Data keys [epicfight:thrown_trident_entity_id] for epicfight:everlasting_allegiance
[148月2026 10:34:05.386] [main/INFO] [epicfight/]: Data keys [wom:target_id] for wom:ender_obscuris
[148月2026 10:34:05.390] [main/INFO] [epicfight/]: Data keys [wom:timer_refresh, wom:dodge, wom:timer] for wom:dodge_master
[148月2026 10:34:05.390] [main/INFO] [epicfight/]: Data keys [wom:timer_refresh, wom:active, wom:dodge, wom:cooldown, wom:registered_position, wom:timer, wom:registered_health] for wom:time_travel
[148月2026 10:34:05.393] [main/INFO] [epicfight/]: Data keys [wom:cooldown] for wom:punishment_kick
[148月2026 10:34:05.394] [main/INFO] [epicfight/]: Data keys [wom:consumprion_value, wom:parrying, epicfight:penalty_restore_counter, epicfight:penalty, wom:holding_rmb, wom:last_active] for wom:counter_attack
[148月2026 10:34:05.395] [main/INFO] [epicfight/]: Data keys [wom:timer_refresh, wom:consumprion_value, epicfight:penalty_restore_counter, wom:cooldown, epicfight:penalty, wom:charge, wom:holding_stance, wom:timer, wom:vengence_duration] for wom:vengeful_parry
[148月2026 10:34:05.398] [main/INFO] [epicfight/]: Data keys [wom:parrying, epicfight:penalty_restore_counter, wom:cooldown, epicfight:penalty, wom:charge, wom:holding_rmb] for wom:perfect_bulwark
[148月2026 10:34:05.399] [main/INFO] [epicfight/]: Data keys [wom:charge, wom:cycle] for wom:soul_protection
[148月2026 10:34:05.399] [main/INFO] [epicfight/]: Data keys [wom:charge, wom:cycle] for wom:shulker_cloak
[148月2026 10:34:05.401] [main/INFO] [epicfight/]: Data keys [wom:active, epicfight:penalty_restore_counter, epicfight:penalty, wom:holding_rmb, wom:timer] for wom:buster_parade
[148月2026 10:34:05.401] [main/INFO] [epicfight/]: Data keys [wom:timer_refresh, wom:active, wom:duree, wom:timer] for wom:pain_anticipation
[148月2026 10:34:05.402] [main/INFO] [epicfight/]: Data keys [wom:timer_refresh, wom:active, wom:duree, wom:timer] for wom:latent_retribution
[148月2026 10:34:05.403] [main/INFO] [epicfight/]: Data keys [wom:rate, wom:power] for wom:critical_knowledge
[148月2026 10:34:05.417] [main/INFO] [epicfight/]: Data keys [wom:cooldown, wom:max_shield, wom:recovery_rate] for wom:heart_shield
[148月2026 10:34:05.420] [main/INFO] [epicfight/]: Data keys [wom:melody_index, wom:saved_elapsed_time, wom:step] for wom:dancing_blade
[148月2026 10:34:05.422] [main/INFO] [epicfight/]: Data keys [wom:timer_refresh, wom:active, wom:duree, wom:timer, wom:cycle, wom:stage] for wom:meditation
[148月2026 10:34:05.422] [main/INFO] [epicfight/]: Data keys [wom:cooldown] for wom:dopamine
[148月2026 10:34:05.423] [main/INFO] [epicfight/]: Data keys [wom:last_active] for wom:manipulator
[148月2026 10:34:05.424] [main/INFO] [epicfight/]: Data keys [wom:rate, wom:power, wom:timer, wom:stack] for wom:lethal_focus
[148月2026 10:34:05.424] [main/INFO] [epicfight/]: Data keys [wom:timer_refresh, wom:wall_glide, wom:timer, wom:wall_running, wom:angle, wom:jump_key_up] for wom:spider_techniques
[148月2026 10:34:05.426] [main/INFO] [epicfight/]: Data keys [wom:consumprion_value, wom:mermaid_movement, wom:cooldown, wom:diving, wom:crawling, wom:water_dashing, wom:jump_key_up] for wom:aqua_maneuvre
[148月2026 10:34:05.426] [main/INFO] [epicfight/]: Data keys [wom:consumprion_value, wom:active, wom:wall_glide, wom:timer, wom:wall_running, wom:verso, wom:buffing, wom:stage] for wom:natural_sprinter
[148月2026 10:34:05.426] [main/INFO] [epicfight/]: Data keys [wom:timer] for wom:lunatic_vivacity
[148月2026 10:34:05.426] [main/INFO] [epicfight/]: Data keys [wom:consumprion_value, wom:timer, wom:registered_health] for wom:voodoo_magic
[148月2026 10:34:05.427] [main/INFO] [epicfight/]: Data keys [wom:target_distance, wom:target_id] for wom:back_and_forth
[148月2026 10:34:05.427] [main/INFO] [epicfight/]: Data keys [wom:cooldown, wom:combo] for wom:shooting_style
[148月2026 10:34:05.428] [main/INFO] [epicfight/]: Data keys [wom:active, wom:timer] for wom:proximity_exploiter
[148月2026 10:34:05.430] [main/INFO] [epicfight/]: Data keys [wom:timer, wom:stack] for wom:all_eyes_on_you
[148月2026 10:34:05.430] [main/INFO] [epicfight/]: Data keys [wom:timer, wom:stack] for wom:all_eyes_on_me
[148月2026 10:34:05.432] [main/INFO] [epicfight/]: Data keys [wom:cooldown, wom:timer] for wom:avatar_of_might
[148月2026 10:34:05.433] [main/INFO] [epicfight/]: Data keys [wom:active, wom:attacks, wom:stack] for wom:agony_plunge
[148月2026 10:34:05.435] [main/INFO] [epicfight/]: Data keys [wom:timer_refresh, wom:active, wom:saved_charge, wom:movespeed, wom:charging_time, wom:holding_rmb, wom:timer, wom:charging, wom:charged, wom:charged_attack] for wom:torment_passive
[148月2026 10:34:05.435] [main/INFO] [epicfight/]: Data keys [wom:timer_refresh, wom:active, wom:timer] for wom:true_berserk
[148月2026 10:34:05.436] [main/INFO] [epicfight/]: Data keys [wom:stack] for wom:herrscher_passive
[148月2026 10:34:05.437] [main/INFO] [epicfight/]: Data keys [wom:timer_refresh, wom:buffed, wom:strenght, wom:timer, wom:expiation, wom:verso, wom:buffing, wom:redemptioon] for wom:plunder_perdition
[148月2026 10:34:05.438] [main/INFO] [epicfight/]: Data keys [wom:sheath] for wom:satsujin_passive
[148月2026 10:34:05.439] [main/INFO] [epicfight/]: Data keys [wom:timer_refresh, wom:active, wom:attacks, wom:saved_charge, wom:holding_stance, wom:timedslash, wom:holding_rmb, wom:timer, wom:charging, wom:frequency, wom:stack, wom:damage, wom:cooldown, wom:charge, wom:second_draw] for wom:sakura_state
[148月2026 10:34:05.439] [main/INFO] [epicfight/]: Data keys [wom:shoot, wom:using_item, wom:cooldown, wom:reload_cooldown, wom:zoom_cooldown, wom:nofalldamage, wom:holding_rmb, wom:zoom, wom:combo] for wom:ender_blast
[148月2026 10:34:05.440] [main/INFO] [epicfight/]: Data keys [wom:shoot, wom:using_item, wom:cooldown, wom:reload_cooldown, wom:zoom_cooldown, wom:nofalldamage, wom:holding_rmb, wom:side, wom:zoom, wom:combo] for wom:ender_fusion
[148月2026 10:34:05.440] [main/INFO] [epicfight/]: Data keys [wom:parrying, wom:cooldown, wom:holding_stance, wom:charging_time, wom:holding_rmb, wom:guard_point_result, wom:charged, wom:combo, wom:guard_point, wom:gesetz_sprengkopf] for wom:regierung
[148月2026 10:34:05.441] [main/INFO] [epicfight/]: Data keys [wom:timer_refresh, wom:lunar_eclipse_stack, wom:crescent, wom:timer, wom:echo] for wom:lunar_eclipse
[148月2026 10:34:05.441] [main/INFO] [epicfight/]: Data keys [wom:verso, wom:idle] for wom:lunar_echo_passive
[148月2026 10:34:05.441] [main/INFO] [epicfight/]: Data keys [wom:timer_refresh, wom:witheraftereffect, wom:darkness_target_reaped, wom:blackhole, wom:ascending, wom:shoot_cooldown, wom:darkness_target_hited, wom:darkness_target_vec, wom:zoom_cooldown, wom:darkness_target, wom:active, wom:blackhole_timer, wom:shoot, wom:blackhole_vec, wom:serius_focus, wom:holding_rmb, wom:darkness_portal_angle, wom:darkness_activate_portal, wom:timer, wom:darkness_portal_vec, wom:witherccatharsis, wom:darkness_portal_timer, wom:blackhole_active, wom:serius_focus_cooldown, wom:zoom] for wom:demonic_ascension
[148月2026 10:34:05.443] [main/INFO] [epicfight/]: Data keys [wom:basic_attack, wom:withercurse, wom:blink, wom:catharsis, wom:particle, wom:lapse, wom:idle] for wom:demon_mark_passive
[148月2026 10:34:05.443] [main/INFO] [epicfight/]: Data keys [wom:timer_refresh, wom:solar_infernio, wom:holding_rmb, wom:solar_obscuridad_ta_timer, wom:timer, wom:cycle, wom:charging, wom:particle, wom:heating_speed, wom:charge, wom:solar_obscuridad, wom:solar_crematorio, wom:heat_level, wom:stored_heat_level, wom:timed_attack] for wom:solar_arcano
[148月2026 10:34:05.444] [main/INFO] [epicfight/]: Data keys [wom:timer_refresh, wom:solar_infernio, wom:solar_obscuridad_ta_timer, wom:timer, wom:cycle, wom:charging, wom:particle, wom:heating_speed, wom:charge, wom:solar_obscuridad, wom:solar_crematorio, wom:heat_level, wom:stored_heat_level, wom:timed_attack] for wom:solar_passive
[148月2026 10:34:05.445] [main/INFO] [epicfight/]: Data keys [wom:serius_focus, wom:serius_focus_cooldown] for wom:rechargement
[148月2026 10:34:05.445] [main/INFO] [epicfight/]: Data keys [wom:active, wom:shell_number, wom:shell_delay, wom:charge, wom:bullet_loaded_old, wom:super_reload, wom:bullet_loaded, wom:shell_anim, wom:cycle, wom:charged, wom:bullet_overloaded] for wom:napoleon_passive
[148月2026 10:34:05.447] [main/INFO] [epicfight/]: Data keys [efn:scythe_sheath, efn:scythe_blood_power] for efn:scythe_skill
[148月2026 10:34:05.448] [main/INFO] [epicfight/]: Data keys [efn:press_innate, efn:thornwheel_loop, efn:thornwheel_loop_available] for efn:thornwheel
[148月2026 10:34:05.449] [main/INFO] [epicfight/]: Data keys [efn:murasama_forward_dodge, efn:jump_key_pressed_last_tick, efn:jump_count] for efn:murasama_dodge
[148月2026 10:34:05.450] [main/INFO] [epicfight/]: Data keys [efn:base_puncture_chance, efn:max_puncture_chance, efn:current_puncture_chance, efn:puncture_increment] for efn:parry_master
[148月2026 10:34:05.450] [main/INFO] [epicfight/]: Data keys [efn:buff_end_tick, efn:defense_start_tick, efn:buff_active] for efn:precise_parry
[148月2026 10:34:05.453] [main/INFO] [epicfight/]: Data keys [efn:cooldown, efn:cooldown_1, efn:cooldown_2] for efn:judgementcutend
[148月2026 10:34:05.454] [main/INFO] [epicfight/]: Data keys [efn:cooldown, efn:cooldown_1, efn:cooldown_2] for efn:stomp
[148月2026 10:34:05.455] [main/INFO] [epicfight/]: Data keys [efn:murasama_zansetsu_start_time, efn:murasama_key_left_down, efn:arts_key_pressed, efn:murasama_zansetsu_timer, efn:murasama_key_right_down, efn:murasama_zansetsu_attack_counter, efn:murasama_zandatsu_start_time, efn:murasama_zansetsu_sector, efn:murasama_last_triggered_sector, efn:murasama_zansetsu_slash_release, efn:murasama_zandatsu_available, efn:murasama_zansetsu_input_mode, efn:murasama_input_mode_switch_pressed, efn:murasama_pair_flag, efn:murasama_zansetsu_end_time, efn:arts_key, efn:murasama_zansetsu_active, efn:murasama_opposite_triggered, efn:murasama_left_mouse_pressed, efn:murasama_zandatsu_end_time] for efn:zansetsu
[148月2026 10:34:05.456] [main/INFO] [epicfight/]: Data keys [efn:cooldown, efn:cooldown_1, efn:cooldown_2] for efn:execution
[148月2026 10:34:05.457] [main/INFO] [epicfight/]: Data keys [efn:efn_last_active, efn:efn_last_parry_time, epicfight:penalty_restore_counter, epicfight:penalty, efn:efn_shake_penalty_count, efn:efn_parry_motion_counter, efn:efn_last_guard_start_tick, efn:efn_delay_protection_end, efn:efn_first_shake, efn:efn_last_successful_defense_tick, efn:efn_starting_parry, efn:efn_shake_detected] for efn:efn_parry
[148月2026 10:34:05.457] [main/INFO] [epicfight/]: Data keys [efn:efn_last_active, efn:efn_last_parry_time, epicfight:penalty_restore_counter, epicfight:penalty, efn:efn_shake_penalty_count, efn:efn_parry_motion_counter, efn:efn_last_guard_start_tick, efn:efn_delay_protection_end, efn:efn_first_shake, efn:efn_last_successful_defense_tick, efn:efn_starting_parry, efn:efn_shake_detected] for efn:murasama_parry
[148月2026 10:34:05.458] [main/INFO] [epicfight/]: Data keys [efn:cooldown, efn:arts_input_buffer, efn:cooldown_1, efn:arts_key_pressed, efn:sekiro_art_index, efn:cooldown_2, efn:arts_key] for efn:mortal_blade
[148月2026 10:34:05.458] [main/INFO] [epicfight/]: Data keys [efn:cooldown, efn:press_summon_sword, efn:key4_press_timer, efn:was_long_pressed, efn:jump_key, efn:key2_press_timer, efn:press_key3, efn:charge_power, efn:cooldown_1, efn:pressing_key3, efn:full_charge_message, efn:pressing_key2, efn:innate_press_timer, efn:doppelganger_delay, efn:doppelganger_tick, efn:force_release, efn:combo_counter, invincible:cooldown, efn:press_doppelganger, efn:sprint_key, efn:press_innate, invincible:right, efn:press_key1, invincible:left, efn:demon_key, efn:guard_key, efn:press_key2, efn:doppelganger_style, efn:arts_key_pressed, efn:is_charging, efn:pressing_key4, efn:up_key, efn:down_key, efn:charge_stage, invincible:up, efn:key1_press_timer, efn:press_key4, efn:have_doppelganger, efn:sneak_key, efn:energy_check, efn:charge_message, invincible:dodge_success_timer, efn:angel_key, invincible:down, efn:pressing_key1, invincible:parry_timer, efn:is_pressing, efn:key3_press_timer, efn:cooldown_2, efn:pressing_innate, efn:arts_key, efn:charge_ticks] for efn:yamato
[148月2026 10:34:05.458] [main/INFO] [epicfight/]: Data keys [efn:doppelganger_tick, efn:doppelganger_style, efn:parry_cooldown, efn:have_doppelganger, efn:doppelganger_delay, efn:stun_cooldown] for efn:yamato_passive
[148月2026 10:34:05.460] [main/INFO] [epicfight/]: Data keys [efn:cooldown, efn:is_replay_damage, efn:press_summon_sword, efn:key4_press_timer, efn:was_long_pressed, efn:jump_key, efn:key2_press_timer, efn:press_key3, efn:charge_power, efn:cooldown_1, efn:pressing_key3, efn:full_charge_message, efn:pressing_key2, efn:innate_press_timer, efn:force_release, efn:combo_counter, invincible:cooldown, efn:replay_enhanced, efn:sprint_key, efn:press_innate, invincible:right, efn:damage_history, efn:press_key1, invincible:left, efn:demon_key, efn:guard_key, efn:press_key2, efn:arts_key_pressed, efn:is_charging, efn:pressing_key4, efn:up_key, efn:down_key, efn:charge_stage, invincible:up, efn:key1_press_timer, efn:press_key4, efn:sneak_key, efn:energy_check, efn:charge_message, invincible:dodge_success_timer, efn:angel_key, invincible:down, efn:pressing_key1, invincible:parry_timer, efn:is_pressing, efn:key3_press_timer, efn:cooldown_2, efn:pressing_innate, efn:arts_key, efn:charge_ticks] for efn:shortsword
[148月2026 10:34:05.460] [main/INFO] [epicfight/]: Data keys [efn:cooldown, invincible:left, efn:demon_key, efn:press_summon_sword, efn:key4_press_timer, efn:was_long_pressed, efn:guard_key, efn:press_key2, efn:arts_key_pressed, efn:is_charging, efn:pressing_key4, efn:jump_key, efn:up_key, efn:key2_press_timer, efn:down_key, efn:press_key3, efn:charge_stage, invincible:up, efn:charge_power, efn:key1_press_timer, efn:cooldown_1, efn:press_key4, efn:pressing_key3, efn:full_charge_message, efn:pressing_key2, efn:innate_press_timer, efn:sneak_key, efn:energy_check, efn:force_release, efn:charge_message, efn:combo_counter, invincible:cooldown, invincible:dodge_success_timer, efn:angel_key, invincible:down, efn:pressing_key1, invincible:parry_timer, efn:is_pressing, efn:sprint_key, efn:press_innate, efn:key3_press_timer, efn:cooldown_2, efn:pressing_innate, efn:arts_key, efn:charge_ticks, invincible:right, efn:press_key1] for efn:ruinsgreatsword
[148月2026 10:34:05.460] [main/INFO] [epicfight/]: Data keys [efn:cooldown, invincible:left, efn:demon_key, efn:press_summon_sword, efn:key4_press_timer, efn:was_long_pressed, efn:guard_key, efn:press_key2, efn:arts_key_pressed, efn:is_charging, efn:pressing_key4, efn:jump_key, efn:up_key, efn:key2_press_timer, efn:down_key, efn:press_key3, efn:charge_stage, invincible:up, efn:charge_power, efn:key1_press_timer, efn:cooldown_1, efn:press_key4, efn:pressing_key3, efn:full_charge_message, efn:pressing_key2, efn:innate_press_timer, efn:sneak_key, efn:energy_check, efn:force_release, efn:charge_message, efn:combo_counter, invincible:cooldown, invincible:dodge_success_timer, efn:angel_key, invincible:down, efn:pressing_key1, invincible:parry_timer, efn:is_pressing, efn:sprint_key, efn:press_innate, efn:key3_press_timer, efn:cooldown_2, efn:pressing_innate, efn:arts_key, efn:charge_ticks, invincible:right, efn:press_key1] for efn:pioneer
[148月2026 10:34:05.461] [main/INFO] [epicfight/]: Data keys [efn:cooldown, efn:press_summon_sword, efn:key4_press_timer, efn:was_long_pressed, efn:murasama_zansetsu_timer, efn:murasama_zandatsu_start_time, efn:jump_key, efn:key2_press_timer, efn:press_key3, efn:murasama_pair_flag, efn:charge_power, efn:cooldown_1, efn:pressing_key3, efn:full_charge_message, efn:pressing_key2, efn:murasama_zansetsu_active, efn:murasama_opposite_triggered, efn:innate_press_timer, efn:murasama_zansetsu_start_time, efn:force_release, efn:murasama_key_right_down, efn:combo_counter, invincible:cooldown, efn:murasama_zansetsu_sector, efn:murasama_air_borne, efn:murasama_zansetsu_slash_release, efn:sprint_key, efn:press_innate, efn:murasama_sheath, efn:murasama_left_mouse_pressed, invincible:right, efn:press_key1, invincible:left, efn:sprint_sheath_timer, efn:demon_key, efn:guard_key, efn:press_key2, efn:murasama_key_left_down, efn:arts_key_pressed, efn:is_charging, efn:pressing_key4, efn:up_key, efn:down_key, efn:murasama_zandatsu_available, efn:murasama_sheath_timer, efn:charge_stage, invincible:up, efn:murasama_input_mode_switch_pressed, efn:key1_press_timer, efn:press_key4, efn:murasama_zandatsu_end_time, efn:sneak_key, efn:energy_check, efn:charge_message, efn:murasama_zansetsu_attack_counter, invincible:dodge_success_timer, efn:manual_unsheath, efn:murasama_last_triggered_sector, efn:angel_key, efn:murasama_zansetsu_input_mode, invincible:down, efn:pressing_key1, invincible:parry_timer, efn:murasama_zansetsu_end_time, efn:murasama_forward_dodge, efn:is_pressing, efn:key3_press_timer, efn:cooldown_2, efn:pressing_innate, efn:arts_key, efn:charge_ticks] for efn:murasama
[148月2026 10:34:05.461] [main/INFO] [epicfight/]: Data keys [efn:sprint_sheath_timer, efn:double_tap_timer, efn:murasama_key_left_down, efn:murasama_zansetsu_timer, efn:backward_pressed_last_tick, efn:murasama_zandatsu_start_time, efn:murasama_zandatsu_available, efn:murasama_sheath_timer, efn:murasama_input_mode_switch_pressed, efn:murasama_pair_flag, efn:forward_backward_end_tick, efn:forward_backward_window_active, efn:forward_backward_success, efn:murasama_zansetsu_active, efn:murasama_opposite_triggered, efn:murasama_zandatsu_end_time, efn:forward_pressed_last_tick, efn:forward_backward_timer, efn:murasama_zansetsu_start_time, efn:is_double_tap_sprint, efn:murasama_key_right_down, efn:murasama_zansetsu_attack_counter, efn:jump_count, efn:murasama_zansetsu_sector, efn:forward_backward_remaining_ticks, efn:manual_unsheath, efn:murasama_last_triggered_sector, efn:murasama_zansetsu_slash_release, efn:murasama_zansetsu_input_mode, efn:murasama_zansetsu_end_time, efn:was_double_tap_sprint, efn:murasama_forward_dodge, efn:up_key_pressed_last_tick, efn:jump_key_pressed_last_tick, efn:murasama_sheath, efn:murasama_left_mouse_pressed] for efn:murasama_passive
[148月2026 10:34:05.463] [main/INFO] [epicfight/]: Data keys [efn:cooldown, invincible:left, efn:demon_key, efn:press_summon_sword, efn:key4_press_timer, efn:was_long_pressed, efn:guard_key, efn:press_key2, efn:arts_key_pressed, efn:is_charging, efn:pressing_key4, efn:jump_key, efn:up_key, efn:key2_press_timer, efn:down_key, efn:press_key3, efn:charge_stage, invincible:up, efn:charge_power, efn:key1_press_timer, efn:cooldown_1, efn:press_key4, efn:pressing_key3, efn:full_charge_message, efn:pressing_key2, efn:innate_press_timer, efn:sneak_key, efn:energy_check, efn:force_release, efn:charge_message, efn:combo_counter, invincible:cooldown, invincible:dodge_success_timer, efn:angel_key, invincible:down, efn:pressing_key1, invincible:parry_timer, efn:is_pressing, efn:sprint_key, efn:press_innate, efn:key3_press_timer, efn:cooldown_2, efn:pressing_innate, efn:arts_key, efn:charge_ticks, invincible:right, efn:press_key1] for efn:meenlance
[148月2026 10:34:05.463] [main/INFO] [epicfight/]: Data keys [efn:cooldown, invincible:left, efn:demon_key, efn:press_summon_sword, efn:key4_press_timer, efn:was_long_pressed, efn:guard_key, efn:press_key2, efn:arts_key_pressed, efn:is_charging, efn:pressing_key4, efn:jump_key, efn:up_key, efn:key2_press_timer, efn:down_key, efn:press_key3, efn:charge_stage, invincible:up, efn:charge_power, efn:key1_press_timer, efn:cooldown_1, efn:press_key4, efn:pressing_key3, efn:full_charge_message, efn:pressing_key2, efn:innate_press_timer, efn:sneak_key, efn:energy_check, efn:force_release, efn:charge_message, efn:combo_counter, invincible:cooldown, invincible:dodge_success_timer, efn:angel_key, invincible:down, efn:pressing_key1, invincible:parry_timer, efn:is_pressing, efn:sprint_key, efn:press_innate, efn:key3_press_timer, efn:cooldown_2, efn:pressing_innate, efn:arts_key, efn:charge_ticks, invincible:right, efn:press_key1] for efn:kusabimaru
[148月2026 10:34:05.463] [main/INFO] [epicfight/]: Data keys [efn:cooldown, efn:press_summon_sword, efn:key4_press_timer, efn:was_long_pressed, efn:murasama_zansetsu_timer, efn:murasama_zandatsu_start_time, efn:jump_key, efn:key2_press_timer, efn:press_key3, efn:murasama_pair_flag, efn:charge_power, efn:cooldown_1, efn:pressing_key3, efn:full_charge_message, efn:pressing_key2, efn:murasama_zansetsu_active, efn:murasama_opposite_triggered, efn:innate_press_timer, efn:murasama_zansetsu_start_time, efn:force_release, efn:murasama_key_right_down, efn:combo_counter, invincible:cooldown, efn:murasama_zansetsu_sector, efn:murasama_air_borne, efn:murasama_zansetsu_slash_release, efn:sprint_key, efn:press_innate, efn:murasama_sheath, efn:murasama_left_mouse_pressed, invincible:right, efn:press_key1, invincible:left, efn:sprint_sheath_timer, efn:demon_key, efn:guard_key, efn:press_key2, efn:murasama_key_left_down, efn:arts_key_pressed, efn:is_charging, efn:pressing_key4, efn:up_key, efn:down_key, efn:murasama_zandatsu_available, efn:murasama_sheath_timer, efn:charge_stage, invincible:up, efn:murasama_input_mode_switch_pressed, efn:key1_press_timer, efn:press_key4, efn:murasama_zandatsu_end_time, efn:sneak_key, efn:energy_check, efn:charge_message, efn:murasama_zansetsu_attack_counter, invincible:dodge_success_timer, efn:manual_unsheath, efn:murasama_last_triggered_sector, efn:angel_key, efn:murasama_zansetsu_input_mode, invincible:down, efn:pressing_key1, invincible:parry_timer, efn:murasama_zansetsu_end_time, efn:murasama_forward_dodge, efn:is_pressing, efn:key3_press_timer, efn:cooldown_2, efn:pressing_innate, efn:arts_key, efn:charge_ticks] for efn:hf_blade
[148月2026 10:34:05.466] [main/INFO] [epicfight/]: Data keys [efn:sprint_sheath_timer, efn:double_tap_timer, efn:murasama_key_left_down, efn:murasama_zansetsu_timer, efn:backward_pressed_last_tick, efn:murasama_zandatsu_start_time, efn:murasama_zandatsu_available, efn:murasama_sheath_timer, efn:murasama_input_mode_switch_pressed, efn:murasama_pair_flag, efn:forward_backward_end_tick, efn:forward_backward_window_active, efn:forward_backward_success, efn:murasama_zansetsu_active, efn:murasama_opposite_triggered, efn:murasama_zandatsu_end_time, efn:forward_pressed_last_tick, efn:forward_backward_timer, efn:murasama_zansetsu_start_time, efn:is_double_tap_sprint, efn:murasama_key_right_down, efn:murasama_zansetsu_attack_counter, efn:jump_count, efn:murasama_zansetsu_sector, efn:forward_backward_remaining_ticks, efn:manual_unsheath, efn:murasama_last_triggered_sector, efn:murasama_zansetsu_slash_release, efn:murasama_zansetsu_input_mode, efn:murasama_zansetsu_end_time, efn:was_double_tap_sprint, efn:murasama_forward_dodge, efn:up_key_pressed_last_tick, efn:jump_key_pressed_last_tick, efn:murasama_sheath, efn:murasama_left_mouse_pressed] for efn:hf_blade_passive
[148月2026 10:34:05.467] [main/INFO] [epicfight/]: Data keys [efn:cooldown, invincible:left, efn:demon_key, efn:press_summon_sword, efn:key4_press_timer, efn:was_long_pressed, efn:guard_key, efn:press_key2, efn:arts_key_pressed, efn:is_charging, efn:pressing_key4, efn:jump_key, efn:up_key, efn:key2_press_timer, efn:down_key, efn:press_key3, efn:charge_stage, invincible:up, efn:charge_power, efn:key1_press_timer, efn:cooldown_1, efn:press_key4, efn:pressing_key3, efn:full_charge_message, efn:pressing_key2, efn:innate_press_timer, efn:sneak_key, efn:energy_check, efn:force_release, efn:charge_message, efn:combo_counter, invincible:cooldown, invincible:dodge_success_timer, efn:angel_key, invincible:down, efn:pressing_key1, invincible:parry_timer, efn:is_pressing, efn:sprint_key, efn:press_innate, efn:key3_press_timer, efn:cooldown_2, efn:pressing_innate, efn:arts_key, efn:charge_ticks, invincible:right, efn:press_key1] for efn:exsiliumgladius
[148月2026 10:34:05.469] [main/INFO] [epicfight/]: Data keys [invincible:left, invincible:up, invincible:down, invincible:parry_timer, invincible:cooldown, invincible:dodge_success_timer, invincible:right] for efn:examplecombo
[148月2026 10:34:05.469] [main/INFO] [epicfight/]: Data keys [efn:cooldown, invincible:left, efn:demon_key, efn:press_summon_sword, efn:key4_press_timer, efn:was_long_pressed, efn:guard_key, efn:press_key2, efn:arts_key_pressed, efn:is_charging, efn:pressing_key4, efn:jump_key, efn:up_key, efn:key2_press_timer, efn:down_key, efn:press_key3, efn:charge_stage, invincible:up, efn:charge_power, efn:key1_press_timer, efn:cooldown_1, efn:press_key4, efn:pressing_key3, efn:full_charge_message, efn:pressing_key2, efn:innate_press_timer, efn:sneak_key, efn:energy_check, efn:force_release, efn:charge_message, efn:combo_counter, invincible:cooldown, invincible:dodge_success_timer, efn:angel_key, invincible:down, efn:pressing_key1, invincible:parry_timer, efn:is_pressing, efn:sprint_key, efn:press_innate, efn:key3_press_timer, efn:cooldown_2, efn:pressing_innate, efn:arts_key, efn:charge_ticks, invincible:right, efn:press_key1] for efn:crescentmoon
[148月2026 10:34:05.470] [main/INFO] [epicfight/]: Data keys [efn:cooldown, invincible:left, efn:demon_key, efn:press_summon_sword, efn:key4_press_timer, efn:was_long_pressed, efn:guard_key, efn:press_key2, efn:arts_key_pressed, efn:is_charging, efn:pressing_key4, efn:jump_key, efn:up_key, efn:key2_press_timer, efn:down_key, efn:press_key3, efn:charge_stage, invincible:up, efn:charge_power, efn:key1_press_timer, efn:cooldown_1, efn:press_key4, efn:pressing_key3, efn:full_charge_message, efn:pressing_key2, efn:innate_press_timer, efn:sneak_key, efn:energy_check, efn:force_release, efn:charge_message, efn:combo_counter, invincible:cooldown, invincible:dodge_success_timer, efn:angel_key, invincible:down, efn:pressing_key1, invincible:parry_timer, efn:is_pressing, efn:sprint_key, efn:press_innate, efn:key3_press_timer, efn:cooldown_2, efn:pressing_innate, efn:arts_key, efn:charge_ticks, invincible:right, efn:press_key1] for efn:broadblade
[148月2026 10:34:05.470] [main/INFO] [epicfight/]: Data keys [efn:cooldown, invincible:left, efn:demon_key, efn:press_summon_sword, efn:key4_press_timer, efn:was_long_pressed, efn:guard_key, efn:press_key2, efn:arts_key_pressed, efn:is_charging, efn:pressing_key4, efn:jump_key, efn:up_key, efn:key2_press_timer, efn:down_key, efn:press_key3, efn:charge_stage, invincible:up, efn:charge_power, efn:key1_press_timer, efn:cooldown_1, efn:press_key4, efn:pressing_key3, efn:full_charge_message, efn:pressing_key2, efn:innate_press_timer, efn:sneak_key, efn:energy_check, efn:force_release, efn:charge_message, efn:combo_counter, invincible:cooldown, invincible:dodge_success_timer, efn:angel_key, invincible:down, efn:pressing_key1, invincible:parry_timer, efn:is_pressing, efn:sprint_key, efn:press_innate, efn:key3_press_timer, efn:cooldown_2, efn:pressing_innate, efn:arts_key, efn:charge_ticks, invincible:right, efn:press_key1] for efn:bloodlust
[148月2026 10:34:05.471] [main/INFO] [epicfight/]: Data keys [efn:cooldown, invincible:left, efn:demon_key, efn:press_summon_sword, efn:key4_press_timer, efn:was_long_pressed, efn:guard_key, efn:press_key2, efn:arts_key_pressed, efn:is_charging, efn:pressing_key4, efn:jump_key, efn:up_key, efn:key2_press_timer, efn:down_key, efn:press_key3, efn:charge_stage, invincible:up, efn:charge_power, efn:key1_press_timer, efn:cooldown_1, efn:press_key4, efn:pressing_key3, efn:full_charge_message, efn:pressing_key2, efn:innate_press_timer, efn:sneak_key, efn:energy_check, efn:force_release, efn:charge_message, efn:combo_counter, invincible:cooldown, invincible:dodge_success_timer, efn:angel_key, invincible:down, efn:pressing_key1, invincible:parry_timer, efn:is_pressing, efn:sprint_key, efn:press_innate, efn:key3_press_timer, efn:cooldown_2, efn:pressing_innate, efn:arts_key, efn:charge_ticks, invincible:right, efn:press_key1] for efn:beastclaw
[148月2026 10:34:05.474] [main/INFO] [epicfight/]: Data keys [efn:cooldown, invincible:left, efn:demon_key, efn:press_summon_sword, efn:key4_press_timer, efn:was_long_pressed, efn:guard_key, efn:press_key2, efn:arts_key_pressed, efn:is_charging, efn:pressing_key4, efn:jump_key, efn:up_key, efn:key2_press_timer, efn:down_key, efn:press_key3, efn:charge_stage, invincible:up, efn:charge_power, efn:key1_press_timer, efn:cooldown_1, efn:press_key4, efn:pressing_key3, efn:full_charge_message, efn:pressing_key2, efn:innate_press_timer, efn:sneak_key, efn:energy_check, efn:force_release, efn:charge_message, efn:combo_counter, invincible:cooldown, invincible:dodge_success_timer, efn:angel_key, invincible:down, efn:pressing_key1, invincible:parry_timer, efn:is_pressing, efn:sprint_key, efn:press_innate, efn:key3_press_timer, efn:cooldown_2, efn:pressing_innate, efn:arts_key, efn:charge_ticks, invincible:right, efn:press_key1] for efn:aetherialdusk
[148月2026 10:34:05.475] [main/INFO] [epicfight/]: Data keys [annoyingvillagers:is_trident_ranged_mode, annoyingvillagers:trident_amount] for annoyingvillagers:trident_festival
[148月2026 10:34:05.596] [main/INFO] [com.mojang.authlib.yggdrasil.YggdrasilAuthenticationService/]: Environment: authHost='https://authserver.mojang.com', accountsHost='https://api.mojang.com', sessionHost='https://sessionserver.mojang.com', servicesHost='https://api.minecraftservices.com', name='PROD'
[148月2026 10:34:07.305] [main/INFO] [epicfight/]: Data keys [invincible:left, invincible:up, invincible:down, invincible:parry_timer, invincible:cooldown, invincible:dodge_success_timer, invincible:right] for invincible:combo_demo
[148月2026 10:34:07.305] [main/INFO] [epicfight/]: Data keys [epicfight:combo_counter, epicfight:basic_attack_active] for epicfight:basic_attack
[148月2026 10:34:07.307] [main/INFO] [epicfight/]: Data keys [epicfight:penalty_restore_counter, epicfight:penalty] for epicfight:guard
[148月2026 10:34:07.307] [main/INFO] [epicfight/]: Data keys [epicfight:penalty_restore_counter, epicfight:penalty, epicfight:parry_motion_counter, epicfight:last_active] for epicfight:parrying
[148月2026 10:34:07.308] [main/INFO] [epicfight/]: Data keys [epicfight:penalty_restore_counter, epicfight:penalty] for epicfight:impact_guard
[148月2026 10:34:07.308] [main/INFO] [epicfight/]: Data keys [epicfight:stacks, epicfight:resisting_damage_type, epicfight:tick_record] for epicfight:adaptive_skin
[148月2026 10:34:07.309] [main/INFO] [epicfight/]: Data keys [epicfight:tick_record] for epicfight:adrenaline_fiend
[148月2026 10:34:07.309] [main/INFO] [epicfight/]: Data keys [epicfight:entity_id, epicfight:stacks] for epicfight:bonebreaker
[148月2026 10:34:07.309] [main/INFO] [epicfight/]: Data keys [epicfight:entity_id, epicfight:tick_record] for epicfight:vengeance
[148月2026 10:34:07.310] [main/INFO] [epicfight/]: Data keys [epicfight:slam_protect_next_fall, epicfight:fall_distance] for epicfight:meteor_slam
[148月2026 10:34:07.310] [main/INFO] [epicfight/]: Data keys [epicfight:stacks] for epicfight:revelation
[148月2026 10:34:07.310] [main/INFO] [epicfight/]: Data keys [epicfight:slam_protect_next_fall] for epicfight:demolition_leap
[148月2026 10:34:07.311] [main/INFO] [epicfight/]: Data keys [epicfight:jump_key_pressed_last_tick, epicfight:jump_count, epicfight:slam_protect_next_fall] for epicfight:phantom_ascent
[148月2026 10:34:07.312] [main/INFO] [epicfight/]: Data keys [epicfight:last_hit_count] for epicfight:grasping_spire
[148月2026 10:34:07.313] [main/INFO] [epicfight/]: Data keys [epicfight:sheath] for epicfight:battojutsu_passive
[148月2026 10:34:07.313] [main/INFO] [epicfight/]: Data keys [epicfight:sheath] for epicfight:battojutsu
[148月2026 10:34:07.314] [main/INFO] [epicfight/]: Data keys [epicfight:combo_counter] for epicfight:blade_rush
[148月2026 10:34:07.314] [main/INFO] [epicfight/]: Data keys [epicfight:thrown_trident_entity_id] for epicfight:everlasting_allegiance
[148月2026 10:34:07.314] [main/INFO] [epicfight/]: Data keys [wom:target_id] for wom:ender_obscuris
[148月2026 10:34:07.315] [main/INFO] [epicfight/]: Data keys [wom:timer_refresh, wom:dodge, wom:timer] for wom:dodge_master
[148月2026 10:34:07.315] [main/INFO] [epicfight/]: Data keys [wom:timer_refresh, wom:active, wom:dodge, wom:cooldown, wom:registered_position, wom:timer, wom:registered_health] for wom:time_travel
[148月2026 10:34:07.316] [main/INFO] [epicfight/]: Data keys [wom:cooldown] for wom:punishment_kick
[148月2026 10:34:07.316] [main/INFO] [epicfight/]: Data keys [wom:consumprion_value, wom:parrying, epicfight:penalty_restore_counter, epicfight:penalty, wom:holding_rmb, wom:last_active] for wom:counter_attack
[148月2026 10:34:07.317] [main/INFO] [epicfight/]: Data keys [wom:timer_refresh, wom:consumprion_value, epicfight:penalty_restore_counter, wom:cooldown, epicfight:penalty, wom:charge, wom:holding_stance, wom:timer, wom:vengence_duration] for wom:vengeful_parry
[148月2026 10:34:07.317] [main/INFO] [epicfight/]: Data keys [wom:parrying, epicfight:penalty_restore_counter, wom:cooldown, epicfight:penalty, wom:charge, wom:holding_rmb] for wom:perfect_bulwark
[148月2026 10:34:07.317] [main/INFO] [epicfight/]: Data keys [wom:charge, wom:cycle] for wom:soul_protection
[148月2026 10:34:07.318] [main/INFO] [epicfight/]: Data keys [wom:charge, wom:cycle] for wom:shulker_cloak
[148月2026 10:34:07.318] [main/INFO] [epicfight/]: Data keys [wom:active, epicfight:penalty_restore_counter, epicfight:penalty, wom:holding_rmb, wom:timer] for wom:buster_parade
[148月2026 10:34:07.318] [main/INFO] [epicfight/]: Data keys [wom:timer_refresh, wom:active, wom:duree, wom:timer] for wom:pain_anticipation
[148月2026 10:34:07.318] [main/INFO] [epicfight/]: Data keys [wom:timer_refresh, wom:active, wom:duree, wom:timer] for wom:latent_retribution
[148月2026 10:34:07.318] [main/INFO] [epicfight/]: Data keys [wom:rate, wom:power] for wom:critical_knowledge
[148月2026 10:34:07.318] [main/INFO] [epicfight/]: Data keys [wom:cooldown, wom:max_shield, wom:recovery_rate] for wom:heart_shield
[148月2026 10:34:07.320] [main/INFO] [epicfight/]: Data keys [wom:melody_index, wom:saved_elapsed_time, wom:step] for wom:dancing_blade
[148月2026 10:34:07.320] [main/INFO] [epicfight/]: Data keys [wom:timer_refresh, wom:active, wom:duree, wom:timer, wom:cycle, wom:stage] for wom:meditation
[148月2026 10:34:07.320] [main/INFO] [epicfight/]: Data keys [wom:cooldown] for wom:dopamine
[148月2026 10:34:07.320] [main/INFO] [epicfight/]: Data keys [wom:last_active] for wom:manipulator
[148月2026 10:34:07.321] [main/INFO] [epicfight/]: Data keys [wom:rate, wom:power, wom:timer, wom:stack] for wom:lethal_focus
[148月2026 10:34:07.321] [main/INFO] [epicfight/]: Data keys [wom:timer_refresh, wom:wall_glide, wom:timer, wom:wall_running, wom:angle, wom:jump_key_up] for wom:spider_techniques
[148月2026 10:34:07.322] [main/INFO] [epicfight/]: Data keys [wom:consumprion_value, wom:mermaid_movement, wom:cooldown, wom:diving, wom:crawling, wom:water_dashing, wom:jump_key_up] for wom:aqua_maneuvre
[148月2026 10:34:07.322] [main/INFO] [epicfight/]: Data keys [wom:consumprion_value, wom:active, wom:wall_glide, wom:timer, wom:wall_running, wom:verso, wom:buffing, wom:stage] for wom:natural_sprinter
[148月2026 10:34:07.323] [main/INFO] [epicfight/]: Data keys [wom:timer] for wom:lunatic_vivacity
[148月2026 10:34:07.323] [main/INFO] [epicfight/]: Data keys [wom:consumprion_value, wom:timer, wom:registered_health] for wom:voodoo_magic
[148月2026 10:34:07.323] [main/INFO] [epicfight/]: Data keys [wom:target_distance, wom:target_id] for wom:back_and_forth
[148月2026 10:34:07.324] [main/INFO] [epicfight/]: Data keys [wom:cooldown, wom:combo] for wom:shooting_style
[148月2026 10:34:07.324] [main/INFO] [epicfight/]: Data keys [wom:active, wom:timer] for wom:proximity_exploiter
[148月2026 10:34:07.325] [main/INFO] [epicfight/]: Data keys [wom:timer, wom:stack] for wom:all_eyes_on_you
[148月2026 10:34:07.325] [main/INFO] [epicfight/]: Data keys [wom:timer, wom:stack] for wom:all_eyes_on_me
[148月2026 10:34:07.325] [main/INFO] [epicfight/]: Data keys [wom:cooldown, wom:timer] for wom:avatar_of_might
[148月2026 10:34:07.325] [main/INFO] [epicfight/]: Data keys [wom:active, wom:attacks, wom:stack] for wom:agony_plunge
[148月2026 10:34:07.326] [main/INFO] [epicfight/]: Data keys [wom:timer_refresh, wom:active, wom:saved_charge, wom:movespeed, wom:charging_time, wom:holding_rmb, wom:timer, wom:charging, wom:charged, wom:charged_attack] for wom:torment_passive
[148月2026 10:34:07.326] [main/INFO] [epicfight/]: Data keys [wom:timer_refresh, wom:active, wom:timer] for wom:true_berserk
[148月2026 10:34:07.327] [main/INFO] [epicfight/]: Data keys [wom:stack] for wom:herrscher_passive
[148月2026 10:34:07.328] [main/INFO] [epicfight/]: Data keys [wom:timer_refresh, wom:buffed, wom:strenght, wom:timer, wom:expiation, wom:verso, wom:buffing, wom:redemptioon] for wom:plunder_perdition
[148月2026 10:34:07.328] [main/INFO] [epicfight/]: Data keys [wom:sheath] for wom:satsujin_passive
[148月2026 10:34:07.328] [main/INFO] [epicfight/]: Data keys [wom:timer_refresh, wom:active, wom:attacks, wom:saved_charge, wom:holding_stance, wom:timedslash, wom:holding_rmb, wom:timer, wom:charging, wom:frequency, wom:stack, wom:damage, wom:cooldown, wom:charge, wom:second_draw] for wom:sakura_state
[148月2026 10:34:07.330] [main/INFO] [epicfight/]: Data keys [wom:shoot, wom:using_item, wom:cooldown, wom:reload_cooldown, wom:zoom_cooldown, wom:nofalldamage, wom:holding_rmb, wom:zoom, wom:combo] for wom:ender_blast
[148月2026 10:34:07.330] [main/INFO] [epicfight/]: Data keys [wom:shoot, wom:using_item, wom:cooldown, wom:reload_cooldown, wom:zoom_cooldown, wom:nofalldamage, wom:holding_rmb, wom:side, wom:zoom, wom:combo] for wom:ender_fusion
[148月2026 10:34:07.330] [main/INFO] [epicfight/]: Data keys [wom:parrying, wom:cooldown, wom:holding_stance, wom:charging_time, wom:holding_rmb, wom:guard_point_result, wom:charged, wom:combo, wom:guard_point, wom:gesetz_sprengkopf] for wom:regierung
[148月2026 10:34:07.331] [main/INFO] [epicfight/]: Data keys [wom:timer_refresh, wom:lunar_eclipse_stack, wom:crescent, wom:timer, wom:echo] for wom:lunar_eclipse
[148月2026 10:34:07.331] [main/INFO] [epicfight/]: Data keys [wom:verso, wom:idle] for wom:lunar_echo_passive
[148月2026 10:34:07.331] [main/INFO] [epicfight/]: Data keys [wom:timer_refresh, wom:witheraftereffect, wom:darkness_target_reaped, wom:blackhole, wom:ascending, wom:shoot_cooldown, wom:darkness_target_hited, wom:darkness_target_vec, wom:zoom_cooldown, wom:darkness_target, wom:active, wom:blackhole_timer, wom:shoot, wom:blackhole_vec, wom:serius_focus, wom:holding_rmb, wom:darkness_portal_angle, wom:darkness_activate_portal, wom:timer, wom:darkness_portal_vec, wom:witherccatharsis, wom:darkness_portal_timer, wom:blackhole_active, wom:serius_focus_cooldown, wom:zoom] for wom:demonic_ascension
[148月2026 10:34:07.332] [main/INFO] [epicfight/]: Data keys [wom:basic_attack, wom:withercurse, wom:blink, wom:catharsis, wom:particle, wom:lapse, wom:idle] for wom:demon_mark_passive
[148月2026 10:34:07.332] [main/INFO] [epicfight/]: Data keys [wom:timer_refresh, wom:solar_infernio, wom:holding_rmb, wom:solar_obscuridad_ta_timer, wom:timer, wom:cycle, wom:charging, wom:particle, wom:heating_speed, wom:charge, wom:solar_obscuridad, wom:solar_crematorio, wom:heat_level, wom:stored_heat_level, wom:timed_attack] for wom:solar_arcano
[148月2026 10:34:07.333] [main/INFO] [epicfight/]: Data keys [wom:timer_refresh, wom:solar_infernio, wom:solar_obscuridad_ta_timer, wom:timer, wom:cycle, wom:charging, wom:particle, wom:heating_speed, wom:charge, wom:solar_obscuridad, wom:solar_crematorio, wom:heat_level, wom:stored_heat_level, wom:timed_attack] for wom:solar_passive
[148月2026 10:34:07.333] [main/INFO] [epicfight/]: Data keys [wom:serius_focus, wom:serius_focus_cooldown] for wom:rechargement
[148月2026 10:34:07.333] [main/INFO] [epicfight/]: Data keys [wom:active, wom:shell_number, wom:shell_delay, wom:charge, wom:bullet_loaded_old, wom:super_reload, wom:bullet_loaded, wom:shell_anim, wom:cycle, wom:charged, wom:bullet_overloaded] for wom:napoleon_passive
[148月2026 10:34:07.333] [main/INFO] [epicfight/]: Data keys [efn:scythe_sheath, efn:scythe_blood_power] for efn:scythe_skill
[148月2026 10:34:07.334] [main/INFO] [epicfight/]: Data keys [efn:press_innate, efn:thornwheel_loop, efn:thornwheel_loop_available] for efn:thornwheel
[148月2026 10:34:07.334] [main/INFO] [epicfight/]: Data keys [efn:murasama_forward_dodge, efn:jump_key_pressed_last_tick, efn:jump_count] for efn:murasama_dodge
[148月2026 10:34:07.334] [main/INFO] [epicfight/]: Data keys [efn:base_puncture_chance, efn:max_puncture_chance, efn:current_puncture_chance, efn:puncture_increment] for efn:parry_master
[148月2026 10:34:07.335] [main/INFO] [epicfight/]: Data keys [efn:buff_end_tick, efn:defense_start_tick, efn:buff_active] for efn:precise_parry
[148月2026 10:34:07.336] [main/INFO] [epicfight/]: Data keys [efn:cooldown, efn:cooldown_1, efn:cooldown_2] for efn:judgementcutend
[148月2026 10:34:07.336] [main/INFO] [epicfight/]: Data keys [efn:cooldown, efn:cooldown_1, efn:cooldown_2] for efn:stomp
[148月2026 10:34:07.336] [main/INFO] [epicfight/]: Data keys [efn:murasama_zansetsu_start_time, efn:murasama_key_left_down, efn:arts_key_pressed, efn:murasama_zansetsu_timer, efn:murasama_key_right_down, efn:murasama_zansetsu_attack_counter, efn:murasama_zandatsu_start_time, efn:murasama_zansetsu_sector, efn:murasama_last_triggered_sector, efn:murasama_zansetsu_slash_release, efn:murasama_zandatsu_available, efn:murasama_zansetsu_input_mode, efn:murasama_input_mode_switch_pressed, efn:murasama_pair_flag, efn:murasama_zansetsu_end_time, efn:arts_key, efn:murasama_zansetsu_active, efn:murasama_opposite_triggered, efn:murasama_left_mouse_pressed, efn:murasama_zandatsu_end_time] for efn:zansetsu
[148月2026 10:34:07.337] [main/INFO] [epicfight/]: Data keys [efn:cooldown, efn:cooldown_1, efn:cooldown_2] for efn:execution
[148月2026 10:34:07.337] [main/INFO] [epicfight/]: Data keys [efn:efn_last_active, efn:efn_last_parry_time, epicfight:penalty_restore_counter, epicfight:penalty, efn:efn_shake_penalty_count, efn:efn_parry_motion_counter, efn:efn_last_guard_start_tick, efn:efn_delay_protection_end, efn:efn_first_shake, efn:efn_last_successful_defense_tick, efn:efn_starting_parry, efn:efn_shake_detected] for efn:efn_parry
[148月2026 10:34:07.337] [main/INFO] [epicfight/]: Data keys [efn:efn_last_active, efn:efn_last_parry_time, epicfight:penalty_restore_counter, epicfight:penalty, efn:efn_shake_penalty_count, efn:efn_parry_motion_counter, efn:efn_last_guard_start_tick, efn:efn_delay_protection_end, efn:efn_first_shake, efn:efn_last_successful_defense_tick, efn:efn_starting_parry, efn:efn_shake_detected] for efn:murasama_parry
[148月2026 10:34:07.337] [main/INFO] [epicfight/]: Data keys [efn:cooldown, efn:arts_input_buffer, efn:cooldown_1, efn:arts_key_pressed, efn:sekiro_art_index, efn:cooldown_2, efn:arts_key] for efn:mortal_blade
[148月2026 10:34:07.339] [main/INFO] [epicfight/]: Data keys [efn:cooldown, efn:press_summon_sword, efn:key4_press_timer, efn:was_long_pressed, efn:jump_key, efn:key2_press_timer, efn:press_key3, efn:charge_power, efn:cooldown_1, efn:pressing_key3, efn:full_charge_message, efn:pressing_key2, efn:innate_press_timer, efn:doppelganger_delay, efn:doppelganger_tick, efn:force_release, efn:combo_counter, invincible:cooldown, efn:press_doppelganger, efn:sprint_key, efn:press_innate, invincible:right, efn:press_key1, invincible:left, efn:demon_key, efn:guard_key, efn:press_key2, efn:doppelganger_style, efn:arts_key_pressed, efn:is_charging, efn:pressing_key4, efn:up_key, efn:down_key, efn:charge_stage, invincible:up, efn:key1_press_timer, efn:press_key4, efn:have_doppelganger, efn:sneak_key, efn:energy_check, efn:charge_message, invincible:dodge_success_timer, efn:angel_key, invincible:down, efn:pressing_key1, invincible:parry_timer, efn:is_pressing, efn:key3_press_timer, efn:cooldown_2, efn:pressing_innate, efn:arts_key, efn:charge_ticks] for efn:yamato
[148月2026 10:34:07.339] [main/INFO] [epicfight/]: Data keys [efn:doppelganger_tick, efn:doppelganger_style, efn:parry_cooldown, efn:have_doppelganger, efn:doppelganger_delay, efn:stun_cooldown] for efn:yamato_passive
[148月2026 10:34:07.340] [main/INFO] [epicfight/]: Data keys [efn:cooldown, efn:is_replay_damage, efn:press_summon_sword, efn:key4_press_timer, efn:was_long_pressed, efn:jump_key, efn:key2_press_timer, efn:press_key3, efn:charge_power, efn:cooldown_1, efn:pressing_key3, efn:full_charge_message, efn:pressing_key2, efn:innate_press_timer, efn:force_release, efn:combo_counter, invincible:cooldown, efn:replay_enhanced, efn:sprint_key, efn:press_innate, invincible:right, efn:damage_history, efn:press_key1, invincible:left, efn:demon_key, efn:guard_key, efn:press_key2, efn:arts_key_pressed, efn:is_charging, efn:pressing_key4, efn:up_key, efn:down_key, efn:charge_stage, invincible:up, efn:key1_press_timer, efn:press_key4, efn:sneak_key, efn:energy_check, efn:charge_message, invincible:dodge_success_timer, efn:angel_key, invincible:down, efn:pressing_key1, invincible:parry_timer, efn:is_pressing, efn:key3_press_timer, efn:cooldown_2, efn:pressing_innate, efn:arts_key, efn:charge_ticks] for efn:shortsword
[148月2026 10:34:07.341] [main/INFO] [epicfight/]: Data keys [efn:cooldown, invincible:left, efn:demon_key, efn:press_summon_sword, efn:key4_press_timer, efn:was_long_pressed, efn:guard_key, efn:press_key2, efn:arts_key_pressed, efn:is_charging, efn:pressing_key4, efn:jump_key, efn:up_key, efn:key2_press_timer, efn:down_key, efn:press_key3, efn:charge_stage, invincible:up, efn:charge_power, efn:key1_press_timer, efn:cooldown_1, efn:press_key4, efn:pressing_key3, efn:full_charge_message, efn:pressing_key2, efn:innate_press_timer, efn:sneak_key, efn:energy_check, efn:force_release, efn:charge_message, efn:combo_counter, invincible:cooldown, invincible:dodge_success_timer, efn:angel_key, invincible:down, efn:pressing_key1, invincible:parry_timer, efn:is_pressing, efn:sprint_key, efn:press_innate, efn:key3_press_timer, efn:cooldown_2, efn:pressing_innate, efn:arts_key, efn:charge_ticks, invincible:right, efn:press_key1] for efn:ruinsgreatsword
[148月2026 10:34:07.341] [main/INFO] [epicfight/]: Data keys [efn:cooldown, invincible:left, efn:demon_key, efn:press_summon_sword, efn:key4_press_timer, efn:was_long_pressed, efn:guard_key, efn:press_key2, efn:arts_key_pressed, efn:is_charging, efn:pressing_key4, efn:jump_key, efn:up_key, efn:key2_press_timer, efn:down_key, efn:press_key3, efn:charge_stage, invincible:up, efn:charge_power, efn:key1_press_timer, efn:cooldown_1, efn:press_key4, efn:pressing_key3, efn:full_charge_message, efn:pressing_key2, efn:innate_press_timer, efn:sneak_key, efn:energy_check, efn:force_release, efn:charge_message, efn:combo_counter, invincible:cooldown, invincible:dodge_success_timer, efn:angel_key, invincible:down, efn:pressing_key1, invincible:parry_timer, efn:is_pressing, efn:sprint_key, efn:press_innate, efn:key3_press_timer, efn:cooldown_2, efn:pressing_innate, efn:arts_key, efn:charge_ticks, invincible:right, efn:press_key1] for efn:pioneer
[148月2026 10:34:07.342] [main/INFO] [epicfight/]: Data keys [efn:cooldown, efn:press_summon_sword, efn:key4_press_timer, efn:was_long_pressed, efn:murasama_zansetsu_timer, efn:murasama_zandatsu_start_time, efn:jump_key, efn:key2_press_timer, efn:press_key3, efn:murasama_pair_flag, efn:charge_power, efn:cooldown_1, efn:pressing_key3, efn:full_charge_message, efn:pressing_key2, efn:murasama_zansetsu_active, efn:murasama_opposite_triggered, efn:innate_press_timer, efn:murasama_zansetsu_start_time, efn:force_release, efn:murasama_key_right_down, efn:combo_counter, invincible:cooldown, efn:murasama_zansetsu_sector, efn:murasama_air_borne, efn:murasama_zansetsu_slash_release, efn:sprint_key, efn:press_innate, efn:murasama_sheath, efn:murasama_left_mouse_pressed, invincible:right, efn:press_key1, invincible:left, efn:sprint_sheath_timer, efn:demon_key, efn:guard_key, efn:press_key2, efn:murasama_key_left_down, efn:arts_key_pressed, efn:is_charging, efn:pressing_key4, efn:up_key, efn:down_key, efn:murasama_zandatsu_available, efn:murasama_sheath_timer, efn:charge_stage, invincible:up, efn:murasama_input_mode_switch_pressed, efn:key1_press_timer, efn:press_key4, efn:murasama_zandatsu_end_time, efn:sneak_key, efn:energy_check, efn:charge_message, efn:murasama_zansetsu_attack_counter, invincible:dodge_success_timer, efn:manual_unsheath, efn:murasama_last_triggered_sector, efn:angel_key, efn:murasama_zansetsu_input_mode, invincible:down, efn:pressing_key1, invincible:parry_timer, efn:murasama_zansetsu_end_time, efn:murasama_forward_dodge, efn:is_pressing, efn:key3_press_timer, efn:cooldown_2, efn:pressing_innate, efn:arts_key, efn:charge_ticks] for efn:murasama
[148月2026 10:34:07.342] [main/INFO] [epicfight/]: Data keys [efn:sprint_sheath_timer, efn:double_tap_timer, efn:murasama_key_left_down, efn:murasama_zansetsu_timer, efn:backward_pressed_last_tick, efn:murasama_zandatsu_start_time, efn:murasama_zandatsu_available, efn:murasama_sheath_timer, efn:murasama_input_mode_switch_pressed, efn:murasama_pair_flag, efn:forward_backward_end_tick, efn:forward_backward_window_active, efn:forward_backward_success, efn:murasama_zansetsu_active, efn:murasama_opposite_triggered, efn:murasama_zandatsu_end_time, efn:forward_pressed_last_tick, efn:forward_backward_timer, efn:murasama_zansetsu_start_time, efn:is_double_tap_sprint, efn:murasama_key_right_down, efn:murasama_zansetsu_attack_counter, efn:jump_count, efn:murasama_zansetsu_sector, efn:forward_backward_remaining_ticks, efn:manual_unsheath, efn:murasama_last_triggered_sector, efn:murasama_zansetsu_slash_release, efn:murasama_zansetsu_input_mode, efn:murasama_zansetsu_end_time, efn:was_double_tap_sprint, efn:murasama_forward_dodge, efn:up_key_pressed_last_tick, efn:jump_key_pressed_last_tick, efn:murasama_sheath, efn:murasama_left_mouse_pressed] for efn:murasama_passive
[148月2026 10:34:07.343] [main/INFO] [epicfight/]: Data keys [efn:cooldown, invincible:left, efn:demon_key, efn:press_summon_sword, efn:key4_press_timer, efn:was_long_pressed, efn:guard_key, efn:press_key2, efn:arts_key_pressed, efn:is_charging, efn:pressing_key4, efn:jump_key, efn:up_key, efn:key2_press_timer, efn:down_key, efn:press_key3, efn:charge_stage, invincible:up, efn:charge_power, efn:key1_press_timer, efn:cooldown_1, efn:press_key4, efn:pressing_key3, efn:full_charge_message, efn:pressing_key2, efn:innate_press_timer, efn:sneak_key, efn:energy_check, efn:force_release, efn:charge_message, efn:combo_counter, invincible:cooldown, invincible:dodge_success_timer, efn:angel_key, invincible:down, efn:pressing_key1, invincible:parry_timer, efn:is_pressing, efn:sprint_key, efn:press_innate, efn:key3_press_timer, efn:cooldown_2, efn:pressing_innate, efn:arts_key, efn:charge_ticks, invincible:right, efn:press_key1] for efn:meenlance
[148月2026 10:34:07.343] [main/INFO] [epicfight/]: Data keys [efn:cooldown, invincible:left, efn:demon_key, efn:press_summon_sword, efn:key4_press_timer, efn:was_long_pressed, efn:guard_key, efn:press_key2, efn:arts_key_pressed, efn:is_charging, efn:pressing_key4, efn:jump_key, efn:up_key, efn:key2_press_timer, efn:down_key, efn:press_key3, efn:charge_stage, invincible:up, efn:charge_power, efn:key1_press_timer, efn:cooldown_1, efn:press_key4, efn:pressing_key3, efn:full_charge_message, efn:pressing_key2, efn:innate_press_timer, efn:sneak_key, efn:energy_check, efn:force_release, efn:charge_message, efn:combo_counter, invincible:cooldown, invincible:dodge_success_timer, efn:angel_key, invincible:down, efn:pressing_key1, invincible:parry_timer, efn:is_pressing, efn:sprint_key, efn:press_innate, efn:key3_press_timer, efn:cooldown_2, efn:pressing_innate, efn:arts_key, efn:charge_ticks, invincible:right, efn:press_key1] for efn:kusabimaru
[148月2026 10:34:07.344] [main/INFO] [epicfight/]: Data keys [efn:cooldown, efn:press_summon_sword, efn:key4_press_timer, efn:was_long_pressed, efn:murasama_zansetsu_timer, efn:murasama_zandatsu_start_time, efn:jump_key, efn:key2_press_timer, efn:press_key3, efn:murasama_pair_flag, efn:charge_power, efn:cooldown_1, efn:pressing_key3, efn:full_charge_message, efn:pressing_key2, efn:murasama_zansetsu_active, efn:murasama_opposite_triggered, efn:innate_press_timer, efn:murasama_zansetsu_start_time, efn:force_release, efn:murasama_key_right_down, efn:combo_counter, invincible:cooldown, efn:murasama_zansetsu_sector, efn:murasama_air_borne, efn:murasama_zansetsu_slash_release, efn:sprint_key, efn:press_innate, efn:murasama_sheath, efn:murasama_left_mouse_pressed, invincible:right, efn:press_key1, invincible:left, efn:sprint_sheath_timer, efn:demon_key, efn:guard_key, efn:press_key2, efn:murasama_key_left_down, efn:arts_key_pressed, efn:is_charging, efn:pressing_key4, efn:up_key, efn:down_key, efn:murasama_zandatsu_available, efn:murasama_sheath_timer, efn:charge_stage, invincible:up, efn:murasama_input_mode_switch_pressed, efn:key1_press_timer, efn:press_key4, efn:murasama_zandatsu_end_time, efn:sneak_key, efn:energy_check, efn:charge_message, efn:murasama_zansetsu_attack_counter, invincible:dodge_success_timer, efn:manual_unsheath, efn:murasama_last_triggered_sector, efn:angel_key, efn:murasama_zansetsu_input_mode, invincible:down, efn:pressing_key1, invincible:parry_timer, efn:murasama_zansetsu_end_time, efn:murasama_forward_dodge, efn:is_pressing, efn:key3_press_timer, efn:cooldown_2, efn:pressing_innate, efn:arts_key, efn:charge_ticks] for efn:hf_blade
[148月2026 10:34:07.345] [main/INFO] [epicfight/]: Data keys [efn:sprint_sheath_timer, efn:double_tap_timer, efn:murasama_key_left_down, efn:murasama_zansetsu_timer, efn:backward_pressed_last_tick, efn:murasama_zandatsu_start_time, efn:murasama_zandatsu_available, efn:murasama_sheath_timer, efn:murasama_input_mode_switch_pressed, efn:murasama_pair_flag, efn:forward_backward_end_tick, efn:forward_backward_window_active, efn:forward_backward_success, efn:murasama_zansetsu_active, efn:murasama_opposite_triggered, efn:murasama_zandatsu_end_time, efn:forward_pressed_last_tick, efn:forward_backward_timer, efn:murasama_zansetsu_start_time, efn:is_double_tap_sprint, efn:murasama_key_right_down, efn:murasama_zansetsu_attack_counter, efn:jump_count, efn:murasama_zansetsu_sector, efn:forward_backward_remaining_ticks, efn:manual_unsheath, efn:murasama_last_triggered_sector, efn:murasama_zansetsu_slash_release, efn:murasama_zansetsu_input_mode, efn:murasama_zansetsu_end_time, efn:was_double_tap_sprint, efn:murasama_forward_dodge, efn:up_key_pressed_last_tick, efn:jump_key_pressed_last_tick, efn:murasama_sheath, efn:murasama_left_mouse_pressed] for efn:hf_blade_passive
[148月2026 10:34:07.345] [main/INFO] [epicfight/]: Data keys [efn:cooldown, invincible:left, efn:demon_key, efn:press_summon_sword, efn:key4_press_timer, efn:was_long_pressed, efn:guard_key, efn:press_key2, efn:arts_key_pressed, efn:is_charging, efn:pressing_key4, efn:jump_key, efn:up_key, efn:key2_press_timer, efn:down_key, efn:press_key3, efn:charge_stage, invincible:up, efn:charge_power, efn:key1_press_timer, efn:cooldown_1, efn:press_key4, efn:pressing_key3, efn:full_charge_message, efn:pressing_key2, efn:innate_press_timer, efn:sneak_key, efn:energy_check, efn:force_release, efn:charge_message, efn:combo_counter, invincible:cooldown, invincible:dodge_success_timer, efn:angel_key, invincible:down, efn:pressing_key1, invincible:parry_timer, efn:is_pressing, efn:sprint_key, efn:press_innate, efn:key3_press_timer, efn:cooldown_2, efn:pressing_innate, efn:arts_key, efn:charge_ticks, invincible:right, efn:press_key1] for efn:exsiliumgladius
[148月2026 10:34:07.346] [main/INFO] [epicfight/]: Data keys [invincible:left, invincible:up, invincible:down, invincible:parry_timer, invincible:cooldown, invincible:dodge_success_timer, invincible:right] for efn:examplecombo
[148月2026 10:34:07.347] [main/INFO] [epicfight/]: Data keys [efn:cooldown, invincible:left, efn:demon_key, efn:press_summon_sword, efn:key4_press_timer, efn:was_long_pressed, efn:guard_key, efn:press_key2, efn:arts_key_pressed, efn:is_charging, efn:pressing_key4, efn:jump_key, efn:up_key, efn:key2_press_timer, efn:down_key, efn:press_key3, efn:charge_stage, invincible:up, efn:charge_power, efn:key1_press_timer, efn:cooldown_1, efn:press_key4, efn:pressing_key3, efn:full_charge_message, efn:pressing_key2, efn:innate_press_timer, efn:sneak_key, efn:energy_check, efn:force_release, efn:charge_message, efn:combo_counter, invincible:cooldown, invincible:dodge_success_timer, efn:angel_key, invincible:down, efn:pressing_key1, invincible:parry_timer, efn:is_pressing, efn:sprint_key, efn:press_innate, efn:key3_press_timer, efn:cooldown_2, efn:pressing_innate, efn:arts_key, efn:charge_ticks, invincible:right, efn:press_key1] for efn:crescentmoon
[148月2026 10:34:07.347] [main/INFO] [epicfight/]: Data keys [efn:cooldown, invincible:left, efn:demon_key, efn:press_summon_sword, efn:key4_press_timer, efn:was_long_pressed, efn:guard_key, efn:press_key2, efn:arts_key_pressed, efn:is_charging, efn:pressing_key4, efn:jump_key, efn:up_key, efn:key2_press_timer, efn:down_key, efn:press_key3, efn:charge_stage, invincible:up, efn:charge_power, efn:key1_press_timer, efn:cooldown_1, efn:press_key4, efn:pressing_key3, efn:full_charge_message, efn:pressing_key2, efn:innate_press_timer, efn:sneak_key, efn:energy_check, efn:force_release, efn:charge_message, efn:combo_counter, invincible:cooldown, invincible:dodge_success_timer, efn:angel_key, invincible:down, efn:pressing_key1, invincible:parry_timer, efn:is_pressing, efn:sprint_key, efn:press_innate, efn:key3_press_timer, efn:cooldown_2, efn:pressing_innate, efn:arts_key, efn:charge_ticks, invincible:right, efn:press_key1] for efn:broadblade
[148月2026 10:34:07.347] [main/INFO] [epicfight/]: Data keys [efn:cooldown, invincible:left, efn:demon_key, efn:press_summon_sword, efn:key4_press_timer, efn:was_long_pressed, efn:guard_key, efn:press_key2, efn:arts_key_pressed, efn:is_charging, efn:pressing_key4, efn:jump_key, efn:up_key, efn:key2_press_timer, efn:down_key, efn:press_key3, efn:charge_stage, invincible:up, efn:charge_power, efn:key1_press_timer, efn:cooldown_1, efn:press_key4, efn:pressing_key3, efn:full_charge_message, efn:pressing_key2, efn:innate_press_timer, efn:sneak_key, efn:energy_check, efn:force_release, efn:charge_message, efn:combo_counter, invincible:cooldown, invincible:dodge_success_timer, efn:angel_key, invincible:down, efn:pressing_key1, invincible:parry_timer, efn:is_pressing, efn:sprint_key, efn:press_innate, efn:key3_press_timer, efn:cooldown_2, efn:pressing_innate, efn:arts_key, efn:charge_ticks, invincible:right, efn:press_key1] for efn:bloodlust
[148月2026 10:34:07.348] [main/INFO] [epicfight/]: Data keys [efn:cooldown, invincible:left, efn:demon_key, efn:press_summon_sword, efn:key4_press_timer, efn:was_long_pressed, efn:guard_key, efn:press_key2, efn:arts_key_pressed, efn:is_charging, efn:pressing_key4, efn:jump_key, efn:up_key, efn:key2_press_timer, efn:down_key, efn:press_key3, efn:charge_stage, invincible:up, efn:charge_power, efn:key1_press_timer, efn:cooldown_1, efn:press_key4, efn:pressing_key3, efn:full_charge_message, efn:pressing_key2, efn:innate_press_timer, efn:sneak_key, efn:energy_check, efn:force_release, efn:charge_message, efn:combo_counter, invincible:cooldown, invincible:dodge_success_timer, efn:angel_key, invincible:down, efn:pressing_key1, invincible:parry_timer, efn:is_pressing, efn:sprint_key, efn:press_innate, efn:key3_press_timer, efn:cooldown_2, efn:pressing_innate, efn:arts_key, efn:charge_ticks, invincible:right, efn:press_key1] for efn:beastclaw
[148月2026 10:34:07.348] [main/INFO] [epicfight/]: Data keys [efn:cooldown, invincible:left, efn:demon_key, efn:press_summon_sword, efn:key4_press_timer, efn:was_long_pressed, efn:guard_key, efn:press_key2, efn:arts_key_pressed, efn:is_charging, efn:pressing_key4, efn:jump_key, efn:up_key, efn:key2_press_timer, efn:down_key, efn:press_key3, efn:charge_stage, invincible:up, efn:charge_power, efn:key1_press_timer, efn:cooldown_1, efn:press_key4, efn:pressing_key3, efn:full_charge_message, efn:pressing_key2, efn:innate_press_timer, efn:sneak_key, efn:energy_check, efn:force_release, efn:charge_message, efn:combo_counter, invincible:cooldown, invincible:dodge_success_timer, efn:angel_key, invincible:down, efn:pressing_key1, invincible:parry_timer, efn:is_pressing, efn:sprint_key, efn:press_innate, efn:key3_press_timer, efn:cooldown_2, efn:pressing_innate, efn:arts_key, efn:charge_ticks, invincible:right, efn:press_key1] for efn:aetherialdusk
[148月2026 10:34:07.348] [main/INFO] [epicfight/]: Data keys [annoyingvillagers:is_trident_ranged_mode, annoyingvillagers:trident_amount] for annoyingvillagers:trident_festival
[148月2026 10:34:07.450] [main/WARN] [net.minecraft.server.packs.VanillaPackResourcesBuilder/]: Assets URL 'union:/E:/program/JAVA/touhou%20little%20maid%20-%20unknow%20sky%20area/prod_server/libraries/net/minecraft/server/1.20.1-20230612.114412/server-1.20.1-20230612.114412-srg.jar%23131!/assets/.mcassetsroot' uses unexpected schema
[148月2026 10:34:07.451] [main/WARN] [net.minecraft.server.packs.VanillaPackResourcesBuilder/]: Assets URL 'union:/E:/program/JAVA/touhou%20little%20maid%20-%20unknow%20sky%20area/prod_server/libraries/net/minecraft/server/1.20.1-20230612.114412/server-1.20.1-20230612.114412-srg.jar%23131!/data/.mcassetsroot' uses unexpected schema
[148月2026 10:34:09.707] [Worker-Main-8/ERROR] [simplebedrockmodel/]: Not found model file: ywzj_vehicle:models/bedrock/entity/grenade_40mm.json
[148月2026 10:34:09.712] [Worker-Main-8/ERROR] [simplebedrockmodel/]: Not found model file: ywzj_vehicle:models/bedrock/entity/aerial_bomb.json
[148月2026 10:34:09.713] [Worker-Main-8/ERROR] [simplebedrockmodel/]: Not found model file: ywzj_vehicle:models/bedrock/block/machine_max_block.json
[148月2026 10:34:09.715] [Worker-Main-8/ERROR] [simplebedrockmodel/]: Not found model file: ywzj_vehicle:models/bedrock/entity/missile_akd10.json
[148月2026 10:34:09.716] [Worker-Main-8/ERROR] [simplebedrockmodel/]: Not found model file: ywzj_vehicle:models/bedrock/entity/basic_bullet.json
[148月2026 10:34:09.718] [Worker-Main-8/ERROR] [simplebedrockmodel/]: Not found model file: ywzj_vehicle:models/bedrock/entity/rocket_57mm.json
[148月2026 10:34:11.477] [Worker-Main-5/ERROR] [net.minecraftforge.common.ForgeHooks/]: Couldn't parse element loot_tables:touhou_little_maid:grant_book_on_first_join
com.google.gson.JsonSyntaxException: Expected name to be an item, was unknown string 'patchouli:guide_book'
	at net.minecraft.util.GsonHelper.m_13866_(GsonHelper.java:145) ~[server-1.20.1-20230612.114412-srg.jar%23131!/:?]
	at java.util.Optional.orElseThrow(Optional.java:403) ~[?:?]
	at net.minecraft.util.GsonHelper.m_13874_(GsonHelper.java:145) ~[server-1.20.1-20230612.114412-srg.jar%23131!/:?]
	at net.minecraft.util.GsonHelper.m_13909_(GsonHelper.java:153) ~[server-1.20.1-20230612.114412-srg.jar%23131!/:?]
	at net.minecraft.world.level.storage.loot.entries.LootItem$Serializer.m_7267_(LootItem.java:55) ~[server-1.20.1-20230612.114412-srg.jar%23131!/:?]
	at net.minecraft.world.level.storage.loot.entries.LootItem$Serializer.m_7267_(LootItem.java:40) ~[server-1.20.1-20230612.114412-srg.jar%23131!/:?]
	at net.minecraft.world.level.storage.loot.entries.LootPoolSingletonContainer$Serializer.m_5921_(LootPoolSingletonContainer.java:151) ~[server-1.20.1-20230612.114412-srg.jar%23131!/:?]
	at net.minecraft.world.level.storage.loot.entries.LootPoolSingletonContainer$Serializer.m_5921_(LootPoolSingletonContainer.java:129) ~[server-1.20.1-20230612.114412-srg.jar%23131!/:?]
	at net.minecraft.world.level.storage.loot.entries.LootPoolEntryContainer$Serializer.m_7561_(LootPoolEntryContainer.java:86) ~[server-1.20.1-20230612.114412-srg.jar%23131!/:?]
	at net.minecraft.world.level.storage.loot.entries.LootPoolEntryContainer$Serializer.m_7561_(LootPoolEntryContainer.java:74) ~[server-1.20.1-20230612.114412-srg.jar%23131!/:?]
	at net.minecraft.world.level.storage.loot.GsonAdapterFactory$JsonAdapter.deserialize(GsonAdapterFactory.java:102) ~[server-1.20.1-20230612.114412-srg.jar%23131!/:?]
	at com.google.gson.internal.bind.TreeTypeAdapter.read(TreeTypeAdapter.java:76) ~[gson-2.10.jar%2372!/:?]
	at com.google.gson.internal.bind.TypeAdapterRuntimeTypeWrapper.read(TypeAdapterRuntimeTypeWrapper.java:40) ~[gson-2.10.jar%2372!/:?]
	at com.google.gson.internal.bind.ArrayTypeAdapter.read(ArrayTypeAdapter.java:72) ~[gson-2.10.jar%2372!/:?]
	at com.google.gson.Gson.fromJson(Gson.java:1214) ~[gson-2.10.jar%2372!/:?]
	at com.google.gson.Gson.fromJson(Gson.java:1319) ~[gson-2.10.jar%2372!/:?]
	at com.google.gson.Gson.fromJson(Gson.java:1290) ~[gson-2.10.jar%2372!/:?]
	at com.google.gson.internal.bind.TreeTypeAdapter$GsonContextImpl.deserialize(TreeTypeAdapter.java:179) ~[gson-2.10.jar%2372!/:?]
	at net.minecraft.util.GsonHelper.m_13808_(GsonHelper.java:463) ~[server-1.20.1-20230612.114412-srg.jar%23131!/:?]
	at net.minecraft.util.GsonHelper.m_13836_(GsonHelper.java:471) ~[server-1.20.1-20230612.114412-srg.jar%23131!/:?]
	at net.minecraft.world.level.storage.loot.LootPool$Serializer.deserialize(LootPool.java:192) ~[server-1.20.1-20230612.114412-srg.jar%23131!/:?]
	at net.minecraft.world.level.storage.loot.LootPool$Serializer.deserialize(LootPool.java:189) ~[server-1.20.1-20230612.114412-srg.jar%23131!/:?]
	at com.google.gson.internal.bind.TreeTypeAdapter.read(TreeTypeAdapter.java:76) ~[gson-2.10.jar%2372!/:?]
	at com.google.gson.internal.bind.TypeAdapterRuntimeTypeWrapper.read(TypeAdapterRuntimeTypeWrapper.java:40) ~[gson-2.10.jar%2372!/:?]
	at com.google.gson.internal.bind.ArrayTypeAdapter.read(ArrayTypeAdapter.java:72) ~[gson-2.10.jar%2372!/:?]
	at com.google.gson.Gson.fromJson(Gson.java:1214) ~[gson-2.10.jar%2372!/:?]
	at com.google.gson.Gson.fromJson(Gson.java:1319) ~[gson-2.10.jar%2372!/:?]
	at com.google.gson.Gson.fromJson(Gson.java:1290) ~[gson-2.10.jar%2372!/:?]
	at com.google.gson.internal.bind.TreeTypeAdapter$GsonContextImpl.deserialize(TreeTypeAdapter.java:179) ~[gson-2.10.jar%2372!/:?]
	at net.minecraft.util.GsonHelper.m_13808_(GsonHelper.java:463) ~[server-1.20.1-20230612.114412-srg.jar%23131!/:?]
	at net.minecraft.util.GsonHelper.m_13845_(GsonHelper.java:481) ~[server-1.20.1-20230612.114412-srg.jar%23131!/:?]
	at net.minecraft.world.level.storage.loot.LootTable$Serializer.deserialize(LootTable.java:294) ~[server-1.20.1-20230612.114412-srg.jar%23131!/:?]
	at net.minecraft.world.level.storage.loot.LootTable$Serializer.deserialize(LootTable.java:291) ~[server-1.20.1-20230612.114412-srg.jar%23131!/:?]
	at com.google.gson.internal.bind.TreeTypeAdapter.read(TreeTypeAdapter.java:76) ~[gson-2.10.jar%2372!/:?]
	at com.google.gson.Gson.fromJson(Gson.java:1214) ~[gson-2.10.jar%2372!/:?]
	at com.google.gson.Gson.fromJson(Gson.java:1319) ~[gson-2.10.jar%2372!/:?]
	at com.google.gson.Gson.fromJson(Gson.java:1261) ~[gson-2.10.jar%2372!/:?]
	at net.minecraftforge.common.ForgeHooks.loadLootTable(ForgeHooks.java:872) ~[forge-1.20.1-47.4.13-universal.jar%23136!/:?]
	at net.minecraftforge.common.ForgeHooks.lambda$getLootTableDeserializer$3(ForgeHooks.java:849) ~[forge-1.20.1-47.4.13-universal.jar%23136!/:?]
	at net.minecraft.world.level.storage.loot.LootDataType.deserialize(LootDataType.java:45) ~[server-1.20.1-20230612.114412-srg.jar%23131!/:?]
	at net.minecraft.world.level.storage.loot.LootDataManager.lambda$scheduleElementParse$4(LootDataManager.java:56) ~[server-1.20.1-20230612.114412-srg.jar%23131!/:?]
	at java.util.HashMap.forEach(HashMap.java:1421) ~[?:?]
	at net.minecraft.world.level.storage.loot.LootDataManager.m_278660_(LootDataManager.java:55) ~[server-1.20.1-20230612.114412-srg.jar%23131!/:?]
	at java.util.concurrent.CompletableFuture$AsyncRun.run(CompletableFuture.java:1804) ~[?:?]
	at java.util.concurrent.CompletableFuture$AsyncRun.exec(CompletableFuture.java:1796) ~[?:?]
	at java.util.concurrent.ForkJoinTask.doExec(ForkJoinTask.java:373) ~[?:?]
	at java.util.concurrent.ForkJoinPool$WorkQueue.topLevelExec(ForkJoinPool.java:1182) ~[?:?]
	at java.util.concurrent.ForkJoinPool.scan(ForkJoinPool.java:1655) ~[?:?]
	at java.util.concurrent.ForkJoinPool.runWorker(ForkJoinPool.java:1622) ~[?:?]
	at java.util.concurrent.ForkJoinWorkerThread.run(ForkJoinWorkerThread.java:165) ~[?:?]
[148月2026 10:34:11.766] [main/INFO] [net.minecraft.world.item.crafting.RecipeManager/]: Skipping loading recipe touhou_little_maid:memorizable_gensokyo as it's serializer returned null
[148月2026 10:34:11.827] [main/INFO] [net.minecraft.world.item.crafting.RecipeManager/]: Loaded 9 recipes
[148月2026 10:34:11.985] [main/INFO] [net.minecraft.advancements.AdvancementList/]: Loaded 1353 advancements
[148月2026 10:34:36.197] [main/WARN] [epicfight/]: Skill efn:example doesn't exist in the registry.
[148月2026 10:34:36.263] [main/WARN] [epicfight/]: Item Capability Exception: No item named annoyingvillagers:air
[148月2026 10:34:36.319] [main/WARN] [epicfight/]: Can't find a particle type epicfight:entity.hit.blunt in invincible:custom_combo_demo
[148月2026 10:34:36.333] [main/WARN] [epicfight/]: Item Capability Exception: No item named efn:scythe
[148月2026 10:34:36.349] [main/WARN] [epicfight/]: Item Capability Exception: No item named annoyingvillagers:diamond_durandal
[148月2026 10:34:37.527] [Server thread/INFO] [net.minecraft.server.dedicated.DedicatedServer/]: Starting minecraft server version 1.20.1
[148月2026 10:34:37.528] [Server thread/INFO] [net.minecraft.server.dedicated.DedicatedServer/]: Loading properties
[148月2026 10:34:37.528] [Server thread/INFO] [net.minecraft.server.dedicated.DedicatedServer/]: Default game type: SURVIVAL
[148月2026 10:34:37.528] [Server thread/INFO] [net.minecraft.server.MinecraftServer/]: Generating keypair
[148月2026 10:34:37.639] [Server thread/INFO] [net.minecraft.server.dedicated.DedicatedServer/]: Starting Minecraft server on *:25565
[148月2026 10:34:37.670] [Server thread/INFO] [net.minecraft.server.network.ServerConnectionListener/]: Using default channel type
[148月2026 10:34:38.359] [Server thread/INFO] [net.minecraft.server.dedicated.DedicatedServer/]: Preparing level "maid_pilot_world"
[148月2026 10:34:38.923] [Server thread/INFO] [net.minecraft.server.MinecraftServer/]: Preparing start region for dimension minecraft:overworld
[148月2026 10:34:41.689] [Worker-Main-3/INFO] [net.minecraft.server.level.progress.LoggerChunkProgressListener/]: Preparing spawn area: 0%
[148月2026 10:34:41.690] [Worker-Main-7/INFO] [net.minecraft.server.level.progress.LoggerChunkProgressListener/]: Preparing spawn area: 0%
[148月2026 10:34:41.691] [Worker-Main-3/INFO] [net.minecraft.server.level.progress.LoggerChunkProgressListener/]: Preparing spawn area: 0%
[148月2026 10:34:41.691] [Worker-Main-7/INFO] [net.minecraft.server.level.progress.LoggerChunkProgressListener/]: Preparing spawn area: 0%
[148月2026 10:34:41.693] [Worker-Main-7/INFO] [net.minecraft.server.level.progress.LoggerChunkProgressListener/]: Preparing spawn area: 0%
[148月2026 10:34:41.696] [Worker-Main-3/INFO] [net.minecraft.server.level.progress.LoggerChunkProgressListener/]: Preparing spawn area: 0%
[148月2026 10:34:41.923] [Worker-Main-8/INFO] [net.minecraft.server.level.progress.LoggerChunkProgressListener/]: Preparing spawn area: 0%
[148月2026 10:34:42.114] [Server thread/INFO] [eftlm_stylish/]: [DIAG] WOM behaviors registered: 19 items, 2 style-mapped items
[148月2026 10:34:42.146] [Server thread/INFO] [eftlm_stylish/]: [DIAG] EFN behaviors registered: 51 items
[148月2026 10:34:42.147] [Server thread/INFO] [eftlm_stylish/]: [DIAG] CombatBehaviorsEvent registered: 8 weapon categories + WOM behaviors (wom=true)
[148月2026 10:34:42.424] [Worker-Main-11/INFO] [net.minecraft.server.level.progress.LoggerChunkProgressListener/]: Preparing spawn area: 4%
[148月2026 10:34:42.486] [Server thread/INFO] [eftlm_stylish/]: [DIAG] WOM behaviors registered: 19 items, 2 style-mapped items
[148月2026 10:34:42.487] [Server thread/INFO] [eftlm_stylish/]: [DIAG] EFN behaviors registered: 51 items
[148月2026 10:34:42.488] [Server thread/INFO] [eftlm_stylish/]: [DIAG] CombatBehaviorsEvent registered: 8 weapon categories + WOM behaviors (wom=true)
[148月2026 10:34:42.924] [Worker-Main-13/INFO] [net.minecraft.server.level.progress.LoggerChunkProgressListener/]: Preparing spawn area: 88%
[148月2026 10:34:43.003] [Server thread/INFO] [net.minecraft.server.level.progress.LoggerChunkProgressListener/]: Time elapsed: 4081 ms
[148月2026 10:34:43.005] [Server thread/INFO] [net.minecraft.server.dedicated.DedicatedServer/]: Done (4.748s)! For help, type "help"
[148月2026 10:34:43.005] [Server thread/INFO] [net.minecraft.server.dedicated.DedicatedServer/]: Starting remote control listener
[148月2026 10:34:43.011] [Server thread/INFO] [net.minecraft.server.rcon.thread.GenericThread/]: Thread RCON Listener started
[148月2026 10:34:43.011] [Server thread/INFO] [net.minecraft.server.rcon.thread.RconThread/]: RCON running on 0.0.0.0:25575
[148月2026 10:34:43.045] [Server thread/INFO] [net.minecraftforge.server.permission.PermissionAPI/]: Successfully initialized permission handler forge:default_handler
[148月2026 10:34:43.049] [Server thread/INFO] [eftlm_stylish/]: [SKILL] test mode OFF
[148月2026 10:34:43.052] [Server thread/INFO] [eftlm_stylish/]: [Arena] cleared 0 leftover maids, 0 leftover mobs
[148月2026 10:34:43.057] [Server thread/INFO] [eftlm_stylish/]: [Arena] platform built: 21x21 stone at y=-60, world border 21x21 (3ms)
[148月2026 10:34:43.058] [Server thread/INFO] [eftlm_stylish/]: [Arena] enabled: center=(8,-59,8) entities=annoyingvillagers:herobrine_warden,annoyingvillagers:armored_herobrine,annoyingvillagers:glaive_herobrine,annoyingvillagers:herobrine_7,annoyingvillagers:swordsman_herobrine,annoyingvillagers:sledgehammer_herobrine,annoyingvillagers:null count=1 interval=400
[148月2026 10:34:43.135] [Server thread/INFO] [eftlm_stylish/]: [DIAG] Maid join world: name=model.touhou_little_maid.hakurei_reimu.name patch=MaidPatch
[148月2026 10:34:43.145] [Server thread/INFO] [eftlm_stylish/]: [DIAG] Maid join world: name=model.touhou_little_maid.hakurei_reimu.name patch=MaidPatch
[148月2026 10:34:43.177] [Server thread/INFO] [eftlm_stylish/]: [RL] config loaded: enable_all_maids=true epsilon=0.08 arbitration=hybrid model_file=rl_model.bin
[148月2026 10:34:43.182] [Server thread/INFO] [eftlm_stylish/]: [RL] model loaded: sizes=[18, 64, 64, 27] dims=18->27
[148月2026 10:34:43.574] [Server thread/INFO] [eftlm_stylish/]: [RL] action executor registered: generic (fixed=true)
[148月2026 10:34:43.576] [Server thread/INFO] [eftlm_stylish/]: [RL] action executor registered: efn_skill (fixed=false)
[148月2026 10:34:43.587] [Server thread/INFO] [eftlm_stylish/]: [SKILLS] catalog loaded: 32 weapons, 313 skills (source=jar:/eftlm_stylish/skills.json)
[148月2026 10:34:44.063] [Server thread/INFO] [maid_weapon_refill/]: [WeaponRefill] boss annoyingvillagers:low_shadow_herobrine_clone killed by arena maid model.touhou_little_maid.hakurei_reimu.name, reset durability on 7 item(s)
[148月2026 10:34:44.064] [Server thread/INFO] [eftlm_stylish/]: [SKILL] DEATH: annoyingvillagers:low_shadow_herobrine_clone killed by source=entity.touhou_little_maid.maid msg=mob
[148月2026 10:34:44.066] [Server thread/INFO] [eftlm_stylish/]: [SKILL] KILL detected: entity.annoyingvillagers.low_shadow_herobrine_clone by entity.touhou_little_maid.maid source=entity.touhou_little_maid.maid
[148月2026 10:34:44.464] [Server thread/INFO] [eftlm_stylish/]: [DIAG] WOM behaviors registered: 19 items, 2 style-mapped items
[148月2026 10:34:44.465] [Server thread/INFO] [eftlm_stylish/]: [DIAG] EFN behaviors registered: 51 items
[148月2026 10:34:44.466] [Server thread/INFO] [eftlm_stylish/]: [DIAG] CombatBehaviorsEvent registered: 8 weapon categories + WOM behaviors (wom=true)
[148月2026 10:34:44.469] [Server thread/INFO] [eftlm_stylish/]: [DIAG] Maid join world: name=model.touhou_little_maid.hakurei_reimu.name patch=MaidPatch
[148月2026 10:34:44.474] [Server thread/INFO] [eftlm_stylish/]: [Arena] maid spawned at BlockPos{x=8, y=-59, z=8} id=37 main=efn:yamato_dmc4 melee=efn:kusabimaru/efn:meen_spear task=ef_tlm:fight_mode_task patch=OK
[148月2026 10:34:44.511] [Server thread/INFO] [eftlm_stylish/]: [Arena] spawned target: annoyingvillagers:herobrine_warden at BlockPos{x=3, y=-59, z=10}
[148月2026 10:34:44.512] [Server thread/INFO] [eftlm_stylish/]: [Arena] targets refilled: 0 alive -> 1 spawned
[148月2026 10:34:44.524] [Server thread/INFO] [maid_weapon_refill/]: [WeaponRefill] boss annoyingvillagers:infected_player_npc killed by arena maid model.touhou_little_maid.hakurei_reimu.name, reset durability on 1 item(s)
[148月2026 10:34:44.525] [Server thread/INFO] [eftlm_stylish/]: [SKILL] DEATH: annoyingvillagers:infected_player_npc killed by source=entity.touhou_little_maid.maid msg=mob
[148月2026 10:34:44.526] [Server thread/INFO] [eftlm_stylish/]: [SKILL] KILL detected: entity.annoyingvillagers.infected_player_npc by entity.touhou_little_maid.maid source=entity.touhou_little_maid.maid
[148月2026 10:34:44.532] [Server thread/INFO] [net.minecraft.world.entity.LivingEntity/]: Named entity InfectedPlayerNpcEntity['direwolf20'/34, l='ServerLevel[maid_pilot_world]', x=4.37, y=-59.00, z=15.33] died: direwolf20 was slain by model.touhou_little_maid.hakurei_reimu.name
[148月2026 10:34:45.269] [Server thread/INFO] [eftlm_stylish/]: [DIAG] maid=model.touhou_little_maid.hakurei_reimu.name pos=BlockPos{x=12, y=-59, z=0} patch=MaidPatch isFightMode=true task=ef_tlm:fight_mode_task learnedSkills=[eftlm_stylish:stylish_combat, ]
[148月2026 10:34:46.713] [Server thread/INFO] [eftlm_stylish/]: [DIAG] maid=model.touhou_little_maid.hakurei_reimu.name pos=BlockPos{x=8, y=-59, z=8} patch=MaidPatch isFightMode=true task=ef_tlm:fight_mode_task learnedSkills=[eftlm_stylish:stylish_combat, ]
[148月2026 10:34:48.412] [Server thread/INFO] [eftlm_stylish/]: [DIAG] maid=model.touhou_little_maid.hakurei_reimu.name pos=BlockPos{x=4, y=-57, z=12} patch=MaidPatch isFightMode=true task=ef_tlm:fight_mode_task learnedSkills=[eftlm_stylish:stylish_combat, ]
[148月2026 10:34:48.966] [Server thread/INFO] [maid_weapon_refill/]: [WeaponRefill] boss annoyingvillagers:low_shadow_herobrine_clone killed by arena maid model.touhou_little_maid.hakurei_reimu.name, reset durability on 0 item(s)
[148月2026 10:34:48.967] [Server thread/INFO] [eftlm_stylish/]: [SKILL] DEATH: annoyingvillagers:low_shadow_herobrine_clone killed by source=entity.touhou_little_maid.maid msg=mob
[148月2026 10:34:48.967] [Server thread/INFO] [eftlm_stylish/]: [SKILL] KILL detected: entity.annoyingvillagers.low_shadow_herobrine_clone by entity.touhou_little_maid.maid source=entity.touhou_little_maid.maid
[148月2026 10:34:49.014] [Server thread/INFO] [eftlm_stylish/]: [RL] heartbeat: tick=100 action=9 buffer=20 stack=3 skills=2
[148月2026 10:34:49.017] [Server thread/INFO] [maid_weapon_refill/]: [WeaponRefill] boss annoyingvillagers:infected_player_npc killed by arena maid model.touhou_little_maid.hakurei_reimu.name, reset durability on 1 item(s)
[148月2026 10:34:49.017] [Server thread/INFO] [eftlm_stylish/]: [SKILL] DEATH: annoyingvillagers:infected_player_npc killed by source=entity.touhou_little_maid.maid msg=mob
[148月2026 10:34:49.019] [Server thread/INFO] [eftlm_stylish/]: [SKILL] KILL detected: entity.annoyingvillagers.infected_player_npc by entity.touhou_little_maid.maid source=entity.touhou_little_maid.maid
[148月2026 10:34:49.020] [Server thread/INFO] [net.minecraft.world.entity.LivingEntity/]: Named entity InfectedPlayerNpcEntity['Gory_Moon'/55, l='ServerLevel[maid_pilot_world]', x=3.89, y=-59.00, z=10.31] died: Gory_Moon was slain by model.touhou_little_maid.hakurei_reimu.name
[148月2026 10:34:50.122] [Server thread/INFO] [eftlm_stylish/]: [Arena] spawned target: annoyingvillagers:armored_herobrine at BlockPos{x=8, y=-59, z=11}
[148月2026 10:34:50.122] [Server thread/INFO] [eftlm_stylish/]: [Arena] targets refilled: 0 alive -> 1 spawned
[148月2026 10:34:50.126] [Server thread/INFO] [eftlm_stylish/]: [DIAG] maid=model.touhou_little_maid.hakurei_reimu.name pos=BlockPos{x=16, y=-59, z=0} patch=MaidPatch isFightMode=true task=ef_tlm:fight_mode_task learnedSkills=[eftlm_stylish:stylish_combat, ]
[148月2026 10:34:50.211] [Server thread/INFO] [maid_weapon_refill/]: [WeaponRefill] boss annoyingvillagers:low_shadow_herobrine_clone killed by arena maid model.touhou_little_maid.hakurei_reimu.name, reset durability on 1 item(s)
[148月2026 10:34:50.212] [Server thread/INFO] [eftlm_stylish/]: [SKILL] DEATH: annoyingvillagers:low_shadow_herobrine_clone killed by source=entity.touhou_little_maid.maid msg=mob
[148月2026 10:34:50.212] [Server thread/INFO] [eftlm_stylish/]: [SKILL] KILL detected: entity.annoyingvillagers.low_shadow_herobrine_clone by entity.touhou_little_maid.maid source=entity.touhou_little_maid.maid
[148月2026 10:34:50.262] [Server thread/INFO] [maid_weapon_refill/]: [WeaponRefill] boss annoyingvillagers:infected_player_npc killed by arena maid model.touhou_little_maid.hakurei_reimu.name, reset durability on 1 item(s)
[148月2026 10:34:50.263] [Server thread/INFO] [eftlm_stylish/]: [SKILL] DEATH: annoyingvillagers:infected_player_npc killed by source=entity.touhou_little_maid.maid msg=mob
[148月2026 10:34:50.265] [Server thread/INFO] [eftlm_stylish/]: [SKILL] KILL detected: entity.annoyingvillagers.infected_player_npc by entity.touhou_little_maid.maid source=entity.touhou_little_maid.maid
[148月2026 10:34:50.266] [Server thread/INFO] [net.minecraft.world.entity.LivingEntity/]: Named entity InfectedPlayerNpcEntity['P3pp3rF1y'/73, l='ServerLevel[maid_pilot_world]', x=6.15, y=-59.00, z=11.24] died: P3pp3rF1y was slain by model.touhou_little_maid.hakurei_reimu.name
[148月2026 10:34:51.711] [Server thread/INFO] [eftlm_stylish/]: [DIAG] maid=model.touhou_little_maid.hakurei_reimu.name pos=BlockPos{x=8, y=-59, z=10} patch=MaidPatch isFightMode=true task=ef_tlm:fight_mode_task learnedSkills=[eftlm_stylish:stylish_combat, ef_tlm:meen_innate, ]
[148月2026 10:34:53.409] [Server thread/INFO] [eftlm_stylish/]: [DIAG] maid=model.touhou_little_maid.hakurei_reimu.name pos=BlockPos{x=5, y=-59, z=12} patch=MaidPatch isFightMode=true task=ef_tlm:fight_mode_task learnedSkills=[eftlm_stylish:stylish_combat, ]
[148月2026 10:34:54.011] [Server thread/INFO] [eftlm_stylish/]: [RL] heartbeat: tick=200 action=9 buffer=40 stack=5 skills=6
[148月2026 10:34:54.013] [Server thread/INFO] [eftlm_stylish/]: [RL] diag target: patch=entity.annoyingvillagers.armored_herobrine tlm=entity.annoyingvillagers.armored_herobrine dist=2.1
[148月2026 10:34:55.115] [Server thread/INFO] [eftlm_stylish/]: [DIAG] maid=model.touhou_little_maid.hakurei_reimu.name pos=BlockPos{x=16, y=-59, z=2} patch=MaidPatch isFightMode=true task=ef_tlm:fight_mode_task learnedSkills=[eftlm_stylish:stylish_combat, ]
[148月2026 10:34:56.716] [Server thread/INFO] [eftlm_stylish/]: [DIAG] maid=model.touhou_little_maid.hakurei_reimu.name pos=BlockPos{x=7, y=-59, z=11} patch=MaidPatch isFightMode=true task=ef_tlm:fight_mode_task learnedSkills=[eftlm_stylish:stylish_combat, ]
[148月2026 10:34:58.411] [Server thread/INFO] [eftlm_stylish/]: [DIAG] maid=model.touhou_little_maid.hakurei_reimu.name pos=BlockPos{x=7, y=-59, z=10} patch=MaidPatch isFightMode=true task=ef_tlm:fight_mode_task learnedSkills=[eftlm_stylish:stylish_combat, ]
[148月2026 10:34:59.011] [Server thread/INFO] [eftlm_stylish/]: [RL] heartbeat: tick=300 action=9 buffer=60 stack=5 skills=2
[148月2026 10:35:00.098] [Server thread/INFO] [eftlm_stylish/]: [DIAG] maid=model.touhou_little_maid.hakurei_reimu.name pos=BlockPos{x=16, y=-59, z=0} patch=MaidPatch isFightMode=true task=ef_tlm:fight_mode_task learnedSkills=[eftlm_stylish:stylish_combat, ]
[148月2026 10:35:01.713] [Server thread/INFO] [eftlm_stylish/]: [DIAG] maid=model.touhou_little_maid.hakurei_reimu.name pos=BlockPos{x=7, y=-59, z=11} patch=MaidPatch isFightMode=true task=ef_tlm:fight_mode_task learnedSkills=[eftlm_stylish:stylish_combat, ]
[148月2026 10:35:03.411] [Server thread/INFO] [eftlm_stylish/]: [DIAG] maid=model.touhou_little_maid.hakurei_reimu.name pos=BlockPos{x=7, y=-59, z=10} patch=MaidPatch isFightMode=true task=ef_tlm:fight_mode_task learnedSkills=[eftlm_stylish:stylish_combat, ]
[148月2026 10:35:04.013] [Server thread/INFO] [eftlm_stylish/]: [RL] heartbeat: tick=400 action=9 buffer=80 stack=5 skills=6
[148月2026 10:35:04.013] [Server thread/INFO] [eftlm_stylish/]: [RL] diag target: patch=entity.annoyingvillagers.armored_herobrine tlm=entity.annoyingvillagers.armored_herobrine dist=3.4
[148月2026 10:35:05.127] [Server thread/INFO] [eftlm_stylish/]: [DIAG] maid=model.touhou_little_maid.hakurei_reimu.name pos=BlockPos{x=14, y=-59, z=0} patch=MaidPatch isFightMode=true task=ef_tlm:fight_mode_task learnedSkills=[eftlm_stylish:stylish_combat, ]
[148月2026 10:35:06.713] [Server thread/INFO] [eftlm_stylish/]: [DIAG] maid=model.touhou_little_maid.hakurei_reimu.name pos=BlockPos{x=6, y=-59, z=6} patch=MaidPatch isFightMode=true task=ef_tlm:fight_mode_task learnedSkills=[eftlm_stylish:stylish_combat, ef_tlm:meen_innate, ]
[148月2026 10:35:08.412] [Server thread/INFO] [eftlm_stylish/]: [DIAG] maid=model.touhou_little_maid.hakurei_reimu.name pos=BlockPos{x=7, y=-59, z=10} patch=MaidPatch isFightMode=true task=ef_tlm:fight_mode_task learnedSkills=[eftlm_stylish:stylish_combat, ]
[148月2026 10:35:09.011] [Server thread/INFO] [eftlm_stylish/]: [RL] heartbeat: tick=500 action=10 buffer=100 stack=5 skills=6
[148月2026 10:35:10.118] [Server thread/INFO] [eftlm_stylish/]: [DIAG] maid=model.touhou_little_maid.hakurei_reimu.name pos=BlockPos{x=14, y=-59, z=0} patch=MaidPatch isFightMode=true task=ef_tlm:fight_mode_task learnedSkills=[eftlm_stylish:stylish_combat, ]
[148月2026 10:35:11.713] [Server thread/INFO] [eftlm_stylish/]: [DIAG] maid=model.touhou_little_maid.hakurei_reimu.name pos=BlockPos{x=5, y=-59, z=6} patch=MaidPatch isFightMode=true task=ef_tlm:fight_mode_task learnedSkills=[eftlm_stylish:stylish_combat, ef_tlm:meen_innate, ]
[148月2026 10:35:13.413] [Server thread/INFO] [eftlm_stylish/]: [DIAG] maid=model.touhou_little_maid.hakurei_reimu.name pos=BlockPos{x=6, y=-59, z=6} patch=MaidPatch isFightMode=true task=ef_tlm:fight_mode_task learnedSkills=[eftlm_stylish:stylish_combat, ]
[148月2026 10:35:14.014] [Server thread/INFO] [eftlm_stylish/]: [RL] heartbeat: tick=600 action=10 buffer=120 stack=5 skills=0
[148月2026 10:35:14.015] [Server thread/INFO] [eftlm_stylish/]: [RL] diag target: patch=entity.annoyingvillagers.armored_herobrine tlm=entity.annoyingvillagers.armored_herobrine dist=4.3
[148月2026 10:35:15.197] [Server thread/INFO] [eftlm_stylish/]: [DIAG] maid=model.touhou_little_maid.hakurei_reimu.name pos=BlockPos{x=8, y=-59, z=5} patch=MaidPatch isFightMode=true task=ef_tlm:fight_mode_task learnedSkills=[eftlm_stylish:stylish_combat, ]
[148月2026 10:35:16.714] [Server thread/INFO] [eftlm_stylish/]: [DIAG] maid=model.touhou_little_maid.hakurei_reimu.name pos=BlockPos{x=10, y=-59, z=5} patch=MaidPatch isFightMode=true task=ef_tlm:fight_mode_task learnedSkills=[eftlm_stylish:stylish_combat, ef_tlm:meen_innate, ]
[148月2026 10:35:18.410] [Server thread/INFO] [eftlm_stylish/]: [DIAG] maid=model.touhou_little_maid.hakurei_reimu.name pos=BlockPos{x=7, y=-59, z=6} patch=MaidPatch isFightMode=true task=ef_tlm:fight_mode_task learnedSkills=[eftlm_stylish:stylish_combat, ]
[148月2026 10:35:19.012] [Server thread/INFO] [eftlm_stylish/]: [RL] heartbeat: tick=700 action=10 buffer=140 stack=5 skills=6
[148月2026 10:35:19.465] [Server thread/INFO] [eftlm_stylish/]: [SKILL] DEATH: annoyingvillagers:elite_herobrine_knocked killed by source=null msg=generic
[148月2026 10:35:20.129] [Server thread/INFO] [eftlm_stylish/]: [DIAG] maid=model.touhou_little_maid.hakurei_reimu.name pos=BlockPos{x=9, y=-59, z=5} patch=MaidPatch isFightMode=true task=ef_tlm:fight_mode_task learnedSkills=[eftlm_stylish:stylish_combat, ]
[148月2026 10:35:21.713] [Server thread/INFO] [eftlm_stylish/]: [DIAG] maid=model.touhou_little_maid.hakurei_reimu.name pos=BlockPos{x=13, y=-59, z=7} patch=MaidPatch isFightMode=true task=ef_tlm:fight_mode_task learnedSkills=[eftlm_stylish:stylish_combat, ]
[148月2026 10:35:23.411] [Server thread/INFO] [eftlm_stylish/]: [DIAG] maid=model.touhou_little_maid.hakurei_reimu.name pos=BlockPos{x=14, y=-59, z=2} patch=MaidPatch isFightMode=true task=ef_tlm:fight_mode_task learnedSkills=[eftlm_stylish:stylish_combat, ]
[148月2026 10:35:24.011] [Server thread/INFO] [eftlm_stylish/]: [RL] heartbeat: tick=800 action=0 buffer=160 stack=5 skills=0
[148月2026 10:35:24.013] [Server thread/INFO] [eftlm_stylish/]: [RL] diag target: patch=entity.annoyingvillagers.armored_herobrine tlm=entity.annoyingvillagers.armored_herobrine dist=12.2
[148月2026 10:35:24.122] [Server thread/INFO] [eftlm_stylish/]: [Arena] cage: maid pulled back inside (r=8)
[148月2026 10:35:25.139] [Server thread/INFO] [eftlm_stylish/]: [DIAG] maid=model.touhou_little_maid.hakurei_reimu.name pos=BlockPos{x=6, y=-59, z=4} patch=MaidPatch isFightMode=true task=ef_tlm:fight_mode_task learnedSkills=[eftlm_stylish:stylish_combat, ]
[148月2026 10:35:26.708] [Server thread/INFO] [eftlm_stylish/]: [DIAG] maid=model.touhou_little_maid.hakurei_reimu.name pos=BlockPos{x=7, y=-59, z=11} patch=MaidPatch isFightMode=true task=ef_tlm:fight_mode_task learnedSkills=[eftlm_stylish:stylish_combat, ]
[148月2026 10:35:28.409] [Server thread/INFO] [eftlm_stylish/]: [DIAG] maid=model.touhou_little_maid.hakurei_reimu.name pos=BlockPos{x=14, y=-59, z=2} patch=MaidPatch isFightMode=true task=ef_tlm:fight_mode_task learnedSkills=[eftlm_stylish:stylish_combat, ]
[148月2026 10:35:29.008] [Server thread/INFO] [eftlm_stylish/]: [RL] heartbeat: tick=900 action=0 buffer=180 stack=5 skills=0
[148月2026 10:35:30.118] [Server thread/INFO] [eftlm_stylish/]: [DIAG] maid=model.touhou_little_maid.hakurei_reimu.name pos=BlockPos{x=8, y=-59, z=6} patch=MaidPatch isFightMode=true task=ef_tlm:fight_mode_task learnedSkills=[eftlm_stylish:stylish_combat, ]
