[138月2026 12:22:32.100] [main/INFO] [cpw.mods.modlauncher.Launcher/MODLAUNCHER]: ModLauncher running: args [--launchTarget, forgeserver, --fml.forgeVersion, 47.4.13, --fml.mcVersion, 1.20.1, --fml.forgeGroup, net.minecraftforge, --fml.mcpVersion, 20230612.114412, nogui]
[138月2026 12:22:32.104] [main/INFO] [cpw.mods.modlauncher.Launcher/MODLAUNCHER]: ModLauncher 10.0.9+10.0.9+main.dcd20f30 starting: java version 17.0.10 by Oracle Corporation; OS Windows 11 arch amd64 version 10.0
[138月2026 12:22:32.143] [main/DEBUG] [cpw.mods.modlauncher.LaunchServiceHandler/MODLAUNCHER]: Found launch services [fmlclientdev,forgeclient,minecraft,forgegametestserverdev,fmlserveruserdev,fmlclient,fmldatauserdev,forgeserverdev,forgeserveruserdev,forgeclientdev,forgeclientuserdev,forgeserver,forgedatadev,fmlserver,fmlclientuserdev,fmlserverdev,forgedatauserdev,testharness,forgegametestserveruserdev]
[138月2026 12:22:32.165] [main/DEBUG] [cpw.mods.modlauncher.NameMappingServiceHandler/MODLAUNCHER]: Found naming services : [srgtomcp]
[138月2026 12:22:32.185] [main/DEBUG] [cpw.mods.modlauncher.LaunchPluginHandler/MODLAUNCHER]: Found launch plugins: [mixin,eventbus,slf4jfixer,object_holder_definalize,runtime_enum_extender,capability_token_subclass,accesstransformer,runtimedistcleaner]
[138月2026 12:22:32.203] [main/DEBUG] [cpw.mods.modlauncher.TransformationServicesHandler/MODLAUNCHER]: Discovering transformation services
[138月2026 12:22:32.211] [main/DEBUG] [net.minecraftforge.fml.loading.FMLPaths/CORE]: Path GAMEDIR is E:\program\JAVA\touhou little maid - unknow sky area\prod_server
[138月2026 12:22:32.211] [main/DEBUG] [net.minecraftforge.fml.loading.FMLPaths/CORE]: Path MODSDIR is E:\program\JAVA\touhou little maid - unknow sky area\prod_server\mods
[138月2026 12:22:32.211] [main/DEBUG] [net.minecraftforge.fml.loading.FMLPaths/CORE]: Path CONFIGDIR is E:\program\JAVA\touhou little maid - unknow sky area\prod_server\config
[138月2026 12:22:32.211] [main/DEBUG] [net.minecraftforge.fml.loading.FMLPaths/CORE]: Path FMLCONFIG is E:\program\JAVA\touhou little maid - unknow sky area\prod_server\config\fml.toml
[138月2026 12:22:32.740] [main/DEBUG] [cpw.mods.modlauncher.TransformationServicesHandler/MODLAUNCHER]: Found additional transformation services from discovery services: 
[138月2026 12:22:32.749] [main/INFO] [net.minecraftforge.fml.loading.ImmediateWindowHandler/]: ImmediateWindowProvider not loading because launch target is forgeserver
[138月2026 12:22:32.761] [main/DEBUG] [cpw.mods.modlauncher.TransformationServicesHandler/MODLAUNCHER]: Found transformer services : [mixin,fml]
[138月2026 12:22:32.761] [main/DEBUG] [cpw.mods.modlauncher.TransformationServicesHandler/MODLAUNCHER]: Transformation services loading
[138月2026 12:22:32.762] [main/DEBUG] [cpw.mods.modlauncher.TransformationServiceDecorator/MODLAUNCHER]: Loading service mixin
[138月2026 12:22:32.764] [main/DEBUG] [cpw.mods.modlauncher.TransformationServiceDecorator/MODLAUNCHER]: Loaded service mixin
[138月2026 12:22:32.764] [main/DEBUG] [cpw.mods.modlauncher.TransformationServiceDecorator/MODLAUNCHER]: Loading service fml
[138月2026 12:22:32.766] [main/DEBUG] [net.minecraftforge.fml.loading.LauncherVersion/CORE]: Found FMLLauncher version 1.0
[138月2026 12:22:32.766] [main/DEBUG] [net.minecraftforge.fml.loading.FMLLoader/CORE]: FML 1.0 loading
[138月2026 12:22:32.766] [main/DEBUG] [net.minecraftforge.fml.loading.FMLLoader/CORE]: FML found ModLauncher version : 10.0.9+10.0.9+main.dcd20f30
[138月2026 12:22:32.766] [main/DEBUG] [net.minecraftforge.fml.loading.FMLLoader/CORE]: Requesting CoreMods to not apply the fix for ASMAPI.findFirstInstructionBefore by default
[138月2026 12:22:32.767] [main/DEBUG] [net.minecraftforge.fml.loading.FMLLoader/CORE]: FML found AccessTransformer version : 8.0.4+66+master.c09db6d7
[138月2026 12:22:32.768] [main/DEBUG] [net.minecraftforge.fml.loading.FMLLoader/CORE]: FML found EventBus version : 6.0.5+6.0.5+master.eb8e549b
[138月2026 12:22:32.768] [main/DEBUG] [net.minecraftforge.fml.loading.FMLLoader/CORE]: Found Runtime Dist Cleaner
[138月2026 12:22:32.770] [main/DEBUG] [net.minecraftforge.coremod.CoreModEngine/]: CoreMods will preserve legacy behavior of ASMAPI.findFirstInstructionBefore for backwards-compatibility
[138月2026 12:22:32.772] [main/DEBUG] [net.minecraftforge.fml.loading.FMLLoader/CORE]: FML found CoreMod version : 5.2.4
[138月2026 12:22:32.773] [main/DEBUG] [net.minecraftforge.fml.loading.FMLLoader/CORE]: Found ForgeSPI package implementation version 7.0.1+7.0.1+master.d2b38bf6
[138月2026 12:22:32.773] [main/DEBUG] [net.minecraftforge.fml.loading.FMLLoader/CORE]: Found ForgeSPI package specification 5
[138月2026 12:22:32.773] [main/DEBUG] [cpw.mods.modlauncher.TransformationServiceDecorator/MODLAUNCHER]: Loaded service fml
[138月2026 12:22:32.774] [main/DEBUG] [cpw.mods.modlauncher.TransformationServicesHandler/MODLAUNCHER]: Configuring option handling for services
[138月2026 12:22:32.784] [main/DEBUG] [cpw.mods.modlauncher.TransformationServicesHandler/MODLAUNCHER]: Transformation services initializing
[138月2026 12:22:32.786] [main/DEBUG] [cpw.mods.modlauncher.TransformationServiceDecorator/MODLAUNCHER]: Initializing transformation service mixin
[138月2026 12:22:32.815] [main/DEBUG] [mixin/]: MixinService [ModLauncher] was successfully booted in cpw.mods.cl.ModuleClassLoader@587c290d
[138月2026 12:22:32.857] [main/INFO] [mixin/]: SpongePowered MIXIN Subsystem Version=0.8.5 Source=union:/E:/program/JAVA/touhou%20little%20maid%20-%20unknow%20sky%20area/prod_server/libraries/org/spongepowered/mixin/0.8.5/mixin-0.8.5.jar%2365!/ Service=ModLauncher Env=SERVER
[138月2026 12:22:32.862] [main/DEBUG] [mixin/]: Initialising Mixin Platform Manager
[138月2026 12:22:32.864] [main/DEBUG] [mixin/]: Adding mixin platform agents for container ModLauncher Root Container(ModLauncher:4f56a0a2)
[138月2026 12:22:32.865] [main/DEBUG] [mixin/]: Instancing new MixinPlatformAgentMinecraftForge for ModLauncher Root Container(ModLauncher:4f56a0a2)
[138月2026 12:22:32.865] [main/DEBUG] [mixin/]: MixinPlatformAgentMinecraftForge rejected container ModLauncher Root Container(ModLauncher:4f56a0a2)
[138月2026 12:22:32.866] [main/DEBUG] [mixin/]: Instancing new MixinPlatformAgentDefault for ModLauncher Root Container(ModLauncher:4f56a0a2)
[138月2026 12:22:32.866] [main/DEBUG] [mixin/]: MixinPlatformAgentDefault accepted container ModLauncher Root Container(ModLauncher:4f56a0a2)
[138月2026 12:22:32.871] [main/DEBUG] [cpw.mods.modlauncher.TransformationServiceDecorator/MODLAUNCHER]: Initialized transformation service mixin
[138月2026 12:22:32.871] [main/DEBUG] [cpw.mods.modlauncher.TransformationServiceDecorator/MODLAUNCHER]: Initializing transformation service fml
[138月2026 12:22:32.871] [main/DEBUG] [net.minecraftforge.fml.loading.FMLServiceProvider/CORE]: Setting up basic FML game directories
[138月2026 12:22:32.872] [main/DEBUG] [net.minecraftforge.fml.loading.FMLPaths/CORE]: Path GAMEDIR is E:\program\JAVA\touhou little maid - unknow sky area\prod_server
[138月2026 12:22:32.872] [main/DEBUG] [net.minecraftforge.fml.loading.FMLPaths/CORE]: Path MODSDIR is E:\program\JAVA\touhou little maid - unknow sky area\prod_server\mods
[138月2026 12:22:32.872] [main/DEBUG] [net.minecraftforge.fml.loading.FMLPaths/CORE]: Path CONFIGDIR is E:\program\JAVA\touhou little maid - unknow sky area\prod_server\config
[138月2026 12:22:32.873] [main/DEBUG] [net.minecraftforge.fml.loading.FMLPaths/CORE]: Path FMLCONFIG is E:\program\JAVA\touhou little maid - unknow sky area\prod_server\config\fml.toml
[138月2026 12:22:32.873] [main/DEBUG] [net.minecraftforge.fml.loading.FMLServiceProvider/CORE]: Loading configuration
[138月2026 12:22:32.877] [main/DEBUG] [net.minecraftforge.fml.loading.FMLServiceProvider/CORE]: Preparing ModFile
[138月2026 12:22:32.885] [main/DEBUG] [net.minecraftforge.fml.loading.FMLServiceProvider/CORE]: Preparing launch handler
[138月2026 12:22:32.887] [main/DEBUG] [net.minecraftforge.fml.loading.FMLLoader/CORE]: Using forgeserver as launch service
[138月2026 12:22:32.909] [main/DEBUG] [net.minecraftforge.fml.loading.FMLLoader/CORE]: Received command line version data  : VersionInfo[forgeVersion=47.4.13, mcVersion=1.20.1, mcpVersion=20230612.114412, forgeGroup=net.minecraftforge]
[138月2026 12:22:32.913] [main/DEBUG] [cpw.mods.modlauncher.TransformationServiceDecorator/MODLAUNCHER]: Initialized transformation service fml
[138月2026 12:22:32.914] [main/DEBUG] [cpw.mods.modlauncher.NameMappingServiceHandler/MODLAUNCHER]: Current naming domain is 'srg'
[138月2026 12:22:32.915] [main/DEBUG] [cpw.mods.modlauncher.NameMappingServiceHandler/MODLAUNCHER]: Identified name mapping providers {}
[138月2026 12:22:32.915] [main/DEBUG] [cpw.mods.modlauncher.TransformationServicesHandler/MODLAUNCHER]: Transformation services begin scanning
[138月2026 12:22:32.917] [main/DEBUG] [cpw.mods.modlauncher.TransformationServiceDecorator/MODLAUNCHER]: Beginning scan trigger - transformation service mixin
[138月2026 12:22:32.917] [main/DEBUG] [cpw.mods.modlauncher.TransformationServiceDecorator/MODLAUNCHER]: End scan trigger - transformation service mixin
[138月2026 12:22:32.918] [main/DEBUG] [cpw.mods.modlauncher.TransformationServiceDecorator/MODLAUNCHER]: Beginning scan trigger - transformation service fml
[138月2026 12:22:32.918] [main/DEBUG] [net.minecraftforge.fml.loading.FMLServiceProvider/CORE]: Initiating mod scan
[138月2026 12:22:32.935] [main/DEBUG] [net.minecraftforge.fml.loading.moddiscovery.ModListHandler/CORE]: Found mod coordinates from lists: []
[138月2026 12:22:32.938] [main/DEBUG] [net.minecraftforge.fml.loading.moddiscovery.ModDiscoverer/CORE]: Found Mod Locators : (mods folder:null),(maven libs:null),(exploded directory:null),(minecraft:null),(userdev classpath:null)
[138月2026 12:22:32.940] [main/DEBUG] [net.minecraftforge.fml.loading.moddiscovery.ModDiscoverer/CORE]: Found Dependency Locators : (JarInJar:null)
[138月2026 12:22:32.960] [main/DEBUG] [net.minecraftforge.fml.loading.moddiscovery.ModFileParser/LOADING]: Considering mod file candidate E:\program\JAVA\touhou little maid - unknow sky area\prod_server\mods\[史诗战斗] epic-fight-20.14.17-mc1.20.1-forge.jar
[138月2026 12:22:33.028] [main/DEBUG] [net.minecraftforge.fml.loading.moddiscovery.ModFileInfo/LOADING]: Found valid mod file [史诗战斗] epic-fight-20.14.17-mc1.20.1-forge.jar with {epicfight} mods - versions {20.14.17}
[138月2026 12:22:33.035] [main/DEBUG] [net.minecraftforge.fml.loading.moddiscovery.ModFileParser/LOADING]: Considering mod file candidate E:\program\JAVA\touhou little maid - unknow sky area\prod_server\mods\[史诗战斗：冲击之刃] Epicfight-ClashBlade-1.20.1-2.1.jar
[138月2026 12:22:33.037] [main/DEBUG] [net.minecraftforge.fml.loading.moddiscovery.ModFileInfo/LOADING]: Found valid mod file [史诗战斗：冲击之刃] Epicfight-ClashBlade-1.20.1-2.1.jar with {efclash_blade} mods - versions {2.1}
[138月2026 12:22:33.046] [main/DEBUG] [net.minecraftforge.fml.loading.moddiscovery.ModFileParser/LOADING]: Considering mod file candidate E:\program\JAVA\touhou little maid - unknow sky area\prod_server\mods\[史诗战斗：夜幕] EpicFight Nightfall-3.4.0.jar
[138月2026 12:22:33.048] [main/DEBUG] [net.minecraftforge.fml.loading.moddiscovery.ModFileInfo/LOADING]: Found valid mod file [史诗战斗：夜幕] EpicFight Nightfall-3.4.0.jar with {efn} mods - versions {3.4.0}
[138月2026 12:22:33.054] [main/DEBUG] [net.minecraftforge.fml.loading.moddiscovery.ModFileParser/LOADING]: Considering mod file candidate E:\program\JAVA\touhou little maid - unknow sky area\prod_server\mods\[史诗战斗：车万女仆] [史诗战斗：车万女仆]EpicFight_TouhouLittleMaid-1.20.1-1.3.2-all.jar
[138月2026 12:22:33.057] [main/DEBUG] [net.minecraftforge.fml.loading.moddiscovery.ModFileInfo/LOADING]: Found valid mod file [史诗战斗：车万女仆] [史诗战斗：车万女仆]EpicFight_TouhouLittleMaid-1.20.1-1.3.2-all.jar with {ef_tlm} mods - versions {1.3.2}
[138月2026 12:22:33.065] [main/DEBUG] [net.minecraftforge.fml.loading.moddiscovery.ModFileParser/LOADING]: Considering mod file candidate E:\program\JAVA\touhou little maid - unknow sky area\prod_server\mods\[奇迹武器] WeaponsOfMiracles-2.0.164-mc1.20.1-forge.jar
[138月2026 12:22:33.066] [main/DEBUG] [net.minecraftforge.fml.loading.moddiscovery.ModFileInfo/LOADING]: Found valid mod file [奇迹武器] WeaponsOfMiracles-2.0.164-mc1.20.1-forge.jar with {wom} mods - versions {2.0.164}
[138月2026 12:22:33.072] [main/DEBUG] [net.minecraftforge.fml.loading.moddiscovery.ModFileParser/LOADING]: Considering mod file candidate E:\program\JAVA\touhou little maid - unknow sky area\prod_server\mods\[无坚不摧] epic-fight-invincible-lib-20.14.8.2-mc1.20.1-forge.jar
[138月2026 12:22:33.074] [main/DEBUG] [net.minecraftforge.fml.loading.moddiscovery.ModFileInfo/LOADING]: Found valid mod file [无坚不摧] epic-fight-invincible-lib-20.14.8.2-mc1.20.1-forge.jar with {invincible} mods - versions {20.14.8.2}
[138月2026 12:22:33.082] [main/DEBUG] [net.minecraftforge.fml.loading.moddiscovery.ModFileParser/LOADING]: Considering mod file candidate E:\program\JAVA\touhou little maid - unknow sky area\prod_server\mods\[烦人的村民] AnnoyingVillagers-1.20.1-1.4.7.jar
[138月2026 12:22:33.084] [main/DEBUG] [net.minecraftforge.fml.loading.moddiscovery.ModFileInfo/LOADING]: Found valid mod file [烦人的村民] AnnoyingVillagers-1.20.1-1.4.7.jar with {annoyingvillagers} mods - versions {1.4.7}
[138月2026 12:22:33.094] [main/DEBUG] [net.minecraftforge.fml.loading.moddiscovery.ModFileParser/LOADING]: Considering mod file candidate E:\program\JAVA\touhou little maid - unknow sky area\prod_server\mods\[车万女仆] touhoulittlemaid-1.5.3-forge+mc1.20.1.jar
[138月2026 12:22:33.098] [main/DEBUG] [net.minecraftforge.fml.loading.moddiscovery.ModFileInfo/LOADING]: Found valid mod file [车万女仆] touhoulittlemaid-1.5.3-forge+mc1.20.1.jar with {touhou_little_maid} mods - versions {1.5.3-forge+mc1.20.1}
[138月2026 12:22:33.104] [main/DEBUG] [net.minecraftforge.fml.loading.moddiscovery.ModFileParser/LOADING]: Considering mod file candidate E:\program\JAVA\touhou little maid - unknow sky area\prod_server\mods\architectury-9.2.14-forge.jar
[138月2026 12:22:33.105] [main/DEBUG] [net.minecraftforge.fml.loading.moddiscovery.ModFileInfo/LOADING]: Found valid mod file architectury-9.2.14-forge.jar with {architectury} mods - versions {9.2.14}
[138月2026 12:22:33.111] [main/DEBUG] [net.minecraftforge.fml.loading.moddiscovery.ModFileParser/LOADING]: Considering mod file candidate E:\program\JAVA\touhou little maid - unknow sky area\prod_server\mods\CombatEvolution-2.1.10.jar
[138月2026 12:22:33.112] [main/DEBUG] [net.minecraftforge.fml.loading.moddiscovery.ModFileInfo/LOADING]: Found valid mod file CombatEvolution-2.1.10.jar with {combat_evolution} mods - versions {2.1.10}
[138月2026 12:22:33.118] [main/DEBUG] [net.minecraftforge.fml.loading.moddiscovery.ModFileParser/LOADING]: Considering mod file candidate E:\program\JAVA\touhou little maid - unknow sky area\prod_server\mods\eftlm_stylish-1.0.0.jar
[138月2026 12:22:33.119] [main/DEBUG] [net.minecraftforge.fml.loading.moddiscovery.ModFileInfo/LOADING]: Found valid mod file eftlm_stylish-1.0.0.jar with {eftlm_stylish} mods - versions {1.0.0}
[138月2026 12:22:33.127] [main/DEBUG] [net.minecraftforge.fml.loading.moddiscovery.ModFileParser/LOADING]: Considering mod file candidate E:\program\JAVA\touhou little maid - unknow sky area\prod_server\mods\epic_fight_avalon-20.12.6.4.jar
[138月2026 12:22:33.128] [main/DEBUG] [net.minecraftforge.fml.loading.moddiscovery.ModFileInfo/LOADING]: Found valid mod file epic_fight_avalon-20.12.6.4.jar with {epic_fight_avalon} mods - versions {20.12.6.4}
[138月2026 12:22:33.134] [main/DEBUG] [net.minecraftforge.fml.loading.moddiscovery.ModFileParser/LOADING]: Considering mod file candidate E:\program\JAVA\touhou little maid - unknow sky area\prod_server\mods\PlayerMobs-1.20.1-4.1.0.37.jar
[138月2026 12:22:33.135] [main/DEBUG] [net.minecraftforge.fml.loading.moddiscovery.ModFileInfo/LOADING]: Found valid mod file PlayerMobs-1.20.1-4.1.0.37.jar with {player_mobs} mods - versions {4.1.0.37}
[138月2026 12:22:33.142] [main/DEBUG] [net.minecraftforge.fml.loading.moddiscovery.ModFileParser/LOADING]: Considering mod file candidate E:\program\JAVA\touhou little maid - unknow sky area\prod_server\mods\ywzj_vehicle-1.20.1-0.5.8.jar
[138月2026 12:22:33.143] [main/DEBUG] [net.minecraftforge.fml.loading.moddiscovery.ModFileInfo/LOADING]: Found valid mod file ywzj_vehicle-1.20.1-0.5.8.jar with {ywzj_vehicle} mods - versions {0.5.8}
[138月2026 12:22:33.249] [main/DEBUG] [net.minecraftforge.fml.loading.moddiscovery.ModFileInfo/LOADING]: Found valid mod file server-1.20.1-20230612.114412-srg.jar with {minecraft} mods - versions {1.20.1}
[138月2026 12:22:33.259] [main/DEBUG] [net.minecraftforge.fml.loading.moddiscovery.ModFileParser/LOADING]: Considering mod file candidate E:\program\JAVA\touhou little maid - unknow sky area\prod_server\libraries\net\minecraftforge\fmlcore\1.20.1-47.4.13\fmlcore-1.20.1-47.4.13.jar
[138月2026 12:22:33.259] [main/WARN] [net.minecraftforge.fml.loading.moddiscovery.ModFileParser/LOADING]: Mod file E:\program\JAVA\touhou little maid - unknow sky area\prod_server\libraries\net\minecraftforge\fmlcore\1.20.1-47.4.13\fmlcore-1.20.1-47.4.13.jar is missing mods.toml file
[138月2026 12:22:33.268] [main/DEBUG] [net.minecraftforge.fml.loading.moddiscovery.ModFileParser/LOADING]: Considering mod file candidate E:\program\JAVA\touhou little maid - unknow sky area\prod_server\libraries\net\minecraftforge\javafmllanguage\1.20.1-47.4.13\javafmllanguage-1.20.1-47.4.13.jar
[138月2026 12:22:33.269] [main/WARN] [net.minecraftforge.fml.loading.moddiscovery.ModFileParser/LOADING]: Mod file E:\program\JAVA\touhou little maid - unknow sky area\prod_server\libraries\net\minecraftforge\javafmllanguage\1.20.1-47.4.13\javafmllanguage-1.20.1-47.4.13.jar is missing mods.toml file
[138月2026 12:22:33.277] [main/DEBUG] [net.minecraftforge.fml.loading.moddiscovery.ModFileParser/LOADING]: Considering mod file candidate E:\program\JAVA\touhou little maid - unknow sky area\prod_server\libraries\net\minecraftforge\lowcodelanguage\1.20.1-47.4.13\lowcodelanguage-1.20.1-47.4.13.jar
[138月2026 12:22:33.277] [main/WARN] [net.minecraftforge.fml.loading.moddiscovery.ModFileParser/LOADING]: Mod file E:\program\JAVA\touhou little maid - unknow sky area\prod_server\libraries\net\minecraftforge\lowcodelanguage\1.20.1-47.4.13\lowcodelanguage-1.20.1-47.4.13.jar is missing mods.toml file
[138月2026 12:22:33.287] [main/DEBUG] [net.minecraftforge.fml.loading.moddiscovery.ModFileParser/LOADING]: Considering mod file candidate E:\program\JAVA\touhou little maid - unknow sky area\prod_server\libraries\net\minecraftforge\mclanguage\1.20.1-47.4.13\mclanguage-1.20.1-47.4.13.jar
[138月2026 12:22:33.287] [main/WARN] [net.minecraftforge.fml.loading.moddiscovery.ModFileParser/LOADING]: Mod file E:\program\JAVA\touhou little maid - unknow sky area\prod_server\libraries\net\minecraftforge\mclanguage\1.20.1-47.4.13\mclanguage-1.20.1-47.4.13.jar is missing mods.toml file
[138月2026 12:22:33.297] [main/DEBUG] [net.minecraftforge.fml.loading.moddiscovery.ModFileParser/LOADING]: Considering mod file candidate E:\program\JAVA\touhou little maid - unknow sky area\prod_server\libraries\net\minecraftforge\forge\1.20.1-47.4.13\forge-1.20.1-47.4.13-universal.jar
[138月2026 12:22:33.297] [main/DEBUG] [net.minecraftforge.fml.loading.moddiscovery.ModFileInfo/LOADING]: Found valid mod file forge-1.20.1-47.4.13-universal.jar with {forge} mods - versions {47.4.13}
[138月2026 12:22:33.312] [main/DEBUG] [net.minecraftforge.fml.loading.moddiscovery.AbstractJarFileDependencyLocator/]: Failed to load resource META-INF\jarjar\metadata.json from server-1.20.1-20230612.114412-srg.jar, it does not contain dependency information.
[138月2026 12:22:33.312] [main/DEBUG] [net.minecraftforge.fml.loading.moddiscovery.AbstractJarFileDependencyLocator/]: Failed to load resource META-INF\jarjar\metadata.json from [烦人的村民] AnnoyingVillagers-1.20.1-1.4.7.jar, it does not contain dependency information.
[138月2026 12:22:33.312] [main/DEBUG] [net.minecraftforge.fml.loading.moddiscovery.AbstractJarFileDependencyLocator/]: Failed to load resource META-INF\jarjar\metadata.json from [无坚不摧] epic-fight-invincible-lib-20.14.8.2-mc1.20.1-forge.jar, it does not contain dependency information.
[138月2026 12:22:33.313] [main/DEBUG] [net.minecraftforge.fml.loading.moddiscovery.AbstractJarFileDependencyLocator/]: Failed to load resource META-INF\jarjar\metadata.json from architectury-9.2.14-forge.jar, it does not contain dependency information.
[138月2026 12:22:33.313] [main/DEBUG] [net.minecraftforge.fml.loading.moddiscovery.AbstractJarFileDependencyLocator/]: Failed to load resource META-INF\jarjar\metadata.json from [史诗战斗：冲击之刃] Epicfight-ClashBlade-1.20.1-2.1.jar, it does not contain dependency information.
[138月2026 12:22:33.313] [main/DEBUG] [net.minecraftforge.fml.loading.moddiscovery.AbstractJarFileDependencyLocator/]: Failed to load resource META-INF\jarjar\metadata.json from [奇迹武器] WeaponsOfMiracles-2.0.164-mc1.20.1-forge.jar, it does not contain dependency information.
[138月2026 12:22:33.315] [main/DEBUG] [net.minecraftforge.fml.loading.moddiscovery.AbstractJarFileDependencyLocator/]: Failed to load resource META-INF\jarjar\metadata.json from CombatEvolution-2.1.10.jar, it does not contain dependency information.
[138月2026 12:22:33.315] [main/DEBUG] [net.minecraftforge.fml.loading.moddiscovery.AbstractJarFileDependencyLocator/]: Failed to load resource META-INF\jarjar\metadata.json from forge-1.20.1-47.4.13-universal.jar, it does not contain dependency information.
[138月2026 12:22:33.315] [main/DEBUG] [net.minecraftforge.fml.loading.moddiscovery.AbstractJarFileDependencyLocator/]: Failed to load resource META-INF\jarjar\metadata.json from [车万女仆] touhoulittlemaid-1.5.3-forge+mc1.20.1.jar, it does not contain dependency information.
[138月2026 12:22:33.315] [main/DEBUG] [net.minecraftforge.fml.loading.moddiscovery.AbstractJarFileDependencyLocator/]: Failed to load resource META-INF\jarjar\metadata.json from epic_fight_avalon-20.12.6.4.jar, it does not contain dependency information.
[138月2026 12:22:33.315] [main/DEBUG] [net.minecraftforge.fml.loading.moddiscovery.AbstractJarFileDependencyLocator/]: Failed to load resource META-INF\jarjar\metadata.json from [史诗战斗] epic-fight-20.14.17-mc1.20.1-forge.jar, it does not contain dependency information.
[138月2026 12:22:33.315] [main/DEBUG] [net.minecraftforge.fml.loading.moddiscovery.AbstractJarFileDependencyLocator/]: Failed to load resource META-INF\jarjar\metadata.json from eftlm_stylish-1.0.0.jar, it does not contain dependency information.
[138月2026 12:22:33.315] [main/DEBUG] [net.minecraftforge.fml.loading.moddiscovery.AbstractJarFileDependencyLocator/]: Failed to load resource META-INF\jarjar\metadata.json from mclanguage-1.20.1-47.4.13.jar, it does not contain dependency information.
[138月2026 12:22:33.315] [main/DEBUG] [net.minecraftforge.fml.loading.moddiscovery.AbstractJarFileDependencyLocator/]: Failed to load resource META-INF\jarjar\metadata.json from javafmllanguage-1.20.1-47.4.13.jar, it does not contain dependency information.
[138月2026 12:22:33.315] [main/DEBUG] [net.minecraftforge.fml.loading.moddiscovery.AbstractJarFileDependencyLocator/]: Failed to load resource META-INF\jarjar\metadata.json from fmlcore-1.20.1-47.4.13.jar, it does not contain dependency information.
[138月2026 12:22:33.315] [main/DEBUG] [net.minecraftforge.fml.loading.moddiscovery.AbstractJarFileDependencyLocator/]: Failed to load resource META-INF\jarjar\metadata.json from lowcodelanguage-1.20.1-47.4.13.jar, it does not contain dependency information.
[138月2026 12:22:33.375] [main/DEBUG] [net.minecraftforge.fml.loading.moddiscovery.ModFileParser/LOADING]: Considering mod file candidate 
[138月2026 12:22:33.377] [main/DEBUG] [net.minecraftforge.fml.loading.moddiscovery.ModFileInfo/LOADING]: Found valid mod file YSM_GEO_Compat.jar with {ysm_geo_compat} mods - versions {1.0.0}
[138月2026 12:22:33.396] [main/DEBUG] [net.minecraftforge.fml.loading.moddiscovery.ModFileParser/LOADING]: Considering mod file candidate 
[138月2026 12:22:33.397] [main/DEBUG] [net.minecraftforge.fml.loading.moddiscovery.ModFileInfo/LOADING]: Found valid mod file geckolib-388172-7025129.jar with {geckolib} mods - versions {4.8.2}
[138月2026 12:22:33.402] [main/DEBUG] [net.minecraftforge.fml.loading.moddiscovery.ModFileParser/LOADING]: Considering mod file candidate 
[138月2026 12:22:33.403] [main/DEBUG] [net.minecraftforge.fml.loading.moddiscovery.ModFileInfo/LOADING]: Found valid mod file guhaos-vix-1531111-8258354.jar with {vix} mods - versions {1.0.9}
[138月2026 12:22:33.405] [main/DEBUG] [net.minecraftforge.fml.loading.moddiscovery.ModFileParser/LOADING]: Considering mod file candidate 
[138月2026 12:22:33.406] [main/DEBUG] [net.minecraftforge.fml.loading.moddiscovery.ModFileInfo/LOADING]: Found valid mod file mixinsquared-forge-0.2.0-beta.6.jar with {mixinsquared} mods - versions {0.2.0-beta.6}
[138月2026 12:22:33.407] [main/DEBUG] [net.minecraftforge.fml.loading.moddiscovery.ModFileParser/LOADING]: Considering mod file candidate 
[138月2026 12:22:33.407] [main/DEBUG] [net.minecraftforge.fml.loading.moddiscovery.ModFileInfo/LOADING]: Found valid mod file mixinextras-forge-0.4.1.jar with {mixinextras} mods - versions {0.4.1}
[138月2026 12:22:33.422] [main/DEBUG] [net.minecraftforge.fml.loading.moddiscovery.ModFileParser/LOADING]: Considering mod file candidate 
[138月2026 12:22:33.424] [main/DEBUG] [net.minecraftforge.fml.loading.moddiscovery.ModFileInfo/LOADING]: Found valid mod file simplebedrockmodel-2.5.1-forge-mc1.20.1.jar with {simplebedrockmodel} mods - versions {2.5.1-forge-mc1.20.1}
[138月2026 12:22:33.426] [main/DEBUG] [net.minecraftforge.fml.loading.moddiscovery.ModFileParser/LOADING]: Considering mod file candidate 
[138月2026 12:22:33.427] [main/DEBUG] [net.minecraftforge.fml.loading.moddiscovery.ModFileInfo/LOADING]: Found valid mod file mixinextras-forge-0.3.6.jar with {mixinextras} mods - versions {0.3.6}
[138月2026 12:22:33.450] [main/DEBUG] [net.minecraftforge.fml.loading.moddiscovery.AbstractJarFileDependencyLocator/]: Failed to load resource META-INF\jarjar\metadata.json from YSM_GEO_Compat.jar, it does not contain dependency information.
[138月2026 12:22:33.450] [main/DEBUG] [net.minecraftforge.fml.loading.moddiscovery.AbstractJarFileDependencyLocator/]: Failed to load resource META-INF\jarjar\metadata.json from Registrate-MC1.20-1.3.11.jar, it does not contain dependency information.
[138月2026 12:22:33.455] [main/DEBUG] [net.minecraftforge.fml.loading.moddiscovery.ModFileParser/LOADING]: Considering mod file candidate 
[138月2026 12:22:33.455] [main/DEBUG] [net.minecraftforge.fml.loading.moddiscovery.ModFileInfo/LOADING]: Found valid mod file mixinsquared-forge-0.2.0-beta.6.jar with {mixinsquared} mods - versions {0.2.0-beta.6}
[138月2026 12:22:33.458] [main/DEBUG] [net.minecraftforge.fml.loading.moddiscovery.ModFileParser/LOADING]: Considering mod file candidate 
[138月2026 12:22:33.459] [main/DEBUG] [net.minecraftforge.fml.loading.moddiscovery.ModFileInfo/LOADING]: Found valid mod file mixinextras-forge-0.4.1.jar with {mixinextras} mods - versions {0.4.1}
[138月2026 12:22:33.471] [main/DEBUG] [net.minecraftforge.fml.loading.moddiscovery.ModFileParser/LOADING]: Considering mod file candidate 
[138月2026 12:22:33.473] [main/DEBUG] [net.minecraftforge.fml.loading.moddiscovery.ModFileInfo/LOADING]: Found valid mod file mixinextras-forge-0.3.6.jar with {mixinextras} mods - versions {0.3.6}
[138月2026 12:22:33.478] [main/DEBUG] [net.minecraftforge.fml.loading.moddiscovery.AbstractJarFileDependencyLocator/]: Failed to load resource META-INF\jarjar\metadata.json from rhino-1.8.1.jar, it does not contain dependency information.
[138月2026 12:22:33.478] [main/DEBUG] [net.minecraftforge.fml.loading.moddiscovery.AbstractJarFileDependencyLocator/]: Failed to load resource META-INF\jarjar\metadata.json from mclib-20.jar, it does not contain dependency information.
[138月2026 12:22:33.487] [main/DEBUG] [net.minecraftforge.fml.loading.moddiscovery.AbstractJarFileDependencyLocator/]: Failed to load resource META-INF\jarjar\metadata.json from MixinSquared-0.2.0-beta.6.jar, it does not contain dependency information.
[138月2026 12:22:33.487] [main/DEBUG] [net.minecraftforge.fml.loading.moddiscovery.AbstractJarFileDependencyLocator/]: Failed to load resource META-INF\jarjar\metadata.json from MixinExtras-0.4.1.jar, it does not contain dependency information.
[138月2026 12:22:33.487] [main/DEBUG] [net.minecraftforge.fml.loading.moddiscovery.AbstractJarFileDependencyLocator/]: Failed to load resource META-INF\jarjar\metadata.json from mae-1.1.4.jar, it does not contain dependency information.
[138月2026 12:22:33.492] [main/DEBUG] [net.minecraftforge.fml.loading.moddiscovery.AbstractJarFileDependencyLocator/]: Failed to load resource META-INF\jarjar\metadata.json from MixinExtras-0.3.6.jar, it does not contain dependency information.
[138月2026 12:22:33.492] [main/DEBUG] [net.minecraftforge.fml.loading.moddiscovery.AbstractJarFileDependencyLocator/]: Failed to load resource META-INF\jarjar\metadata.json from MixinSquared-0.2.0-beta.6.jar, it does not contain dependency information.
[138月2026 12:22:33.492] [main/DEBUG] [net.minecraftforge.fml.loading.moddiscovery.AbstractJarFileDependencyLocator/]: Failed to load resource META-INF\jarjar\metadata.json from MixinExtras-0.4.1.jar, it does not contain dependency information.
[138月2026 12:22:33.492] [main/DEBUG] [net.minecraftforge.fml.loading.moddiscovery.AbstractJarFileDependencyLocator/]: Failed to load resource META-INF\jarjar\metadata.json from MixinExtras-0.3.6.jar, it does not contain dependency information.
[138月2026 12:22:33.557] [main/DEBUG] [net.minecraftforge.fml.loading.moddiscovery.ModFileParser/LOADING]: Considering mod file candidate 
[138月2026 12:22:33.557] [main/DEBUG] [net.minecraftforge.fml.loading.moddiscovery.ModFileInfo/LOADING]: Found valid mod file guhaos-vix-1531111-8258354.jar with {vix} mods - versions {1.0.9}
[138月2026 12:22:33.561] [main/DEBUG] [net.minecraftforge.fml.loading.moddiscovery.ModFileParser/LOADING]: Considering mod file candidate 
[138月2026 12:22:33.564] [main/DEBUG] [net.minecraftforge.fml.loading.moddiscovery.ModFileInfo/LOADING]: Found valid mod file YSM_GEO_Compat.jar with {ysm_geo_compat} mods - versions {1.0.0}
[138月2026 12:22:33.565] [main/DEBUG] [net.minecraftforge.fml.loading.moddiscovery.ModFileParser/LOADING]: Considering mod file candidate 
[138月2026 12:22:33.566] [main/DEBUG] [net.minecraftforge.fml.loading.moddiscovery.ModFileInfo/LOADING]: Found valid mod file mixinsquared-forge-0.2.0-beta.6.jar with {mixinsquared} mods - versions {0.2.0-beta.6}
[138月2026 12:22:33.576] [main/DEBUG] [net.minecraftforge.fml.loading.moddiscovery.ModFileParser/LOADING]: Considering mod file candidate 
[138月2026 12:22:33.577] [main/DEBUG] [net.minecraftforge.fml.loading.moddiscovery.ModFileInfo/LOADING]: Found valid mod file geckolib-388172-7025129.jar with {geckolib} mods - versions {4.8.2}
[138月2026 12:22:33.581] [main/DEBUG] [net.minecraftforge.fml.loading.moddiscovery.ModFileParser/LOADING]: Considering mod file candidate 
[138月2026 12:22:33.583] [main/DEBUG] [net.minecraftforge.fml.loading.moddiscovery.ModFileInfo/LOADING]: Found valid mod file mixinextras-forge-0.4.1.jar with {mixinextras} mods - versions {0.4.1}
[138月2026 12:22:33.606] [main/DEBUG] [net.minecraftforge.fml.loading.moddiscovery.ModFileParser/LOADING]: Considering mod file candidate 
[138月2026 12:22:33.607] [main/DEBUG] [net.minecraftforge.fml.loading.moddiscovery.ModFileInfo/LOADING]: Found valid mod file simplebedrockmodel-2.5.1-forge-mc1.20.1.jar with {simplebedrockmodel} mods - versions {2.5.1-forge-mc1.20.1}
[138月2026 12:22:33.609] [main/INFO] [net.minecraftforge.fml.loading.moddiscovery.JarInJarDependencyLocator/]: Found 12 dependencies adding them to mods collection
[138月2026 12:22:33.612] [main/DEBUG] [net.minecraftforge.fml.loading.moddiscovery.ModFileInfo/LOADING]: Found valid mod file server-1.20.1-20230612.114412-srg.jar with {minecraft} mods - versions {1.20.1}
[138月2026 12:22:33.615] [main/DEBUG] [net.minecraftforge.fml.loading.moddiscovery.ModFile/LOADING]: Loading mod file E:\program\JAVA\touhou little maid - unknow sky area\prod_server\libraries\net\minecraft\server\1.20.1-20230612.114412\server-1.20.1-20230612.114412-srg.jar with languages [LanguageSpec[languageName=minecraft, acceptedVersions=1]]
[138月2026 12:22:33.617] [main/DEBUG] [net.minecraftforge.fml.loading.moddiscovery.ModFileParser/LOADING]: Considering mod file candidate E:\program\JAVA\touhou little maid - unknow sky area\prod_server\mods\[无坚不摧] epic-fight-invincible-lib-20.14.8.2-mc1.20.1-forge.jar
[138月2026 12:22:33.617] [main/DEBUG] [net.minecraftforge.fml.loading.moddiscovery.ModFileInfo/LOADING]: Found valid mod file [无坚不摧] epic-fight-invincible-lib-20.14.8.2-mc1.20.1-forge.jar with {invincible} mods - versions {20.14.8.2}
[138月2026 12:22:33.618] [main/DEBUG] [net.minecraftforge.fml.loading.moddiscovery.ModFile/LOADING]: Loading mod file E:\program\JAVA\touhou little maid - unknow sky area\prod_server\mods\[无坚不摧] epic-fight-invincible-lib-20.14.8.2-mc1.20.1-forge.jar with languages [LanguageSpec[languageName=javafml, acceptedVersions=[47,)]]
[138月2026 12:22:33.618] [main/DEBUG] [net.minecraftforge.fml.loading.moddiscovery.ModFileParser/LOADING]: Considering mod file candidate 
[138月2026 12:22:33.618] [main/DEBUG] [net.minecraftforge.fml.loading.moddiscovery.ModFileInfo/LOADING]: Found valid mod file geckolib-388172-7025129.jar with {geckolib} mods - versions {4.8.2}
[138月2026 12:22:33.619] [main/DEBUG] [net.minecraftforge.fml.loading.moddiscovery.ModFile/LOADING]: Loading mod file  with languages [LanguageSpec[languageName=javafml, acceptedVersions=[47,)]]
[138月2026 12:22:33.619] [main/DEBUG] [net.minecraftforge.fml.loading.moddiscovery.ModFileParser/LOADING]: Considering mod file candidate 
[138月2026 12:22:33.619] [main/DEBUG] [net.minecraftforge.fml.loading.moddiscovery.ModFileInfo/LOADING]: Found valid mod file YSM_GEO_Compat.jar with {ysm_geo_compat} mods - versions {1.0.0}
[138月2026 12:22:33.620] [main/DEBUG] [net.minecraftforge.fml.loading.moddiscovery.ModFile/LOADING]: Loading mod file  with languages [LanguageSpec[languageName=javafml, acceptedVersions=[47,)]]
[138月2026 12:22:33.620] [main/DEBUG] [net.minecraftforge.fml.loading.moddiscovery.ModFileParser/LOADING]: Considering mod file candidate E:\program\JAVA\touhou little maid - unknow sky area\prod_server\mods\[奇迹武器] WeaponsOfMiracles-2.0.164-mc1.20.1-forge.jar
[138月2026 12:22:33.620] [main/DEBUG] [net.minecraftforge.fml.loading.moddiscovery.ModFileInfo/LOADING]: Found valid mod file [奇迹武器] WeaponsOfMiracles-2.0.164-mc1.20.1-forge.jar with {wom} mods - versions {2.0.164}
[138月2026 12:22:33.621] [main/DEBUG] [net.minecraftforge.fml.loading.moddiscovery.ModFile/LOADING]: Loading mod file E:\program\JAVA\touhou little maid - unknow sky area\prod_server\mods\[奇迹武器] WeaponsOfMiracles-2.0.164-mc1.20.1-forge.jar with languages [LanguageSpec[languageName=javafml, acceptedVersions=[47,)]]
[138月2026 12:22:33.621] [main/DEBUG] [net.minecraftforge.fml.loading.moddiscovery.ModFileParser/LOADING]: Considering mod file candidate E:\program\JAVA\touhou little maid - unknow sky area\prod_server\mods\CombatEvolution-2.1.10.jar
[138月2026 12:22:33.621] [main/DEBUG] [net.minecraftforge.fml.loading.moddiscovery.ModFileInfo/LOADING]: Found valid mod file CombatEvolution-2.1.10.jar with {combat_evolution} mods - versions {2.1.10}
[138月2026 12:22:33.621] [main/DEBUG] [net.minecraftforge.fml.loading.moddiscovery.ModFile/LOADING]: Loading mod file E:\program\JAVA\touhou little maid - unknow sky area\prod_server\mods\CombatEvolution-2.1.10.jar with languages [LanguageSpec[languageName=javafml, acceptedVersions=[47,)]]
[138月2026 12:22:33.621] [main/DEBUG] [net.minecraftforge.fml.loading.moddiscovery.ModFileParser/LOADING]: Considering mod file candidate E:\program\JAVA\touhou little maid - unknow sky area\prod_server\mods\[车万女仆] touhoulittlemaid-1.5.3-forge+mc1.20.1.jar
[138月2026 12:22:33.622] [main/DEBUG] [net.minecraftforge.fml.loading.moddiscovery.ModFileInfo/LOADING]: Found valid mod file [车万女仆] touhoulittlemaid-1.5.3-forge+mc1.20.1.jar with {touhou_little_maid} mods - versions {1.5.3-forge+mc1.20.1}
[138月2026 12:22:33.622] [main/DEBUG] [net.minecraftforge.fml.loading.moddiscovery.ModFile/LOADING]: Loading mod file E:\program\JAVA\touhou little maid - unknow sky area\prod_server\mods\[车万女仆] touhoulittlemaid-1.5.3-forge+mc1.20.1.jar with languages [LanguageSpec[languageName=javafml, acceptedVersions=[46,)]]
[138月2026 12:22:33.622] [main/DEBUG] [net.minecraftforge.fml.loading.moddiscovery.ModFileParser/LOADING]: Considering mod file candidate 
[138月2026 12:22:33.623] [main/DEBUG] [net.minecraftforge.fml.loading.moddiscovery.ModFileInfo/LOADING]: Found valid mod file simplebedrockmodel-2.5.1-forge-mc1.20.1.jar with {simplebedrockmodel} mods - versions {2.5.1-forge-mc1.20.1}
[138月2026 12:22:33.623] [main/DEBUG] [net.minecraftforge.fml.loading.moddiscovery.ModFile/LOADING]: Loading mod file  with languages [LanguageSpec[languageName=javafml, acceptedVersions=[47,)]]
[138月2026 12:22:33.623] [main/DEBUG] [net.minecraftforge.fml.loading.moddiscovery.ModFileParser/LOADING]: Considering mod file candidate E:\program\JAVA\touhou little maid - unknow sky area\prod_server\mods\epic_fight_avalon-20.12.6.4.jar
[138月2026 12:22:33.623] [main/DEBUG] [net.minecraftforge.fml.loading.moddiscovery.ModFileInfo/LOADING]: Found valid mod file epic_fight_avalon-20.12.6.4.jar with {epic_fight_avalon} mods - versions {20.12.6.4}
[138月2026 12:22:33.623] [main/DEBUG] [net.minecraftforge.fml.loading.moddiscovery.ModFile/LOADING]: Loading mod file E:\program\JAVA\touhou little maid - unknow sky area\prod_server\mods\epic_fight_avalon-20.12.6.4.jar with languages [LanguageSpec[languageName=javafml, acceptedVersions=[47,)]]
[138月2026 12:22:33.623] [main/DEBUG] [net.minecraftforge.fml.loading.moddiscovery.ModFileParser/LOADING]: Considering mod file candidate E:\program\JAVA\touhou little maid - unknow sky area\prod_server\mods\[史诗战斗] epic-fight-20.14.17-mc1.20.1-forge.jar
[138月2026 12:22:33.626] [main/DEBUG] [net.minecraftforge.fml.loading.moddiscovery.ModFileInfo/LOADING]: Found valid mod file [史诗战斗] epic-fight-20.14.17-mc1.20.1-forge.jar with {epicfight} mods - versions {20.14.17}
[138月2026 12:22:33.626] [main/DEBUG] [net.minecraftforge.fml.loading.moddiscovery.ModFile/LOADING]: Loading mod file E:\program\JAVA\touhou little maid - unknow sky area\prod_server\mods\[史诗战斗] epic-fight-20.14.17-mc1.20.1-forge.jar with languages [LanguageSpec[languageName=javafml, acceptedVersions=[47,)]]
[138月2026 12:22:33.626] [main/DEBUG] [net.minecraftforge.fml.loading.moddiscovery.ModFileParser/LOADING]: Considering mod file candidate E:\program\JAVA\touhou little maid - unknow sky area\prod_server\mods\PlayerMobs-1.20.1-4.1.0.37.jar
[138月2026 12:22:33.627] [main/DEBUG] [net.minecraftforge.fml.loading.moddiscovery.ModFileInfo/LOADING]: Found valid mod file PlayerMobs-1.20.1-4.1.0.37.jar with {player_mobs} mods - versions {4.1.0.37}
[138月2026 12:22:33.627] [main/DEBUG] [net.minecraftforge.fml.loading.moddiscovery.ModFile/LOADING]: Loading mod file E:\program\JAVA\touhou little maid - unknow sky area\prod_server\mods\PlayerMobs-1.20.1-4.1.0.37.jar with languages [LanguageSpec[languageName=javafml, acceptedVersions=[46,)]]
[138月2026 12:22:33.627] [main/DEBUG] [net.minecraftforge.fml.loading.moddiscovery.ModFileParser/LOADING]: Considering mod file candidate 
[138月2026 12:22:33.628] [main/DEBUG] [net.minecraftforge.fml.loading.moddiscovery.ModFileInfo/LOADING]: Found valid mod file guhaos-vix-1531111-8258354.jar with {vix} mods - versions {1.0.9}
[138月2026 12:22:33.628] [main/DEBUG] [net.minecraftforge.fml.loading.moddiscovery.ModFile/LOADING]: Loading mod file  with languages [LanguageSpec[languageName=javafml, acceptedVersions=[47,)]]
[138月2026 12:22:33.628] [main/DEBUG] [net.minecraftforge.fml.loading.moddiscovery.ModFileParser/LOADING]: Considering mod file candidate E:\program\JAVA\touhou little maid - unknow sky area\prod_server\mods\[烦人的村民] AnnoyingVillagers-1.20.1-1.4.7.jar
[138月2026 12:22:33.629] [main/DEBUG] [net.minecraftforge.fml.loading.moddiscovery.ModFileInfo/LOADING]: Found valid mod file [烦人的村民] AnnoyingVillagers-1.20.1-1.4.7.jar with {annoyingvillagers} mods - versions {1.4.7}
[138月2026 12:22:33.629] [main/DEBUG] [net.minecraftforge.fml.loading.moddiscovery.ModFile/LOADING]: Loading mod file E:\program\JAVA\touhou little maid - unknow sky area\prod_server\mods\[烦人的村民] AnnoyingVillagers-1.20.1-1.4.7.jar with languages [LanguageSpec[languageName=javafml, acceptedVersions=[47,)]]
[138月2026 12:22:33.629] [main/DEBUG] [net.minecraftforge.fml.loading.moddiscovery.ModFileParser/LOADING]: Considering mod file candidate E:\program\JAVA\touhou little maid - unknow sky area\prod_server\mods\architectury-9.2.14-forge.jar
[138月2026 12:22:33.630] [main/DEBUG] [net.minecraftforge.fml.loading.moddiscovery.ModFileInfo/LOADING]: Found valid mod file architectury-9.2.14-forge.jar with {architectury} mods - versions {9.2.14}
[138月2026 12:22:33.630] [main/DEBUG] [net.minecraftforge.fml.loading.moddiscovery.ModFile/LOADING]: Loading mod file E:\program\JAVA\touhou little maid - unknow sky area\prod_server\mods\architectury-9.2.14-forge.jar with languages [LanguageSpec[languageName=javafml, acceptedVersions=[46,)]]
[138月2026 12:22:33.630] [main/DEBUG] [net.minecraftforge.fml.loading.moddiscovery.ModFileParser/LOADING]: Considering mod file candidate E:\program\JAVA\touhou little maid - unknow sky area\prod_server\mods\[史诗战斗：夜幕] EpicFight Nightfall-3.4.0.jar
[138月2026 12:22:33.631] [main/DEBUG] [net.minecraftforge.fml.loading.moddiscovery.ModFileInfo/LOADING]: Found valid mod file [史诗战斗：夜幕] EpicFight Nightfall-3.4.0.jar with {efn} mods - versions {3.4.0}
[138月2026 12:22:33.631] [main/DEBUG] [net.minecraftforge.fml.loading.moddiscovery.ModFile/LOADING]: Loading mod file E:\program\JAVA\touhou little maid - unknow sky area\prod_server\mods\[史诗战斗：夜幕] EpicFight Nightfall-3.4.0.jar with languages [LanguageSpec[languageName=javafml, acceptedVersions=[47,)]]
[138月2026 12:22:33.632] [main/DEBUG] [net.minecraftforge.fml.loading.moddiscovery.ModFileParser/LOADING]: Considering mod file candidate E:\program\JAVA\touhou little maid - unknow sky area\prod_server\mods\[史诗战斗：冲击之刃] Epicfight-ClashBlade-1.20.1-2.1.jar
[138月2026 12:22:33.632] [main/DEBUG] [net.minecraftforge.fml.loading.moddiscovery.ModFileInfo/LOADING]: Found valid mod file [史诗战斗：冲击之刃] Epicfight-ClashBlade-1.20.1-2.1.jar with {efclash_blade} mods - versions {2.1}
[138月2026 12:22:33.632] [main/DEBUG] [net.minecraftforge.fml.loading.moddiscovery.ModFile/LOADING]: Loading mod file E:\program\JAVA\touhou little maid - unknow sky area\prod_server\mods\[史诗战斗：冲击之刃] Epicfight-ClashBlade-1.20.1-2.1.jar with languages [LanguageSpec[languageName=javafml, acceptedVersions=[47,)]]
[138月2026 12:22:33.633] [main/DEBUG] [net.minecraftforge.fml.loading.moddiscovery.ModFileParser/LOADING]: Considering mod file candidate E:\program\JAVA\touhou little maid - unknow sky area\prod_server\mods\[史诗战斗：车万女仆] [史诗战斗：车万女仆]EpicFight_TouhouLittleMaid-1.20.1-1.3.2-all.jar
[138月2026 12:22:33.634] [main/DEBUG] [net.minecraftforge.fml.loading.moddiscovery.ModFileInfo/LOADING]: Found valid mod file [史诗战斗：车万女仆] [史诗战斗：车万女仆]EpicFight_TouhouLittleMaid-1.20.1-1.3.2-all.jar with {ef_tlm} mods - versions {1.3.2}
[138月2026 12:22:33.634] [main/DEBUG] [net.minecraftforge.fml.loading.moddiscovery.ModFile/LOADING]: Loading mod file E:\program\JAVA\touhou little maid - unknow sky area\prod_server\mods\[史诗战斗：车万女仆] [史诗战斗：车万女仆]EpicFight_TouhouLittleMaid-1.20.1-1.3.2-all.jar with languages [LanguageSpec[languageName=javafml, acceptedVersions=[47,)]]
[138月2026 12:22:33.634] [main/DEBUG] [net.minecraftforge.fml.loading.moddiscovery.ModFileParser/LOADING]: Considering mod file candidate E:\program\JAVA\touhou little maid - unknow sky area\prod_server\mods\ywzj_vehicle-1.20.1-0.5.8.jar
[138月2026 12:22:33.635] [main/DEBUG] [net.minecraftforge.fml.loading.moddiscovery.ModFileInfo/LOADING]: Found valid mod file ywzj_vehicle-1.20.1-0.5.8.jar with {ywzj_vehicle} mods - versions {0.5.8}
[138月2026 12:22:33.635] [main/DEBUG] [net.minecraftforge.fml.loading.moddiscovery.ModFile/LOADING]: Loading mod file E:\program\JAVA\touhou little maid - unknow sky area\prod_server\mods\ywzj_vehicle-1.20.1-0.5.8.jar with languages [LanguageSpec[languageName=javafml, acceptedVersions=[47,)]]
[138月2026 12:22:33.635] [main/DEBUG] [net.minecraftforge.fml.loading.moddiscovery.ModFileParser/LOADING]: Considering mod file candidate E:\program\JAVA\touhou little maid - unknow sky area\prod_server\libraries\net\minecraftforge\forge\1.20.1-47.4.13\forge-1.20.1-47.4.13-universal.jar
[138月2026 12:22:33.636] [main/DEBUG] [net.minecraftforge.fml.loading.moddiscovery.ModFileInfo/LOADING]: Found valid mod file forge-1.20.1-47.4.13-universal.jar with {forge} mods - versions {47.4.13}
[138月2026 12:22:33.636] [main/DEBUG] [net.minecraftforge.fml.loading.moddiscovery.ModFile/LOADING]: Loading mod file E:\program\JAVA\touhou little maid - unknow sky area\prod_server\libraries\net\minecraftforge\forge\1.20.1-47.4.13\forge-1.20.1-47.4.13-universal.jar with languages [LanguageSpec[languageName=javafml, acceptedVersions=[24,]]]
[138月2026 12:22:33.638] [main/DEBUG] [net.minecraftforge.fml.loading.moddiscovery.ModFileParser/LOADING]: Found coremod field_to_method with Javascript path coremods/field_to_method.js
[138月2026 12:22:33.638] [main/DEBUG] [net.minecraftforge.fml.loading.moddiscovery.ModFileParser/LOADING]: Found coremod field_to_instanceof with Javascript path coremods/field_to_instanceof.js
[138月2026 12:22:33.638] [main/DEBUG] [net.minecraftforge.fml.loading.moddiscovery.ModFileParser/LOADING]: Found coremod add_bouncer_method with Javascript path coremods/add_bouncer_method.js
[138月2026 12:22:33.638] [main/DEBUG] [net.minecraftforge.fml.loading.moddiscovery.ModFileParser/LOADING]: Found coremod method_redirector with Javascript path coremods/method_redirector.js
[138月2026 12:22:33.639] [main/DEBUG] [net.minecraftforge.fml.loading.moddiscovery.ModFile/LOADING]: Found coremod coremods/field_to_method.js
[138月2026 12:22:33.639] [main/DEBUG] [net.minecraftforge.fml.loading.moddiscovery.ModFile/LOADING]: Found coremod coremods/field_to_instanceof.js
[138月2026 12:22:33.639] [main/DEBUG] [net.minecraftforge.fml.loading.moddiscovery.ModFile/LOADING]: Found coremod coremods/add_bouncer_method.js
[138月2026 12:22:33.639] [main/DEBUG] [net.minecraftforge.fml.loading.moddiscovery.ModFile/LOADING]: Found coremod coremods/method_redirector.js
[138月2026 12:22:33.639] [main/DEBUG] [net.minecraftforge.fml.loading.moddiscovery.ModFileParser/LOADING]: Considering mod file candidate E:\program\JAVA\touhou little maid - unknow sky area\prod_server\mods\eftlm_stylish-1.0.0.jar
[138月2026 12:22:33.640] [main/DEBUG] [net.minecraftforge.fml.loading.moddiscovery.ModFileInfo/LOADING]: Found valid mod file eftlm_stylish-1.0.0.jar with {eftlm_stylish} mods - versions {1.0.0}
[138月2026 12:22:33.642] [main/DEBUG] [net.minecraftforge.fml.loading.moddiscovery.ModFile/LOADING]: Loading mod file E:\program\JAVA\touhou little maid - unknow sky area\prod_server\mods\eftlm_stylish-1.0.0.jar with languages [LanguageSpec[languageName=javafml, acceptedVersions=[47,)]]
[138月2026 12:22:33.642] [main/DEBUG] [net.minecraftforge.fml.loading.moddiscovery.ModFile/LOADING]: Loading mod file  with languages []
[138月2026 12:22:33.642] [main/DEBUG] [net.minecraftforge.fml.loading.moddiscovery.ModFileParser/LOADING]: Considering mod file candidate 
[138月2026 12:22:33.643] [main/DEBUG] [net.minecraftforge.fml.loading.moddiscovery.ModFileInfo/LOADING]: Found valid mod file mixinsquared-forge-0.2.0-beta.6.jar with {mixinsquared} mods - versions {0.2.0-beta.6}
[138月2026 12:22:33.643] [main/DEBUG] [net.minecraftforge.fml.loading.moddiscovery.ModFile/LOADING]: Loading mod file  with languages [LanguageSpec[languageName=javafml, acceptedVersions=*]]
[138月2026 12:22:33.643] [main/DEBUG] [net.minecraftforge.fml.loading.moddiscovery.ModFile/LOADING]: Loading mod file  with languages []
[138月2026 12:22:33.643] [main/DEBUG] [net.minecraftforge.fml.loading.moddiscovery.ModFile/LOADING]: Loading mod file  with languages []
[138月2026 12:22:33.643] [main/DEBUG] [net.minecraftforge.fml.loading.moddiscovery.ModFile/LOADING]: Loading mod file  with languages []
[138月2026 12:22:33.643] [main/DEBUG] [net.minecraftforge.fml.loading.moddiscovery.ModFile/LOADING]: Loading mod file  with languages []
[138月2026 12:22:33.643] [main/DEBUG] [net.minecraftforge.fml.loading.moddiscovery.ModFileParser/LOADING]: Considering mod file candidate 
[138月2026 12:22:33.644] [main/DEBUG] [net.minecraftforge.fml.loading.moddiscovery.ModFileInfo/LOADING]: Found valid mod file mixinextras-forge-0.4.1.jar with {mixinextras} mods - versions {0.4.1}
[138月2026 12:22:33.644] [main/DEBUG] [net.minecraftforge.fml.loading.moddiscovery.ModFile/LOADING]: Loading mod file  with languages [LanguageSpec[languageName=javafml, acceptedVersions=*]]
[138月2026 12:22:33.644] [main/DEBUG] [net.minecraftforge.fml.loading.moddiscovery.ModFile/LOADING]: Loading mod file  with languages []
[138月2026 12:22:33.644] [main/DEBUG] [net.minecraftforge.fml.loading.moddiscovery.ModFile/LOADING]: Loading mod file  with languages []
[138月2026 12:22:33.644] [main/DEBUG] [net.minecraftforge.fml.loading.moddiscovery.ModFileParser/LOADING]: Considering mod file candidate 
[138月2026 12:22:33.645] [main/DEBUG] [net.minecraftforge.fml.loading.moddiscovery.ModFileInfo/LOADING]: Found valid mod file mixinsquared-forge-0.2.0-beta.6.jar with {mixinsquared} mods - versions {0.2.0-beta.6}
[138月2026 12:22:33.645] [main/DEBUG] [net.minecraftforge.fml.loading.moddiscovery.ModFile/LOADING]: Loading mod file  with languages [LanguageSpec[languageName=javafml, acceptedVersions=*]]
[138月2026 12:22:33.645] [main/DEBUG] [net.minecraftforge.fml.loading.moddiscovery.ModFile/LOADING]: Loading mod file  with languages []
[138月2026 12:22:33.645] [main/DEBUG] [net.minecraftforge.fml.loading.moddiscovery.ModFile/LOADING]: Loading mod file  with languages []
[138月2026 12:22:33.645] [main/DEBUG] [net.minecraftforge.fml.loading.moddiscovery.ModFile/LOADING]: Loading mod file  with languages []
[138月2026 12:22:33.647] [main/DEBUG] [net.minecraftforge.fml.loading.moddiscovery.ModFile/LOADING]: Loading mod file  with languages []
[138月2026 12:22:33.647] [main/DEBUG] [net.minecraftforge.fml.loading.moddiscovery.ModFileParser/LOADING]: Considering mod file candidate 
[138月2026 12:22:33.647] [main/DEBUG] [net.minecraftforge.fml.loading.moddiscovery.ModFileInfo/LOADING]: Found valid mod file mixinextras-forge-0.4.1.jar with {mixinextras} mods - versions {0.4.1}
[138月2026 12:22:33.648] [main/DEBUG] [net.minecraftforge.fml.loading.moddiscovery.ModFile/LOADING]: Loading mod file  with languages [LanguageSpec[languageName=javafml, acceptedVersions=*]]
[138月2026 12:22:33.648] [main/DEBUG] [net.minecraftforge.fml.loading.moddiscovery.ModFile/LOADING]: Loading mod file  with languages []
[138月2026 12:22:33.649] [main/DEBUG] [cpw.mods.modlauncher.TransformationServiceDecorator/MODLAUNCHER]: End scan trigger - transformation service fml
[138月2026 12:22:33.659] [main/DEBUG] [net.minecraftforge.fml.loading.LanguageLoadingProvider/CORE]: Found 3 language providers
[138月2026 12:22:33.660] [main/DEBUG] [net.minecraftforge.fml.loading.LanguageLoadingProvider/CORE]: Found language provider minecraft, version 1.0
[138月2026 12:22:33.662] [main/DEBUG] [net.minecraftforge.fml.loading.LanguageLoadingProvider/CORE]: Found language provider lowcodefml, version 47
[138月2026 12:22:33.662] [main/DEBUG] [net.minecraftforge.fml.loading.LanguageLoadingProvider/CORE]: Found language provider javafml, version 47
[138月2026 12:22:33.666] [main/DEBUG] [net.minecraftforge.fml.loading.UniqueModListBuilder/]: Found 2 mods for first modid mclib, selecting most recent based on version data
[138月2026 12:22:33.666] [main/DEBUG] [net.minecraftforge.fml.loading.UniqueModListBuilder/]: Selected file mclib-20.jar for modid mclib with version 0.0NONE
[138月2026 12:22:33.668] [main/DEBUG] [net.minecraftforge.fml.loading.UniqueModListBuilder/]: Found 2 mods for first modid mixinsquared, selecting most recent based on version data
[138月2026 12:22:33.668] [main/DEBUG] [net.minecraftforge.fml.loading.UniqueModListBuilder/]: Selected file mixinsquared-forge-0.2.0-beta.6.jar for modid mixinsquared with version 0.2.0-beta.6
[138月2026 12:22:33.668] [main/DEBUG] [net.minecraftforge.fml.loading.UniqueModListBuilder/]: Found 2 mods for first modid mae, selecting most recent based on version data
[138月2026 12:22:33.668] [main/DEBUG] [net.minecraftforge.fml.loading.UniqueModListBuilder/]: Selected file mae-1.1.4.jar for modid mae with version 0.0NONE
[138月2026 12:22:33.668] [main/DEBUG] [net.minecraftforge.fml.loading.UniqueModListBuilder/]: Found 2 mods for first modid org.mozillaa.rhino, selecting most recent based on version data
[138月2026 12:22:33.668] [main/DEBUG] [net.minecraftforge.fml.loading.UniqueModListBuilder/]: Selected file rhino-1.8.1.jar for modid org.mozillaa.rhino with version 1.8.1-SNAPSHOT
[138月2026 12:22:33.668] [main/DEBUG] [net.minecraftforge.fml.loading.UniqueModListBuilder/]: Found 2 mods for first modid MixinSquared.beta._6, selecting most recent based on version data
[138月2026 12:22:33.668] [main/DEBUG] [net.minecraftforge.fml.loading.UniqueModListBuilder/]: Selected file MixinSquared-0.2.0-beta.6.jar for modid MixinSquared.beta._6 with version 0.0NONE
[138月2026 12:22:33.668] [main/DEBUG] [net.minecraftforge.fml.loading.UniqueModListBuilder/]: Found 2 mods for first modid Registrate.MC1._20, selecting most recent based on version data
[138月2026 12:22:33.668] [main/DEBUG] [net.minecraftforge.fml.loading.UniqueModListBuilder/]: Selected file Registrate-MC1.20-1.3.11.jar for modid Registrate.MC1._20 with version 0.0NONE
[138月2026 12:22:33.668] [main/DEBUG] [net.minecraftforge.fml.loading.UniqueModListBuilder/]: Found 2 mods for first modid mixinextras, selecting most recent based on version data
[138月2026 12:22:33.668] [main/DEBUG] [net.minecraftforge.fml.loading.UniqueModListBuilder/]: Selected file mixinextras-forge-0.4.1.jar for modid mixinextras with version 0.4.1
[138月2026 12:22:33.668] [main/DEBUG] [net.minecraftforge.fml.loading.UniqueModListBuilder/]: Found 2 mods for first modid MixinExtras, selecting most recent based on version data
[138月2026 12:22:33.669] [main/DEBUG] [net.minecraftforge.fml.loading.UniqueModListBuilder/]: Selected file MixinExtras-0.4.1.jar for modid MixinExtras with version 0.0NONE
[138月2026 12:22:33.670] [main/DEBUG] [net.minecraftforge.fml.loading.ModSorter/]: Configured system mods: [minecraft, forge]
[138月2026 12:22:33.671] [main/DEBUG] [net.minecraftforge.fml.loading.ModSorter/]: Found system mod: minecraft
[138月2026 12:22:33.671] [main/DEBUG] [net.minecraftforge.fml.loading.ModSorter/]: Found system mod: forge
[138月2026 12:22:33.672] [main/DEBUG] [net.minecraftforge.fml.loading.ModSorter/LOADING]: Found 62 mod requirements (53 mandatory, 9 optional)
[138月2026 12:22:33.675] [main/DEBUG] [net.minecraftforge.fml.loading.ModSorter/LOADING]: Found 0 mod requirements missing (0 mandatory, 0 optional)
[138月2026 12:22:34.196] [main/DEBUG] [cpw.mods.modlauncher.TransformationServicesHandler/MODLAUNCHER]: Transformation services loading transformers
[138月2026 12:22:34.197] [main/DEBUG] [cpw.mods.modlauncher.TransformationServiceDecorator/MODLAUNCHER]: Initializing transformers for transformation service mixin
[138月2026 12:22:34.198] [main/DEBUG] [cpw.mods.modlauncher.TransformationServiceDecorator/MODLAUNCHER]: Initialized transformers for transformation service mixin
[138月2026 12:22:34.199] [main/DEBUG] [cpw.mods.modlauncher.TransformationServiceDecorator/MODLAUNCHER]: Initializing transformers for transformation service fml
[138月2026 12:22:34.199] [main/DEBUG] [net.minecraftforge.fml.loading.FMLServiceProvider/CORE]: Loading coremod transformers
[138月2026 12:22:34.199] [main/DEBUG] [net.minecraftforge.coremod.CoreModEngine/COREMOD]: Loading CoreMod from coremods/field_to_method.js
[138月2026 12:22:34.525] [main/DEBUG] [net.minecraftforge.coremod.CoreModEngine/COREMOD]: CoreMod loaded successfully
[138月2026 12:22:34.525] [main/DEBUG] [net.minecraftforge.coremod.CoreModEngine/COREMOD]: Loading CoreMod from coremods/field_to_instanceof.js
[138月2026 12:22:34.710] [main/DEBUG] [net.minecraftforge.coremod.CoreModEngine/COREMOD]: CoreMod loaded successfully
[138月2026 12:22:34.710] [main/DEBUG] [net.minecraftforge.coremod.CoreModEngine/COREMOD]: Loading CoreMod from coremods/add_bouncer_method.js
[138月2026 12:22:34.777] [main/DEBUG] [net.minecraftforge.coremod.CoreModEngine/COREMOD]: CoreMod loaded successfully
[138月2026 12:22:34.777] [main/DEBUG] [net.minecraftforge.coremod.CoreModEngine/COREMOD]: Loading CoreMod from coremods/method_redirector.js
[138月2026 12:22:34.887] [main/DEBUG] [net.minecraftforge.coremod.CoreModEngine/COREMOD]: CoreMod loaded successfully
[138月2026 12:22:34.909] [main/DEBUG] [cpw.mods.modlauncher.TransformStore/MODLAUNCHER]: Adding transformer net.minecraftforge.coremod.transformer.CoreModClassTransformer@793d163b to Target : CLASS {Lnet/minecraft/world/level/biome/Biome;} {} {V}
[138月2026 12:22:34.913] [main/DEBUG] [cpw.mods.modlauncher.TransformStore/MODLAUNCHER]: Adding transformer net.minecraftforge.coremod.transformer.CoreModClassTransformer@4976085 to Target : CLASS {Lnet/minecraft/world/level/levelgen/structure/Structure;} {} {V}
[138月2026 12:22:34.913] [main/DEBUG] [cpw.mods.modlauncher.TransformStore/MODLAUNCHER]: Adding transformer net.minecraftforge.coremod.transformer.CoreModClassTransformer@777d191f to Target : CLASS {Lnet/minecraft/world/effect/MobEffectInstance;} {} {V}
[138月2026 12:22:34.913] [main/DEBUG] [cpw.mods.modlauncher.TransformStore/MODLAUNCHER]: Adding transformer net.minecraftforge.coremod.transformer.CoreModClassTransformer@7fc420b8 to Target : CLASS {Lnet/minecraft/world/level/block/LiquidBlock;} {} {V}
[138月2026 12:22:34.913] [main/DEBUG] [cpw.mods.modlauncher.TransformStore/MODLAUNCHER]: Adding transformer net.minecraftforge.coremod.transformer.CoreModClassTransformer@31142d58 to Target : CLASS {Lnet/minecraft/world/item/BucketItem;} {} {V}
[138月2026 12:22:34.914] [main/DEBUG] [cpw.mods.modlauncher.TransformStore/MODLAUNCHER]: Adding transformer net.minecraftforge.coremod.transformer.CoreModClassTransformer@e38f0b7 to Target : CLASS {Lnet/minecraft/world/level/block/StairBlock;} {} {V}
[138月2026 12:22:34.914] [main/DEBUG] [cpw.mods.modlauncher.TransformStore/MODLAUNCHER]: Adding transformer net.minecraftforge.coremod.transformer.CoreModClassTransformer@1192b58e to Target : CLASS {Lnet/minecraft/world/level/block/FlowerPotBlock;} {} {V}
[138月2026 12:22:34.914] [main/DEBUG] [cpw.mods.modlauncher.TransformStore/MODLAUNCHER]: Adding transformer net.minecraftforge.coremod.transformer.CoreModClassTransformer@4f8d86e4 to Target : CLASS {Lnet/minecraft/world/item/ItemStack;} {} {V}
[138月2026 12:22:34.914] [main/DEBUG] [cpw.mods.modlauncher.TransformStore/MODLAUNCHER]: Adding transformer net.minecraftforge.coremod.transformer.CoreModClassTransformer@5f631ca0 to Target : CLASS {Lnet/minecraft/network/play/client/CClientSettingsPacket;} {} {V}
[138月2026 12:22:34.914] [main/DEBUG] [cpw.mods.modlauncher.TransformStore/MODLAUNCHER]: Adding transformer net.minecraftforge.coremod.transformer.CoreModClassTransformer@1697f2b3 to Target : CLASS {Lnet/minecraft/world/level/levelgen/PhantomSpawner;} {} {V}
[138月2026 12:22:34.914] [main/DEBUG] [cpw.mods.modlauncher.TransformStore/MODLAUNCHER]: Adding transformer net.minecraftforge.coremod.transformer.CoreModClassTransformer@1697f2b3 to Target : CLASS {Lnet/minecraft/world/entity/ai/village/VillageSiege;} {} {V}
[138月2026 12:22:34.914] [main/DEBUG] [cpw.mods.modlauncher.TransformStore/MODLAUNCHER]: Adding transformer net.minecraftforge.coremod.transformer.CoreModClassTransformer@1697f2b3 to Target : CLASS {Lnet/minecraft/world/entity/monster/Evoker$EvokerSummonSpellGoal;} {} {V}
[138月2026 12:22:34.914] [main/DEBUG] [cpw.mods.modlauncher.TransformStore/MODLAUNCHER]: Adding transformer net.minecraftforge.coremod.transformer.CoreModClassTransformer@1697f2b3 to Target : CLASS {Lnet/minecraft/world/level/levelgen/PatrolSpawner;} {} {V}
[138月2026 12:22:34.914] [main/DEBUG] [cpw.mods.modlauncher.TransformStore/MODLAUNCHER]: Adding transformer net.minecraftforge.coremod.transformer.CoreModClassTransformer@1697f2b3 to Target : CLASS {Lnet/minecraft/server/commands/SummonCommand;} {} {V}
[138月2026 12:22:34.915] [main/DEBUG] [cpw.mods.modlauncher.TransformStore/MODLAUNCHER]: Adding transformer net.minecraftforge.coremod.transformer.CoreModClassTransformer@1697f2b3 to Target : CLASS {Lnet/minecraft/world/entity/monster/ZombieVillager;} {} {V}
[138月2026 12:22:34.915] [main/DEBUG] [cpw.mods.modlauncher.TransformStore/MODLAUNCHER]: Adding transformer net.minecraftforge.coremod.transformer.CoreModClassTransformer@1697f2b3 to Target : CLASS {Lnet/minecraft/world/level/levelgen/structure/structures/OceanMonumentPieces$OceanMonumentPiece;} {} {V}
[138月2026 12:22:34.915] [main/DEBUG] [cpw.mods.modlauncher.TransformStore/MODLAUNCHER]: Adding transformer net.minecraftforge.coremod.transformer.CoreModClassTransformer@1697f2b3 to Target : CLASS {Lnet/minecraft/world/entity/raid/Raid;} {} {V}
[138月2026 12:22:34.915] [main/DEBUG] [cpw.mods.modlauncher.TransformStore/MODLAUNCHER]: Adding transformer net.minecraftforge.coremod.transformer.CoreModClassTransformer@1697f2b3 to Target : CLASS {Lnet/minecraft/world/entity/animal/frog/Tadpole;} {} {V}
[138月2026 12:22:34.915] [main/DEBUG] [cpw.mods.modlauncher.TransformStore/MODLAUNCHER]: Adding transformer net.minecraftforge.coremod.transformer.CoreModClassTransformer@1697f2b3 to Target : CLASS {Lnet/minecraft/world/level/levelgen/structure/structures/OceanRuinPieces$OceanRuinPiece;} {} {V}
[138月2026 12:22:34.915] [main/DEBUG] [cpw.mods.modlauncher.TransformStore/MODLAUNCHER]: Adding transformer net.minecraftforge.coremod.transformer.CoreModClassTransformer@1697f2b3 to Target : CLASS {Lnet/minecraft/world/level/levelgen/structure/structures/WoodlandMansionPieces$WoodlandMansionPiece;} {} {V}
[138月2026 12:22:34.915] [main/DEBUG] [cpw.mods.modlauncher.TransformStore/MODLAUNCHER]: Adding transformer net.minecraftforge.coremod.transformer.CoreModClassTransformer@1697f2b3 to Target : CLASS {Lnet/minecraft/world/entity/animal/horse/SkeletonTrapGoal;} {} {V}
[138月2026 12:22:34.915] [main/DEBUG] [cpw.mods.modlauncher.TransformStore/MODLAUNCHER]: Adding transformer net.minecraftforge.coremod.transformer.CoreModClassTransformer@1697f2b3 to Target : CLASS {Lnet/minecraft/world/entity/monster/Spider;} {} {V}
[138月2026 12:22:34.915] [main/DEBUG] [cpw.mods.modlauncher.TransformStore/MODLAUNCHER]: Adding transformer net.minecraftforge.coremod.transformer.CoreModClassTransformer@1697f2b3 to Target : CLASS {Lnet/minecraft/world/entity/npc/Villager;} {} {V}
[138月2026 12:22:34.915] [main/DEBUG] [cpw.mods.modlauncher.TransformStore/MODLAUNCHER]: Adding transformer net.minecraftforge.coremod.transformer.CoreModClassTransformer@1697f2b3 to Target : CLASS {Lnet/minecraft/server/commands/RaidCommand;} {} {V}
[138月2026 12:22:34.915] [main/DEBUG] [cpw.mods.modlauncher.TransformStore/MODLAUNCHER]: Adding transformer net.minecraftforge.coremod.transformer.CoreModClassTransformer@1697f2b3 to Target : CLASS {Lnet/minecraft/world/entity/EntityType;} {} {V}
[138月2026 12:22:34.915] [main/DEBUG] [cpw.mods.modlauncher.TransformStore/MODLAUNCHER]: Adding transformer net.minecraftforge.coremod.transformer.CoreModClassTransformer@1697f2b3 to Target : CLASS {Lnet/minecraft/world/level/levelgen/structure/templatesystem/StructureTemplate;} {} {V}
[138月2026 12:22:34.915] [main/DEBUG] [cpw.mods.modlauncher.TransformStore/MODLAUNCHER]: Adding transformer net.minecraftforge.coremod.transformer.CoreModClassTransformer@1697f2b3 to Target : CLASS {Lnet/minecraft/world/level/NaturalSpawner;} {} {V}
[138月2026 12:22:34.915] [main/DEBUG] [cpw.mods.modlauncher.TransformStore/MODLAUNCHER]: Adding transformer net.minecraftforge.coremod.transformer.CoreModClassTransformer@1697f2b3 to Target : CLASS {Lnet/minecraft/world/level/levelgen/structure/structures/SwampHutPiece;} {} {V}
[138月2026 12:22:34.915] [main/DEBUG] [cpw.mods.modlauncher.TransformStore/MODLAUNCHER]: Adding transformer net.minecraftforge.coremod.transformer.CoreModClassTransformer@1697f2b3 to Target : CLASS {Lnet/minecraft/world/entity/monster/Strider;} {} {V}
[138月2026 12:22:34.916] [main/DEBUG] [cpw.mods.modlauncher.TransformStore/MODLAUNCHER]: Adding transformer net.minecraftforge.coremod.transformer.CoreModClassTransformer@1697f2b3 to Target : CLASS {Lnet/minecraft/world/entity/monster/Zombie;} {} {V}
[138月2026 12:22:34.916] [main/DEBUG] [cpw.mods.modlauncher.TransformStore/MODLAUNCHER]: Adding transformer net.minecraftforge.coremod.transformer.CoreModClassTransformer@1697f2b3 to Target : CLASS {Lnet/minecraft/world/entity/npc/CatSpawner;} {} {V}
[138月2026 12:22:34.916] [main/DEBUG] [cpw.mods.modlauncher.TransformationServiceDecorator/MODLAUNCHER]: Initialized transformers for transformation service fml
[138月2026 12:22:35.549] [main/DEBUG] [mixin/]: Processing prepare() for PlatformAgent[MixinPlatformAgentDefault:ModLauncher Root Container(ModLauncher:4f56a0a2)]
[138月2026 12:22:35.549] [main/DEBUG] [mixin/]: Processing launch tasks for PlatformAgent[MixinPlatformAgentDefault:ModLauncher Root Container(ModLauncher:4f56a0a2)]
[138月2026 12:22:35.550] [main/DEBUG] [mixin/]: Adding mixin platform agents for container SecureJarResource(minecraft)
[138月2026 12:22:35.550] [main/DEBUG] [mixin/]: Instancing new MixinPlatformAgentMinecraftForge for SecureJarResource(minecraft)
[138月2026 12:22:35.550] [main/DEBUG] [mixin/]: MixinPlatformAgentMinecraftForge rejected container SecureJarResource(minecraft)
[138月2026 12:22:35.550] [main/DEBUG] [mixin/]: Instancing new MixinPlatformAgentDefault for SecureJarResource(minecraft)
[138月2026 12:22:35.550] [main/DEBUG] [mixin/]: MixinPlatformAgentDefault accepted container SecureJarResource(minecraft)
[138月2026 12:22:35.551] [main/DEBUG] [mixin/]: Processing prepare() for PlatformAgent[MixinPlatformAgentDefault:SecureJarResource(minecraft)]
[138月2026 12:22:35.551] [main/DEBUG] [mixin/]: Adding mixin platform agents for container SecureJarResource(invincible)
[138月2026 12:22:35.551] [main/DEBUG] [mixin/]: Instancing new MixinPlatformAgentMinecraftForge for SecureJarResource(invincible)
[138月2026 12:22:35.551] [main/DEBUG] [mixin/]: MixinPlatformAgentMinecraftForge rejected container SecureJarResource(invincible)
[138月2026 12:22:35.551] [main/DEBUG] [mixin/]: Instancing new MixinPlatformAgentDefault for SecureJarResource(invincible)
[138月2026 12:22:35.551] [main/DEBUG] [mixin/]: MixinPlatformAgentDefault accepted container SecureJarResource(invincible)
[138月2026 12:22:35.551] [main/DEBUG] [mixin/]: Processing prepare() for PlatformAgent[MixinPlatformAgentDefault:SecureJarResource(invincible)]
[138月2026 12:22:35.553] [main/DEBUG] [mixin/]: Registering mixin config: invincible.mixins.json
[138月2026 12:22:35.608] [main/DEBUG] [mixin/]: Compatibility level JAVA_17 specified by invincible.mixins.json is higher than the maximum level supported by this version of mixin (JAVA_13).
[138月2026 12:22:35.621] [main/INFO] [mixin/]: Compatibility level set to JAVA_17
[138月2026 12:22:35.623] [main/DEBUG] [mixin/]: Adding mixin platform agents for container SecureJarResource(mixinsquared)
[138月2026 12:22:35.623] [main/DEBUG] [mixin/]: Instancing new MixinPlatformAgentMinecraftForge for SecureJarResource(mixinsquared)
[138月2026 12:22:35.623] [main/DEBUG] [mixin/]: MixinPlatformAgentMinecraftForge rejected container SecureJarResource(mixinsquared)
[138月2026 12:22:35.623] [main/DEBUG] [mixin/]: Instancing new MixinPlatformAgentDefault for SecureJarResource(mixinsquared)
[138月2026 12:22:35.623] [main/DEBUG] [mixin/]: MixinPlatformAgentDefault accepted container SecureJarResource(mixinsquared)
[138月2026 12:22:35.623] [main/DEBUG] [mixin/]: Processing prepare() for PlatformAgent[MixinPlatformAgentDefault:SecureJarResource(mixinsquared)]
[138月2026 12:22:35.623] [main/DEBUG] [mixin/]: Registering mixin config: mixinsquared.init.mixins.json
[138月2026 12:22:35.634] [main/DEBUG] [mixin/]: Adding mixin platform agents for container SecureJarResource(geckolib)
[138月2026 12:22:35.635] [main/DEBUG] [mixin/]: Instancing new MixinPlatformAgentMinecraftForge for SecureJarResource(geckolib)
[138月2026 12:22:35.635] [main/DEBUG] [mixin/]: MixinPlatformAgentMinecraftForge rejected container SecureJarResource(geckolib)
[138月2026 12:22:35.635] [main/DEBUG] [mixin/]: Instancing new MixinPlatformAgentDefault for SecureJarResource(geckolib)
[138月2026 12:22:35.635] [main/DEBUG] [mixin/]: MixinPlatformAgentDefault accepted container SecureJarResource(geckolib)
[138月2026 12:22:35.636] [main/DEBUG] [mixin/]: Processing prepare() for PlatformAgent[MixinPlatformAgentDefault:SecureJarResource(geckolib)]
[138月2026 12:22:35.636] [main/DEBUG] [mixin/]: Registering mixin config: geckolib.mixins.json
[138月2026 12:22:35.642] [main/DEBUG] [mixin/]: Adding mixin platform agents for container SecureJarResource(combat_evolution)
[138月2026 12:22:35.644] [main/DEBUG] [mixin/]: Instancing new MixinPlatformAgentMinecraftForge for SecureJarResource(combat_evolution)
[138月2026 12:22:35.645] [main/DEBUG] [mixin/]: MixinPlatformAgentMinecraftForge rejected container SecureJarResource(combat_evolution)
[138月2026 12:22:35.645] [main/DEBUG] [mixin/]: Instancing new MixinPlatformAgentDefault for SecureJarResource(combat_evolution)
[138月2026 12:22:35.645] [main/DEBUG] [mixin/]: MixinPlatformAgentDefault accepted container SecureJarResource(combat_evolution)
[138月2026 12:22:35.645] [main/DEBUG] [mixin/]: Processing prepare() for PlatformAgent[MixinPlatformAgentDefault:SecureJarResource(combat_evolution)]
[138月2026 12:22:35.645] [main/DEBUG] [mixin/]: Registering mixin config: combat_evolution.mixins.json
[138月2026 12:22:35.650] [main/DEBUG] [mixin/]: Adding mixin platform agents for container SecureJarResource(touhou_little_maid)
[138月2026 12:22:35.653] [main/DEBUG] [mixin/]: Instancing new MixinPlatformAgentMinecraftForge for SecureJarResource(touhou_little_maid)
[138月2026 12:22:35.654] [main/DEBUG] [mixin/]: MixinPlatformAgentMinecraftForge rejected container SecureJarResource(touhou_little_maid)
[138月2026 12:22:35.654] [main/DEBUG] [mixin/]: Instancing new MixinPlatformAgentDefault for SecureJarResource(touhou_little_maid)
[138月2026 12:22:35.654] [main/DEBUG] [mixin/]: MixinPlatformAgentDefault accepted container SecureJarResource(touhou_little_maid)
[138月2026 12:22:35.654] [main/DEBUG] [mixin/]: Processing prepare() for PlatformAgent[MixinPlatformAgentDefault:SecureJarResource(touhou_little_maid)]
[138月2026 12:22:35.654] [main/DEBUG] [mixin/]: Registering mixin config: touhou_little_maid.mixins.json
[138月2026 12:22:35.656] [main/DEBUG] [mixin/]: Adding mixin platform agents for container SecureJarResource(simplebedrockmodel)
[138月2026 12:22:35.656] [main/DEBUG] [mixin/]: Instancing new MixinPlatformAgentMinecraftForge for SecureJarResource(simplebedrockmodel)
[138月2026 12:22:35.656] [main/DEBUG] [mixin/]: MixinPlatformAgentMinecraftForge rejected container SecureJarResource(simplebedrockmodel)
[138月2026 12:22:35.656] [main/DEBUG] [mixin/]: Instancing new MixinPlatformAgentDefault for SecureJarResource(simplebedrockmodel)
[138月2026 12:22:35.656] [main/DEBUG] [mixin/]: MixinPlatformAgentDefault accepted container SecureJarResource(simplebedrockmodel)
[138月2026 12:22:35.656] [main/DEBUG] [mixin/]: Processing prepare() for PlatformAgent[MixinPlatformAgentDefault:SecureJarResource(simplebedrockmodel)]
[138月2026 12:22:35.658] [main/DEBUG] [mixin/]: Registering mixin config: simplebedrockmodel.mixins.json
[138月2026 12:22:35.662] [main/DEBUG] [mixin/]: Compatibility level JAVA_8 specified by simplebedrockmodel.mixins.json is lower than the default level supported by the current mixin service (JAVA_16).
[138月2026 12:22:35.663] [main/DEBUG] [mixin/]: Adding mixin platform agents for container SecureJarResource(epicfight)
[138月2026 12:22:35.663] [main/DEBUG] [mixin/]: Instancing new MixinPlatformAgentMinecraftForge for SecureJarResource(epicfight)
[138月2026 12:22:35.664] [main/DEBUG] [mixin/]: MixinPlatformAgentMinecraftForge rejected container SecureJarResource(epicfight)
[138月2026 12:22:35.664] [main/DEBUG] [mixin/]: Instancing new MixinPlatformAgentDefault for SecureJarResource(epicfight)
[138月2026 12:22:35.664] [main/DEBUG] [mixin/]: MixinPlatformAgentDefault accepted container SecureJarResource(epicfight)
[138月2026 12:22:35.664] [main/DEBUG] [mixin/]: Processing prepare() for PlatformAgent[MixinPlatformAgentDefault:SecureJarResource(epicfight)]
[138月2026 12:22:35.664] [main/DEBUG] [mixin/]: Registering mixin config: mixins.epicfight.json
[138月2026 12:22:35.666] [main/DEBUG] [mixin/]: Adding mixin platform agents for container SecureJarResource(wom)
[138月2026 12:22:35.666] [main/DEBUG] [mixin/]: Instancing new MixinPlatformAgentMinecraftForge for SecureJarResource(wom)
[138月2026 12:22:35.667] [main/DEBUG] [mixin/]: MixinPlatformAgentMinecraftForge rejected container SecureJarResource(wom)
[138月2026 12:22:35.667] [main/DEBUG] [mixin/]: Instancing new MixinPlatformAgentDefault for SecureJarResource(wom)
[138月2026 12:22:35.667] [main/DEBUG] [mixin/]: MixinPlatformAgentDefault accepted container SecureJarResource(wom)
[138月2026 12:22:35.667] [main/DEBUG] [mixin/]: Processing prepare() for PlatformAgent[MixinPlatformAgentDefault:SecureJarResource(wom)]
[138月2026 12:22:35.668] [main/DEBUG] [mixin/]: Registering mixin config: mixins.wom.json
[138月2026 12:22:35.671] [main/DEBUG] [mixin/]: Adding mixin platform agents for container SecureJarResource(epic_fight_avalon)
[138月2026 12:22:35.671] [main/DEBUG] [mixin/]: Instancing new MixinPlatformAgentMinecraftForge for SecureJarResource(epic_fight_avalon)
[138月2026 12:22:35.671] [main/DEBUG] [mixin/]: MixinPlatformAgentMinecraftForge rejected container SecureJarResource(epic_fight_avalon)
[138月2026 12:22:35.671] [main/DEBUG] [mixin/]: Instancing new MixinPlatformAgentDefault for SecureJarResource(epic_fight_avalon)
[138月2026 12:22:35.671] [main/DEBUG] [mixin/]: MixinPlatformAgentDefault accepted container SecureJarResource(epic_fight_avalon)
[138月2026 12:22:35.671] [main/DEBUG] [mixin/]: Processing prepare() for PlatformAgent[MixinPlatformAgentDefault:SecureJarResource(epic_fight_avalon)]
[138月2026 12:22:35.671] [main/DEBUG] [mixin/]: Registering mixin config: epic_fight_avalon.mixins.json
[138月2026 12:22:35.674] [main/DEBUG] [mixin/]: Adding mixin platform agents for container SecureJarResource(player_mobs)
[138月2026 12:22:35.676] [main/DEBUG] [mixin/]: Instancing new MixinPlatformAgentMinecraftForge for SecureJarResource(player_mobs)
[138月2026 12:22:35.676] [main/DEBUG] [mixin/]: MixinPlatformAgentMinecraftForge rejected container SecureJarResource(player_mobs)
[138月2026 12:22:35.676] [main/DEBUG] [mixin/]: Instancing new MixinPlatformAgentDefault for SecureJarResource(player_mobs)
[138月2026 12:22:35.676] [main/DEBUG] [mixin/]: MixinPlatformAgentDefault accepted container SecureJarResource(player_mobs)
[138月2026 12:22:35.677] [main/DEBUG] [mixin/]: Processing prepare() for PlatformAgent[MixinPlatformAgentDefault:SecureJarResource(player_mobs)]
[138月2026 12:22:35.677] [main/DEBUG] [mixin/]: Adding mixin platform agents for container SecureJarResource(mixinextras)
[138月2026 12:22:35.677] [main/DEBUG] [mixin/]: Instancing new MixinPlatformAgentMinecraftForge for SecureJarResource(mixinextras)
[138月2026 12:22:35.677] [main/DEBUG] [mixin/]: MixinPlatformAgentMinecraftForge rejected container SecureJarResource(mixinextras)
[138月2026 12:22:35.677] [main/DEBUG] [mixin/]: Instancing new MixinPlatformAgentDefault for SecureJarResource(mixinextras)
[138月2026 12:22:35.677] [main/DEBUG] [mixin/]: MixinPlatformAgentDefault accepted container SecureJarResource(mixinextras)
[138月2026 12:22:35.677] [main/DEBUG] [mixin/]: Processing prepare() for PlatformAgent[MixinPlatformAgentDefault:SecureJarResource(mixinextras)]
[138月2026 12:22:35.677] [main/DEBUG] [mixin/]: Registering mixin config: mixinextras.init.mixins.json
[138月2026 12:22:35.680] [main/DEBUG] [mixin/]: Adding mixin platform agents for container SecureJarResource(vix)
[138月2026 12:22:35.680] [main/DEBUG] [mixin/]: Instancing new MixinPlatformAgentMinecraftForge for SecureJarResource(vix)
[138月2026 12:22:35.682] [main/DEBUG] [mixin/]: MixinPlatformAgentMinecraftForge rejected container SecureJarResource(vix)
[138月2026 12:22:35.682] [main/DEBUG] [mixin/]: Instancing new MixinPlatformAgentDefault for SecureJarResource(vix)
[138月2026 12:22:35.683] [main/DEBUG] [mixin/]: MixinPlatformAgentDefault accepted container SecureJarResource(vix)
[138月2026 12:22:35.683] [main/DEBUG] [mixin/]: Processing prepare() for PlatformAgent[MixinPlatformAgentDefault:SecureJarResource(vix)]
[138月2026 12:22:35.683] [main/DEBUG] [mixin/]: Registering mixin config: vix.mixins.json
[138月2026 12:22:35.685] [main/DEBUG] [mixin/]: Adding mixin platform agents for container SecureJarResource(architectury)
[138月2026 12:22:35.687] [main/DEBUG] [mixin/]: Instancing new MixinPlatformAgentMinecraftForge for SecureJarResource(architectury)
[138月2026 12:22:35.689] [main/DEBUG] [mixin/]: MixinPlatformAgentMinecraftForge rejected container SecureJarResource(architectury)
[138月2026 12:22:35.690] [main/DEBUG] [mixin/]: Instancing new MixinPlatformAgentDefault for SecureJarResource(architectury)
[138月2026 12:22:35.690] [main/DEBUG] [mixin/]: MixinPlatformAgentDefault accepted container SecureJarResource(architectury)
[138月2026 12:22:35.690] [main/DEBUG] [mixin/]: Processing prepare() for PlatformAgent[MixinPlatformAgentDefault:SecureJarResource(architectury)]
[138月2026 12:22:35.690] [main/DEBUG] [mixin/]: Registering mixin config: architectury.mixins.json
[138月2026 12:22:35.692] [main/DEBUG] [mixin/]: Compatibility level JAVA_16 specified by architectury.mixins.json is higher than the maximum level supported by this version of mixin (JAVA_13).
[138月2026 12:22:35.694] [main/DEBUG] [mixin/]: Registering mixin config: architectury-common.mixins.json
[138月2026 12:22:35.697] [main/DEBUG] [mixin/]: Compatibility level JAVA_16 specified by architectury-common.mixins.json is higher than the maximum level supported by this version of mixin (JAVA_13).
[138月2026 12:22:35.698] [main/DEBUG] [mixin/]: Adding mixin platform agents for container SecureJarResource(efn)
[138月2026 12:22:35.698] [main/DEBUG] [mixin/]: Instancing new MixinPlatformAgentMinecraftForge for SecureJarResource(efn)
[138月2026 12:22:35.699] [main/DEBUG] [mixin/]: MixinPlatformAgentMinecraftForge rejected container SecureJarResource(efn)
[138月2026 12:22:35.700] [main/DEBUG] [mixin/]: Instancing new MixinPlatformAgentDefault for SecureJarResource(efn)
[138月2026 12:22:35.702] [main/DEBUG] [mixin/]: MixinPlatformAgentDefault accepted container SecureJarResource(efn)
[138月2026 12:22:35.703] [main/DEBUG] [mixin/]: Processing prepare() for PlatformAgent[MixinPlatformAgentDefault:SecureJarResource(efn)]
[138月2026 12:22:35.703] [main/DEBUG] [mixin/]: Registering mixin config: efn.mixins.json
[138月2026 12:22:35.708] [main/DEBUG] [mixin/]: Adding mixin platform agents for container SecureJarResource(annoyingvillagers)
[138月2026 12:22:35.709] [main/DEBUG] [mixin/]: Instancing new MixinPlatformAgentMinecraftForge for SecureJarResource(annoyingvillagers)
[138月2026 12:22:35.710] [main/DEBUG] [mixin/]: MixinPlatformAgentMinecraftForge rejected container SecureJarResource(annoyingvillagers)
[138月2026 12:22:35.710] [main/DEBUG] [mixin/]: Instancing new MixinPlatformAgentDefault for SecureJarResource(annoyingvillagers)
[138月2026 12:22:35.711] [main/DEBUG] [mixin/]: MixinPlatformAgentDefault accepted container SecureJarResource(annoyingvillagers)
[138月2026 12:22:35.711] [main/DEBUG] [mixin/]: Processing prepare() for PlatformAgent[MixinPlatformAgentDefault:SecureJarResource(annoyingvillagers)]
[138月2026 12:22:35.711] [main/DEBUG] [mixin/]: Registering mixin config: annoyingvillagers.mixins.json
[138月2026 12:22:35.713] [main/DEBUG] [mixin/]: Adding mixin platform agents for container SecureJarResource(efclash_blade)
[138月2026 12:22:35.713] [main/DEBUG] [mixin/]: Instancing new MixinPlatformAgentMinecraftForge for SecureJarResource(efclash_blade)
[138月2026 12:22:35.713] [main/DEBUG] [mixin/]: MixinPlatformAgentMinecraftForge rejected container SecureJarResource(efclash_blade)
[138月2026 12:22:35.715] [main/DEBUG] [mixin/]: Instancing new MixinPlatformAgentDefault for SecureJarResource(efclash_blade)
[138月2026 12:22:35.715] [main/DEBUG] [mixin/]: MixinPlatformAgentDefault accepted container SecureJarResource(efclash_blade)
[138月2026 12:22:35.716] [main/DEBUG] [mixin/]: Processing prepare() for PlatformAgent[MixinPlatformAgentDefault:SecureJarResource(efclash_blade)]
[138月2026 12:22:35.716] [main/DEBUG] [mixin/]: Adding mixin platform agents for container SecureJarResource(ywzj_vehicle)
[138月2026 12:22:35.717] [main/DEBUG] [mixin/]: Instancing new MixinPlatformAgentMinecraftForge for SecureJarResource(ywzj_vehicle)
[138月2026 12:22:35.718] [main/DEBUG] [mixin/]: MixinPlatformAgentMinecraftForge rejected container SecureJarResource(ywzj_vehicle)
[138月2026 12:22:35.719] [main/DEBUG] [mixin/]: Instancing new MixinPlatformAgentDefault for SecureJarResource(ywzj_vehicle)
[138月2026 12:22:35.719] [main/DEBUG] [mixin/]: MixinPlatformAgentDefault accepted container SecureJarResource(ywzj_vehicle)
[138月2026 12:22:35.719] [main/DEBUG] [mixin/]: Processing prepare() for PlatformAgent[MixinPlatformAgentDefault:SecureJarResource(ywzj_vehicle)]
[138月2026 12:22:35.719] [main/DEBUG] [mixin/]: Registering mixin config: mixins.ywzj_vehicle.json
[138月2026 12:22:35.723] [main/DEBUG] [mixin/]: Adding mixin platform agents for container SecureJarResource(ef_tlm)
[138月2026 12:22:35.725] [main/DEBUG] [mixin/]: Instancing new MixinPlatformAgentMinecraftForge for SecureJarResource(ef_tlm)
[138月2026 12:22:35.725] [main/DEBUG] [mixin/]: MixinPlatformAgentMinecraftForge rejected container SecureJarResource(ef_tlm)
[138月2026 12:22:35.725] [main/DEBUG] [mixin/]: Instancing new MixinPlatformAgentDefault for SecureJarResource(ef_tlm)
[138月2026 12:22:35.726] [main/DEBUG] [mixin/]: MixinPlatformAgentDefault accepted container SecureJarResource(ef_tlm)
[138月2026 12:22:35.726] [main/DEBUG] [mixin/]: Processing prepare() for PlatformAgent[MixinPlatformAgentDefault:SecureJarResource(ef_tlm)]
[138月2026 12:22:35.726] [main/DEBUG] [mixin/]: Registering mixin config: ef_tlm.mixins.json
[138月2026 12:22:35.727] [main/DEBUG] [mixin/]: Adding mixin platform agents for container SecureJarResource(ysm_geo_compat)
[138月2026 12:22:35.727] [main/DEBUG] [mixin/]: Instancing new MixinPlatformAgentMinecraftForge for SecureJarResource(ysm_geo_compat)
[138月2026 12:22:35.727] [main/DEBUG] [mixin/]: MixinPlatformAgentMinecraftForge rejected container SecureJarResource(ysm_geo_compat)
[138月2026 12:22:35.727] [main/DEBUG] [mixin/]: Instancing new MixinPlatformAgentDefault for SecureJarResource(ysm_geo_compat)
[138月2026 12:22:35.727] [main/DEBUG] [mixin/]: MixinPlatformAgentDefault accepted container SecureJarResource(ysm_geo_compat)
[138月2026 12:22:35.727] [main/DEBUG] [mixin/]: Processing prepare() for PlatformAgent[MixinPlatformAgentDefault:SecureJarResource(ysm_geo_compat)]
[138月2026 12:22:35.727] [main/DEBUG] [mixin/]: Registering mixin config: ysm_geo_compat.eftlm.mixins.json
[138月2026 12:22:35.729] [main/DEBUG] [mixin/]: Adding mixin platform agents for container SecureJarResource(forge)
[138月2026 12:22:35.729] [main/DEBUG] [mixin/]: Instancing new MixinPlatformAgentMinecraftForge for SecureJarResource(forge)
[138月2026 12:22:35.729] [main/DEBUG] [mixin/]: MixinPlatformAgentMinecraftForge rejected container SecureJarResource(forge)
[138月2026 12:22:35.729] [main/DEBUG] [mixin/]: Instancing new MixinPlatformAgentDefault for SecureJarResource(forge)
[138月2026 12:22:35.729] [main/DEBUG] [mixin/]: MixinPlatformAgentDefault accepted container SecureJarResource(forge)
[138月2026 12:22:35.729] [main/DEBUG] [mixin/]: Processing prepare() for PlatformAgent[MixinPlatformAgentDefault:SecureJarResource(forge)]
[138月2026 12:22:35.729] [main/DEBUG] [mixin/]: Adding mixin platform agents for container SecureJarResource(eftlm_stylish)
[138月2026 12:22:35.729] [main/DEBUG] [mixin/]: Instancing new MixinPlatformAgentMinecraftForge for SecureJarResource(eftlm_stylish)
[138月2026 12:22:35.729] [main/DEBUG] [mixin/]: MixinPlatformAgentMinecraftForge rejected container SecureJarResource(eftlm_stylish)
[138月2026 12:22:35.729] [main/DEBUG] [mixin/]: Instancing new MixinPlatformAgentDefault for SecureJarResource(eftlm_stylish)
[138月2026 12:22:35.729] [main/DEBUG] [mixin/]: MixinPlatformAgentDefault accepted container SecureJarResource(eftlm_stylish)
[138月2026 12:22:35.729] [main/DEBUG] [mixin/]: Processing prepare() for PlatformAgent[MixinPlatformAgentDefault:SecureJarResource(eftlm_stylish)]
[138月2026 12:22:35.729] [main/DEBUG] [mixin/]: Adding mixin platform agents for container SecureJarResource(mclib)
[138月2026 12:22:35.731] [main/DEBUG] [mixin/]: Instancing new MixinPlatformAgentMinecraftForge for SecureJarResource(mclib)
[138月2026 12:22:35.731] [main/DEBUG] [mixin/]: MixinPlatformAgentMinecraftForge rejected container SecureJarResource(mclib)
[138月2026 12:22:35.731] [main/DEBUG] [mixin/]: Instancing new MixinPlatformAgentDefault for SecureJarResource(mclib)
[138月2026 12:22:35.731] [main/DEBUG] [mixin/]: MixinPlatformAgentDefault accepted container SecureJarResource(mclib)
[138月2026 12:22:35.731] [main/DEBUG] [mixin/]: Processing prepare() for PlatformAgent[MixinPlatformAgentDefault:SecureJarResource(mclib)]
[138月2026 12:22:35.731] [main/DEBUG] [mixin/]: Adding mixin platform agents for container SecureJarResource(mae)
[138月2026 12:22:35.731] [main/DEBUG] [mixin/]: Instancing new MixinPlatformAgentMinecraftForge for SecureJarResource(mae)
[138月2026 12:22:35.731] [main/DEBUG] [mixin/]: MixinPlatformAgentMinecraftForge rejected container SecureJarResource(mae)
[138月2026 12:22:35.731] [main/DEBUG] [mixin/]: Instancing new MixinPlatformAgentDefault for SecureJarResource(mae)
[138月2026 12:22:35.731] [main/DEBUG] [mixin/]: MixinPlatformAgentDefault accepted container SecureJarResource(mae)
[138月2026 12:22:35.731] [main/DEBUG] [mixin/]: Processing prepare() for PlatformAgent[MixinPlatformAgentDefault:SecureJarResource(mae)]
[138月2026 12:22:35.731] [main/DEBUG] [mixin/]: Adding mixin platform agents for container SecureJarResource(org.mozillaa.rhino)
[138月2026 12:22:35.731] [main/DEBUG] [mixin/]: Instancing new MixinPlatformAgentMinecraftForge for SecureJarResource(org.mozillaa.rhino)
[138月2026 12:22:35.731] [main/DEBUG] [mixin/]: MixinPlatformAgentMinecraftForge rejected container SecureJarResource(org.mozillaa.rhino)
[138月2026 12:22:35.731] [main/DEBUG] [mixin/]: Instancing new MixinPlatformAgentDefault for SecureJarResource(org.mozillaa.rhino)
[138月2026 12:22:35.731] [main/DEBUG] [mixin/]: MixinPlatformAgentDefault accepted container SecureJarResource(org.mozillaa.rhino)
[138月2026 12:22:35.731] [main/DEBUG] [mixin/]: Processing prepare() for PlatformAgent[MixinPlatformAgentDefault:SecureJarResource(org.mozillaa.rhino)]
[138月2026 12:22:35.731] [main/DEBUG] [mixin/]: Adding mixin platform agents for container SecureJarResource(MixinSquared.beta._6)
[138月2026 12:22:35.732] [main/DEBUG] [mixin/]: Instancing new MixinPlatformAgentMinecraftForge for SecureJarResource(MixinSquared.beta._6)
[138月2026 12:22:35.732] [main/DEBUG] [mixin/]: MixinPlatformAgentMinecraftForge rejected container SecureJarResource(MixinSquared.beta._6)
[138月2026 12:22:35.732] [main/DEBUG] [mixin/]: Instancing new MixinPlatformAgentDefault for SecureJarResource(MixinSquared.beta._6)
[138月2026 12:22:35.732] [main/DEBUG] [mixin/]: MixinPlatformAgentDefault accepted container SecureJarResource(MixinSquared.beta._6)
[138月2026 12:22:35.732] [main/DEBUG] [mixin/]: Processing prepare() for PlatformAgent[MixinPlatformAgentDefault:SecureJarResource(MixinSquared.beta._6)]
[138月2026 12:22:35.732] [main/DEBUG] [mixin/]: Adding mixin platform agents for container SecureJarResource(Registrate.MC1._20)
[138月2026 12:22:35.732] [main/DEBUG] [mixin/]: Instancing new MixinPlatformAgentMinecraftForge for SecureJarResource(Registrate.MC1._20)
[138月2026 12:22:35.732] [main/DEBUG] [mixin/]: MixinPlatformAgentMinecraftForge rejected container SecureJarResource(Registrate.MC1._20)
[138月2026 12:22:35.732] [main/DEBUG] [mixin/]: Instancing new MixinPlatformAgentDefault for SecureJarResource(Registrate.MC1._20)
[138月2026 12:22:35.732] [main/DEBUG] [mixin/]: MixinPlatformAgentDefault accepted container SecureJarResource(Registrate.MC1._20)
[138月2026 12:22:35.732] [main/DEBUG] [mixin/]: Processing prepare() for PlatformAgent[MixinPlatformAgentDefault:SecureJarResource(Registrate.MC1._20)]
[138月2026 12:22:35.732] [main/DEBUG] [mixin/]: Adding mixin platform agents for container SecureJarResource(MixinExtras)
[138月2026 12:22:35.732] [main/DEBUG] [mixin/]: Instancing new MixinPlatformAgentMinecraftForge for SecureJarResource(MixinExtras)
[138月2026 12:22:35.733] [main/DEBUG] [mixin/]: MixinPlatformAgentMinecraftForge rejected container SecureJarResource(MixinExtras)
[138月2026 12:22:35.733] [main/DEBUG] [mixin/]: Instancing new MixinPlatformAgentDefault for SecureJarResource(MixinExtras)
[138月2026 12:22:35.733] [main/DEBUG] [mixin/]: MixinPlatformAgentDefault accepted container SecureJarResource(MixinExtras)
[138月2026 12:22:35.733] [main/DEBUG] [mixin/]: Processing prepare() for PlatformAgent[MixinPlatformAgentDefault:SecureJarResource(MixinExtras)]
[138月2026 12:22:35.733] [main/DEBUG] [mixin/]: inject() running with 29 agents
[138月2026 12:22:35.733] [main/DEBUG] [mixin/]: Processing inject() for PlatformAgent[MixinPlatformAgentDefault:ModLauncher Root Container(ModLauncher:4f56a0a2)]
[138月2026 12:22:35.733] [main/DEBUG] [mixin/]: Processing inject() for PlatformAgent[MixinPlatformAgentDefault:SecureJarResource(minecraft)]
[138月2026 12:22:35.733] [main/DEBUG] [mixin/]: Processing inject() for PlatformAgent[MixinPlatformAgentDefault:SecureJarResource(invincible)]
[138月2026 12:22:35.733] [main/DEBUG] [mixin/]: Processing inject() for PlatformAgent[MixinPlatformAgentDefault:SecureJarResource(mixinsquared)]
[138月2026 12:22:35.733] [main/DEBUG] [mixin/]: Processing inject() for PlatformAgent[MixinPlatformAgentDefault:SecureJarResource(geckolib)]
[138月2026 12:22:35.733] [main/DEBUG] [mixin/]: Processing inject() for PlatformAgent[MixinPlatformAgentDefault:SecureJarResource(combat_evolution)]
[138月2026 12:22:35.734] [main/DEBUG] [mixin/]: Processing inject() for PlatformAgent[MixinPlatformAgentDefault:SecureJarResource(touhou_little_maid)]
[138月2026 12:22:35.734] [main/DEBUG] [mixin/]: Processing inject() for PlatformAgent[MixinPlatformAgentDefault:SecureJarResource(simplebedrockmodel)]
[138月2026 12:22:35.734] [main/DEBUG] [mixin/]: Processing inject() for PlatformAgent[MixinPlatformAgentDefault:SecureJarResource(epicfight)]
[138月2026 12:22:35.734] [main/DEBUG] [mixin/]: Processing inject() for PlatformAgent[MixinPlatformAgentDefault:SecureJarResource(wom)]
[138月2026 12:22:35.734] [main/DEBUG] [mixin/]: Processing inject() for PlatformAgent[MixinPlatformAgentDefault:SecureJarResource(epic_fight_avalon)]
[138月2026 12:22:35.734] [main/DEBUG] [mixin/]: Processing inject() for PlatformAgent[MixinPlatformAgentDefault:SecureJarResource(player_mobs)]
[138月2026 12:22:35.734] [main/DEBUG] [mixin/]: Processing inject() for PlatformAgent[MixinPlatformAgentDefault:SecureJarResource(mixinextras)]
[138月2026 12:22:35.735] [main/DEBUG] [mixin/]: Processing inject() for PlatformAgent[MixinPlatformAgentDefault:SecureJarResource(vix)]
[138月2026 12:22:35.735] [main/DEBUG] [mixin/]: Processing inject() for PlatformAgent[MixinPlatformAgentDefault:SecureJarResource(architectury)]
[138月2026 12:22:35.735] [main/DEBUG] [mixin/]: Processing inject() for PlatformAgent[MixinPlatformAgentDefault:SecureJarResource(efn)]
[138月2026 12:22:35.735] [main/DEBUG] [mixin/]: Processing inject() for PlatformAgent[MixinPlatformAgentDefault:SecureJarResource(annoyingvillagers)]
[138月2026 12:22:35.735] [main/DEBUG] [mixin/]: Processing inject() for PlatformAgent[MixinPlatformAgentDefault:SecureJarResource(efclash_blade)]
[138月2026 12:22:35.735] [main/DEBUG] [mixin/]: Processing inject() for PlatformAgent[MixinPlatformAgentDefault:SecureJarResource(ywzj_vehicle)]
[138月2026 12:22:35.735] [main/DEBUG] [mixin/]: Processing inject() for PlatformAgent[MixinPlatformAgentDefault:SecureJarResource(ef_tlm)]
[138月2026 12:22:35.735] [main/DEBUG] [mixin/]: Processing inject() for PlatformAgent[MixinPlatformAgentDefault:SecureJarResource(ysm_geo_compat)]
[138月2026 12:22:35.735] [main/DEBUG] [mixin/]: Processing inject() for PlatformAgent[MixinPlatformAgentDefault:SecureJarResource(forge)]
[138月2026 12:22:35.735] [main/DEBUG] [mixin/]: Processing inject() for PlatformAgent[MixinPlatformAgentDefault:SecureJarResource(eftlm_stylish)]
[138月2026 12:22:35.735] [main/DEBUG] [mixin/]: Processing inject() for PlatformAgent[MixinPlatformAgentDefault:SecureJarResource(mclib)]
[138月2026 12:22:35.735] [main/DEBUG] [mixin/]: Processing inject() for PlatformAgent[MixinPlatformAgentDefault:SecureJarResource(mae)]
[138月2026 12:22:35.735] [main/DEBUG] [mixin/]: Processing inject() for PlatformAgent[MixinPlatformAgentDefault:SecureJarResource(org.mozillaa.rhino)]
[138月2026 12:22:35.735] [main/DEBUG] [mixin/]: Processing inject() for PlatformAgent[MixinPlatformAgentDefault:SecureJarResource(MixinSquared.beta._6)]
[138月2026 12:22:35.735] [main/DEBUG] [mixin/]: Processing inject() for PlatformAgent[MixinPlatformAgentDefault:SecureJarResource(Registrate.MC1._20)]
[138月2026 12:22:35.735] [main/DEBUG] [mixin/]: Processing inject() for PlatformAgent[MixinPlatformAgentDefault:SecureJarResource(MixinExtras)]
[138月2026 12:22:35.736] [main/INFO] [cpw.mods.modlauncher.LaunchServiceHandler/MODLAUNCHER]: Launching target 'forgeserver' with arguments [nogui]
[138月2026 12:22:35.946] [main/DEBUG] [mixin/]: Error cleaning class output directory: .mixin.out
[138月2026 12:22:35.949] [main/DEBUG] [mixin/]: Preparing mixins for MixinEnvironment[DEFAULT]
[138月2026 12:22:35.951] [main/DEBUG] [mixin/]: Selecting config invincible.mixins.json
[138月2026 12:22:35.957] [main/DEBUG] [mixin/]: Selecting config mixinsquared.init.mixins.json
[138月2026 12:22:36.011] [main/DEBUG] [mixin/]: Registering new target selector for @mixinsquared:handler with com.bawnorton.mixinsquared.selector.DynamicSelectorHandler
[138月2026 12:22:36.040] [main/DEBUG] [mixin/]: Selecting config geckolib.mixins.json
[138月2026 12:22:36.042] [main/DEBUG] [mixin/]: Selecting config combat_evolution.mixins.json
[138月2026 12:22:36.043] [main/DEBUG] [mixin/]: Selecting config touhou_little_maid.mixins.json
[138月2026 12:22:36.051] [main/DEBUG] [mixin/]: Selecting config simplebedrockmodel.mixins.json
[138月2026 12:22:36.052] [main/DEBUG] [mixin/]: Selecting config mixins.epicfight.json
[138月2026 12:22:36.055] [main/DEBUG] [mixin/]: Selecting config mixins.wom.json
[138月2026 12:22:36.056] [main/DEBUG] [mixin/]: Selecting config epic_fight_avalon.mixins.json
[138月2026 12:22:36.057] [main/DEBUG] [mixin/]: Selecting config mixinextras.init.mixins.json
[138月2026 12:22:36.140] [main/DEBUG] [MixinExtras|Service/]: com.llamalad7.mixinextras.service.MixinExtrasServiceImpl(version=0.4.1) is taking over from null
[138月2026 12:22:36.234] [main/DEBUG] [mixin/]: Registering new injector for @Inject with org.spongepowered.asm.mixin.injection.struct.CallbackInjectionInfo
[138月2026 12:22:36.240] [main/DEBUG] [mixin/]: Registering new injector for @ModifyArg with org.spongepowered.asm.mixin.injection.struct.ModifyArgInjectionInfo
[138月2026 12:22:36.243] [main/DEBUG] [mixin/]: Registering new injector for @ModifyArgs with org.spongepowered.asm.mixin.injection.struct.ModifyArgsInjectionInfo
[138月2026 12:22:36.246] [main/DEBUG] [mixin/]: Registering new injector for @Redirect with org.spongepowered.asm.mixin.injection.struct.RedirectInjectionInfo
[138月2026 12:22:36.249] [main/DEBUG] [mixin/]: Registering new injector for @ModifyVariable with org.spongepowered.asm.mixin.injection.struct.ModifyVariableInjectionInfo
[138月2026 12:22:36.252] [main/DEBUG] [mixin/]: Registering new injector for @ModifyConstant with org.spongepowered.asm.mixin.injection.struct.ModifyConstantInjectionInfo
[138月2026 12:22:36.276] [main/DEBUG] [mixin/]: Selecting config vix.mixins.json
[138月2026 12:22:36.289] [main/DEBUG] [mixin/]: Selecting config architectury.mixins.json
[138月2026 12:22:36.292] [main/DEBUG] [mixin/]: Selecting config architectury-common.mixins.json
[138月2026 12:22:36.294] [main/DEBUG] [mixin/]: Selecting config efn.mixins.json
[138月2026 12:22:36.315] [main/DEBUG] [mixin/]: Selecting config annoyingvillagers.mixins.json
[138月2026 12:22:36.320] [main/DEBUG] [mixin/]: Selecting config mixins.ywzj_vehicle.json
[138月2026 12:22:36.321] [main/DEBUG] [mixin/]: Selecting config ef_tlm.mixins.json
[138月2026 12:22:36.322] [main/DEBUG] [mixin/]: Selecting config ysm_geo_compat.eftlm.mixins.json
[138月2026 12:22:36.324] [main/DEBUG] [mixin/]: Preparing invincible.mixins.json (8)
[138月2026 12:22:36.410] [main/DEBUG] [mixin/]: Preparing mixinsquared.init.mixins.json (0)
[138月2026 12:22:36.410] [main/DEBUG] [mixin/]: Preparing geckolib.mixins.json (1)
[138月2026 12:22:36.411] [main/DEBUG] [mixin/]: Preparing combat_evolution.mixins.json (11)
[138月2026 12:22:36.453] [main/DEBUG] [mixin/]: Preparing touhou_little_maid.mixins.json (23)
[138月2026 12:22:36.574] [main/DEBUG] [net.minecraftforge.coremod.transformer.CoreModBaseTransformer/COREMOD]: Transforming net/minecraft/world/level/levelgen/structure/templatesystem/StructureTemplate
[138月2026 12:22:37.033] [main/DEBUG] [mixin/]: Preparing simplebedrockmodel.mixins.json (5)
[138月2026 12:22:37.045] [main/DEBUG] [mixin/]: Preparing mixins.epicfight.json (39)
[138月2026 12:22:37.081] [main/DEBUG] [mixin/]: Preparing mixins.wom.json (1)
[138月2026 12:22:37.084] [main/DEBUG] [mixin/]: Preparing epic_fight_avalon.mixins.json (3)
[138月2026 12:22:37.086] [main/DEBUG] [mixin/]: Preparing mixinextras.init.mixins.json (0)
[138月2026 12:22:37.086] [main/DEBUG] [mixin/]: Preparing vix.mixins.json (5)
[138月2026 12:22:37.086] [main/DEBUG] [mixin/]: Preparing architectury.mixins.json (9)
[138月2026 12:22:37.101] [main/DEBUG] [mixin/]: Preparing architectury-common.mixins.json (10)
[138月2026 12:22:37.112] [main/DEBUG] [net.minecraftforge.coremod.transformer.CoreModBaseTransformer/COREMOD]: Transforming net/minecraft/world/item/BucketItem
[138月2026 12:22:37.131] [main/DEBUG] [net.minecraftforge.coremod.transformer.CoreModBaseTransformer/COREMOD]: Transforming net/minecraft/world/entity/EntityType
[138月2026 12:22:37.228] [main/DEBUG] [net.minecraftforge.coremod.transformer.CoreModBaseTransformer/COREMOD]: Transforming net/minecraft/world/level/block/LiquidBlock
[138月2026 12:22:37.237] [main/DEBUG] [mixin/]: Preparing efn.mixins.json (27)
[138月2026 12:22:37.290] [main/DEBUG] [mixin/]: Preparing annoyingvillagers.mixins.json (64)
[138月2026 12:22:37.366] [main/DEBUG] [net.minecraftforge.coremod.transformer.CoreModBaseTransformer/COREMOD]: Transforming net/minecraft/world/entity/monster/Zombie
[138月2026 12:22:37.494] [main/WARN] [mixin/]: Error loading class: net/minecraft/client/renderer/RenderBuffers (java.lang.ClassNotFoundException: net.minecraft.client.renderer.RenderBuffers)
[138月2026 12:22:37.495] [main/WARN] [mixin/]: @Mixin target net.minecraft.client.renderer.RenderBuffers was not found annoyingvillagers.mixins.json:RenderBuffersMixin
[138月2026 12:22:37.553] [main/DEBUG] [mixin/]: Preparing mixins.ywzj_vehicle.json (18)
[138月2026 12:22:37.566] [main/WARN] [mixin/]: Error loading class: com/simibubi/create/content/contraptions/ContraptionCollider (java.lang.ClassNotFoundException: com.simibubi.create.content.contraptions.ContraptionCollider)
[138月2026 12:22:37.566] [main/WARN] [mixin/]: @Mixin target com.simibubi.create.content.contraptions.ContraptionCollider was not found mixins.ywzj_vehicle.json:create.ContraptionColliderMixin
[138月2026 12:22:37.568] [main/WARN] [mixin/]: Error loading class: com/tacz/guns/util/EntityUtil (java.lang.ClassNotFoundException: com.tacz.guns.util.EntityUtil)
[138月2026 12:22:37.568] [main/DEBUG] [mixin/]: Skipping virtual target com.tacz.guns.util.EntityUtil for mixins.ywzj_vehicle.json:tacz.EntityUtilMixin
[138月2026 12:22:37.568] [main/DEBUG] [mixin/]: Preparing ef_tlm.mixins.json (3)
[138月2026 12:22:37.574] [main/DEBUG] [mixin/]: Preparing ysm_geo_compat.eftlm.mixins.json (1)
[138月2026 12:22:37.681] [main/WARN] [mixin/]: Error loading class: com/mojang/blaze3d/platform/InputConstants$Key (java.lang.ClassNotFoundException: com.mojang.blaze3d.platform.InputConstants$Key)
[138月2026 12:22:37.692] [main/WARN] [mixin/]: Error loading class: net/minecraft/client/renderer/entity/EntityRendererProvider$Context (java.lang.ClassNotFoundException: net.minecraft.client.renderer.entity.EntityRendererProvider$Context)
[138月2026 12:22:37.706] [main/WARN] [mixin/]: Error loading class: net/minecraft/client/renderer/entity/EntityRendererProvider$Context (java.lang.ClassNotFoundException: net.minecraft.client.renderer.entity.EntityRendererProvider$Context)
[138月2026 12:22:37.714] [main/DEBUG] [mixin/]: Prepared 140 mixins in 1.762 sec (12.6ms avg) (0ms load, 0ms transform, 0ms plugin)
[138月2026 12:22:37.782] [main/DEBUG] [io.netty.util.internal.logging.InternalLoggerFactory/]: Using SLF4J as the default logging framework
[138月2026 12:22:37.790] [main/DEBUG] [io.netty.util.ResourceLeakDetector/]: -Dio.netty.leakDetection.level: simple
[138月2026 12:22:37.790] [main/DEBUG] [io.netty.util.ResourceLeakDetector/]: -Dio.netty.leakDetection.targetRecords: 4
[138月2026 12:22:38.226] [main/DEBUG] [oshi.util.FileUtil/]: No oshi.properties file found from ClassLoader cpw.mods.modlauncher.TransformingClassLoader@949c598
[138月2026 12:22:38.226] [main/DEBUG] [oshi.util.FileUtil/]: No oshi.properties file found from ClassLoader jdk.internal.loader.ClassLoaders$AppClassLoader@7291c18f
[138月2026 12:22:38.791] [main/DEBUG] [oshi.util.FileUtil/]: No oshi.architecture.properties file found from ClassLoader cpw.mods.modlauncher.TransformingClassLoader@949c598
[138月2026 12:22:38.791] [main/DEBUG] [oshi.util.FileUtil/]: No oshi.architecture.properties file found from ClassLoader jdk.internal.loader.ClassLoaders$AppClassLoader@7291c18f
[138月2026 12:22:39.000] [main/WARN] [oshi.driver.windows.perfmon.PerfmonDisabled/]: Invalid registry value type detected for PerfOS counters. Should be REG_DWORD. Ignoring: HKEY_LOCAL_MACHINE\SYSTEM\CurrentControlSet\Services\PerfOS\Performance\Disable Performance Counters.
[138月2026 12:22:40.640] [main/INFO] [MixinExtras|Service/]: Initializing MixinExtras via com.llamalad7.mixinextras.service.MixinExtrasServiceImpl(version=0.4.1).
[138月2026 12:22:40.642] [main/DEBUG] [mixin/]: Registering new injector for @SugarWrapper with com.llamalad7.mixinextras.sugar.impl.SugarWrapperInjectionInfo
[138月2026 12:22:40.642] [main/DEBUG] [mixin/]: Registering new injector for @FactoryRedirectWrapper with com.llamalad7.mixinextras.wrapper.factory.FactoryRedirectWrapperInjectionInfo
[138月2026 12:22:40.670] [main/DEBUG] [mixin/]: Mixing UtilMixin from efn.mixins.json into net.minecraft.Util
[138月2026 12:22:40.895] [main/DEBUG] [mixin/]: Mixing inject.MixinGameEvent from architectury-common.mixins.json into net.minecraft.world.level.gameevent.GameEvent
[138月2026 12:22:40.954] [main/DEBUG] [mixin/]: Mixing BlockBurningCache from touhou_little_maid.mixins.json into net.minecraft.world.level.block.Block
[138月2026 12:22:40.965] [main/DEBUG] [mixin/]: Mixing inject.MixinBlock from architectury-common.mixins.json into net.minecraft.world.level.block.Block
[138月2026 12:22:41.027] [main/DEBUG] [mixin/]: Mixing EntityMixin from touhou_little_maid.mixins.json into net.minecraft.world.entity.Entity
[138月2026 12:22:41.061] [main/DEBUG] [mixin/]: Mixing accessor.EntityAccessor from touhou_little_maid.mixins.json into net.minecraft.world.entity.Entity
[138月2026 12:22:41.079] [main/DEBUG] [mixin/]: Mixing common.MixinEntity from mixins.epicfight.json into net.minecraft.world.entity.Entity
[138月2026 12:22:41.081] [main/DEBUG] [mixin/]: Renaming synthetic method lambda$epicfight$setOnGroundWithKnownMovement$1(Lyesman/epicfight/world/capabilities/entitypatch/LivingEntityPatch;)V to md200071$lambda$epicfight$setOnGroundWithKnownMovement$1$0 in mixins.epicfight.json:common.MixinEntity
[138月2026 12:22:41.081] [main/DEBUG] [mixin/]: Renaming synthetic method lambda$lerpMotion$0(Lorg/spongepowered/asm/mixin/injection/callback/CallbackInfo;Lyesman/epicfight/world/capabilities/entitypatch/LivingEntityPatch;)V to md200071$lambda$lerpMotion$0$1 in mixins.epicfight.json:common.MixinEntity
[138月2026 12:22:41.100] [main/DEBUG] [mixin/]: Mixing common.EntityMixin from mixins.ywzj_vehicle.json into net.minecraft.world.entity.Entity
[138月2026 12:22:41.205] [main/DEBUG] [mixin/]: Mixing accessor.LivingEntityAccessor from touhou_little_maid.mixins.json into net.minecraft.world.entity.LivingEntity
[138月2026 12:22:41.207] [main/DEBUG] [mixin/]: Mixing common.MixinLivingEntity from mixins.epicfight.json into net.minecraft.world.entity.LivingEntity
[138月2026 12:22:41.207] [main/DEBUG] [mixin/]: Renaming synthetic method lambda$epicfight$constructor$0(Lnet/minecraft/world/entity/LivingEntity;Lyesman/epicfight/world/capabilities/entitypatch/HurtableEntityPatch;)V to md200071$lambda$epicfight$constructor$0$0 in mixins.epicfight.json:common.MixinLivingEntity
[138月2026 12:22:41.236] [main/DEBUG] [mixin/]: Mixing common.LivingEntityMixin from mixins.ywzj_vehicle.json into net.minecraft.world.entity.LivingEntity
[138月2026 12:22:41.384] [main/DEBUG] [mixin/]: Mixing PlayerMixin from touhou_little_maid.mixins.json into net.minecraft.world.entity.player.Player
[138月2026 12:22:41.388] [main/DEBUG] [mixin/]: Mixing common.MixinPlayer from mixins.epicfight.json into net.minecraft.world.entity.player.Player
[138月2026 12:22:41.393] [main/DEBUG] [mixin/]: Mixing PlayerMixin from annoyingvillagers.mixins.json into net.minecraft.world.entity.player.Player
[138月2026 12:22:41.395] [main/DEBUG] [mixin/]: Mixing common.PlayerMixin from mixins.ywzj_vehicle.json into net.minecraft.world.entity.player.Player
[138月2026 12:22:41.484] [main/DEBUG] [mixin/]: Mixing inject.MixinFluid from architectury-common.mixins.json into net.minecraft.world.level.material.Fluid
[138月2026 12:22:41.493] [main/DEBUG] [mixin/]: Mixing inject.MixinItem from architectury-common.mixins.json into net.minecraft.world.item.Item
[138月2026 12:22:41.516] [main/DEBUG] [net.minecraftforge.coremod.transformer.CoreModBaseTransformer/COREMOD]: Transforming net/minecraft/world/entity/EntityType
[138月2026 12:22:41.554] [main/DEBUG] [mixin/]: Mixing inject.MixinEntityType from architectury-common.mixins.json into net.minecraft.world.entity.EntityType
[138月2026 12:22:42.040] [main/DEBUG] [net.minecraftforge.coremod.transformer.CoreModBaseTransformer/COREMOD]: Transforming net/minecraft/world/level/block/LiquidBlock
[138月2026 12:22:42.041] [main/DEBUG] [mixin/]: Mixing inject.MixinLiquidBlock from architectury-common.mixins.json into net.minecraft.world.level.block.LiquidBlock
[138月2026 12:22:42.110] [main/DEBUG] [net.minecraftforge.coremod.transformer.CoreModBaseTransformer/COREMOD]: Transforming net/minecraft/world/level/block/StairBlock
[138月2026 12:22:42.132] [main/DEBUG] [mixin/]: Mixing accessor.CropBlockAccessor from touhou_little_maid.mixins.json into net.minecraft.world.level.block.CropBlock
[138月2026 12:22:42.205] [main/DEBUG] [mixin/]: Mixing accessor.FenceGateBlockAccessor from touhou_little_maid.mixins.json into net.minecraft.world.level.block.FenceGateBlock
[138月2026 12:22:42.240] [main/DEBUG] [net.minecraftforge.coremod.transformer.CoreModBaseTransformer/COREMOD]: Transforming net/minecraft/world/level/block/FlowerPotBlock
[138月2026 12:22:42.362] [main/DEBUG] [mixin/]: Mixing SweetBerryBushBlockMixin from touhou_little_maid.mixins.json into net.minecraft.world.level.block.SweetBerryBushBlock
[138月2026 12:22:42.695] [main/DEBUG] [mixin/]: Mixing MixinFallingBlockEntity from architectury.mixins.json into net.minecraft.world.entity.item.FallingBlockEntity
[138月2026 12:22:43.207] [main/DEBUG] [mixin/]: Mixing ArrowMixin from touhou_little_maid.mixins.json into net.minecraft.world.entity.projectile.AbstractArrow
[138月2026 12:22:43.208] [main/DEBUG] [mixin/]: Mixing accessor.ArrowAccessor from touhou_little_maid.mixins.json into net.minecraft.world.entity.projectile.AbstractArrow
[138月2026 12:22:43.209] [main/DEBUG] [mixin/]: Mixing AbstractArrowMixin from annoyingvillagers.mixins.json into net.minecraft.world.entity.projectile.AbstractArrow
[138月2026 12:22:43.214] [main/DEBUG] [mixin/]: Mixing AbstractArrowBreakMixin from annoyingvillagers.mixins.json into net.minecraft.world.entity.projectile.AbstractArrow
[138月2026 12:22:43.235] [main/DEBUG] [mixin/]: Mixing common.MixinProjectile from mixins.epicfight.json into net.minecraft.world.entity.projectile.Projectile
[138月2026 12:22:43.264] [main/DEBUG] [mixin/]: Mixing MobInteractMixin from touhou_little_maid.mixins.json into net.minecraft.world.entity.Mob
[138月2026 12:22:43.268] [main/DEBUG] [mixin/]: Mixing common.MixinMob from mixins.epicfight.json into net.minecraft.world.entity.Mob
[138月2026 12:22:43.268] [main/DEBUG] [mixin/]: Mixing MixinMob from efn.mixins.json into net.minecraft.world.entity.Mob
[138月2026 12:22:43.276] [main/DEBUG] [mixin/]: Mixing MobMixin from annoyingvillagers.mixins.json into net.minecraft.world.entity.Mob
[138月2026 12:22:43.281] [main/DEBUG] [net.minecraftforge.coremod.transformer.CoreModBaseTransformer/COREMOD]: Transforming net/minecraft/world/item/ItemStack
[138月2026 12:22:43.298] [main/DEBUG] [net.minecraftforge.coremod.transformer.CoreModBaseTransformer/COREMOD]: Transforming net/minecraft/world/effect/MobEffectInstance
[138月2026 12:22:43.441] [main/DEBUG] [net.minecraftforge.coremod.transformer.CoreModBaseTransformer/COREMOD]: Transforming net/minecraft/world/item/ItemStack
[138月2026 12:22:43.547] [main/DEBUG] [mixin/]: Mixing common.MixinWitherBoss from mixins.epicfight.json into net.minecraft.world.entity.boss.wither.WitherBoss
[138月2026 12:22:43.550] [main/DEBUG] [mixin/]: Renaming @Unique method m_7515_()Lnet/minecraft/sounds/SoundEvent; to md200071$m_7515_$0 in mixins.epicfight.json:common.MixinWitherBoss
[138月2026 12:22:43.612] [main/WARN] [mixin/]: @Final field f_31427_:[I in mixins.epicfight.json:common.MixinWitherBoss should be final
[138月2026 12:22:43.613] [main/WARN] [mixin/]: @Final field f_31428_:[I in mixins.epicfight.json:common.MixinWitherBoss should be final
[138月2026 12:22:43.830] [main/DEBUG] [mixin/]: Mixing ConduitBlockEntityMixin from touhou_little_maid.mixins.json into net.minecraft.world.level.block.entity.ConduitBlockEntity
[138月2026 12:22:44.219] [main/DEBUG] [mixin/]: Mixing MixinLightningBolt from architectury-common.mixins.json into net.minecraft.world.entity.LightningBolt
[138月2026 12:22:44.296] [main/DEBUG] [net.minecraftforge.coremod.transformer.CoreModBaseTransformer/COREMOD]: Transforming net/minecraft/world/entity/animal/frog/Tadpole
[138月2026 12:22:44.367] [main/DEBUG] [mixin/]: Mixing compat.efn.SwordItemMixin from annoyingvillagers.mixins.json into net.minecraft.world.item.SwordItem
[138月2026 12:22:44.367] [main/DEBUG] [mixin/]: Renaming synthetic method lambda$damageEfnWeapons$0(Lnet/minecraft/world/entity/LivingEntity;)V to md200071$lambda$damageEfnWeapons$0$0 in annoyingvillagers.mixins.json:compat.efn.SwordItemMixin
[138月2026 12:22:44.399] [main/DEBUG] [net.minecraftforge.coremod.transformer.CoreModBaseTransformer/COREMOD]: Transforming net/minecraft/world/item/BucketItem
[138月2026 12:22:44.399] [main/DEBUG] [mixin/]: Mixing inject.MixinBucketItem from architectury-common.mixins.json into net.minecraft.world.item.BucketItem
[138月2026 12:22:44.504] [main/DEBUG] [mixin/]: Mixing inject.MixinItemProperties from architectury-common.mixins.json into net.minecraft.world.item.Item$Properties
[138月2026 12:22:44.583] [main/DEBUG] [mixin/]: Mixing EpicFightDamageSourceMixin from combat_evolution.mixins.json into yesman.epicfight.world.damagesource.EpicFightDamageSource
[138月2026 12:22:44.613] [main/DEBUG] [mixin/]: Mixing NavigationMixin from touhou_little_maid.mixins.json into net.minecraft.world.entity.ai.navigation.PathNavigation
[138月2026 12:22:45.471] [main/DEBUG] [mixin/]: Mixing NearestAttackableTargetGoalMixin from efn.mixins.json into net.minecraft.world.entity.ai.goal.target.NearestAttackableTargetGoal
[138月2026 12:22:45.491] [main/DEBUG] [mixin/]: Mixing BoatMixin from annoyingvillagers.mixins.json into net.minecraft.world.entity.vehicle.Boat
[138月2026 12:22:45.546] [main/DEBUG] [net.minecraftforge.coremod.transformer.CoreModBaseTransformer/COREMOD]: Transforming net/minecraft/world/entity/monster/Spider
[138月2026 12:22:45.560] [main/DEBUG] [mixin/]: Mixing SkeletonMixin from annoyingvillagers.mixins.json into net.minecraft.world.entity.monster.AbstractSkeleton
[138月2026 12:22:45.627] [main/DEBUG] [net.minecraftforge.coremod.transformer.CoreModBaseTransformer/COREMOD]: Transforming net/minecraft/world/entity/monster/Zombie
[138月2026 12:22:45.644] [main/DEBUG] [mixin/]: Mixing ZombieMixin from annoyingvillagers.mixins.json into net.minecraft.world.entity.monster.Zombie
[138月2026 12:22:45.663] [main/DEBUG] [net.minecraftforge.coremod.transformer.CoreModBaseTransformer/COREMOD]: Transforming net/minecraft/world/entity/monster/ZombieVillager
[138月2026 12:22:45.679] [main/DEBUG] [mixin/]: Mixing common.MixinRangedAttackGoal from mixins.epicfight.json into net.minecraft.world.entity.ai.goal.RangedAttackGoal
[138月2026 12:22:45.679] [main/DEBUG] [mixin/]: Renaming synthetic method lambda$epicfight$tick$0(Lyesman/epicfight/world/capabilities/entitypatch/LivingEntityPatch;)V to md200071$lambda$epicfight$tick$0$0 in mixins.epicfight.json:common.MixinRangedAttackGoal
[138月2026 12:22:45.684] [main/DEBUG] [mixin/]: Mixing ThrownTridentMixin from touhou_little_maid.mixins.json into net.minecraft.world.entity.projectile.ThrownTrident
[138月2026 12:22:45.685] [main/DEBUG] [mixin/]: Mixing common.MixinThrownTrident from mixins.epicfight.json into net.minecraft.world.entity.projectile.ThrownTrident
[138月2026 12:22:45.733] [main/DEBUG] [mixin/]: Mixing IllagerMixin from annoyingvillagers.mixins.json into net.minecraft.world.entity.monster.AbstractIllager
[138月2026 12:22:45.738] [main/DEBUG] [mixin/]: Mixing RaiderMixin from annoyingvillagers.mixins.json into net.minecraft.world.entity.raid.Raider
[138月2026 12:22:45.752] [main/DEBUG] [net.minecraftforge.coremod.transformer.CoreModBaseTransformer/COREMOD]: Transforming net/minecraft/world/entity/monster/Evoker$EvokerSummonSpellGoal
[138月2026 12:22:45.854] [main/DEBUG] [mixin/]: Mixing common.MixinRangedBowAttackGoal from mixins.epicfight.json into net.minecraft.world.entity.ai.goal.RangedBowAttackGoal
[138月2026 12:22:45.855] [main/DEBUG] [mixin/]: Renaming synthetic method lambda$epicfight$tick$0(Lyesman/epicfight/world/capabilities/entitypatch/LivingEntityPatch;)V to md200071$lambda$epicfight$tick$0$0 in mixins.epicfight.json:common.MixinRangedBowAttackGoal
[138月2026 12:22:45.939] [main/DEBUG] [mixin/]: Mixing common.MixinRangedCrossbowAttackGoal from mixins.epicfight.json into net.minecraft.world.entity.ai.goal.RangedCrossbowAttackGoal
[138月2026 12:22:45.939] [main/DEBUG] [mixin/]: Renaming synthetic method lambda$epicfight$tick$0(Lyesman/epicfight/world/capabilities/entitypatch/LivingEntityPatch;)V to md200071$lambda$epicfight$tick$0$0 in mixins.epicfight.json:common.MixinRangedCrossbowAttackGoal
[138月2026 12:22:46.000] [main/DEBUG] [net.minecraftforge.coremod.transformer.CoreModBaseTransformer/COREMOD]: Transforming net/minecraft/world/entity/animal/horse/SkeletonTrapGoal
[138月2026 12:22:46.025] [main/DEBUG] [net.minecraftforge.coremod.transformer.CoreModBaseTransformer/COREMOD]: Transforming net/minecraft/world/entity/monster/Strider
[138月2026 12:22:46.109] [main/DEBUG] [mixin/]: Mixing EFLivingEntityPatchMixin from combat_evolution.mixins.json into yesman.epicfight.world.capabilities.entitypatch.LivingEntityPatch
[138月2026 12:22:46.120] [main/DEBUG] [mixin/]: Mixing LivingEntityPatchMixin from combat_evolution.mixins.json into yesman.epicfight.world.capabilities.entitypatch.LivingEntityPatch
[138月2026 12:22:46.125] [main/DEBUG] [mixin/]: Mixing LivingEntityPatchMixin from epic_fight_avalon.mixins.json into yesman.epicfight.world.capabilities.entitypatch.LivingEntityPatch
[138月2026 12:22:46.130] [main/DEBUG] [mixin/]: Mixing LivingEntityPatchMixin from annoyingvillagers.mixins.json into yesman.epicfight.world.capabilities.entitypatch.LivingEntityPatch
[138月2026 12:22:46.164] [main/WARN] [net.minecraft.network.syncher.SynchedEntityData/]: defineId called for: class net.minecraft.world.entity.LivingEntity from class yesman.epicfight.world.capabilities.entitypatch.LivingEntityPatch
[138月2026 12:22:46.166] [main/WARN] [net.minecraft.network.syncher.SynchedEntityData/]: defineId called for: class net.minecraft.world.entity.LivingEntity from class yesman.epicfight.world.capabilities.entitypatch.LivingEntityPatch
[138月2026 12:22:46.166] [main/WARN] [net.minecraft.network.syncher.SynchedEntityData/]: defineId called for: class net.minecraft.world.entity.LivingEntity from class yesman.epicfight.world.capabilities.entitypatch.LivingEntityPatch
[138月2026 12:22:46.167] [main/WARN] [net.minecraft.network.syncher.SynchedEntityData/]: defineId called for: class net.minecraft.world.entity.LivingEntity from class yesman.epicfight.world.capabilities.entitypatch.LivingEntityPatch
[138月2026 12:22:46.167] [main/WARN] [net.minecraft.network.syncher.SynchedEntityData/]: defineId called for: class net.minecraft.world.entity.LivingEntity from class yesman.epicfight.world.capabilities.entitypatch.LivingEntityPatch
[138月2026 12:22:46.167] [main/WARN] [net.minecraft.network.syncher.SynchedEntityData/]: defineId called for: class net.minecraft.world.entity.LivingEntity from class yesman.epicfight.world.capabilities.entitypatch.LivingEntityPatch
[138月2026 12:22:46.167] [main/WARN] [net.minecraft.network.syncher.SynchedEntityData/]: defineId called for: class net.minecraft.world.entity.LivingEntity from class yesman.epicfight.world.capabilities.entitypatch.LivingEntityPatch
[138月2026 12:22:46.167] [main/WARN] [net.minecraft.network.syncher.SynchedEntityData/]: defineId called for: class net.minecraft.world.entity.LivingEntity from class yesman.epicfight.world.capabilities.entitypatch.LivingEntityPatch
[138月2026 12:22:46.168] [main/WARN] [net.minecraft.network.syncher.SynchedEntityData/]: defineId called for: class net.minecraft.world.entity.LivingEntity from class yesman.epicfight.world.capabilities.entitypatch.LivingEntityPatch
[138月2026 12:22:46.168] [main/WARN] [net.minecraft.network.syncher.SynchedEntityData/]: defineId called for: class net.minecraft.world.entity.LivingEntity from class yesman.epicfight.world.capabilities.entitypatch.LivingEntityPatch
[138月2026 12:22:46.168] [main/WARN] [net.minecraft.network.syncher.SynchedEntityData/]: defineId called for: class net.minecraft.world.entity.LivingEntity from class yesman.epicfight.world.capabilities.entitypatch.LivingEntityPatch
[138月2026 12:22:46.168] [main/WARN] [net.minecraft.network.syncher.SynchedEntityData/]: defineId called for: class net.minecraft.world.entity.LivingEntity from class yesman.epicfight.world.capabilities.entitypatch.LivingEntityPatch
[138月2026 12:22:46.273] [main/DEBUG] [net.minecraftforge.coremod.transformer.CoreModBaseTransformer/COREMOD]: Transforming net/minecraft/world/entity/npc/Villager
[138月2026 12:22:46.313] [main/DEBUG] [mixin/]: Mixing VillagerMixin from annoyingvillagers.mixins.json into net.minecraft.world.entity.npc.AbstractVillager
[138月2026 12:22:46.331] [main/DEBUG] [mixin/]: Mixing VindicatorMixin from annoyingvillagers.mixins.json into net.minecraft.world.entity.monster.Vindicator
[138月2026 12:22:46.383] [main/DEBUG] [mixin/]: Mixing FishingHookAccessor from annoyingvillagers.mixins.json into net.minecraft.world.entity.projectile.FishingHook
[138月2026 12:22:46.383] [main/DEBUG] [mixin/]: Mixing FishingHookReturnMixin from annoyingvillagers.mixins.json into net.minecraft.world.entity.projectile.FishingHook
[138月2026 12:22:46.428] [main/DEBUG] [mixin/]: Mixing inject.MixinFoodPropertiesBuilder from architectury-common.mixins.json into net.minecraft.world.food.FoodProperties$Builder
[138月2026 12:22:46.433] [main/DEBUG] [net.minecraftforge.coremod.transformer.CoreModBaseTransformer/COREMOD]: Transforming net/minecraft/world/effect/MobEffectInstance
[138月2026 12:22:46.487] [main/DEBUG] [mixin/]: Mixing ServerPlayNetHandlerMixin from simplebedrockmodel.mixins.json into net.minecraft.server.network.ServerGamePacketListenerImpl
[138月2026 12:22:46.487] [main/DEBUG] [mixin/]: simplebedrockmodel.mixins.json:ServerPlayNetHandlerMixin: Class version 61 required is higher than the class version supported by the current version of Mixin (JAVA_8 supports class version 52)
[138月2026 12:22:46.501] [main/DEBUG] [mixin/]: Mixing common.MixinServerGamePacketListenerImpl from mixins.epicfight.json into net.minecraft.server.network.ServerGamePacketListenerImpl
[138月2026 12:22:46.502] [main/DEBUG] [mixin/]: Mixing EnsureSafeFlyingVehicleMixin from annoyingvillagers.mixins.json into net.minecraft.server.network.ServerGamePacketListenerImpl
[138月2026 12:22:47.390] [main/DEBUG] [net.minecraftforge.coremod.transformer.CoreModBaseTransformer/COREMOD]: Transforming net/minecraft/world/level/levelgen/structure/Structure
[138月2026 12:22:47.451] [main/DEBUG] [net.minecraftforge.coremod.transformer.CoreModBaseTransformer/COREMOD]: Transforming net/minecraft/world/level/levelgen/structure/structures/OceanRuinPieces$OceanRuinPiece
[138月2026 12:22:47.462] [main/DEBUG] [net.minecraftforge.coremod.transformer.CoreModBaseTransformer/COREMOD]: Transforming net/minecraft/world/level/levelgen/structure/structures/SwampHutPiece
[138月2026 12:22:47.472] [main/DEBUG] [net.minecraftforge.coremod.transformer.CoreModBaseTransformer/COREMOD]: Transforming net/minecraft/world/level/levelgen/structure/structures/OceanMonumentPieces$OceanMonumentPiece
[138月2026 12:22:47.501] [main/DEBUG] [net.minecraftforge.coremod.transformer.CoreModBaseTransformer/COREMOD]: Transforming net/minecraft/world/level/levelgen/structure/structures/WoodlandMansionPieces$WoodlandMansionPiece
[138月2026 12:22:47.680] [main/DEBUG] [net.minecraftforge.coremod.transformer.CoreModBaseTransformer/COREMOD]: Transforming net/minecraft/world/level/biome/Biome
[138月2026 12:22:48.102] [main/DEBUG] [io.netty.util.internal.PlatformDependent0/]: -Dio.netty.noUnsafe: false
[138月2026 12:22:48.103] [main/DEBUG] [io.netty.util.internal.PlatformDependent0/]: Java version: 17
[138月2026 12:22:48.104] [main/DEBUG] [io.netty.util.internal.PlatformDependent0/]: sun.misc.Unsafe.theUnsafe: available
[138月2026 12:22:48.105] [main/DEBUG] [io.netty.util.internal.PlatformDependent0/]: sun.misc.Unsafe.copyMemory: available
[138月2026 12:22:48.106] [main/DEBUG] [io.netty.util.internal.PlatformDependent0/]: sun.misc.Unsafe.storeFence: available
[138月2026 12:22:48.106] [main/DEBUG] [io.netty.util.internal.PlatformDependent0/]: java.nio.Buffer.address: available
[138月2026 12:22:48.107] [main/DEBUG] [io.netty.util.internal.PlatformDependent0/]: direct buffer constructor: unavailable
java.lang.UnsupportedOperationException: Reflective setAccessible(true) disabled
	at io.netty.util.internal.ReflectionUtil.trySetAccessible(ReflectionUtil.java:31) ~[netty-common-4.1.82.Final.jar%2382!/:4.1.82.Final]
	at io.netty.util.internal.PlatformDependent0$5.run(PlatformDependent0.java:288) ~[netty-common-4.1.82.Final.jar%2382!/:4.1.82.Final]
	at java.security.AccessController.doPrivileged(AccessController.java:318) ~[?:?]
	at io.netty.util.internal.PlatformDependent0.<clinit>(PlatformDependent0.java:282) ~[netty-common-4.1.82.Final.jar%2382!/:4.1.82.Final]
	at io.netty.util.internal.PlatformDependent.isAndroid(PlatformDependent.java:333) ~[netty-common-4.1.82.Final.jar%2382!/:4.1.82.Final]
	at io.netty.util.internal.PlatformDependent.<clinit>(PlatformDependent.java:88) ~[netty-common-4.1.82.Final.jar%2382!/:4.1.82.Final]
	at io.netty.util.ConstantPool.<init>(ConstantPool.java:34) ~[netty-common-4.1.82.Final.jar%2382!/:4.1.82.Final]
	at io.netty.util.AttributeKey$1.<init>(AttributeKey.java:27) ~[netty-common-4.1.82.Final.jar%2382!/:4.1.82.Final]
	at io.netty.util.AttributeKey.<clinit>(AttributeKey.java:27) ~[netty-common-4.1.82.Final.jar%2382!/:4.1.82.Final]
	at net.minecraftforge.network.NetworkConstants.<clinit>(NetworkConstants.java:34) ~[forge-1.20.1-47.4.13-universal.jar%23134!/:?]
	at net.minecraftforge.network.NetworkHooks.init(NetworkHooks.java:52) ~[forge-1.20.1-47.4.13-universal.jar%23134!/:?]
	at net.minecraft.server.Bootstrap.m_135870_(Bootstrap.java:62) ~[server-1.20.1-20230612.114412-srg.jar%23129!/:?]
	at net.minecraft.server.Main.main(Main.java:121) ~[server-1.20.1-20230612.114412-srg.jar%23129!/:?]
	at jdk.internal.reflect.NativeMethodAccessorImpl.invoke0(Native Method) ~[?:?]
	at jdk.internal.reflect.NativeMethodAccessorImpl.invoke(NativeMethodAccessorImpl.java:77) ~[?:?]
	at jdk.internal.reflect.DelegatingMethodAccessorImpl.invoke(DelegatingMethodAccessorImpl.java:43) ~[?:?]
	at java.lang.reflect.Method.invoke(Method.java:568) ~[?:?]
	at net.minecraftforge.fml.loading.targets.CommonLaunchHandler.runTarget(CommonLaunchHandler.java:111) ~[fmlloader-1.20.1-47.4.13.jar%2369!/:?]
	at net.minecraftforge.fml.loading.targets.CommonLaunchHandler.serverService(CommonLaunchHandler.java:103) ~[fmlloader-1.20.1-47.4.13.jar%2369!/:?]
	at net.minecraftforge.fml.loading.targets.CommonServerLaunchHandler.lambda$makeService$0(CommonServerLaunchHandler.java:27) ~[fmlloader-1.20.1-47.4.13.jar%2369!/:?]
	at cpw.mods.modlauncher.LaunchServiceHandlerDecorator.launch(LaunchServiceHandlerDecorator.java:30) ~[modlauncher-10.0.9.jar%2355!/:?]
	at cpw.mods.modlauncher.LaunchServiceHandler.launch(LaunchServiceHandler.java:53) ~[modlauncher-10.0.9.jar%2355!/:?]
	at cpw.mods.modlauncher.LaunchServiceHandler.launch(LaunchServiceHandler.java:71) ~[modlauncher-10.0.9.jar%2355!/:?]
	at cpw.mods.modlauncher.Launcher.run(Launcher.java:108) ~[modlauncher-10.0.9.jar%2355!/:?]
	at cpw.mods.modlauncher.Launcher.main(Launcher.java:78) ~[modlauncher-10.0.9.jar%2355!/:?]
	at cpw.mods.modlauncher.BootstrapLaunchConsumer.accept(BootstrapLaunchConsumer.java:26) ~[modlauncher-10.0.9.jar%2355!/:?]
	at cpw.mods.modlauncher.BootstrapLaunchConsumer.accept(BootstrapLaunchConsumer.java:23) ~[modlauncher-10.0.9.jar%2355!/:?]
	at cpw.mods.bootstraplauncher.BootstrapLauncher.main(BootstrapLauncher.java:141) ~[bootstraplauncher-1.1.2.jar:?]
[138月2026 12:22:48.109] [main/DEBUG] [io.netty.util.internal.PlatformDependent0/]: java.nio.Bits.unaligned: available, true
[138月2026 12:22:48.111] [main/DEBUG] [io.netty.util.internal.PlatformDependent0/]: jdk.internal.misc.Unsafe.allocateUninitializedArray(int): unavailable
java.lang.IllegalAccessException: class io.netty.util.internal.PlatformDependent0$7 (in module io.netty.common) cannot access class jdk.internal.misc.Unsafe (in module java.base) because module java.base does not export jdk.internal.misc to module io.netty.common
	at jdk.internal.reflect.Reflection.newIllegalAccessException(Reflection.java:392) ~[?:?]
	at java.lang.reflect.AccessibleObject.checkAccess(AccessibleObject.java:674) ~[?:?]
	at java.lang.reflect.Method.invoke(Method.java:560) ~[?:?]
	at io.netty.util.internal.PlatformDependent0$7.run(PlatformDependent0.java:410) ~[netty-common-4.1.82.Final.jar%2382!/:4.1.82.Final]
	at java.security.AccessController.doPrivileged(AccessController.java:318) ~[?:?]
	at io.netty.util.internal.PlatformDependent0.<clinit>(PlatformDependent0.java:401) ~[netty-common-4.1.82.Final.jar%2382!/:4.1.82.Final]
	at io.netty.util.internal.PlatformDependent.isAndroid(PlatformDependent.java:333) ~[netty-common-4.1.82.Final.jar%2382!/:4.1.82.Final]
	at io.netty.util.internal.PlatformDependent.<clinit>(PlatformDependent.java:88) ~[netty-common-4.1.82.Final.jar%2382!/:4.1.82.Final]
	at io.netty.util.ConstantPool.<init>(ConstantPool.java:34) ~[netty-common-4.1.82.Final.jar%2382!/:4.1.82.Final]
	at io.netty.util.AttributeKey$1.<init>(AttributeKey.java:27) ~[netty-common-4.1.82.Final.jar%2382!/:4.1.82.Final]
	at io.netty.util.AttributeKey.<clinit>(AttributeKey.java:27) ~[netty-common-4.1.82.Final.jar%2382!/:4.1.82.Final]
	at net.minecraftforge.network.NetworkConstants.<clinit>(NetworkConstants.java:34) ~[forge-1.20.1-47.4.13-universal.jar%23134!/:?]
	at net.minecraftforge.network.NetworkHooks.init(NetworkHooks.java:52) ~[forge-1.20.1-47.4.13-universal.jar%23134!/:?]
	at net.minecraft.server.Bootstrap.m_135870_(Bootstrap.java:62) ~[server-1.20.1-20230612.114412-srg.jar%23129!/:?]
	at net.minecraft.server.Main.main(Main.java:121) ~[server-1.20.1-20230612.114412-srg.jar%23129!/:?]
	at jdk.internal.reflect.NativeMethodAccessorImpl.invoke0(Native Method) ~[?:?]
	at jdk.internal.reflect.NativeMethodAccessorImpl.invoke(NativeMethodAccessorImpl.java:77) ~[?:?]
	at jdk.internal.reflect.DelegatingMethodAccessorImpl.invoke(DelegatingMethodAccessorImpl.java:43) ~[?:?]
	at java.lang.reflect.Method.invoke(Method.java:568) ~[?:?]
	at net.minecraftforge.fml.loading.targets.CommonLaunchHandler.runTarget(CommonLaunchHandler.java:111) ~[fmlloader-1.20.1-47.4.13.jar%2369!/:?]
	at net.minecraftforge.fml.loading.targets.CommonLaunchHandler.serverService(CommonLaunchHandler.java:103) ~[fmlloader-1.20.1-47.4.13.jar%2369!/:?]
	at net.minecraftforge.fml.loading.targets.CommonServerLaunchHandler.lambda$makeService$0(CommonServerLaunchHandler.java:27) ~[fmlloader-1.20.1-47.4.13.jar%2369!/:?]
	at cpw.mods.modlauncher.LaunchServiceHandlerDecorator.launch(LaunchServiceHandlerDecorator.java:30) ~[modlauncher-10.0.9.jar%2355!/:?]
	at cpw.mods.modlauncher.LaunchServiceHandler.launch(LaunchServiceHandler.java:53) ~[modlauncher-10.0.9.jar%2355!/:?]
	at cpw.mods.modlauncher.LaunchServiceHandler.launch(LaunchServiceHandler.java:71) ~[modlauncher-10.0.9.jar%2355!/:?]
	at cpw.mods.modlauncher.Launcher.run(Launcher.java:108) ~[modlauncher-10.0.9.jar%2355!/:?]
	at cpw.mods.modlauncher.Launcher.main(Launcher.java:78) ~[modlauncher-10.0.9.jar%2355!/:?]
	at cpw.mods.modlauncher.BootstrapLaunchConsumer.accept(BootstrapLaunchConsumer.java:26) ~[modlauncher-10.0.9.jar%2355!/:?]
	at cpw.mods.modlauncher.BootstrapLaunchConsumer.accept(BootstrapLaunchConsumer.java:23) ~[modlauncher-10.0.9.jar%2355!/:?]
	at cpw.mods.bootstraplauncher.BootstrapLauncher.main(BootstrapLauncher.java:141) ~[bootstraplauncher-1.1.2.jar:?]
[138月2026 12:22:48.113] [main/DEBUG] [io.netty.util.internal.PlatformDependent0/]: java.nio.DirectByteBuffer.<init>(long, int): unavailable
[138月2026 12:22:48.113] [main/DEBUG] [io.netty.util.internal.PlatformDependent/]: sun.misc.Unsafe: available
[138月2026 12:22:48.114] [main/DEBUG] [io.netty.util.internal.PlatformDependent/]: maxDirectMemory: 8434745344 bytes (maybe)
[138月2026 12:22:48.114] [main/DEBUG] [io.netty.util.internal.PlatformDependent/]: -Dio.netty.tmpdir: C:\Users\ASUS\AppData\Local\Temp (java.io.tmpdir)
[138月2026 12:22:48.115] [main/DEBUG] [io.netty.util.internal.PlatformDependent/]: -Dio.netty.bitMode: 64 (sun.arch.data.model)
[138月2026 12:22:48.115] [main/DEBUG] [io.netty.util.internal.PlatformDependent/]: Platform: Windows
[138月2026 12:22:48.116] [main/DEBUG] [io.netty.util.internal.PlatformDependent/]: -Dio.netty.maxDirectMemory: -1 bytes
[138月2026 12:22:48.116] [main/DEBUG] [io.netty.util.internal.PlatformDependent/]: -Dio.netty.uninitializedArrayAllocationThreshold: -1
[138月2026 12:22:48.119] [main/DEBUG] [io.netty.util.internal.CleanerJava9/]: java.nio.ByteBuffer.cleaner(): available
[138月2026 12:22:48.119] [main/DEBUG] [io.netty.util.internal.PlatformDependent/]: -Dio.netty.noPreferDirect: false
[138月2026 12:22:48.202] [main/DEBUG] [net.minecraftforge.network.NetworkHooks/]: Loading Network data for FML net version: FML3
[138月2026 12:22:48.229] [main/DEBUG] [net.minecraftforge.common.ForgeI18n/CORE]: Loading I18N data entries: 6434
[138月2026 12:22:48.270] [main/DEBUG] [net.minecraftforge.fml.ModWorkManager/LOADING]: Using 16 threads for parallel mod-loading
[138月2026 12:22:48.286] [main/DEBUG] [net.minecraftforge.fml.javafmlmod.FMLJavaModLanguageProvider/LOADING]: Loading FMLModContainer from classloader cpw.mods.modlauncher.TransformingClassLoader@949c598 - got cpw.mods.cl.ModuleClassLoader@6fca2a8f
[138月2026 12:22:48.287] [main/DEBUG] [net.minecraftforge.fml.javafmlmod.FMLModContainer/LOADING]: Creating FMLModContainer instance for com.p1nero.invincible.InvincibleMod
[138月2026 12:22:48.290] [main/DEBUG] [net.minecraftforge.fml.javafmlmod.FMLJavaModLanguageProvider/LOADING]: Loading FMLModContainer from classloader cpw.mods.modlauncher.TransformingClassLoader@949c598 - got cpw.mods.cl.ModuleClassLoader@6fca2a8f
[138月2026 12:22:48.290] [main/DEBUG] [net.minecraftforge.fml.javafmlmod.FMLModContainer/LOADING]: Creating FMLModContainer instance for com.bawnorton.mixinsquared.platform.forge.MixinSquaredMod
[138月2026 12:22:48.291] [main/DEBUG] [net.minecraftforge.fml.javafmlmod.FMLJavaModLanguageProvider/LOADING]: Loading FMLModContainer from classloader cpw.mods.modlauncher.TransformingClassLoader@949c598 - got cpw.mods.cl.ModuleClassLoader@6fca2a8f
[138月2026 12:22:48.291] [main/DEBUG] [net.minecraftforge.fml.javafmlmod.FMLModContainer/LOADING]: Creating FMLModContainer instance for software.bernie.example.GeckoLibMod
[138月2026 12:22:48.292] [main/DEBUG] [net.minecraftforge.fml.javafmlmod.FMLJavaModLanguageProvider/LOADING]: Loading FMLModContainer from classloader cpw.mods.modlauncher.TransformingClassLoader@949c598 - got cpw.mods.cl.ModuleClassLoader@6fca2a8f
[138月2026 12:22:48.292] [main/DEBUG] [net.minecraftforge.fml.javafmlmod.FMLModContainer/LOADING]: Creating FMLModContainer instance for net.shelmarow.combat_evolution.CombatEvolution
[138月2026 12:22:48.293] [main/DEBUG] [net.minecraftforge.fml.javafmlmod.FMLJavaModLanguageProvider/LOADING]: Loading FMLModContainer from classloader cpw.mods.modlauncher.TransformingClassLoader@949c598 - got cpw.mods.cl.ModuleClassLoader@6fca2a8f
[138月2026 12:22:48.293] [main/DEBUG] [net.minecraftforge.fml.javafmlmod.FMLModContainer/LOADING]: Creating FMLModContainer instance for com.github.tartaricacid.touhoulittlemaid.TouhouLittleMaid
[138月2026 12:22:48.294] [main/DEBUG] [net.minecraftforge.fml.javafmlmod.FMLJavaModLanguageProvider/LOADING]: Loading FMLModContainer from classloader cpw.mods.modlauncher.TransformingClassLoader@949c598 - got cpw.mods.cl.ModuleClassLoader@6fca2a8f
[138月2026 12:22:48.294] [main/DEBUG] [net.minecraftforge.fml.javafmlmod.FMLModContainer/LOADING]: Creating FMLModContainer instance for com.github.mcmodderanchor.simplebedrockmodel.SimpleBedrockModel
[138月2026 12:22:48.295] [main/DEBUG] [net.minecraftforge.fml.javafmlmod.FMLJavaModLanguageProvider/LOADING]: Loading FMLModContainer from classloader cpw.mods.modlauncher.TransformingClassLoader@949c598 - got cpw.mods.cl.ModuleClassLoader@6fca2a8f
[138月2026 12:22:48.295] [main/DEBUG] [net.minecraftforge.fml.javafmlmod.FMLModContainer/LOADING]: Creating FMLModContainer instance for yesman.epicfight.main.EpicFightMod
[138月2026 12:22:48.295] [main/DEBUG] [mixin/]: Mixing EpicFightModMixin from invincible.mixins.json into yesman.epicfight.main.EpicFightMod
[138月2026 12:22:48.297] [main/DEBUG] [mixin/]: Renaming synthetic method lambda$invincible$constructMod$1()V to md200071$lambda$invincible$constructMod$1$0 in invincible.mixins.json:EpicFightModMixin
[138月2026 12:22:48.297] [main/DEBUG] [mixin/]: Renaming synthetic method lambda$invincible$constructMod$0(Lcom/p1nero/invincible/api/forgeevent/DuplicateAnimationRegistryEvent$DuplicateAnimationBuilder;)V to md200071$lambda$invincible$constructMod$0$1 in invincible.mixins.json:EpicFightModMixin
[138月2026 12:22:48.303] [main/DEBUG] [net.minecraftforge.fml.javafmlmod.FMLJavaModLanguageProvider/LOADING]: Loading FMLModContainer from classloader cpw.mods.modlauncher.TransformingClassLoader@949c598 - got cpw.mods.cl.ModuleClassLoader@6fca2a8f
[138月2026 12:22:48.304] [main/DEBUG] [net.minecraftforge.fml.javafmlmod.FMLModContainer/LOADING]: Creating FMLModContainer instance for reascer.wom.main.WeaponsOfMinecraft
[138月2026 12:22:48.304] [main/DEBUG] [net.minecraftforge.fml.javafmlmod.FMLJavaModLanguageProvider/LOADING]: Loading FMLModContainer from classloader cpw.mods.modlauncher.TransformingClassLoader@949c598 - got cpw.mods.cl.ModuleClassLoader@6fca2a8f
[138月2026 12:22:48.305] [main/DEBUG] [net.minecraftforge.fml.javafmlmod.FMLModContainer/LOADING]: Creating FMLModContainer instance for com.merlin204.avalon.main.AvalonMOD
[138月2026 12:22:48.305] [main/DEBUG] [net.minecraftforge.fml.javafmlmod.FMLJavaModLanguageProvider/LOADING]: Loading FMLModContainer from classloader cpw.mods.modlauncher.TransformingClassLoader@949c598 - got cpw.mods.cl.ModuleClassLoader@6fca2a8f
[138月2026 12:22:48.305] [main/DEBUG] [net.minecraftforge.fml.javafmlmod.FMLModContainer/LOADING]: Creating FMLModContainer instance for se.gory_moon.player_mobs.PlayerMobs
[138月2026 12:22:48.307] [main/DEBUG] [net.minecraftforge.fml.javafmlmod.FMLJavaModLanguageProvider/LOADING]: Loading FMLModContainer from classloader cpw.mods.modlauncher.TransformingClassLoader@949c598 - got cpw.mods.cl.ModuleClassLoader@6fca2a8f
[138月2026 12:22:48.308] [main/DEBUG] [net.minecraftforge.fml.javafmlmod.FMLModContainer/LOADING]: Creating FMLModContainer instance for com.llamalad7.mixinextras.platform.forge.MixinExtrasMod
[138月2026 12:22:48.310] [main/DEBUG] [net.minecraftforge.fml.javafmlmod.FMLJavaModLanguageProvider/LOADING]: Loading FMLModContainer from classloader cpw.mods.modlauncher.TransformingClassLoader@949c598 - got cpw.mods.cl.ModuleClassLoader@6fca2a8f
[138月2026 12:22:48.310] [main/DEBUG] [net.minecraftforge.fml.javafmlmod.FMLModContainer/LOADING]: Creating FMLModContainer instance for com.guhao.vix.VIX
[138月2026 12:22:48.311] [main/DEBUG] [net.minecraftforge.fml.javafmlmod.FMLJavaModLanguageProvider/LOADING]: Loading FMLModContainer from classloader cpw.mods.modlauncher.TransformingClassLoader@949c598 - got cpw.mods.cl.ModuleClassLoader@6fca2a8f
[138月2026 12:22:48.311] [main/DEBUG] [net.minecraftforge.fml.javafmlmod.FMLModContainer/LOADING]: Creating FMLModContainer instance for dev.architectury.forge.ArchitecturyForge
[138月2026 12:22:48.312] [main/DEBUG] [net.minecraftforge.fml.javafmlmod.FMLJavaModLanguageProvider/LOADING]: Loading FMLModContainer from classloader cpw.mods.modlauncher.TransformingClassLoader@949c598 - got cpw.mods.cl.ModuleClassLoader@6fca2a8f
[138月2026 12:22:48.312] [main/DEBUG] [net.minecraftforge.fml.javafmlmod.FMLModContainer/LOADING]: Creating FMLModContainer instance for com.hm.efn.EFN
[138月2026 12:22:48.313] [main/DEBUG] [net.minecraftforge.fml.javafmlmod.FMLJavaModLanguageProvider/LOADING]: Loading FMLModContainer from classloader cpw.mods.modlauncher.TransformingClassLoader@949c598 - got cpw.mods.cl.ModuleClassLoader@6fca2a8f
[138月2026 12:22:48.313] [main/DEBUG] [net.minecraftforge.fml.javafmlmod.FMLModContainer/LOADING]: Creating FMLModContainer instance for com.pla.annoyingvillagers.AnnoyingVillagers
[138月2026 12:22:48.315] [main/DEBUG] [net.minecraftforge.fml.javafmlmod.FMLJavaModLanguageProvider/LOADING]: Loading FMLModContainer from classloader cpw.mods.modlauncher.TransformingClassLoader@949c598 - got cpw.mods.cl.ModuleClassLoader@6fca2a8f
[138月2026 12:22:48.315] [main/DEBUG] [net.minecraftforge.fml.javafmlmod.FMLModContainer/LOADING]: Creating FMLModContainer instance for com.pla.efclash_blade.EFClashBlade
[138月2026 12:22:48.317] [main/DEBUG] [net.minecraftforge.fml.javafmlmod.FMLJavaModLanguageProvider/LOADING]: Loading FMLModContainer from classloader cpw.mods.modlauncher.TransformingClassLoader@949c598 - got cpw.mods.cl.ModuleClassLoader@6fca2a8f
[138月2026 12:22:48.317] [main/DEBUG] [net.minecraftforge.fml.javafmlmod.FMLModContainer/LOADING]: Creating FMLModContainer instance for org.ywzj.vehicle.YwzjVehicle
[138月2026 12:22:48.318] [main/DEBUG] [net.minecraftforge.fml.javafmlmod.FMLJavaModLanguageProvider/LOADING]: Loading FMLModContainer from classloader cpw.mods.modlauncher.TransformingClassLoader@949c598 - got cpw.mods.cl.ModuleClassLoader@6fca2a8f
[138月2026 12:22:48.318] [main/DEBUG] [net.minecraftforge.fml.javafmlmod.FMLModContainer/LOADING]: Creating FMLModContainer instance for net.EFTLM.EFTLM
[138月2026 12:22:48.319] [main/DEBUG] [net.minecraftforge.fml.javafmlmod.FMLJavaModLanguageProvider/LOADING]: Loading FMLModContainer from classloader cpw.mods.modlauncher.TransformingClassLoader@949c598 - got cpw.mods.cl.ModuleClassLoader@6fca2a8f
[138月2026 12:22:48.320] [main/DEBUG] [net.minecraftforge.fml.javafmlmod.FMLModContainer/LOADING]: Creating FMLModContainer instance for com.ysmef.geomodel.YSMGeoCompat
[138月2026 12:22:48.321] [main/DEBUG] [net.minecraftforge.fml.javafmlmod.FMLJavaModLanguageProvider/LOADING]: Loading FMLModContainer from classloader cpw.mods.modlauncher.TransformingClassLoader@949c598 - got cpw.mods.cl.ModuleClassLoader@6fca2a8f
[138月2026 12:22:48.322] [main/DEBUG] [net.minecraftforge.fml.javafmlmod.FMLModContainer/LOADING]: Creating FMLModContainer instance for net.minecraftforge.common.ForgeMod
[138月2026 12:22:48.324] [main/DEBUG] [net.minecraftforge.fml.javafmlmod.FMLJavaModLanguageProvider/LOADING]: Loading FMLModContainer from classloader cpw.mods.modlauncher.TransformingClassLoader@949c598 - got cpw.mods.cl.ModuleClassLoader@6fca2a8f
[138月2026 12:22:48.324] [main/DEBUG] [net.minecraftforge.fml.javafmlmod.FMLModContainer/LOADING]: Creating FMLModContainer instance for org.eftlm.stylish.EFTLMStylish
[138月2026 12:22:48.343] [modloading-worker-0/DEBUG] [net.minecraftforge.fml.javafmlmod.AutomaticEventSubscriber/LOADING]: Attempting to inject @EventBusSubscriber classes into the eventbus for mixinsquared
[138月2026 12:22:48.350] [modloading-worker-0/DEBUG] [net.minecraftforge.fml.javafmlmod.AutomaticEventSubscriber/LOADING]: Attempting to inject @EventBusSubscriber classes into the eventbus for mixinextras
[138月2026 12:22:48.359] [modloading-worker-0/DEBUG] [net.minecraftforge.fml.javafmlmod.AutomaticEventSubscriber/LOADING]: Attempting to inject @EventBusSubscriber classes into the eventbus for simplebedrockmodel
[138月2026 12:22:48.360] [modloading-worker-0/DEBUG] [net.minecraftforge.fml.javafmlmod.AutomaticEventSubscriber/LOADING]: Attempting to inject @EventBusSubscriber classes into the eventbus for vix
[138月2026 12:22:48.363] [modloading-worker-0/DEBUG] [mixin/]: Mixing common.PathPackResourcesMixin from mixins.ywzj_vehicle.json into net.minecraftforge.resource.PathPackResources
[138月2026 12:22:48.364] [modloading-worker-0/DEBUG] [mixin/]: Renaming synthetic method lambda$ywzj_vehicle$getNamespacesFromCommon$6(Ljava/lang/String;)Z to md200071$lambda$ywzj_vehicle$getNamespacesFromCommon$6$0 in mixins.ywzj_vehicle.json:common.PathPackResourcesMixin
[138月2026 12:22:48.364] [modloading-worker-0/DEBUG] [mixin/]: Renaming synthetic method lambda$ywzj_vehicle$getNamespacesFromCommon$5(Ljava/nio/file/Path;)Ljava/lang/String; to md200071$lambda$ywzj_vehicle$getNamespacesFromCommon$5$1 in mixins.ywzj_vehicle.json:common.PathPackResourcesMixin
[138月2026 12:22:48.364] [modloading-worker-0/DEBUG] [mixin/]: Renaming synthetic method lambda$ywzj_vehicle$getNamespacesFromCommon$4(Ljava/nio/file/Path;)Z to md200071$lambda$ywzj_vehicle$getNamespacesFromCommon$4$2 in mixins.ywzj_vehicle.json:common.PathPackResourcesMixin
[138月2026 12:22:48.364] [modloading-worker-0/DEBUG] [mixin/]: Renaming synthetic method lambda$ywzj_vehicle$getNamespacesFromCommon$3(Ljava/nio/file/Path;)Z to md200071$lambda$ywzj_vehicle$getNamespacesFromCommon$3$3 in mixins.ywzj_vehicle.json:common.PathPackResourcesMixin
[138月2026 12:22:48.364] [modloading-worker-0/DEBUG] [mixin/]: Renaming synthetic method lambda$listResourcesMerged$2(Ljava/lang/String;Lcom/mojang/serialization/DataResult$PartialResult;)V to md200071$lambda$listResourcesMerged$2$4 in mixins.ywzj_vehicle.json:common.PathPackResourcesMixin
[138月2026 12:22:48.364] [modloading-worker-0/DEBUG] [mixin/]: Renaming synthetic method lambda$listResourcesMerged$1(Lnet/minecraft/server/packs/PackType;Ljava/lang/String;Lnet/minecraft/server/packs/PackResources$ResourceOutput;Ljava/util/List;)V to md200071$lambda$listResourcesMerged$1$5 in mixins.ywzj_vehicle.json:common.PathPackResourcesMixin
[138月2026 12:22:48.364] [modloading-worker-0/DEBUG] [mixin/]: Renaming synthetic method lambda$listResourcesMerged$0(Ljava/nio/file/Path;Lnet/minecraft/server/packs/PackResources$ResourceOutput;Lnet/minecraft/resources/ResourceLocation;Lnet/minecraft/server/packs/resources/IoSupplier;)V to md200071$lambda$listResourcesMerged$0$6 in mixins.ywzj_vehicle.json:common.PathPackResourcesMixin
[138月2026 12:22:48.406] [modloading-worker-0/DEBUG] [net.minecraftforge.fml.javafmlmod.AutomaticEventSubscriber/LOADING]: Auto-subscribing com.github.mcmodderanchor.simplebedrockmodel.v1.resource.ReloadListenersRegister$BedrockModelServerRegister to FORGE
[138月2026 12:22:48.448] [modloading-worker-0/DEBUG] [mixin/]: Mixing SkillMixin from efn.mixins.json into yesman.epicfight.skill.Skill
[138月2026 12:22:48.450] [modloading-worker-0/INFO] [com.merlin204.avalon.main.AvalonMOD/]: 自动注册实体: SHAKE_WAVE -> shake_wave
[138月2026 12:22:48.451] [modloading-worker-0/INFO] [com.merlin204.avalon.main.AvalonMOD/]: 自动注册实体: VFX -> vfx
[138月2026 12:22:48.451] [modloading-worker-0/INFO] [com.merlin204.avalon.main.AvalonMOD/]: 自动注册实体: ANIMATION_TEXTURE_VFX -> animation_texture_vfx
[138月2026 12:22:48.457] [modloading-worker-0/DEBUG] [net.minecraftforge.fml.config.ConfigTracker/CONFIG]: Config file ysm_geo_compat-client.toml for ysm_geo_compat tracking
[138月2026 12:22:48.457] [modloading-worker-0/DEBUG] [net.minecraftforge.fml.config.ConfigTracker/CONFIG]: Config file efclash_blade-server.toml for efclash_blade tracking
[138月2026 12:22:48.457] [modloading-worker-0/DEBUG] [net.minecraftforge.fml.config.ConfigTracker/CONFIG]: Config file epicfight-server.toml for epicfight tracking
[138月2026 12:22:48.457] [modloading-worker-0/INFO] [YSM-GEO Compat/]: YSM-GEO Compat: Initialized successfully
[138月2026 12:22:48.457] [modloading-worker-0/DEBUG] [net.minecraftforge.fml.javafmlmod.AutomaticEventSubscriber/LOADING]: Attempting to inject @EventBusSubscriber classes into the eventbus for ysm_geo_compat
[138月2026 12:22:48.460] [modloading-worker-0/INFO] [org.eftlm.stylish.EFTLMStylish/]: EFTLM Stylish Combat loaded!
[138月2026 12:22:48.462] [modloading-worker-0/DEBUG] [mixin/]: Mixing compat.efn.AetherialDuskDualSword_MainHandItemMixin from annoyingvillagers.mixins.json into com.hm.efn.item.custom.AetherialDuskDualSword_MainHandItem
[138月2026 12:22:48.463] [modloading-worker-0/DEBUG] [epicfight/]: Registered Extendable Enum class com.pla.efclash_blade.gameasset.EFClashBladeSkillSlots in skill_slot
[138月2026 12:22:48.464] [modloading-worker-0/DEBUG] [mixin/]: Mixing compat.efn.ThornWheelItemMixin from annoyingvillagers.mixins.json into com.hm.efn.item.custom.ThornWheelItem
[138月2026 12:22:48.466] [modloading-worker-0/DEBUG] [epicfight/]: Registered Extendable Enum class net.EFTLM.EF.Animation.EFTLM_LivingMotions in living_motion
[138月2026 12:22:48.469] [modloading-worker-0/DEBUG] [epicfight/]: Registered Extendable Enum class com.pla.efclash_blade.gameasset.EFClashBladeSkillCategories in skill_category
[138月2026 12:22:48.469] [modloading-worker-0/INFO] [eftlm_stylish/]: [DIAG] ===== EFTLM Stylish environment =====
[138月2026 12:22:48.469] [modloading-worker-0/DEBUG] [mixin/]: Mixing compat.efn.CrescentMoonItemMixin from annoyingvillagers.mixins.json into com.hm.efn.item.custom.CrescentMoonItem
[138月2026 12:22:48.469] [modloading-worker-0/DEBUG] [net.minecraftforge.fml.javafmlmod.AutomaticEventSubscriber/LOADING]: Attempting to inject @EventBusSubscriber classes into the eventbus for efclash_blade
[138月2026 12:22:48.469] [modloading-worker-0/DEBUG] [net.minecraftforge.fml.javafmlmod.AutomaticEventSubscriber/LOADING]: Auto-subscribing com.pla.efclash_blade.gameasset.EFClashBladeSkills to MOD
[138月2026 12:22:48.470] [modloading-worker-0/INFO] [eftlm_stylish/]: [DIAG] ef_tlm version: 1.3.2
[138月2026 12:22:48.472] [modloading-worker-0/INFO] [eftlm_stylish/]: [DIAG] epicfight version: 20.14.17
[138月2026 12:22:48.472] [modloading-worker-0/INFO] [eftlm_stylish/]: [DIAG] touhou_little_maid version: 1.5.3-forge+mc1.20.1
[138月2026 12:22:48.472] [modloading-worker-0/INFO] [eftlm_stylish/]: [DIAG] wom loaded: true version: 2.0.164
[138月2026 12:22:48.473] [modloading-worker-0/INFO] [eftlm_stylish/]: [DIAG] =======================================
[138月2026 12:22:48.473] [modloading-worker-0/DEBUG] [net.minecraftforge.fml.javafmlmod.AutomaticEventSubscriber/LOADING]: Attempting to inject @EventBusSubscriber classes into the eventbus for eftlm_stylish
[138月2026 12:22:48.473] [modloading-worker-0/DEBUG] [net.minecraftforge.fml.javafmlmod.AutomaticEventSubscriber/LOADING]: Auto-subscribing org.eftlm.stylish.rl.RlMemoryCleanup to FORGE
[138月2026 12:22:48.476] [modloading-worker-0/DEBUG] [mixin/]: Mixing compat.efn.AirTachiItemMixin from annoyingvillagers.mixins.json into com.hm.efn.item.custom.AirTachiItem
[138月2026 12:22:48.480] [modloading-worker-0/DEBUG] [mixin/]: Mixing compat.efn.ScytheItemMixin from annoyingvillagers.mixins.json into com.hm.efn.item.custom.ScytheItem
[138月2026 12:22:48.480] [modloading-worker-0/DEBUG] [net.minecraftforge.fml.javafmlmod.AutomaticEventSubscriber/LOADING]: Auto-subscribing com.pla.efclash_blade.event.MobClashBladeEvent to FORGE
[138月2026 12:22:48.483] [modloading-worker-0/DEBUG] [mixin/]: Mixing MobClashBladeMixin from annoyingvillagers.mixins.json into com.pla.efclash_blade.event.MobClashBladeEvent
[138月2026 12:22:48.484] [modloading-worker-0/DEBUG] [mixin/]: Renaming synthetic method lambda$moreLogicAfterClashing$1(Lnet/minecraft/server/level/ServerPlayer;)V to md200071$lambda$moreLogicAfterClashing$1$0 in annoyingvillagers.mixins.json:MobClashBladeMixin
[138月2026 12:22:48.484] [modloading-worker-0/DEBUG] [mixin/]: Renaming synthetic method lambda$moreLogicAfterClashing$0(Lnet/minecraft/server/level/ServerPlayer;)V to md200071$lambda$moreLogicAfterClashing$0$1 in annoyingvillagers.mixins.json:MobClashBladeMixin
[138月2026 12:22:48.487] [modloading-worker-0/DEBUG] [net.minecraftforge.fml.config.ConfigTracker/CONFIG]: Config file wom-client.toml for wom tracking
[138月2026 12:22:48.519] [modloading-worker-0/DEBUG] [mixin/]: Mixing compat.efn.YamatoItemMixin from annoyingvillagers.mixins.json into com.hm.efn.item.custom.YamatoItem
[138月2026 12:22:48.541] [modloading-worker-0/DEBUG] [net.minecraftforge.fml.javafmlmod.AutomaticEventSubscriber/LOADING]: Auto-subscribing org.eftlm.stylish.rl.RlFeedback to FORGE
[138月2026 12:22:48.544] [modloading-worker-0/DEBUG] [mixin/]: Mixing compat.efn.NfClawItemMixin from annoyingvillagers.mixins.json into com.hm.efn.item.custom.NfClawItem
[138月2026 12:22:48.546] [modloading-worker-0/DEBUG] [net.minecraftforge.fml.javafmlmod.AutomaticEventSubscriber/LOADING]: Auto-subscribing com.pla.efclash_blade.event.AddStarterSkillEvent to FORGE
[138月2026 12:22:48.546] [modloading-worker-0/DEBUG] [net.minecraftforge.fml.javafmlmod.AutomaticEventSubscriber/LOADING]: Attempting to inject @EventBusSubscriber classes into the eventbus for ef_tlm
[138月2026 12:22:48.546] [modloading-worker-0/DEBUG] [net.minecraftforge.fml.javafmlmod.AutomaticEventSubscriber/LOADING]: Auto-subscribing net.EFTLM.EF.Event.EventBus$ModEvents to MOD
[138月2026 12:22:48.551] [modloading-worker-0/DEBUG] [mixin/]: Mixing compat.efn.NFShortSwordTwoItemMixin from annoyingvillagers.mixins.json into com.hm.efn.item.custom.NFShortSwordTwoItem
[138月2026 12:22:48.554] [modloading-worker-0/DEBUG] [mixin/]: Mixing compat.efn.ExcaliburItemMixin from annoyingvillagers.mixins.json into com.hm.efn.item.geo.ExcaliburItem
[138月2026 12:22:48.565] [modloading-worker-0/DEBUG] [epicfight/]: Registered Extendable Enum class com.merlin204.avalon.epicfight.gameassets.AvalonCategories in weapon_category
[138月2026 12:22:48.567] [modloading-worker-0/DEBUG] [mixin/]: Mixing compat.efn.BroadBladeItemMixin from annoyingvillagers.mixins.json into com.hm.efn.item.custom.BroadBladeItem
[138月2026 12:22:48.571] [modloading-worker-0/DEBUG] [net.minecraftforge.fml.javafmlmod.AutomaticEventSubscriber/LOADING]: Attempting to inject @EventBusSubscriber classes into the eventbus for geckolib
[138月2026 12:22:48.571] [modloading-worker-0/DEBUG] [net.minecraftforge.fml.javafmlmod.AutomaticEventSubscriber/LOADING]: Auto-subscribing software.bernie.example.GeckoLibMod to FORGE
[138月2026 12:22:48.571] [modloading-worker-0/DEBUG] [net.minecraftforge.fml.javafmlmod.AutomaticEventSubscriber/LOADING]: Auto-subscribing software.bernie.example.CommonListener to MOD
[138月2026 12:22:48.572] [modloading-worker-0/DEBUG] [mixin/]: Mixing compat.efn.KusabimaruItemMixin from annoyingvillagers.mixins.json into com.hm.efn.item.custom.KusabimaruItem
[138月2026 12:22:48.572] [modloading-worker-0/DEBUG] [net.minecraftforge.fml.javafmlmod.AutomaticEventSubscriber/LOADING]: Auto-subscribing com.pla.efclash_blade.EFClashBlade$initer to MOD
[138月2026 12:22:48.572] [modloading-worker-0/DEBUG] [net.minecraftforge.fml.javafmlmod.AutomaticEventSubscriber/LOADING]: Auto-subscribing org.eftlm.stylish.rl.RlCommand to FORGE
[138月2026 12:22:48.573] [modloading-worker-0/DEBUG] [net.minecraftforge.versions.forge.ForgeVersion/CORE]: Forge Version package package net.minecraftforge.versions.forge, Forge, version 47.4 from cpw.mods.modlauncher.TransformingClassLoader@949c598
[138月2026 12:22:48.574] [modloading-worker-0/DEBUG] [net.minecraftforge.versions.forge.ForgeVersion/CORE]: Found Forge version 47.4.13
[138月2026 12:22:48.574] [modloading-worker-0/DEBUG] [net.minecraftforge.versions.forge.ForgeVersion/CORE]: Found Forge spec 47.4
[138月2026 12:22:48.574] [modloading-worker-0/DEBUG] [net.minecraftforge.versions.forge.ForgeVersion/CORE]: Found Forge group net.minecraftforge
[138月2026 12:22:48.577] [modloading-worker-0/DEBUG] [net.minecraftforge.fml.config.ConfigTracker/CONFIG]: Config file player_mobs-common.toml for player_mobs tracking
[138月2026 12:22:48.577] [modloading-worker-0/DEBUG] [net.minecraftforge.fml.config.ConfigTracker/CONFIG]: Config file combat_evolution-common.toml for combat_evolution tracking
[138月2026 12:22:48.577] [modloading-worker-0/DEBUG] [mixin/]: Mixing compat.efn.CoTachiItemMixin from annoyingvillagers.mixins.json into com.hm.efn.item.custom.CoTachiItem
[138月2026 12:22:48.577] [modloading-worker-0/DEBUG] [net.minecraftforge.versions.mcp.MCPVersion/CORE]: MCP Version package package net.minecraftforge.versions.mcp, Minecraft, version 1.20.1 from cpw.mods.modlauncher.TransformingClassLoader@949c598
[138月2026 12:22:48.578] [modloading-worker-0/DEBUG] [net.minecraftforge.versions.mcp.MCPVersion/CORE]: Found MC version information 1.20.1
[138月2026 12:22:48.578] [modloading-worker-0/DEBUG] [net.minecraftforge.versions.mcp.MCPVersion/CORE]: Found MCP version information 20230612.114412
[138月2026 12:22:48.578] [modloading-worker-0/INFO] [net.minecraftforge.common.ForgeMod/FORGEMOD]: Forge mod loading, version 47.4.13, for MC 1.20.1 with MCP 20230612.114412
[138月2026 12:22:48.578] [modloading-worker-0/INFO] [org.ywzj.vehicle.YwzjVehicle/VehiclePackFinder]: Start scanning for vehicle packs in E:\program\JAVA\touhou little maid - unknow sky area\prod_server\limitless_vehicle
[138月2026 12:22:48.580] [modloading-worker-0/INFO] [net.minecraftforge.common.MinecraftForge/FORGE]: MinecraftForge v47.4.13 Initialized
[138月2026 12:22:48.583] [modloading-worker-0/DEBUG] [net.minecraftforge.fml.javafmlmod.AutomaticEventSubscriber/LOADING]: Auto-subscribing org.eftlm.stylish.rl.RlActHandler to FORGE
[138月2026 12:22:48.585] [modloading-worker-0/DEBUG] [mixin/]: Mixing compat.efn.HfMuramasaItemMixin from annoyingvillagers.mixins.json into com.hm.efn.item.custom.HfMurasamaItem
[138月2026 12:22:48.587] [modloading-worker-0/DEBUG] [net.minecraftforge.fml.javafmlmod.AutomaticEventSubscriber/LOADING]: Attempting to inject @EventBusSubscriber classes into the eventbus for epic_fight_avalon
[138月2026 12:22:48.587] [modloading-worker-0/DEBUG] [net.minecraftforge.fml.javafmlmod.AutomaticEventSubscriber/LOADING]: Auto-subscribing com.merlin204.avalon.event.ForgeEvents to FORGE
[138月2026 12:22:48.588] [modloading-worker-0/DEBUG] [mixin/]: Mixing compat.efn.FireExsiliumgladiusItemMixin from annoyingvillagers.mixins.json into com.hm.efn.item.custom.FireExsiliumgladiusItem
[138月2026 12:22:48.590] [modloading-worker-0/INFO] [org.ywzj.vehicle.YwzjVehicle/VehiclePackFinder]: - default_vehicle, Main namespace: ywzj_vehicle
[138月2026 12:22:48.591] [modloading-worker-0/INFO] [org.ywzj.vehicle.YwzjVehicle/VehiclePackFinder]: Found 1 possible vehicle pack(s)
[138月2026 12:22:48.594] [modloading-worker-0/DEBUG] [mixin/]: Mixing compat.efn.ExsiliumgladiusItemMixin from annoyingvillagers.mixins.json into com.hm.efn.item.custom.ExsiliumgladiusItem
[138月2026 12:22:48.596] [modloading-worker-0/DEBUG] [net.minecraftforge.fml.javafmlmod.AutomaticEventSubscriber/LOADING]: Auto-subscribing com.merlin204.avalon.event.AvalonEntityEventHandler to MOD
[138月2026 12:22:48.598] [modloading-worker-0/DEBUG] [mixin/]: Mixing compat.efn.NFShortSwordItemMixin from annoyingvillagers.mixins.json into com.hm.efn.item.custom.NFShortSwordItem
[138月2026 12:22:48.598] [modloading-worker-0/DEBUG] [net.minecraftforge.fml.javafmlmod.AutomaticEventSubscriber/LOADING]: Auto-subscribing org.eftlm.stylish.compat.wom.SolarModelHandler to FORGE
[138月2026 12:22:48.599] [modloading-worker-0/DEBUG] [epicfight/]: Registered Extendable Enum class com.p1nero.invincible.api.skill.ComboNode$ComboTypes in combo_type
[138月2026 12:22:48.601] [modloading-worker-0/DEBUG] [mixin/]: Mixing compat.efn.Meen_SpearItemMixin from annoyingvillagers.mixins.json into com.hm.efn.item.custom.Meen_SpearItem
[138月2026 12:22:48.601] [modloading-worker-0/DEBUG] [net.minecraftforge.fml.javafmlmod.AutomaticEventSubscriber/LOADING]: Auto-subscribing com.merlin204.avalon.epicfight.AvalonAnimations to MOD
[138月2026 12:22:48.602] [modloading-worker-0/DEBUG] [net.minecraftforge.fml.config.ConfigTracker/CONFIG]: Config file ywzj_vehicle-common.toml for ywzj_vehicle tracking
[138月2026 12:22:48.602] [modloading-worker-0/DEBUG] [net.minecraftforge.fml.config.ConfigTracker/CONFIG]: Config file invincible-common.toml for invincible tracking
[138月2026 12:22:48.602] [modloading-worker-0/DEBUG] [net.minecraftforge.fml.javafmlmod.AutomaticEventSubscriber/LOADING]: Attempting to inject @EventBusSubscriber classes into the eventbus for invincible
[138月2026 12:22:48.602] [modloading-worker-0/DEBUG] [net.minecraftforge.fml.javafmlmod.AutomaticEventSubscriber/LOADING]: Auto-subscribing com.p1nero.invincible.gameassets.InvincibleDuplicateDemoAnimations to MOD
[138月2026 12:22:48.605] [modloading-worker-0/DEBUG] [mixin/]: Mixing compat.efn.PioneerItemMixin from annoyingvillagers.mixins.json into com.hm.efn.item.custom.PioneerItem
[138月2026 12:22:48.606] [modloading-worker-0/DEBUG] [net.minecraftforge.fml.javafmlmod.AutomaticEventSubscriber/LOADING]: Auto-subscribing net.EFTLM.EF.Event.EventBus$ForgeEvents to FORGE
[138月2026 12:22:48.608] [modloading-worker-0/DEBUG] [mixin/]: Mixing AnimationManagerAccessor from invincible.mixins.json into yesman.epicfight.api.animation.AnimationManager
[138月2026 12:22:48.609] [modloading-worker-0/DEBUG] [net.minecraftforge.fml.config.ConfigTracker/CONFIG]: Config file ywzj_vehicle-server.toml for ywzj_vehicle tracking
[138月2026 12:22:48.609] [modloading-worker-0/DEBUG] [net.minecraftforge.fml.javafmlmod.AutomaticEventSubscriber/LOADING]: Auto-subscribing org.eftlm.stylish.compat.efn.EfnSkillCommand to FORGE
[138月2026 12:22:48.613] [modloading-worker-0/DEBUG] [net.minecraftforge.fml.javafmlmod.AutomaticEventSubscriber/LOADING]: Auto-subscribing com.p1nero.invincible.gameassets.InvincibleDemoWeaponCapabilityPresets to MOD
[138月2026 12:22:48.615] [modloading-worker-0/DEBUG] [mixin/]: Mixing MixinLevelEvent from architectury.mixins.json into net.minecraftforge.event.level.LevelEvent
[138月2026 12:22:48.620] [modloading-worker-0/DEBUG] [net.minecraftforge.fml.javafmlmod.AutomaticEventSubscriber/LOADING]: Auto-subscribing org.eftlm.stylish.arena.AutoArena to FORGE
[138月2026 12:22:48.629] [modloading-worker-0/DEBUG] [net.minecraftforge.fml.javafmlmod.AutomaticEventSubscriber/LOADING]: Auto-subscribing com.p1nero.invincible.gameassets.InvincibleDemoSkills to MOD
[138月2026 12:22:48.634] [modloading-worker-0/DEBUG] [net.minecraftforge.fml.javafmlmod.AutomaticEventSubscriber/LOADING]: Auto-subscribing com.merlin204.avalon.api.AvalonEntityRegistryManager to MOD
[138月2026 12:22:48.636] [modloading-worker-0/DEBUG] [net.minecraftforge.fml.javafmlmod.AutomaticEventSubscriber/LOADING]: Auto-subscribing org.eftlm.stylish.EF.Event.StylishBehaviorRegister to FORGE
[138月2026 12:22:48.636] [modloading-worker-0/DEBUG] [net.minecraftforge.fml.javafmlmod.AutomaticEventSubscriber/LOADING]: Auto-subscribing com.p1nero.invincible.command.InvincibleCommands to FORGE
[138月2026 12:22:48.641] [modloading-worker-0/DEBUG] [net.minecraftforge.fml.javafmlmod.AutomaticEventSubscriber/LOADING]: Auto-subscribing com.p1nero.invincible.capability.InvinciblePlayerCapabilityProvider to FORGE
[138月2026 12:22:48.648] [modloading-worker-0/DEBUG] [net.minecraftforge.fml.config.ConfigTracker/CONFIG]: Config file epicfight-common.toml for epicfight tracking
[138月2026 12:22:48.651] [modloading-worker-0/DEBUG] [net.minecraftforge.fml.javafmlmod.AutomaticEventSubscriber/LOADING]: Auto-subscribing org.eftlm.stylish.EF.Event.ModEventBus to MOD
[138月2026 12:22:48.655] [modloading-worker-0/DEBUG] [net.minecraftforge.fml.javafmlmod.AutomaticEventSubscriber/LOADING]: Auto-subscribing org.eftlm.stylish.EF.Event.Diagnose to FORGE
[138月2026 12:22:48.660] [modloading-worker-0/DEBUG] [net.minecraftforge.fml.javafmlmod.AutomaticEventSubscriber/LOADING]: Auto-subscribing org.eftlm.stylish.EF.Event.ChaseBoost to FORGE
[138月2026 12:22:48.663] [modloading-worker-0/DEBUG] [net.minecraftforge.fml.javafmlmod.AutomaticEventSubscriber/LOADING]: Attempting to inject @EventBusSubscriber classes into the eventbus for combat_evolution
[138月2026 12:22:48.665] [modloading-worker-0/DEBUG] [net.minecraftforge.fml.javafmlmod.AutomaticEventSubscriber/LOADING]: Auto-subscribing net.shelmarow.combat_evolution.tickTask.TickTaskHandler to FORGE
[138月2026 12:22:48.668] [modloading-worker-0/DEBUG] [net.minecraftforge.fml.javafmlmod.AutomaticEventSubscriber/LOADING]: Auto-subscribing net.shelmarow.combat_evolution.skill.CESkills to MOD
[138月2026 12:22:48.670] [modloading-worker-0/DEBUG] [net.minecraftforge.fml.javafmlmod.AutomaticEventSubscriber/LOADING]: Auto-subscribing net.shelmarow.combat_evolution.gameassets.CEAnimationBuilder to MOD
[138月2026 12:22:48.674] [modloading-worker-0/DEBUG] [net.minecraftforge.fml.javafmlmod.AutomaticEventSubscriber/LOADING]: Auto-subscribing net.shelmarow.combat_evolution.execution.ExecutionHandler to FORGE
[138月2026 12:22:48.676] [modloading-worker-0/DEBUG] [mixin/]: Mixing ExecutionHandlerMixin from annoyingvillagers.mixins.json into net.shelmarow.combat_evolution.execution.ExecutionHandler
[138月2026 12:22:48.687] [modloading-worker-0/DEBUG] [net.minecraftforge.fml.config.ConfigTracker/CONFIG]: Config file forge-client.toml for forge tracking
[138月2026 12:22:48.687] [modloading-worker-0/DEBUG] [net.minecraftforge.fml.config.ConfigTracker/CONFIG]: Config file forge-server.toml for forge tracking
[138月2026 12:22:48.688] [modloading-worker-0/DEBUG] [net.minecraftforge.fml.ModLoadingContext/]: Attempted to register an empty config for type COMMON on mod forge
[138月2026 12:22:48.691] [modloading-worker-0/DEBUG] [mixin/]: Mixing ExecutionTaskMixin from annoyingvillagers.mixins.json into net.shelmarow.combat_evolution.execution.ExecutionTask
[138月2026 12:22:48.691] [modloading-worker-0/DEBUG] [net.minecraftforge.fml.javafmlmod.AutomaticEventSubscriber/LOADING]: Auto-subscribing com.p1nero.invincible.capability.InvincibleEntityCapabilityProvider to FORGE
[138月2026 12:22:48.703] [modloading-worker-0/DEBUG] [mixin/]: Mixing ServerPlayerPatchMixin from invincible.mixins.json into yesman.epicfight.world.capabilities.entitypatch.player.ServerPlayerPatch
[138月2026 12:22:48.706] [modloading-worker-0/DEBUG] [mixin/]: Mixing ServerPlayerPatchMixin from efn.mixins.json into yesman.epicfight.world.capabilities.entitypatch.player.ServerPlayerPatch
[138月2026 12:22:48.706] [modloading-worker-0/DEBUG] [mixin/]: Mixing ServerPlayerPatchMixin from ef_tlm.mixins.json into yesman.epicfight.world.capabilities.entitypatch.player.ServerPlayerPatch
[138月2026 12:22:48.719] [modloading-worker-0/DEBUG] [net.minecraftforge.fml.javafmlmod.AutomaticEventSubscriber/LOADING]: Auto-subscribing com.p1nero.invincible.capability.InvincibleCapabilities to FORGE
[138月2026 12:22:48.726] [modloading-worker-0/DEBUG] [net.minecraftforge.fml.javafmlmod.AutomaticEventSubscriber/LOADING]: Auto-subscribing net.EFTLM.EF.Animation.EFTLM_Animations to MOD
[138月2026 12:22:48.728] [modloading-worker-0/DEBUG] [net.minecraftforge.fml.javafmlmod.AutomaticEventSubscriber/LOADING]: Auto-subscribing com.p1nero.invincible.InvincibleConfig to MOD
[138月2026 12:22:48.734] [modloading-worker-0/DEBUG] [epicfight/]: Registered Extendable Enum class yesman.epicfight.api.animation.LivingMotions in living_motion
[138月2026 12:22:48.737] [modloading-worker-0/DEBUG] [epicfight/]: Registered Extendable Enum class yesman.epicfight.skill.SkillCategories in skill_category
[138月2026 12:22:48.738] [modloading-worker-0/DEBUG] [epicfight/]: Registered Extendable Enum class yesman.epicfight.skill.SkillSlots in skill_slot
[138月2026 12:22:48.742] [modloading-worker-0/DEBUG] [epicfight/]: Registered Extendable Enum class yesman.epicfight.world.capabilities.item.CapabilityItem$Styles in style
[138月2026 12:22:48.742] [modloading-worker-0/DEBUG] [epicfight/]: Registered Extendable Enum class yesman.epicfight.world.capabilities.item.CapabilityItem$WeaponCategories in weapon_category
[138月2026 12:22:48.742] [modloading-worker-0/DEBUG] [net.minecraftforge.fml.javafmlmod.AutomaticEventSubscriber/LOADING]: Auto-subscribing net.shelmarow.combat_evolution.example.event.ModEvent to MOD
[138月2026 12:22:48.745] [modloading-worker-0/DEBUG] [epicfight/]: Registered Extendable Enum class yesman.epicfight.world.capabilities.entitypatch.Factions in faction
[138月2026 12:22:48.750] [modloading-worker-0/DEBUG] [net.minecraftforge.fml.javafmlmod.AutomaticEventSubscriber/LOADING]: Auto-subscribing net.shelmarow.combat_evolution.event.ModEvent to MOD
[138月2026 12:22:48.750] [modloading-worker-0/DEBUG] [epicfight/]: Registered Extendable Enum class yesman.epicfight.network.EntityPairingPacketTypes in entity_pairing_packet_type
[138月2026 12:22:48.752] [modloading-worker-0/DEBUG] [net.minecraftforge.fml.javafmlmod.AutomaticEventSubscriber/LOADING]: Auto-subscribing net.shelmarow.combat_evolution.event.ForgeEvent to FORGE
[138月2026 12:22:48.756] [modloading-worker-0/DEBUG] [net.minecraftforge.fml.javafmlmod.AutomaticEventSubscriber/LOADING]: Attempting to inject @EventBusSubscriber classes into the eventbus for forge
[138月2026 12:22:48.757] [modloading-worker-0/DEBUG] [net.minecraftforge.fml.javafmlmod.AutomaticEventSubscriber/LOADING]: Auto-subscribing net.minecraftforge.common.ForgeSpawnEggItem$CommonHandler to MOD
[138月2026 12:22:48.776] [modloading-worker-0/DEBUG] [mixin/]: Mixing ExplosionMixin from annoyingvillagers.mixins.json into net.minecraft.world.level.Explosion
[138月2026 12:22:48.783] [modloading-worker-0/DEBUG] [mixin/]: Mixing common.ExplosionAccessor from mixins.ywzj_vehicle.json into net.minecraft.world.level.Explosion
[138月2026 12:22:48.797] [modloading-worker-0/DEBUG] [net.minecraftforge.fml.javafmlmod.AutomaticEventSubscriber/LOADING]: Auto-subscribing net.shelmarow.combat_evolution.ai.attribute.CEAttributes to MOD
[138月2026 12:22:48.824] [modloading-worker-0/DEBUG] [net.minecraftforge.fml.javafmlmod.AutomaticEventSubscriber/LOADING]: Attempting to inject @EventBusSubscriber classes into the eventbus for architectury
[138月2026 12:22:48.825] [modloading-worker-0/DEBUG] [net.minecraftforge.fml.javafmlmod.AutomaticEventSubscriber/LOADING]: Auto-subscribing dev.architectury.registry.level.entity.trade.forge.TradeRegistryImpl to FORGE
[138月2026 12:22:48.831] [modloading-worker-0/DEBUG] [net.minecraftforge.fml.javafmlmod.AutomaticEventSubscriber/LOADING]: Auto-subscribing dev.architectury.registry.forge.ReloadListenerRegistryImpl to FORGE
[138月2026 12:22:48.834] [modloading-worker-0/DEBUG] [net.minecraftforge.fml.javafmlmod.AutomaticEventSubscriber/LOADING]: Auto-subscribing dev.architectury.networking.forge.NetworkManagerImpl to FORGE
[138月2026 12:22:48.842] [modloading-worker-0/DEBUG] [mixin/]: Mixing PlayerMobMixin from annoyingvillagers.mixins.json into se.gory_moon.player_mobs.entity.PlayerMobEntity
[138月2026 12:22:48.843] [modloading-worker-0/DEBUG] [mixin/]: Mixing PlayerMobMixin2 from annoyingvillagers.mixins.json into se.gory_moon.player_mobs.entity.PlayerMobEntity
[138月2026 12:22:48.849] [modloading-worker-0/INFO] [dev.architectury.networking.forge.NetworkManagerImpl/]: Registering C2S receiver with id architectury:sync_ids
[138月2026 12:22:48.879] [modloading-worker-0/DEBUG] [net.minecraftforge.fml.javafmlmod.AutomaticEventSubscriber/LOADING]: Attempting to inject @EventBusSubscriber classes into the eventbus for wom
[138月2026 12:22:48.880] [modloading-worker-0/DEBUG] [net.minecraftforge.fml.javafmlmod.AutomaticEventSubscriber/LOADING]: Auto-subscribing reascer.wom.world.loot.WOMLootDropTables to MOD
[138月2026 12:22:48.882] [modloading-worker-0/DEBUG] [net.minecraftforge.fml.javafmlmod.AutomaticEventSubscriber/LOADING]: Auto-subscribing reascer.wom.world.loot.WOMChestLootTables to FORGE
[138月2026 12:22:48.886] [modloading-worker-0/DEBUG] [net.minecraftforge.fml.javafmlmod.AutomaticEventSubscriber/LOADING]: Auto-subscribing reascer.wom.world.capabilities.item.WOMWeaponCapabilityPresets to MOD
[138月2026 12:22:48.915] [modloading-worker-0/INFO] [epicfight/]: Loaded mod compat: GeckolibCompat
[138月2026 12:22:48.916] [modloading-worker-0/DEBUG] [net.minecraftforge.fml.javafmlmod.AutomaticEventSubscriber/LOADING]: Attempting to inject @EventBusSubscriber classes into the eventbus for epicfight
[138月2026 12:22:48.916] [modloading-worker-0/DEBUG] [net.minecraftforge.fml.javafmlmod.AutomaticEventSubscriber/LOADING]: Auto-subscribing yesman.epicfight.world.entity.ai.attribute.EpicFightAttributes to MOD
[138月2026 12:22:48.917] [modloading-worker-0/DEBUG] [net.minecraftforge.fml.javafmlmod.AutomaticEventSubscriber/LOADING]: Auto-subscribing reascer.wom.gameasset.animations.weapons.AnimsSolar to MOD
[138月2026 12:22:48.919] [modloading-worker-0/DEBUG] [net.minecraftforge.fml.javafmlmod.AutomaticEventSubscriber/LOADING]: Auto-subscribing yesman.epicfight.main.EpicFightMod$ServerForgeEvents to FORGE
[138月2026 12:22:48.924] [modloading-worker-0/DEBUG] [net.minecraftforge.fml.javafmlmod.AutomaticEventSubscriber/LOADING]: Auto-subscribing yesman.epicfight.gameasset.EpicFightSkills to MOD
[138月2026 12:22:48.928] [modloading-worker-0/DEBUG] [com.tterrag.registrate.AbstractRegistrate/REGISTRATE.REGISTER]: Captured registration for entry player_mobs:player_mob of type minecraft:entity_type
[138月2026 12:22:48.935] [modloading-worker-0/DEBUG] [net.minecraftforge.fml.javafmlmod.AutomaticEventSubscriber/LOADING]: Auto-subscribing reascer.wom.gameasset.animations.weapons.AnimsSatsujin to MOD
[138月2026 12:22:48.938] [modloading-worker-0/DEBUG] [net.minecraftforge.fml.javafmlmod.AutomaticEventSubscriber/LOADING]: Auto-subscribing yesman.epicfight.gameasset.Animations to MOD
[138月2026 12:22:48.944] [modloading-worker-0/DEBUG] [net.minecraftforge.fml.javafmlmod.AutomaticEventSubscriber/LOADING]: Auto-subscribing reascer.wom.gameasset.animations.weapons.AnimsRuine to MOD
[138月2026 12:22:48.950] [modloading-worker-0/DEBUG] [mixin/]: Mixing EnderHandMixin from annoyingvillagers.mixins.json into reascer.wom.world.entity.mob.EnderHand
[138月2026 12:22:48.951] [modloading-worker-0/DEBUG] [com.tterrag.registrate.AbstractRegistrate/REGISTRATE.REGISTER]: Captured registration for entry player_mobs:player_mob_spawn_egg of type minecraft:item
[138月2026 12:22:48.980] [modloading-worker-0/DEBUG] [mixin/]: Mixing StaticAnimationMixin from invincible.mixins.json into yesman.epicfight.api.animation.types.StaticAnimation
[138月2026 12:22:48.984] [modloading-worker-0/DEBUG] [net.minecraftforge.fml.javafmlmod.AutomaticEventSubscriber/LOADING]: Auto-subscribing reascer.wom.gameasset.animations.weapons.AnimsOrbit to MOD
[138月2026 12:22:48.985] [modloading-worker-0/DEBUG] [mixin/]: Mixing StaticAnimationsMixin from combat_evolution.mixins.json into yesman.epicfight.api.animation.types.StaticAnimation
[138月2026 12:22:48.997] [modloading-worker-0/DEBUG] [com.tterrag.registrate.AbstractRegistrate/REGISTRATE.REGISTER]: Captured registration for entry player_mobs:player_mob.ambient of type minecraft:sound_event
[138月2026 12:22:48.998] [modloading-worker-0/DEBUG] [com.tterrag.registrate.AbstractRegistrate/REGISTRATE.REGISTER]: Captured registration for entry player_mobs:player_mob.hurt of type minecraft:sound_event
[138月2026 12:22:48.999] [modloading-worker-0/DEBUG] [net.minecraftforge.fml.javafmlmod.AutomaticEventSubscriber/LOADING]: Auto-subscribing reascer.wom.gameasset.animations.weapons.AnimsNova to MOD
[138月2026 12:22:48.999] [modloading-worker-0/DEBUG] [com.tterrag.registrate.AbstractRegistrate/REGISTRATE.REGISTER]: Captured registration for entry player_mobs:player_mob.death of type minecraft:sound_event
[138月2026 12:22:49.005] [modloading-worker-0/DEBUG] [net.minecraftforge.fml.javafmlmod.AutomaticEventSubscriber/LOADING]: Attempting to inject @EventBusSubscriber classes into the eventbus for player_mobs
[138月2026 12:22:49.005] [modloading-worker-0/DEBUG] [net.minecraftforge.fml.javafmlmod.AutomaticEventSubscriber/LOADING]: Auto-subscribing se.gory_moon.player_mobs.utils.SpawnHandler to FORGE
[138月2026 12:22:49.005] [modloading-worker-0/DEBUG] [net.minecraftforge.fml.javafmlmod.AutomaticEventSubscriber/LOADING]: Auto-subscribing reascer.wom.gameasset.animations.weapons.AnimsNapoleon to MOD
[138月2026 12:22:49.008] [modloading-worker-0/DEBUG] [net.minecraftforge.fml.javafmlmod.AutomaticEventSubscriber/LOADING]: Auto-subscribing se.gory_moon.player_mobs.utils.DeathHandler to FORGE
[138月2026 12:22:49.013] [modloading-worker-0/DEBUG] [net.minecraftforge.fml.javafmlmod.AutomaticEventSubscriber/LOADING]: Auto-subscribing reascer.wom.gameasset.animations.weapons.AnimsMoonless to MOD
[138月2026 12:22:49.033] [modloading-worker-0/DEBUG] [mixin/]: Mixing compat.efn.StopEffectMixin from annoyingvillagers.mixins.json into com.hm.efn.mobeffects.StopEffect
[138月2026 12:22:49.036] [modloading-worker-0/DEBUG] [net.minecraftforge.fml.javafmlmod.AutomaticEventSubscriber/LOADING]: Auto-subscribing reascer.wom.gameasset.animations.weapons.AnimsHerrscher to MOD
[138月2026 12:22:49.041] [modloading-worker-0/DEBUG] [net.minecraftforge.fml.javafmlmod.AutomaticEventSubscriber/LOADING]: Auto-subscribing reascer.wom.gameasset.animations.weapons.AnimsEnderblaster to MOD
[138月2026 12:22:49.050] [modloading-worker-0/DEBUG] [net.minecraftforge.fml.javafmlmod.AutomaticEventSubscriber/LOADING]: Auto-subscribing reascer.wom.gameasset.animations.weapons.AnimsAgony to MOD
[138月2026 12:22:49.052] [modloading-worker-0/DEBUG] [net.minecraftforge.fml.javafmlmod.AutomaticEventSubscriber/LOADING]: Auto-subscribing yesman.epicfight.events.WorldEvents to FORGE
[138月2026 12:22:49.054] [modloading-worker-0/DEBUG] [net.minecraftforge.fml.javafmlmod.AutomaticEventSubscriber/LOADING]: Auto-subscribing reascer.wom.gameasset.WOMSkills to MOD
[138月2026 12:22:49.056] [modloading-worker-0/DEBUG] [net.minecraftforge.fml.javafmlmod.AutomaticEventSubscriber/LOADING]: Auto-subscribing yesman.epicfight.events.PlayerEvents to FORGE
[138月2026 12:22:49.063] [modloading-worker-0/DEBUG] [net.minecraftforge.fml.javafmlmod.AutomaticEventSubscriber/LOADING]: Auto-subscribing reascer.wom.gameasset.WOMAnimations to MOD
[138月2026 12:22:49.081] [modloading-worker-0/DEBUG] [net.minecraftforge.fml.javafmlmod.AutomaticEventSubscriber/LOADING]: Auto-subscribing yesman.epicfight.events.EntityEvents to FORGE
[138月2026 12:22:49.109] [modloading-worker-0/DEBUG] [net.minecraftforge.fml.javafmlmod.AutomaticEventSubscriber/LOADING]: Auto-subscribing reascer.wom.events.WOMLivingEntityEvents to FORGE
[138月2026 12:22:49.147] [modloading-worker-0/DEBUG] [net.minecraftforge.fml.javafmlmod.AutomaticEventSubscriber/LOADING]: Auto-subscribing reascer.wom.events.PatchedRegisterModBusEvents to MOD
[138月2026 12:22:49.158] [modloading-worker-0/DEBUG] [net.minecraftforge.fml.javafmlmod.AutomaticEventSubscriber/LOADING]: Auto-subscribing yesman.epicfight.events.CapabilityEvents to FORGE
[138月2026 12:22:49.162] [modloading-worker-0/DEBUG] [net.minecraftforge.fml.javafmlmod.AutomaticEventSubscriber/LOADING]: Auto-subscribing yesman.epicfight.data.loot.EpicFightLootTables to FORGE
[138月2026 12:22:49.164] [modloading-worker-0/DEBUG] [net.minecraftforge.fml.javafmlmod.AutomaticEventSubscriber/LOADING]: Auto-subscribing yesman.epicfight.config.ServerConfig to MOD
[138月2026 12:22:49.165] [modloading-worker-0/DEBUG] [net.minecraftforge.fml.javafmlmod.AutomaticEventSubscriber/LOADING]: Auto-subscribing yesman.epicfight.config.CommonConfig to MOD
[138月2026 12:22:49.195] [modloading-worker-0/DEBUG] [net.minecraftforge.fml.javafmlmod.AutomaticEventSubscriber/LOADING]: Attempting to inject @EventBusSubscriber classes into the eventbus for ywzj_vehicle
[138月2026 12:22:49.196] [modloading-worker-0/DEBUG] [net.minecraftforge.fml.javafmlmod.AutomaticEventSubscriber/LOADING]: Auto-subscribing org.ywzj.vehicle.resource.BedrockModelLoader to MOD
[138月2026 12:22:49.202] [modloading-worker-0/DEBUG] [epicfight/]: Registered Extendable Enum class com.hm.efn.gameasset.EFNSkillSlots in skill_slot
[138月2026 12:22:49.205] [modloading-worker-0/DEBUG] [net.minecraftforge.fml.javafmlmod.AutomaticEventSubscriber/LOADING]: Auto-subscribing org.ywzj.vehicle.handler.HitboxHelperEvent to FORGE
[138月2026 12:22:49.208] [modloading-worker-0/DEBUG] [epicfight/]: Registered Extendable Enum class com.hm.efn.gameasset.EFNSkillCategories in skill_category
[138月2026 12:22:49.209] [modloading-worker-0/DEBUG] [net.minecraftforge.fml.javafmlmod.AutomaticEventSubscriber/LOADING]: Auto-subscribing org.ywzj.vehicle.custom.sync.SyncDataManager to FORGE
[138月2026 12:22:49.230] [modloading-worker-0/DEBUG] [net.minecraftforge.fml.javafmlmod.AutomaticEventSubscriber/LOADING]: Auto-subscribing org.ywzj.vehicle.custom.sync.SyncDataManager$Setup to MOD
[138月2026 12:22:49.232] [modloading-worker-0/DEBUG] [net.minecraftforge.fml.javafmlmod.AutomaticEventSubscriber/LOADING]: Auto-subscribing org.ywzj.vehicle.custom.VehicleWeaponManager to FORGE
[138月2026 12:22:49.238] [modloading-worker-0/DEBUG] [net.minecraftforge.fml.javafmlmod.AutomaticEventSubscriber/LOADING]: Auto-subscribing org.ywzj.vehicle.custom.VehicleDataManager to FORGE
[138月2026 12:22:49.240] [modloading-worker-0/DEBUG] [net.minecraftforge.fml.javafmlmod.AutomaticEventSubscriber/LOADING]: Auto-subscribing org.ywzj.vehicle.custom.CommonAssetsManager to FORGE
[138月2026 12:22:49.246] [modloading-worker-0/DEBUG] [net.minecraftforge.fml.javafmlmod.AutomaticEventSubscriber/LOADING]: Auto-subscribing org.ywzj.vehicle.compat.ValkyrienSkiesCompat to FORGE
[138月2026 12:22:49.249] [modloading-worker-0/DEBUG] [net.minecraftforge.fml.javafmlmod.AutomaticEventSubscriber/LOADING]: Auto-subscribing org.ywzj.vehicle.compat.CreateCompat to FORGE
[138月2026 12:22:49.249] [modloading-worker-0/DEBUG] [net.minecraftforge.fml.config.ConfigTracker/CONFIG]: Config file efn-common.toml for efn tracking
[138月2026 12:22:49.251] [modloading-worker-0/DEBUG] [net.minecraftforge.fml.javafmlmod.AutomaticEventSubscriber/LOADING]: Auto-subscribing org.ywzj.vehicle.all.ModRegistries to MOD
[138月2026 12:22:49.251] [modloading-worker-0/DEBUG] [net.minecraftforge.fml.javafmlmod.AutomaticEventSubscriber/LOADING]: Auto-subscribing org.ywzj.vehicle.all.AllEvents$AllModEvents to MOD
[138月2026 12:22:49.255] [modloading-worker-0/DEBUG] [net.minecraftforge.fml.javafmlmod.AutomaticEventSubscriber/LOADING]: Auto-subscribing org.ywzj.vehicle.all.AllEvents$AllForgeEvents to FORGE
[138月2026 12:22:49.256] [modloading-worker-0/DEBUG] [net.minecraftforge.fml.config.ConfigTracker/CONFIG]: Config file efn-client.toml for efn tracking
[138月2026 12:22:49.256] [modloading-worker-0/DEBUG] [net.minecraftforge.fml.javafmlmod.AutomaticEventSubscriber/LOADING]: Attempting to inject @EventBusSubscriber classes into the eventbus for efn
[138月2026 12:22:49.256] [modloading-worker-0/DEBUG] [net.minecraftforge.fml.javafmlmod.AutomaticEventSubscriber/LOADING]: Auto-subscribing com.hm.efn.skill.weapon_passive.YamatoPassive to FORGE
[138月2026 12:22:49.267] [modloading-worker-0/DEBUG] [mixin/]: Mixing SkillContainerMixin from invincible.mixins.json into yesman.epicfight.skill.SkillContainer
[138月2026 12:22:49.280] [modloading-worker-0/DEBUG] [net.minecraftforge.fml.javafmlmod.AutomaticEventSubscriber/LOADING]: Auto-subscribing org.ywzj.vehicle.all.AllConfigs to MOD
[138月2026 12:22:49.288] [modloading-worker-0/DEBUG] [net.minecraftforge.fml.javafmlmod.AutomaticEventSubscriber/LOADING]: Auto-subscribing com.hm.efn.skill.passive.ParryMasterPassive$AnimationHandler to FORGE
[138月2026 12:22:49.295] [modloading-worker-0/DEBUG] [net.minecraftforge.fml.javafmlmod.AutomaticEventSubscriber/LOADING]: Auto-subscribing com.hm.efn.skill.ExclusiveSkillHandler to FORGE
[138月2026 12:22:49.299] [modloading-worker-0/DEBUG] [net.minecraftforge.fml.javafmlmod.AutomaticEventSubscriber/LOADING]: Auto-subscribing com.hm.efn.registries.EFNLootModifier to MOD
[138月2026 12:22:49.299] [modloading-worker-0/DEBUG] [net.minecraftforge.fml.javafmlmod.AutomaticEventSubscriber/LOADING]: Auto-subscribing com.hm.efn.mobeffects.Yamato to FORGE
[138月2026 12:22:49.303] [modloading-worker-0/DEBUG] [net.minecraftforge.fml.javafmlmod.AutomaticEventSubscriber/LOADING]: Auto-subscribing com.hm.efn.mobeffects.VulnerabilityEffect to FORGE
[138月2026 12:22:49.309] [modloading-worker-0/DEBUG] [net.minecraftforge.fml.javafmlmod.AutomaticEventSubscriber/LOADING]: Auto-subscribing com.hm.efn.mobeffects.StaminaEnhance to FORGE
[138月2026 12:22:49.312] [modloading-worker-0/DEBUG] [net.minecraftforge.fml.config.ConfigTracker/CONFIG]: Config file touhou_little_maid-common.toml for touhou_little_maid tracking
[138月2026 12:22:49.312] [modloading-worker-0/DEBUG] [net.minecraftforge.fml.javafmlmod.AutomaticEventSubscriber/LOADING]: Auto-subscribing com.hm.efn.mobeffects.SinStunImmunity to FORGE
[138月2026 12:22:49.313] [modloading-worker-0/DEBUG] [net.minecraftforge.fml.config.ConfigTracker/CONFIG]: Config file touhou_little_maid-server.toml for touhou_little_maid tracking
[138月2026 12:22:49.316] [modloading-worker-0/DEBUG] [net.minecraftforge.fml.javafmlmod.AutomaticEventSubscriber/LOADING]: Auto-subscribing com.hm.efn.mobeffects.MeenLance to FORGE
[138月2026 12:22:49.314] [modloading-worker-0/INFO] [touhou_little_maid/]: common default pack init start...
[138月2026 12:22:49.321] [modloading-worker-0/DEBUG] [net.minecraftforge.fml.javafmlmod.AutomaticEventSubscriber/LOADING]: Auto-subscribing com.hm.efn.mobeffects.KnockBackResistanceEffect to FORGE
[138月2026 12:22:49.326] [modloading-worker-0/DEBUG] [net.minecraftforge.fml.javafmlmod.AutomaticEventSubscriber/LOADING]: Auto-subscribing com.hm.efn.mobeffects.InvincibilityEffect to FORGE
[138月2026 12:22:49.333] [modloading-worker-0/DEBUG] [net.minecraftforge.fml.javafmlmod.AutomaticEventSubscriber/LOADING]: Auto-subscribing com.hm.efn.mobeffects.HeavyRainStunEffect to FORGE
[138月2026 12:22:49.336] [modloading-worker-0/DEBUG] [net.minecraftforge.fml.javafmlmod.AutomaticEventSubscriber/LOADING]: Auto-subscribing com.hm.efn.mobeffects.GradualHeal$EffectEvents to FORGE
[138月2026 12:22:49.339] [modloading-worker-0/DEBUG] [net.minecraftforge.fml.javafmlmod.AutomaticEventSubscriber/LOADING]: Auto-subscribing com.hm.efn.mobeffects.FalchionBless to FORGE
[138月2026 12:22:49.341] [modloading-worker-0/DEBUG] [net.minecraftforge.fml.javafmlmod.AutomaticEventSubscriber/LOADING]: Auto-subscribing com.hm.efn.mobeffects.ClawEnhance to FORGE
[138月2026 12:22:49.345] [modloading-worker-0/DEBUG] [net.minecraftforge.fml.javafmlmod.AutomaticEventSubscriber/LOADING]: Auto-subscribing com.hm.efn.mobeffects.BloodlustEnhance to FORGE
[138月2026 12:22:49.350] [modloading-worker-0/DEBUG] [net.minecraftforge.fml.javafmlmod.AutomaticEventSubscriber/LOADING]: Auto-subscribing com.hm.efn.mobeffects.BattleContinuationEffect to FORGE
[138月2026 12:22:49.364] [modloading-worker-0/DEBUG] [net.minecraftforge.fml.javafmlmod.AutomaticEventSubscriber/LOADING]: Auto-subscribing com.hm.efn.item.custom.YamatoItem to FORGE
[138月2026 12:22:49.378] [modloading-worker-0/DEBUG] [net.minecraftforge.fml.javafmlmod.AutomaticEventSubscriber/LOADING]: Auto-subscribing com.hm.efn.item.custom.Meen_SpearItem to FORGE
[138月2026 12:22:49.381] [modloading-worker-0/DEBUG] [net.minecraftforge.fml.javafmlmod.AutomaticEventSubscriber/LOADING]: Auto-subscribing com.hm.efn.item.custom.HfMurasamaItem to FORGE
[138月2026 12:22:49.385] [modloading-worker-0/DEBUG] [net.minecraftforge.fml.javafmlmod.AutomaticEventSubscriber/LOADING]: Auto-subscribing com.hm.efn.item.custom.HfBladeItem to FORGE
[138月2026 12:22:49.390] [modloading-worker-0/DEBUG] [net.minecraftforge.fml.javafmlmod.AutomaticEventSubscriber/LOADING]: Auto-subscribing com.hm.efn.item.custom.BroadBladeItem to FORGE
[138月2026 12:22:49.392] [modloading-worker-0/DEBUG] [mixin/]: Mixing ArmaturesAccessor from efn.mixins.json into yesman.epicfight.gameasset.Armatures
[138月2026 12:22:49.393] [modloading-worker-0/DEBUG] [mixin/]: Renaming @Accessor method getEntityTypeArmatureMapper()Ljava/util/Map; to getEntityTypeArmatureMapper_$md$200071$0 in efn.mixins.json:ArmaturesAccessor
[138月2026 12:22:49.430] [modloading-worker-0/DEBUG] [net.minecraftforge.fml.javafmlmod.AutomaticEventSubscriber/LOADING]: Auto-subscribing com.hm.efn.gameasset.combos.Yamato to MOD
[138月2026 12:22:49.434] [modloading-worker-0/DEBUG] [net.minecraftforge.fml.javafmlmod.AutomaticEventSubscriber/LOADING]: Auto-subscribing com.hm.efn.gameasset.combos.Shortsword to MOD
[138月2026 12:22:49.435] [modloading-worker-0/DEBUG] [net.minecraftforge.fml.javafmlmod.AutomaticEventSubscriber/LOADING]: Auto-subscribing com.hm.efn.gameasset.combos.Ruinsgreatsword to MOD
[138月2026 12:22:49.438] [modloading-worker-0/DEBUG] [net.minecraftforge.fml.javafmlmod.AutomaticEventSubscriber/LOADING]: Auto-subscribing com.hm.efn.gameasset.combos.Pioneer to MOD
[138月2026 12:22:49.441] [modloading-worker-0/DEBUG] [net.minecraftforge.fml.javafmlmod.AutomaticEventSubscriber/LOADING]: Auto-subscribing com.hm.efn.gameasset.combos.Murasama to MOD
[138月2026 12:22:49.445] [modloading-worker-0/DEBUG] [net.minecraftforge.fml.javafmlmod.AutomaticEventSubscriber/LOADING]: Auto-subscribing com.hm.efn.gameasset.combos.Meenlance to MOD
[138月2026 12:22:49.448] [modloading-worker-0/DEBUG] [net.minecraftforge.fml.javafmlmod.AutomaticEventSubscriber/LOADING]: Auto-subscribing com.hm.efn.gameasset.combos.Kusabimaru_Enhance to MOD
[138月2026 12:22:49.452] [modloading-worker-0/DEBUG] [net.minecraftforge.fml.javafmlmod.AutomaticEventSubscriber/LOADING]: Auto-subscribing com.hm.efn.gameasset.combos.Kusabimaru to MOD
[138月2026 12:22:49.454] [modloading-worker-0/DEBUG] [net.minecraftforge.fml.javafmlmod.AutomaticEventSubscriber/LOADING]: Auto-subscribing com.hm.efn.gameasset.combos.HfBlade to MOD
[138月2026 12:22:49.458] [modloading-worker-0/DEBUG] [net.minecraftforge.fml.javafmlmod.AutomaticEventSubscriber/LOADING]: Auto-subscribing com.hm.efn.gameasset.combos.Exsiliumgladius to MOD
[138月2026 12:22:49.460] [modloading-worker-0/DEBUG] [net.minecraftforge.fml.javafmlmod.AutomaticEventSubscriber/LOADING]: Auto-subscribing com.hm.efn.gameasset.combos.ExampleCombo to MOD
[138月2026 12:22:49.463] [modloading-worker-0/DEBUG] [net.minecraftforge.fml.javafmlmod.AutomaticEventSubscriber/LOADING]: Auto-subscribing com.hm.efn.gameasset.combos.CrescentMoon to MOD
[138月2026 12:22:49.466] [modloading-worker-0/DEBUG] [net.minecraftforge.fml.javafmlmod.AutomaticEventSubscriber/LOADING]: Auto-subscribing com.hm.efn.gameasset.combos.BroadBlade to MOD
[138月2026 12:22:49.469] [modloading-worker-0/DEBUG] [net.minecraftforge.fml.javafmlmod.AutomaticEventSubscriber/LOADING]: Auto-subscribing com.hm.efn.gameasset.combos.Bloodlust to MOD
[138月2026 12:22:49.472] [modloading-worker-0/DEBUG] [net.minecraftforge.fml.javafmlmod.AutomaticEventSubscriber/LOADING]: Auto-subscribing com.hm.efn.gameasset.combos.Beastclaw to MOD
[138月2026 12:22:49.474] [modloading-worker-0/DEBUG] [net.minecraftforge.fml.javafmlmod.AutomaticEventSubscriber/LOADING]: Auto-subscribing com.hm.efn.gameasset.combos.Aetherialdusk to MOD
[138月2026 12:22:49.477] [modloading-worker-0/DEBUG] [net.minecraftforge.fml.javafmlmod.AutomaticEventSubscriber/LOADING]: Auto-subscribing com.hm.efn.gameasset.animations.EFNZansetsuAnimations_B to MOD
[138月2026 12:22:49.500] [modloading-worker-0/DEBUG] [mixin/]: Mixing EFAttackAnimationMixin from combat_evolution.mixins.json into yesman.epicfight.api.animation.types.AttackAnimation
[138月2026 12:22:49.504] [modloading-worker-0/DEBUG] [mixin/]: Mixing AttackAnimationMixin from annoyingvillagers.mixins.json into yesman.epicfight.api.animation.types.AttackAnimation
[138月2026 12:22:49.575] [modloading-worker-0/DEBUG] [mixin/]: Mixing ActionAnimationMixin from efn.mixins.json into yesman.epicfight.api.animation.types.ActionAnimation
[138月2026 12:22:49.605] [modloading-worker-0/DEBUG] [net.minecraftforge.fml.javafmlmod.AutomaticEventSubscriber/LOADING]: Auto-subscribing com.hm.efn.gameasset.animations.EFNZansetsuAnimations to MOD
[138月2026 12:22:49.612] [modloading-worker-0/DEBUG] [net.minecraftforge.fml.javafmlmod.AutomaticEventSubscriber/LOADING]: Auto-subscribing com.hm.efn.gameasset.animations.EFNYamatoAnimations to MOD
[138月2026 12:22:49.645] [modloading-worker-0/DEBUG] [net.minecraftforge.fml.javafmlmod.AutomaticEventSubscriber/LOADING]: Auto-subscribing com.hm.efn.gameasset.animations.EFNThornWheelAnimations to MOD
[138月2026 12:22:49.661] [modloading-worker-0/DEBUG] [mixin/]: Mixing OpenMatrix4fInvertFixMixin from annoyingvillagers.mixins.json into yesman.epicfight.api.utils.math.OpenMatrix4f
[138月2026 12:22:49.792] [modloading-worker-0/DEBUG] [net.minecraftforge.fml.javafmlmod.AutomaticEventSubscriber/LOADING]: Auto-subscribing com.hm.efn.gameasset.animations.EFNTachiAnimations to MOD
[138月2026 12:22:49.795] [modloading-worker-0/DEBUG] [net.minecraftforge.fml.javafmlmod.AutomaticEventSubscriber/LOADING]: Auto-subscribing com.hm.efn.gameasset.animations.EFNSwordAnimations to MOD
[138月2026 12:22:49.797] [modloading-worker-0/DEBUG] [net.minecraftforge.fml.javafmlmod.AutomaticEventSubscriber/LOADING]: Auto-subscribing com.hm.efn.gameasset.animations.EFNStunAnimations to MOD
[138月2026 12:22:49.799] [modloading-worker-0/DEBUG] [net.minecraftforge.fml.javafmlmod.AutomaticEventSubscriber/LOADING]: Auto-subscribing com.hm.efn.gameasset.animations.EFNSkillAnimations to MOD
[138月2026 12:22:49.807] [modloading-worker-0/DEBUG] [net.minecraftforge.fml.javafmlmod.AutomaticEventSubscriber/LOADING]: Auto-subscribing com.hm.efn.gameasset.animations.EFNShortSwordAnimations to MOD
[138月2026 12:22:49.809] [modloading-worker-0/DEBUG] [net.minecraftforge.fml.javafmlmod.AutomaticEventSubscriber/LOADING]: Auto-subscribing com.hm.efn.gameasset.animations.EFNSekiroAnimations to MOD
[138月2026 12:22:49.853] [modloading-worker-0/DEBUG] [net.minecraftforge.fml.javafmlmod.AutomaticEventSubscriber/LOADING]: Auto-subscribing com.hm.efn.gameasset.animations.EFNScytheAnimations to MOD
[138月2026 12:22:49.857] [modloading-worker-0/DEBUG] [net.minecraftforge.fml.javafmlmod.AutomaticEventSubscriber/LOADING]: Auto-subscribing com.hm.efn.gameasset.animations.EFNMurasamaAnimations to MOD
[138月2026 12:22:49.875] [modloading-worker-0/DEBUG] [net.minecraftforge.fml.javafmlmod.AutomaticEventSubscriber/LOADING]: Auto-subscribing com.hm.efn.gameasset.animations.EFNLanceAnimations to MOD
[138月2026 12:22:49.882] [modloading-worker-0/DEBUG] [net.minecraftforge.fml.javafmlmod.AutomaticEventSubscriber/LOADING]: Auto-subscribing com.hm.efn.gameasset.animations.EFNHfBladeAnimations to MOD
[138月2026 12:22:49.903] [modloading-worker-0/DEBUG] [net.minecraftforge.fml.javafmlmod.AutomaticEventSubscriber/LOADING]: Auto-subscribing com.hm.efn.gameasset.animations.EFNGreatSwordAnimations to MOD
[138月2026 12:22:49.908] [modloading-worker-0/DEBUG] [net.minecraftforge.fml.javafmlmod.AutomaticEventSubscriber/LOADING]: Auto-subscribing com.hm.efn.gameasset.animations.EFNFalchionAnimations to MOD
[138月2026 12:22:49.909] [modloading-worker-0/DEBUG] [net.minecraftforge.fml.config.ConfigTracker/CONFIG]: Config file annoyingvillagers-server.toml for annoyingvillagers tracking
[138月2026 12:22:49.915] [modloading-worker-0/DEBUG] [net.minecraftforge.fml.javafmlmod.AutomaticEventSubscriber/LOADING]: Auto-subscribing com.hm.efn.gameasset.animations.EFNExsiliumgladiusAnimations to MOD
[138月2026 12:22:49.918] [modloading-worker-0/DEBUG] [net.minecraftforge.fml.javafmlmod.AutomaticEventSubscriber/LOADING]: Auto-subscribing com.hm.efn.gameasset.animations.EFNDualSwordAnimations to MOD
[138月2026 12:22:49.918] [modloading-worker-0/DEBUG] [net.minecraftforge.fml.config.ConfigTracker/CONFIG]: Config file annoyingvillagers-spawns.toml for annoyingvillagers tracking
[138月2026 12:22:49.921] [modloading-worker-0/DEBUG] [net.minecraftforge.fml.javafmlmod.AutomaticEventSubscriber/LOADING]: Auto-subscribing com.hm.efn.gameasset.animations.EFNDodgeAnimations to MOD
[138月2026 12:22:49.921] [modloading-worker-0/DEBUG] [net.minecraftforge.fml.javafmlmod.AutomaticEventSubscriber/LOADING]: Attempting to inject @EventBusSubscriber classes into the eventbus for annoyingvillagers
[138月2026 12:22:49.921] [modloading-worker-0/DEBUG] [net.minecraftforge.fml.javafmlmod.AutomaticEventSubscriber/LOADING]: Auto-subscribing com.pla.annoyingvillagers.task.TaskScheduler to FORGE
[138月2026 12:22:49.924] [modloading-worker-0/DEBUG] [net.minecraftforge.fml.javafmlmod.AutomaticEventSubscriber/LOADING]: Auto-subscribing com.pla.annoyingvillagers.network.ThrowingEnderPearlMessage to MOD
[138月2026 12:22:49.924] [modloading-worker-0/DEBUG] [net.minecraftforge.fml.javafmlmod.AutomaticEventSubscriber/LOADING]: Auto-subscribing com.hm.efn.gameasset.animations.EFNClawAnimations_N to MOD
[138月2026 12:22:49.926] [modloading-worker-0/DEBUG] [net.minecraftforge.fml.javafmlmod.AutomaticEventSubscriber/LOADING]: Auto-subscribing com.pla.annoyingvillagers.network.SpecialAttackMessage to MOD
[138月2026 12:22:49.926] [modloading-worker-0/DEBUG] [net.minecraftforge.fml.javafmlmod.AutomaticEventSubscriber/LOADING]: Auto-subscribing com.hm.efn.gameasset.animations.EFNClawAnimations to MOD
[138月2026 12:22:49.929] [modloading-worker-0/DEBUG] [net.minecraftforge.fml.javafmlmod.AutomaticEventSubscriber/LOADING]: Auto-subscribing com.pla.annoyingvillagers.item.HookGunItem$Events to FORGE
[138月2026 12:22:49.929] [modloading-worker-0/DEBUG] [net.minecraftforge.fml.javafmlmod.AutomaticEventSubscriber/LOADING]: Auto-subscribing com.hm.efn.gameasset.animations.EFNBroadBladeAnimations to MOD
[138月2026 12:22:49.931] [modloading-worker-0/DEBUG] [net.minecraftforge.fml.javafmlmod.AutomaticEventSubscriber/LOADING]: Auto-subscribing com.pla.annoyingvillagers.init.AnnoyingVillagersModTrades to FORGE
[138月2026 12:22:49.932] [modloading-worker-0/DEBUG] [net.minecraftforge.fml.javafmlmod.AutomaticEventSubscriber/LOADING]: Auto-subscribing com.hm.efn.gameasset.ExampleWeaponCapabilityPresets to MOD
[138月2026 12:22:49.934] [modloading-worker-0/DEBUG] [net.minecraftforge.fml.javafmlmod.AutomaticEventSubscriber/LOADING]: Auto-subscribing com.pla.annoyingvillagers.init.AnnoyingVillagersModEntities to MOD
[138月2026 12:22:49.935] [modloading-worker-0/DEBUG] [net.minecraftforge.fml.javafmlmod.AutomaticEventSubscriber/LOADING]: Auto-subscribing com.hm.efn.gameasset.EFNWeaponsGuardSkillCompat to MOD
[138月2026 12:22:49.937] [modloading-worker-0/DEBUG] [net.minecraftforge.fml.javafmlmod.AutomaticEventSubscriber/LOADING]: Auto-subscribing com.pla.annoyingvillagers.gameasset.AnimsYonchiChikito to MOD
[138月2026 12:22:49.941] [modloading-worker-0/DEBUG] [net.minecraftforge.fml.javafmlmod.AutomaticEventSubscriber/LOADING]: Auto-subscribing com.pla.annoyingvillagers.gameasset.AnimsWom to MOD
[138月2026 12:22:49.943] [modloading-worker-0/DEBUG] [net.minecraftforge.fml.javafmlmod.AutomaticEventSubscriber/LOADING]: Auto-subscribing com.hm.efn.gameasset.EFNWeaponCapabilityPresets to MOD
[138月2026 12:22:49.951] [modloading-worker-0/DEBUG] [net.minecraftforge.fml.javafmlmod.AutomaticEventSubscriber/LOADING]: Auto-subscribing com.pla.annoyingvillagers.gameasset.AnimsTacticalImbuements to MOD
[138月2026 12:22:49.952] [modloading-worker-0/DEBUG] [net.minecraftforge.fml.javafmlmod.AutomaticEventSubscriber/LOADING]: Auto-subscribing com.pla.annoyingvillagers.gameasset.AnimsSculkSteve to MOD
[138月2026 12:22:49.952] [modloading-worker-0/DEBUG] [net.minecraftforge.fml.javafmlmod.AutomaticEventSubscriber/LOADING]: Auto-subscribing com.hm.efn.gameasset.EFNSkills to MOD
[138月2026 12:22:49.954] [modloading-worker-0/DEBUG] [net.minecraftforge.fml.javafmlmod.AutomaticEventSubscriber/LOADING]: Auto-subscribing com.pla.annoyingvillagers.gameasset.AnimsPugilistSteve to MOD
[138月2026 12:22:49.959] [modloading-worker-0/DEBUG] [net.minecraftforge.fml.javafmlmod.AutomaticEventSubscriber/LOADING]: Auto-subscribing com.hm.efn.gameasset.EFNAnimations to MOD
[138月2026 12:22:49.963] [modloading-worker-0/DEBUG] [net.minecraftforge.fml.javafmlmod.AutomaticEventSubscriber/LOADING]: Auto-subscribing com.pla.annoyingvillagers.gameasset.AnimsEpicFightValourGuard to MOD
[138月2026 12:22:49.964] [modloading-worker-0/DEBUG] [net.minecraftforge.fml.javafmlmod.AutomaticEventSubscriber/LOADING]: Auto-subscribing com.pla.annoyingvillagers.gameasset.AnimsEpicFightSanji to MOD
[138月2026 12:22:49.966] [modloading-worker-0/DEBUG] [net.minecraftforge.fml.javafmlmod.AutomaticEventSubscriber/LOADING]: Auto-subscribing com.pla.annoyingvillagers.gameasset.AnimsEpicFightIronSpell to MOD
[138月2026 12:22:49.967] [modloading-worker-0/DEBUG] [net.minecraftforge.fml.javafmlmod.AutomaticEventSubscriber/LOADING]: Auto-subscribing com.pla.annoyingvillagers.gameasset.AnimsEpicFightInfernalGainer to MOD
[138月2026 12:22:49.968] [modloading-worker-0/DEBUG] [net.minecraftforge.fml.javafmlmod.AutomaticEventSubscriber/LOADING]: Auto-subscribing com.pla.annoyingvillagers.gameasset.AnimsEpicFightGuandao to MOD
[138月2026 12:22:49.969] [modloading-worker-0/DEBUG] [net.minecraftforge.fml.javafmlmod.AutomaticEventSubscriber/LOADING]: Auto-subscribing com.hm.efn.event.PlayerRandomFireworksServerEvent to FORGE
[138月2026 12:22:49.969] [modloading-worker-0/DEBUG] [net.minecraftforge.fml.javafmlmod.AutomaticEventSubscriber/LOADING]: Auto-subscribing com.pla.annoyingvillagers.gameasset.AnimsEpicFightDualGreatsword to MOD
[138月2026 12:22:49.972] [modloading-worker-0/DEBUG] [net.minecraftforge.fml.javafmlmod.AutomaticEventSubscriber/LOADING]: Auto-subscribing com.pla.annoyingvillagers.gameasset.AnimsEpicFightBattleArts to MOD
[138月2026 12:22:49.974] [modloading-worker-0/DEBUG] [net.minecraftforge.fml.javafmlmod.AutomaticEventSubscriber/LOADING]: Auto-subscribing com.hm.efn.event.EntityEvent to FORGE
[138月2026 12:22:49.975] [modloading-worker-0/DEBUG] [net.minecraftforge.fml.javafmlmod.AutomaticEventSubscriber/LOADING]: Auto-subscribing com.pla.annoyingvillagers.gameasset.AnimsEpicFightAwaken to MOD
[138月2026 12:22:49.975] [modloading-worker-0/DEBUG] [net.minecraftforge.fml.javafmlmod.AutomaticEventSubscriber/LOADING]: Auto-subscribing com.hm.efn.event.DuskFireArmorEffectListener to FORGE
[138月2026 12:22:49.979] [modloading-worker-0/DEBUG] [net.minecraftforge.fml.javafmlmod.AutomaticEventSubscriber/LOADING]: Auto-subscribing com.hm.efn.event.BroadBladeEffectManager$CleanupHandler to FORGE
[138月2026 12:22:49.979] [modloading-worker-0/DEBUG] [net.minecraftforge.fml.javafmlmod.AutomaticEventSubscriber/LOADING]: Auto-subscribing com.pla.annoyingvillagers.gameasset.AnimsEpicFightACG to MOD
[138月2026 12:22:49.981] [modloading-worker-0/DEBUG] [net.minecraftforge.fml.javafmlmod.AutomaticEventSubscriber/LOADING]: Auto-subscribing com.pla.annoyingvillagers.gameasset.AnimsEpicFight to MOD
[138月2026 12:22:49.981] [modloading-worker-0/DEBUG] [net.minecraftforge.fml.javafmlmod.AutomaticEventSubscriber/LOADING]: Auto-subscribing com.hm.efn.entity.EFNEntityHandler to MOD
[138月2026 12:22:49.984] [modloading-worker-0/DEBUG] [net.minecraftforge.fml.javafmlmod.AutomaticEventSubscriber/LOADING]: Auto-subscribing com.pla.annoyingvillagers.gameasset.AVSkills to MOD
[138月2026 12:22:49.987] [modloading-worker-0/DEBUG] [net.minecraftforge.fml.javafmlmod.AutomaticEventSubscriber/LOADING]: Auto-subscribing com.hm.efn.datagen.loot.EFNLootTables to FORGE
[138月2026 12:22:49.988] [modloading-worker-0/DEBUG] [net.minecraftforge.fml.javafmlmod.AutomaticEventSubscriber/LOADING]: Auto-subscribing com.pla.annoyingvillagers.gameasset.AVAnimations to MOD
[138月2026 12:22:49.988] [modloading-worker-0/DEBUG] [net.minecraftforge.fml.javafmlmod.AutomaticEventSubscriber/LOADING]: Auto-subscribing com.hm.efn.datagen.EFNDataGenerators to MOD
[138月2026 12:22:49.990] [modloading-worker-0/DEBUG] [net.minecraftforge.fml.javafmlmod.AutomaticEventSubscriber/LOADING]: Auto-subscribing com.hm.efn.data.DataEvents to MOD
[138月2026 12:22:49.991] [modloading-worker-0/DEBUG] [net.minecraftforge.fml.javafmlmod.AutomaticEventSubscriber/LOADING]: Auto-subscribing com.pla.annoyingvillagers.event.WomFixEvent to FORGE
[138月2026 12:22:49.991] [modloading-worker-0/DEBUG] [net.minecraftforge.fml.javafmlmod.AutomaticEventSubscriber/LOADING]: Auto-subscribing com.hm.efn.client.events.AddTriggerEvent to FORGE
[138月2026 12:22:49.993] [modloading-worker-0/DEBUG] [net.minecraftforge.fml.javafmlmod.AutomaticEventSubscriber/LOADING]: Auto-subscribing com.pla.annoyingvillagers.event.VillagerHeadSetEvent to FORGE
[138月2026 12:22:49.995] [modloading-worker-0/DEBUG] [net.minecraftforge.fml.javafmlmod.AutomaticEventSubscriber/LOADING]: Auto-subscribing com.pla.annoyingvillagers.event.TotemUsingEvent to FORGE
[138月2026 12:22:49.997] [modloading-worker-0/DEBUG] [net.minecraftforge.fml.javafmlmod.AutomaticEventSubscriber/LOADING]: Auto-subscribing com.pla.annoyingvillagers.event.SnakeBladeCleanupEvent to FORGE
[138月2026 12:22:49.997] [modloading-worker-0/DEBUG] [net.minecraftforge.fml.javafmlmod.AutomaticEventSubscriber/LOADING]: Auto-subscribing com.hm.efn.client.command.EFNCommands to FORGE
[138月2026 12:22:50.000] [modloading-worker-0/DEBUG] [net.minecraftforge.fml.javafmlmod.AutomaticEventSubscriber/LOADING]: Auto-subscribing com.pla.annoyingvillagers.event.SleepPreventEvent to FORGE
[138月2026 12:22:50.000] [modloading-worker-0/DEBUG] [net.minecraftforge.fml.javafmlmod.AutomaticEventSubscriber/LOADING]: Auto-subscribing com.hm.efn.capability.OriginalSkillEvents to FORGE
[138月2026 12:22:50.002] [modloading-worker-0/DEBUG] [net.minecraftforge.fml.javafmlmod.AutomaticEventSubscriber/LOADING]: Auto-subscribing com.hm.efn.capability.OriginalSkillEvents$ModBusEvents to MOD
[138月2026 12:22:50.002] [modloading-worker-0/DEBUG] [net.minecraftforge.fml.javafmlmod.AutomaticEventSubscriber/LOADING]: Auto-subscribing com.pla.annoyingvillagers.event.RiseFromGroundEvent to FORGE
[138月2026 12:22:50.003] [modloading-worker-0/DEBUG] [net.minecraftforge.fml.javafmlmod.AutomaticEventSubscriber/LOADING]: Auto-subscribing com.hm.efn.EFNCommonConfig$EFNModLoadingContext to MOD
[138月2026 12:22:50.003] [modloading-worker-0/DEBUG] [net.minecraftforge.fml.javafmlmod.AutomaticEventSubscriber/LOADING]: Auto-subscribing com.pla.annoyingvillagers.event.PlayerNpcDeadEvent to FORGE
[138月2026 12:22:50.006] [modloading-worker-0/DEBUG] [net.minecraftforge.fml.javafmlmod.AutomaticEventSubscriber/LOADING]: Auto-subscribing com.pla.annoyingvillagers.event.NullWeaponCleanupEvent to FORGE
[138月2026 12:22:50.006] [modloading-worker-0/DEBUG] [net.minecraftforge.fml.javafmlmod.AutomaticEventSubscriber/LOADING]: Auto-subscribing com.hm.efn.EFNClientConfig$EFNClientModLoadingContext to MOD
[138月2026 12:22:50.007] [modloading-worker-0/DEBUG] [net.minecraftforge.fml.javafmlmod.AutomaticEventSubscriber/LOADING]: Auto-subscribing com.pla.annoyingvillagers.event.NpcGearLoadEvent to FORGE
[138月2026 12:22:50.007] [modloading-worker-0/DEBUG] [net.minecraftforge.fml.javafmlmod.AutomaticEventSubscriber/LOADING]: Auto-subscribing com.pla.annoyingvillagers.event.MonsterHealingEvent to FORGE
[138月2026 12:22:50.010] [modloading-worker-0/DEBUG] [net.minecraftforge.fml.javafmlmod.AutomaticEventSubscriber/LOADING]: Auto-subscribing com.pla.annoyingvillagers.event.MobTargetRedirectEvent to FORGE
[138月2026 12:22:50.012] [modloading-worker-0/DEBUG] [net.minecraftforge.fml.javafmlmod.AutomaticEventSubscriber/LOADING]: Auto-subscribing com.pla.annoyingvillagers.event.MobPlaceBlockEvent to FORGE
[138月2026 12:22:50.014] [modloading-worker-0/DEBUG] [net.minecraftforge.fml.javafmlmod.AutomaticEventSubscriber/LOADING]: Auto-subscribing com.pla.annoyingvillagers.event.KnockdownEvent to FORGE
[138月2026 12:22:50.015] [modloading-worker-0/DEBUG] [net.minecraftforge.fml.javafmlmod.AutomaticEventSubscriber/LOADING]: Auto-subscribing com.pla.annoyingvillagers.event.HookSwordEvent to FORGE
[138月2026 12:22:50.018] [modloading-worker-0/DEBUG] [net.minecraftforge.fml.javafmlmod.AutomaticEventSubscriber/LOADING]: Auto-subscribing com.pla.annoyingvillagers.event.HerobrineDragonDismountEvent to FORGE
[138月2026 12:22:50.021] [modloading-worker-0/DEBUG] [net.minecraftforge.fml.javafmlmod.AutomaticEventSubscriber/LOADING]: Auto-subscribing com.pla.annoyingvillagers.event.FireworkUseEvent to FORGE
[138月2026 12:22:50.022] [modloading-worker-0/DEBUG] [net.minecraftforge.fml.javafmlmod.AutomaticEventSubscriber/LOADING]: Auto-subscribing com.pla.annoyingvillagers.event.ExplosionDamageEvent to FORGE
[138月2026 12:22:50.025] [modloading-worker-0/DEBUG] [net.minecraftforge.fml.javafmlmod.AutomaticEventSubscriber/LOADING]: Auto-subscribing com.pla.annoyingvillagers.event.ExecuteEvent to MOD
[138月2026 12:22:50.027] [modloading-worker-0/DEBUG] [net.minecraftforge.fml.javafmlmod.AutomaticEventSubscriber/LOADING]: Auto-subscribing com.pla.annoyingvillagers.event.EnchantBedDeathEvent to FORGE
[138月2026 12:22:50.029] [modloading-worker-0/DEBUG] [net.minecraftforge.fml.javafmlmod.AutomaticEventSubscriber/LOADING]: Auto-subscribing com.pla.annoyingvillagers.event.BlueDemonTridentOnPlayerHandEvent to FORGE
[138月2026 12:22:50.035] [modloading-worker-0/DEBUG] [net.minecraftforge.fml.javafmlmod.AutomaticEventSubscriber/LOADING]: Auto-subscribing com.pla.annoyingvillagers.event.BlueDemonChestplateEvent to FORGE
[138月2026 12:22:50.037] [modloading-worker-0/DEBUG] [net.minecraftforge.fml.javafmlmod.AutomaticEventSubscriber/LOADING]: Auto-subscribing com.pla.annoyingvillagers.event.AnimationDamageEvent to FORGE
[138月2026 12:22:50.039] [modloading-worker-0/DEBUG] [net.minecraftforge.fml.javafmlmod.AutomaticEventSubscriber/LOADING]: Auto-subscribing com.pla.annoyingvillagers.event.AddStarterSkillEvent to FORGE
[138月2026 12:22:50.042] [modloading-worker-0/DEBUG] [net.minecraftforge.fml.javafmlmod.AutomaticEventSubscriber/LOADING]: Auto-subscribing com.pla.annoyingvillagers.compat.p1nero_bow.AnimsP1neroEpicBow to MOD
[138月2026 12:22:50.043] [modloading-worker-0/DEBUG] [net.minecraftforge.fml.javafmlmod.AutomaticEventSubscriber/LOADING]: Auto-subscribing com.pla.annoyingvillagers.AnnoyingVillagers$initer to MOD
[138月2026 12:22:52.800] [modloading-worker-0/INFO] [touhou_little_maid/]: common default pack init finished, cost time: 3477.356 ms
[138月2026 12:22:52.802] [modloading-worker-0/DEBUG] [net.minecraftforge.fml.javafmlmod.AutomaticEventSubscriber/LOADING]: Attempting to inject @EventBusSubscriber classes into the eventbus for touhou_little_maid
[138月2026 12:22:52.802] [modloading-worker-0/DEBUG] [net.minecraftforge.fml.javafmlmod.AutomaticEventSubscriber/LOADING]: Auto-subscribing com.github.tartaricacid.touhoulittlemaid.item.ItemSubstituteJizo to FORGE
[138月2026 12:22:52.802] [modloading-worker-0/DEBUG] [net.minecraftforge.fml.javafmlmod.AutomaticEventSubscriber/LOADING]: Auto-subscribing com.github.tartaricacid.touhoulittlemaid.init.registry.MobSpawnInfoRegistry to FORGE
[138月2026 12:22:52.804] [modloading-worker-0/DEBUG] [net.minecraftforge.fml.javafmlmod.AutomaticEventSubscriber/LOADING]: Auto-subscribing com.github.tartaricacid.touhoulittlemaid.init.registry.DatapackRegistry to FORGE
[138月2026 12:22:52.805] [modloading-worker-0/DEBUG] [net.minecraftforge.fml.javafmlmod.AutomaticEventSubscriber/LOADING]: Auto-subscribing com.github.tartaricacid.touhoulittlemaid.init.registry.CompatRegistry to MOD
[138月2026 12:22:52.806] [modloading-worker-0/DEBUG] [net.minecraftforge.fml.javafmlmod.AutomaticEventSubscriber/LOADING]: Auto-subscribing com.github.tartaricacid.touhoulittlemaid.init.registry.CommonRegistry to MOD
[138月2026 12:22:52.807] [modloading-worker-0/DEBUG] [net.minecraftforge.fml.javafmlmod.AutomaticEventSubscriber/LOADING]: Auto-subscribing com.github.tartaricacid.touhoulittlemaid.init.registry.CommandRegistry to FORGE
[138月2026 12:22:52.808] [modloading-worker-0/DEBUG] [net.minecraftforge.fml.javafmlmod.AutomaticEventSubscriber/LOADING]: Auto-subscribing com.github.tartaricacid.touhoulittlemaid.init.registry.CapabilityRegistry to MOD
[138月2026 12:22:52.808] [modloading-worker-0/DEBUG] [net.minecraftforge.fml.javafmlmod.AutomaticEventSubscriber/LOADING]: Auto-subscribing com.github.tartaricacid.touhoulittlemaid.init.InitRecipes to MOD
[138月2026 12:22:52.810] [modloading-worker-0/DEBUG] [net.minecraftforge.fml.javafmlmod.AutomaticEventSubscriber/LOADING]: Auto-subscribing com.github.tartaricacid.touhoulittlemaid.init.InitLootModifier to MOD
[138月2026 12:22:52.810] [modloading-worker-0/DEBUG] [net.minecraftforge.fml.javafmlmod.AutomaticEventSubscriber/LOADING]: Auto-subscribing com.github.tartaricacid.touhoulittlemaid.init.InitEntities to MOD
[138月2026 12:22:52.810] [modloading-worker-0/DEBUG] [net.minecraftforge.fml.javafmlmod.AutomaticEventSubscriber/LOADING]: Auto-subscribing com.github.tartaricacid.touhoulittlemaid.event.maid.UseNameTagEvent to FORGE
[138月2026 12:22:52.813] [modloading-worker-0/DEBUG] [net.minecraftforge.fml.javafmlmod.AutomaticEventSubscriber/LOADING]: Auto-subscribing com.github.tartaricacid.touhoulittlemaid.event.maid.UseFavorabilityToolEvent to FORGE
[138月2026 12:22:52.813] [modloading-worker-0/DEBUG] [net.minecraftforge.fml.javafmlmod.AutomaticEventSubscriber/LOADING]: Auto-subscribing com.github.tartaricacid.touhoulittlemaid.event.maid.SwitchSittingEvent to FORGE
[138月2026 12:22:52.814] [modloading-worker-0/DEBUG] [net.minecraftforge.fml.javafmlmod.AutomaticEventSubscriber/LOADING]: Auto-subscribing com.github.tartaricacid.touhoulittlemaid.event.maid.SlabClickEvent to FORGE
[138月2026 12:22:52.816] [modloading-worker-0/DEBUG] [net.minecraftforge.fml.javafmlmod.AutomaticEventSubscriber/LOADING]: Auto-subscribing com.github.tartaricacid.touhoulittlemaid.event.maid.SaddleMaidEvent to FORGE
[138月2026 12:22:52.818] [modloading-worker-0/DEBUG] [net.minecraftforge.fml.javafmlmod.AutomaticEventSubscriber/LOADING]: Auto-subscribing com.github.tartaricacid.touhoulittlemaid.event.maid.PotionItemUse to FORGE
[138月2026 12:22:52.819] [modloading-worker-0/DEBUG] [net.minecraftforge.fml.javafmlmod.AutomaticEventSubscriber/LOADING]: Auto-subscribing com.github.tartaricacid.touhoulittlemaid.event.maid.MaidMountEvent to FORGE
[138月2026 12:22:52.820] [modloading-worker-0/DEBUG] [net.minecraftforge.fml.javafmlmod.AutomaticEventSubscriber/LOADING]: Auto-subscribing com.github.tartaricacid.touhoulittlemaid.event.maid.MaidFarmlandTrample to FORGE
[138月2026 12:22:52.821] [modloading-worker-0/DEBUG] [net.minecraftforge.fml.javafmlmod.AutomaticEventSubscriber/LOADING]: Auto-subscribing com.github.tartaricacid.touhoulittlemaid.event.maid.MaidDropBaubleEvent to FORGE
[138月2026 12:22:52.823] [modloading-worker-0/DEBUG] [net.minecraftforge.fml.javafmlmod.AutomaticEventSubscriber/LOADING]: Auto-subscribing com.github.tartaricacid.touhoulittlemaid.event.maid.MaidDeathFavorability to FORGE
[138月2026 12:22:52.823] [modloading-worker-0/DEBUG] [net.minecraftforge.fml.javafmlmod.AutomaticEventSubscriber/LOADING]: Auto-subscribing com.github.tartaricacid.touhoulittlemaid.event.maid.MaidAreaClickEvent to FORGE
[138月2026 12:22:52.824] [modloading-worker-0/DEBUG] [net.minecraftforge.fml.javafmlmod.AutomaticEventSubscriber/LOADING]: Auto-subscribing com.github.tartaricacid.touhoulittlemaid.event.maid.HandleBackpackEvent to FORGE
[138月2026 12:22:52.825] [modloading-worker-0/DEBUG] [net.minecraftforge.fml.javafmlmod.AutomaticEventSubscriber/LOADING]: Auto-subscribing com.github.tartaricacid.touhoulittlemaid.event.maid.GetExpBottleEvent to FORGE
[138月2026 12:22:52.828] [modloading-worker-0/DEBUG] [net.minecraftforge.fml.javafmlmod.AutomaticEventSubscriber/LOADING]: Auto-subscribing com.github.tartaricacid.touhoulittlemaid.event.maid.DismountMaidEvent to FORGE
[138月2026 12:22:52.829] [modloading-worker-0/DEBUG] [net.minecraftforge.fml.javafmlmod.AutomaticEventSubscriber/LOADING]: Auto-subscribing com.github.tartaricacid.touhoulittlemaid.event.maid.ApplyPotionEffectEvent to FORGE
[138月2026 12:22:52.830] [modloading-worker-0/DEBUG] [net.minecraftforge.fml.javafmlmod.AutomaticEventSubscriber/LOADING]: Auto-subscribing com.github.tartaricacid.touhoulittlemaid.event.maid.ApplyGoldenAppleEvent to FORGE
[138月2026 12:22:52.830] [modloading-worker-0/DEBUG] [net.minecraftforge.fml.javafmlmod.AutomaticEventSubscriber/LOADING]: Auto-subscribing com.github.tartaricacid.touhoulittlemaid.event.food.DefaultEatenEvent to FORGE
[138月2026 12:22:52.831] [modloading-worker-0/DEBUG] [net.minecraftforge.fml.javafmlmod.AutomaticEventSubscriber/LOADING]: Auto-subscribing com.github.tartaricacid.touhoulittlemaid.event.food.BowlFoodEvent to FORGE
[138月2026 12:22:52.832] [modloading-worker-0/DEBUG] [net.minecraftforge.fml.javafmlmod.AutomaticEventSubscriber/LOADING]: Auto-subscribing com.github.tartaricacid.touhoulittlemaid.event.MaidTrackEvent to FORGE
[138月2026 12:22:52.833] [modloading-worker-0/DEBUG] [net.minecraftforge.fml.javafmlmod.AutomaticEventSubscriber/LOADING]: Auto-subscribing com.github.tartaricacid.touhoulittlemaid.event.MaidMealRegConfigEvent to MOD
[138月2026 12:22:52.833] [modloading-worker-0/DEBUG] [net.minecraftforge.fml.javafmlmod.AutomaticEventSubscriber/LOADING]: Auto-subscribing com.github.tartaricacid.touhoulittlemaid.event.MaidLivingEntityEvent to FORGE
[138月2026 12:22:52.835] [modloading-worker-0/DEBUG] [net.minecraftforge.fml.javafmlmod.AutomaticEventSubscriber/LOADING]: Auto-subscribing com.github.tartaricacid.touhoulittlemaid.event.InstallChairEvent to FORGE
[138月2026 12:22:52.837] [modloading-worker-0/DEBUG] [net.minecraftforge.fml.javafmlmod.AutomaticEventSubscriber/LOADING]: Auto-subscribing com.github.tartaricacid.touhoulittlemaid.event.EntityJoinWorldEvent to FORGE
[138月2026 12:22:52.839] [modloading-worker-0/DEBUG] [net.minecraftforge.fml.javafmlmod.AutomaticEventSubscriber/LOADING]: Auto-subscribing com.github.tartaricacid.touhoulittlemaid.event.EntityHurtEvent to FORGE
[138月2026 12:22:52.841] [modloading-worker-0/DEBUG] [net.minecraftforge.fml.javafmlmod.AutomaticEventSubscriber/LOADING]: Auto-subscribing com.github.tartaricacid.touhoulittlemaid.event.EntityDeathEvent to FORGE
[138月2026 12:22:52.841] [modloading-worker-0/DEBUG] [net.minecraftforge.fml.javafmlmod.AutomaticEventSubscriber/LOADING]: Auto-subscribing com.github.tartaricacid.touhoulittlemaid.event.EnterServerEvent to FORGE
[138月2026 12:22:52.843] [modloading-worker-0/DEBUG] [net.minecraftforge.fml.javafmlmod.AutomaticEventSubscriber/LOADING]: Auto-subscribing com.github.tartaricacid.touhoulittlemaid.event.CopyEntityIdEvent to FORGE
[138月2026 12:22:52.844] [modloading-worker-0/DEBUG] [net.minecraftforge.fml.javafmlmod.AutomaticEventSubscriber/LOADING]: Auto-subscribing com.github.tartaricacid.touhoulittlemaid.event.CapabilityEvent to FORGE
[138月2026 12:22:52.845] [modloading-worker-0/DEBUG] [net.minecraftforge.fml.javafmlmod.AutomaticEventSubscriber/LOADING]: Auto-subscribing com.github.tartaricacid.touhoulittlemaid.event.CancelSaddleMaidEvent to FORGE
[138月2026 12:22:52.846] [modloading-worker-0/DEBUG] [net.minecraftforge.fml.javafmlmod.AutomaticEventSubscriber/LOADING]: Auto-subscribing com.github.tartaricacid.touhoulittlemaid.entity.chatbubble.RandomEmoji to FORGE
[138月2026 12:22:52.849] [modloading-worker-0/DEBUG] [net.minecraftforge.fml.javafmlmod.AutomaticEventSubscriber/LOADING]: Auto-subscribing com.github.tartaricacid.touhoulittlemaid.debug.target.SendMaidDebugDataEvent to FORGE
[138月2026 12:22:52.850] [modloading-worker-0/DEBUG] [net.minecraftforge.fml.javafmlmod.AutomaticEventSubscriber/LOADING]: Auto-subscribing com.github.tartaricacid.touhoulittlemaid.debug.event.DebugStickClickEvent to FORGE
[138月2026 12:22:52.850] [modloading-worker-0/DEBUG] [net.minecraftforge.fml.javafmlmod.AutomaticEventSubscriber/LOADING]: Auto-subscribing com.github.tartaricacid.touhoulittlemaid.datagen.MaidDataGenerator to MOD
[138月2026 12:22:52.852] [modloading-worker-0/DEBUG] [net.minecraftforge.fml.javafmlmod.AutomaticEventSubscriber/LOADING]: Auto-subscribing com.github.tartaricacid.touhoulittlemaid.compat.domesticationinnovation.EnchantmentRefuse to FORGE
[138月2026 12:22:52.856] [main/DEBUG] [net.minecraftforge.fml.DeferredWorkQueue/LOADING]: Dispatching synchronous work for work queue CONSTRUCT: 10 jobs
[138月2026 12:22:52.858] [main/DEBUG] [epicfight/]: Loaded enums in class net.EFTLM.EF.Animation.EFTLM_LivingMotions
[138月2026 12:22:52.859] [main/DEBUG] [epicfight/]: Loaded enums in class yesman.epicfight.api.animation.LivingMotions
[138月2026 12:22:52.859] [main/DEBUG] [epicfight/]: All enums are loaded: living_motion [HUG, HUG_WALK, HUG_RUN, HUG_KNEEL, HUG_SNEAK, ALL, INACTION, IDLE, CONFRONT, ANGRY, FLOAT, WALK, RUN, SWIM, FLY, SNEAK, KNEEL, FALL, SIT, MOUNT, DEATH, CHASE, SPELLCAST, JUMP, CELEBRATE, LANDING_RECOVERY, CREATIVE_FLY, CREATIVE_IDLE, SLEEP, DIGGING, ADMIRE, CLIMB, DRINK, EAT, NONE, AIM, BLOCK, BLOCK_SHIELD, RELOAD, SHOT, SPECTATE]
[138月2026 12:22:52.859] [main/DEBUG] [epicfight/]: Loaded enums in class com.pla.efclash_blade.gameasset.EFClashBladeSkillCategories
[138月2026 12:22:52.859] [main/DEBUG] [epicfight/]: Loaded enums in class com.hm.efn.gameasset.EFNSkillCategories
[138月2026 12:22:52.859] [main/DEBUG] [epicfight/]: Loaded enums in class yesman.epicfight.skill.SkillCategories
[138月2026 12:22:52.859] [main/DEBUG] [epicfight/]: All enums are loaded: skill_category [CLASH_BLADE, EFN_ARTS, EFN_SEKIRO, EFN_ZANSETSU, JUDGMENTCUT_END, BASIC_ATTACK, DODGE, PASSIVE, WEAPON_PASSIVE, WEAPON_INNATE, GUARD, KNOCKDOWN_WAKEUP, MOVER, IDENTITY]
[138月2026 12:22:52.859] [main/DEBUG] [epicfight/]: Loaded enums in class com.pla.efclash_blade.gameasset.EFClashBladeSkillSlots
[138月2026 12:22:52.859] [main/DEBUG] [epicfight/]: Loaded enums in class com.hm.efn.gameasset.EFNSkillSlots
[138月2026 12:22:52.859] [main/DEBUG] [epicfight/]: Loaded enums in class yesman.epicfight.skill.SkillSlots
[138月2026 12:22:52.859] [main/DEBUG] [epicfight/]: All enums are loaded: skill_slot [CLASH_BLADE, EFN_ARTS, EFN_SEKIRO, EFN_ZANSETSU, JUDGMENTCUT_END, BASIC_ATTACK, DODGE, PASSIVE1, PASSIVE2, PASSIVE3, WEAPON_PASSIVE, WEAPON_INNATE, GUARD, KNOCKDOWN_WAKEUP, MOVER, IDENTITY]
[138月2026 12:22:52.860] [main/DEBUG] [epicfight/]: Loaded enums in class yesman.epicfight.world.capabilities.item.CapabilityItem$Styles
[138月2026 12:22:52.860] [main/DEBUG] [epicfight/]: All enums are loaded: style [COMMON, ONE_HAND, TWO_HAND, MOUNT, RANGED, SHEATH, OCHS]
[138月2026 12:22:52.860] [main/DEBUG] [epicfight/]: Loaded enums in class com.merlin204.avalon.epicfight.gameassets.AvalonCategories
[138月2026 12:22:52.860] [main/DEBUG] [epicfight/]: Loaded enums in class yesman.epicfight.world.capabilities.item.CapabilityItem$WeaponCategories
[138月2026 12:22:52.860] [main/DEBUG] [epicfight/]: All enums are loaded: weapon_category [ANIMATION_ITEM, NOT_WEAPON, AXE, FIST, GREATSWORD, HOE, PICKAXE, SHOVEL, SWORD, UCHIGATANA, SPEAR, TACHI, TRIDENT, LONGSWORD, DAGGER, SHIELD, CROSSBOW, BOW]
[138月2026 12:22:52.882] [main/DEBUG] [epicfight/]: Loaded enums in class yesman.epicfight.world.capabilities.entitypatch.Factions
[138月2026 12:22:52.882] [main/DEBUG] [epicfight/]: All enums are loaded: faction [NEUTRAL, UNDEAD, BLAZE, ENDERMAN, ILLAGER, PIGLINS, WITHER, VILLAGER, ZOMBIFIED_PIGLIN]
[138月2026 12:22:52.883] [main/DEBUG] [epicfight/]: Loaded enums in class yesman.epicfight.network.EntityPairingPacketTypes
[138月2026 12:22:52.883] [main/DEBUG] [epicfight/]: All enums are loaded: entity_pairing_packet_type [ADRENALINE_ACTIVATED, BONEBREAKER_BEGIN, BONEBREAKER_MAX_STACK, BONEBREAKER_CLEAR, STAMINA_PILLAGER_BODY_ASHES, EMERGENCY_ESCAPE_ACTIVATED, ENDERMAN_RAGE, FLASH_WHITE, PIGLIN_BABY_SPAWN, SET_BOSS_EVENT_OWNER, TECHNICIAN_ACTIVATED, TRIDENT_THROWN, VENGEANCE_OVERLAY, VENGEANCE_TARGET_CANCEL, ZOMBIE_SPAWN]
[138月2026 12:22:53.254] [main/DEBUG] [net.minecraftforge.fml.DeferredWorkQueue/LOADING]: Synchronous work queue completed in 397.3 ms
[138月2026 12:22:53.336] [main/DEBUG] [net.minecraftforge.common.capabilities.CapabilityManager/CAPABILITIES]: Attempting to automatically register: Lnet/minecraftforge/energy/IEnergyStorage;
[138月2026 12:22:53.337] [main/DEBUG] [net.minecraftforge.common.capabilities.CapabilityManager/CAPABILITIES]: Attempting to automatically register: Lnet/minecraftforge/fluids/capability/IFluidHandler;
[138月2026 12:22:53.337] [main/DEBUG] [net.minecraftforge.common.capabilities.CapabilityManager/CAPABILITIES]: Attempting to automatically register: Lnet/minecraftforge/fluids/capability/IFluidHandlerItem;
[138月2026 12:22:53.337] [main/DEBUG] [net.minecraftforge.common.capabilities.CapabilityManager/CAPABILITIES]: Attempting to automatically register: Lnet/minecraftforge/items/IItemHandler;
[138月2026 12:22:53.355] [main/DEBUG] [com.tterrag.registrate.AbstractRegistrate/REGISTRATE.REGISTER]: (player_mobs) Registering 3 known objects of type minecraft:sound_event
[138月2026 12:22:53.358] [main/DEBUG] [com.tterrag.registrate.AbstractRegistrate/REGISTRATE.REGISTER]: Registered player_mobs:player_mob.ambient to registry minecraft:sound_event
[138月2026 12:22:53.360] [main/DEBUG] [com.tterrag.registrate.AbstractRegistrate/REGISTRATE.REGISTER]: Registered player_mobs:player_mob.hurt to registry minecraft:sound_event
[138月2026 12:22:53.360] [main/DEBUG] [com.tterrag.registrate.AbstractRegistrate/REGISTRATE.REGISTER]: Registered player_mobs:player_mob.death to registry minecraft:sound_event
[138月2026 12:22:53.567] [main/DEBUG] [com.tterrag.registrate.AbstractRegistrate/REGISTRATE.REGISTER]: (player_mobs) Registering 1 known objects of type minecraft:item
[138月2026 12:22:53.568] [main/DEBUG] [com.tterrag.registrate.AbstractRegistrate/REGISTRATE.REGISTER]: Registered player_mobs:player_mob_spawn_egg to registry minecraft:item
[138月2026 12:22:53.586] [main/DEBUG] [software.bernie.geckolib.GeckoLib/]: Registered SyncedAnimatable for class com.hm.efn.item.geo.ExcaliburItem
[138月2026 12:22:53.802] [main/DEBUG] [com.tterrag.registrate.AbstractRegistrate/REGISTRATE.REGISTER]: (player_mobs) Registering 1 known objects of type minecraft:entity_type
[138月2026 12:22:53.810] [main/DEBUG] [com.tterrag.registrate.AbstractRegistrate/REGISTRATE.REGISTER]: Registered player_mobs:player_mob to registry minecraft:entity_type
[138月2026 12:22:54.076] [main/DEBUG] [mixin/]: Mixing BasicAttackMixin from annoyingvillagers.mixins.json into yesman.epicfight.skill.BasicAttack
[138月2026 12:22:54.088] [main/DEBUG] [mixin/]: Mixing GuardSkillInvoker from combat_evolution.mixins.json into yesman.epicfight.skill.guard.GuardSkill
[138月2026 12:22:54.089] [main/DEBUG] [mixin/]: Mixing GuardSkillMixin from combat_evolution.mixins.json into yesman.epicfight.skill.guard.GuardSkill
[138月2026 12:22:54.090] [main/DEBUG] [mixin/]: Mixing GuardSkillMixin from efn.mixins.json into yesman.epicfight.skill.guard.GuardSkill
[138月2026 12:22:54.091] [main/DEBUG] [mixin/]: Mixing GuardSkillMixin from annoyingvillagers.mixins.json into yesman.epicfight.skill.guard.GuardSkill
[138月2026 12:22:54.113] [main/DEBUG] [mixin/]: Mixing ImpactGuardSkillMixin from annoyingvillagers.mixins.json into yesman.epicfight.skill.guard.ImpactGuardSkill
[138月2026 12:22:54.529] [main/DEBUG] [mixin/]: Mixing ClashBladeMixin from annoyingvillagers.mixins.json into com.pla.efclash_blade.skill.ClashBladeSkill
[138月2026 12:22:54.629] [main/DEBUG] [mixin/]: Mixing AttributeInstanceMixin from ef_tlm.mixins.json into net.minecraft.world.entity.ai.attributes.AttributeInstance
[138月2026 12:22:54.654] [main/WARN] [net.minecraft.network.syncher.SynchedEntityData/]: defineId called for: class net.minecraft.world.entity.player.Player from class yesman.epicfight.world.capabilities.entitypatch.player.PlayerPatch
[138月2026 12:22:54.665] [main/WARN] [net.minecraft.network.syncher.SynchedEntityData/]: defineId called for: class net.minecraft.world.entity.TamableAnimal from class reascer.wom.world.entity.mob.EnderHand
[138月2026 12:22:54.665] [main/WARN] [net.minecraft.network.syncher.SynchedEntityData/]: defineId called for: class net.minecraft.world.entity.TamableAnimal from class reascer.wom.world.entity.mob.TargetingHelper
[138月2026 12:22:54.680] [main/DEBUG] [mixin/]: Mixing common.MixinDamageSources from mixins.epicfight.json into net.minecraft.world.damagesource.DamageSources
[138月2026 12:22:54.686] [main/DEBUG] [com.merlin204.avalon.main.AvalonMOD/]: 成功注册实体属性: epic_fight_avalon:animation_texture_vfx
[138月2026 12:22:54.686] [main/DEBUG] [com.merlin204.avalon.main.AvalonMOD/]: 成功注册实体属性: epic_fight_avalon:shake_wave
[138月2026 12:22:54.686] [main/DEBUG] [com.merlin204.avalon.main.AvalonMOD/]: 成功注册实体属性: epic_fight_avalon:vfx
[138月2026 12:22:54.711] [main/WARN] [net.minecraft.network.syncher.SynchedEntityData/]: defineId called for: class net.minecraft.world.entity.boss.wither.WitherBoss from class yesman.epicfight.world.capabilities.entitypatch.boss.WitherPatch
[138月2026 12:22:54.711] [main/WARN] [net.minecraft.network.syncher.SynchedEntityData/]: defineId called for: class net.minecraft.world.entity.boss.wither.WitherBoss from class yesman.epicfight.world.capabilities.entitypatch.boss.WitherPatch
[138月2026 12:22:54.711] [main/WARN] [net.minecraft.network.syncher.SynchedEntityData/]: defineId called for: class net.minecraft.world.entity.boss.wither.WitherBoss from class yesman.epicfight.world.capabilities.entitypatch.boss.WitherPatch
[138月2026 12:22:54.711] [main/WARN] [net.minecraft.network.syncher.SynchedEntityData/]: defineId called for: class net.minecraft.world.entity.boss.wither.WitherBoss from class yesman.epicfight.world.capabilities.entitypatch.boss.WitherPatch
[138月2026 12:22:54.711] [main/WARN] [net.minecraft.network.syncher.SynchedEntityData/]: defineId called for: class net.minecraft.world.entity.boss.wither.WitherBoss from class yesman.epicfight.world.capabilities.entitypatch.boss.WitherPatch
[138月2026 12:22:54.711] [main/WARN] [net.minecraft.network.syncher.SynchedEntityData/]: defineId called for: class net.minecraft.world.entity.boss.wither.WitherBoss from class yesman.epicfight.world.capabilities.entitypatch.boss.WitherPatch
[138月2026 12:22:54.711] [main/WARN] [net.minecraft.network.syncher.SynchedEntityData/]: defineId called for: class net.minecraft.world.entity.boss.wither.WitherBoss from class yesman.epicfight.world.capabilities.entitypatch.boss.WitherPatch
[138月2026 12:22:54.712] [main/WARN] [net.minecraft.network.syncher.SynchedEntityData/]: defineId called for: class net.minecraft.world.entity.boss.wither.WitherBoss from class yesman.epicfight.world.capabilities.entitypatch.boss.WitherPatch
[138月2026 12:22:54.712] [main/WARN] [net.minecraft.network.syncher.SynchedEntityData/]: defineId called for: class net.minecraft.world.entity.boss.wither.WitherBoss from class yesman.epicfight.world.capabilities.entitypatch.boss.WitherPatch
[138月2026 12:22:54.716] [main/WARN] [net.minecraft.network.syncher.SynchedEntityData/]: defineId called for: class com.github.tartaricacid.touhoulittlemaid.entity.passive.EntityMaid from class net.EFTLM.EF.Capability.MaidPatch
[138月2026 12:22:54.728] [main/DEBUG] [net.minecraftforge.fml.config.ConfigTracker/CONFIG]: Loading configs type COMMON
[138月2026 12:22:54.728] [main/DEBUG] [net.minecraftforge.fml.config.ConfigFileTypeHandler/CONFIG]: Built TOML config for E:\program\JAVA\touhou little maid - unknow sky area\prod_server\config\efclash_blade-server.toml
[138月2026 12:22:54.729] [main/DEBUG] [net.minecraftforge.fml.config.ConfigFileTypeHandler/CONFIG]: Loaded TOML config file E:\program\JAVA\touhou little maid - unknow sky area\prod_server\config\efclash_blade-server.toml
[138月2026 12:22:54.736] [main/DEBUG] [net.minecraftforge.fml.config.ConfigFileTypeHandler/CONFIG]: Watching TOML config file E:\program\JAVA\touhou little maid - unknow sky area\prod_server\config\efclash_blade-server.toml for changes
[138月2026 12:22:54.738] [main/DEBUG] [net.minecraftforge.fml.config.ConfigFileTypeHandler/CONFIG]: Built TOML config for E:\program\JAVA\touhou little maid - unknow sky area\prod_server\config\combat_evolution-common.toml
[138月2026 12:22:54.740] [main/DEBUG] [net.minecraftforge.fml.config.ConfigFileTypeHandler/CONFIG]: Loaded TOML config file E:\program\JAVA\touhou little maid - unknow sky area\prod_server\config\combat_evolution-common.toml
[138月2026 12:22:54.740] [main/DEBUG] [net.minecraftforge.fml.config.ConfigFileTypeHandler/CONFIG]: Watching TOML config file E:\program\JAVA\touhou little maid - unknow sky area\prod_server\config\combat_evolution-common.toml for changes
[138月2026 12:22:54.743] [main/DEBUG] [net.minecraftforge.fml.config.ConfigFileTypeHandler/CONFIG]: Built TOML config for E:\program\JAVA\touhou little maid - unknow sky area\prod_server\config\player_mobs-common.toml
[138月2026 12:22:54.744] [main/DEBUG] [net.minecraftforge.fml.config.ConfigFileTypeHandler/CONFIG]: Loaded TOML config file E:\program\JAVA\touhou little maid - unknow sky area\prod_server\config\player_mobs-common.toml
[138月2026 12:22:54.745] [main/DEBUG] [net.minecraftforge.fml.config.ConfigFileTypeHandler/CONFIG]: Watching TOML config file E:\program\JAVA\touhou little maid - unknow sky area\prod_server\config\player_mobs-common.toml for changes
[138月2026 12:22:54.752] [main/DEBUG] [net.minecraftforge.fml.config.ConfigFileTypeHandler/CONFIG]: Built TOML config for E:\program\JAVA\touhou little maid - unknow sky area\prod_server\config\invincible-common.toml
[138月2026 12:22:54.753] [main/DEBUG] [net.minecraftforge.fml.config.ConfigFileTypeHandler/CONFIG]: Loaded TOML config file E:\program\JAVA\touhou little maid - unknow sky area\prod_server\config\invincible-common.toml
[138月2026 12:22:54.753] [main/DEBUG] [net.minecraftforge.fml.config.ConfigFileTypeHandler/CONFIG]: Watching TOML config file E:\program\JAVA\touhou little maid - unknow sky area\prod_server\config\invincible-common.toml for changes
[138月2026 12:22:54.754] [Thread-1/DEBUG] [net.minecraftforge.fml.config.ConfigFileTypeHandler/CONFIG]: Config file player_mobs-common.toml changed, sending notifies
[138月2026 12:22:54.755] [main/DEBUG] [net.minecraftforge.fml.config.ConfigFileTypeHandler/CONFIG]: Built TOML config for E:\program\JAVA\touhou little maid - unknow sky area\prod_server\config\ywzj_vehicle-common.toml
[138月2026 12:22:54.757] [main/DEBUG] [net.minecraftforge.fml.config.ConfigFileTypeHandler/CONFIG]: Loaded TOML config file E:\program\JAVA\touhou little maid - unknow sky area\prod_server\config\ywzj_vehicle-common.toml
[138月2026 12:22:54.757] [Thread-1/DEBUG] [net.minecraftforge.fml.config.ConfigFileTypeHandler/CONFIG]: Config file invincible-common.toml changed, sending notifies
[138月2026 12:22:54.758] [main/DEBUG] [net.minecraftforge.fml.config.ConfigFileTypeHandler/CONFIG]: Watching TOML config file E:\program\JAVA\touhou little maid - unknow sky area\prod_server\config\ywzj_vehicle-common.toml for changes
[138月2026 12:22:54.759] [main/DEBUG] [net.minecraftforge.fml.config.ConfigFileTypeHandler/CONFIG]: Built TOML config for E:\program\JAVA\touhou little maid - unknow sky area\prod_server\config\epicfight-common.toml
[138月2026 12:22:54.760] [main/DEBUG] [net.minecraftforge.fml.config.ConfigFileTypeHandler/CONFIG]: Loaded TOML config file E:\program\JAVA\touhou little maid - unknow sky area\prod_server\config\epicfight-common.toml
[138月2026 12:22:54.762] [main/DEBUG] [net.minecraftforge.fml.config.ConfigFileTypeHandler/CONFIG]: Watching TOML config file E:\program\JAVA\touhou little maid - unknow sky area\prod_server\config\epicfight-common.toml for changes
[138月2026 12:22:54.763] [Thread-1/DEBUG] [net.minecraftforge.fml.config.ConfigFileTypeHandler/CONFIG]: Config file epicfight-common.toml changed, sending notifies
[138月2026 12:22:54.763] [main/DEBUG] [net.minecraftforge.fml.config.ConfigFileTypeHandler/CONFIG]: Built TOML config for E:\program\JAVA\touhou little maid - unknow sky area\prod_server\config\efn-common.toml
[138月2026 12:22:54.764] [Thread-1/DEBUG] [net.minecraftforge.fml.config.ConfigFileTypeHandler/CONFIG]: Config file epicfight-common.toml changed, sending notifies
[138月2026 12:22:54.764] [main/DEBUG] [net.minecraftforge.fml.config.ConfigFileTypeHandler/CONFIG]: Loaded TOML config file E:\program\JAVA\touhou little maid - unknow sky area\prod_server\config\efn-common.toml
[138月2026 12:22:54.766] [main/DEBUG] [net.minecraftforge.fml.config.ConfigFileTypeHandler/CONFIG]: Watching TOML config file E:\program\JAVA\touhou little maid - unknow sky area\prod_server\config\efn-common.toml for changes
[138月2026 12:22:54.768] [main/DEBUG] [net.minecraftforge.fml.config.ConfigFileTypeHandler/CONFIG]: Built TOML config for E:\program\JAVA\touhou little maid - unknow sky area\prod_server\config\touhou_little_maid-common.toml
[138月2026 12:22:54.769] [main/DEBUG] [net.minecraftforge.fml.config.ConfigFileTypeHandler/CONFIG]: Loaded TOML config file E:\program\JAVA\touhou little maid - unknow sky area\prod_server\config\touhou_little_maid-common.toml
[138月2026 12:22:54.769] [Thread-1/DEBUG] [net.minecraftforge.fml.config.ConfigFileTypeHandler/CONFIG]: Config file efn-common.toml changed, sending notifies
[138月2026 12:22:54.769] [main/DEBUG] [net.minecraftforge.fml.config.ConfigFileTypeHandler/CONFIG]: Watching TOML config file E:\program\JAVA\touhou little maid - unknow sky area\prod_server\config\touhou_little_maid-common.toml for changes
[138月2026 12:22:54.774] [main/DEBUG] [net.minecraftforge.fml.config.ConfigFileTypeHandler/CONFIG]: Built TOML config for E:\program\JAVA\touhou little maid - unknow sky area\prod_server\config\annoyingvillagers-server.toml
[138月2026 12:22:54.775] [main/DEBUG] [net.minecraftforge.fml.config.ConfigFileTypeHandler/CONFIG]: Loaded TOML config file E:\program\JAVA\touhou little maid - unknow sky area\prod_server\config\annoyingvillagers-server.toml
[138月2026 12:22:54.776] [Thread-1/DEBUG] [net.minecraftforge.fml.config.ConfigFileTypeHandler/CONFIG]: Config file touhou_little_maid-common.toml changed, sending notifies
[138月2026 12:22:54.776] [main/DEBUG] [net.minecraftforge.fml.config.ConfigFileTypeHandler/CONFIG]: Watching TOML config file E:\program\JAVA\touhou little maid - unknow sky area\prod_server\config\annoyingvillagers-server.toml for changes
[138月2026 12:22:54.778] [main/DEBUG] [net.minecraftforge.fml.config.ConfigFileTypeHandler/CONFIG]: Built TOML config for E:\program\JAVA\touhou little maid - unknow sky area\prod_server\config\annoyingvillagers-spawns.toml
[138月2026 12:22:54.780] [Thread-1/DEBUG] [net.minecraftforge.fml.config.ConfigFileTypeHandler/CONFIG]: Config file annoyingvillagers-server.toml changed, sending notifies
[138月2026 12:22:54.780] [main/DEBUG] [net.minecraftforge.fml.config.ConfigFileTypeHandler/CONFIG]: Loaded TOML config file E:\program\JAVA\touhou little maid - unknow sky area\prod_server\config\annoyingvillagers-spawns.toml
[138月2026 12:22:54.780] [main/DEBUG] [net.minecraftforge.fml.config.ConfigFileTypeHandler/CONFIG]: Watching TOML config file E:\program\JAVA\touhou little maid - unknow sky area\prod_server\config\annoyingvillagers-spawns.toml for changes
[138月2026 12:22:54.785] [Thread-1/DEBUG] [net.minecraftforge.fml.config.ConfigFileTypeHandler/CONFIG]: Config file annoyingvillagers-spawns.toml changed, sending notifies
[138月2026 12:22:54.798] [modloading-worker-0/DEBUG] [mixin/]: Mixing EntityPatchProviderAccessor from invincible.mixins.json into yesman.epicfight.world.capabilities.provider.EntityPatchProvider
[138月2026 12:22:54.798] [modloading-worker-0/DEBUG] [mixin/]: Renaming @Accessor method getCapabilities()Ljava/util/Map; to getCapabilities_$md$200071$0 in invincible.mixins.json:EntityPatchProviderAccessor
[138月2026 12:22:54.799] [modloading-worker-0/DEBUG] [mixin/]: Renaming @Accessor method getCustomCapabilities()Ljava/util/Map; to getCustomCapabilities_$md$200071$1 in invincible.mixins.json:EntityPatchProviderAccessor
[138月2026 12:22:54.858] [main/DEBUG] [net.minecraftforge.fml.DeferredWorkQueue/LOADING]: Dispatching synchronous work for work queue COMMON_SETUP: 23 jobs
[138月2026 12:22:54.875] [main/DEBUG] [touhou_little_maid/ServerCustomPackLoader]: Touhou little maid mod's model is loading...
[138月2026 12:22:54.886] [main/DEBUG] [touhou_little_maid/ServerCustomPackLoader]: Loaded model info: authors_and_credits:wine_fox_maid
[138月2026 12:22:54.886] [main/DEBUG] [touhou_little_maid/ServerCustomPackLoader]: Loaded model info: authors_and_credits:wine_fox_taisho
[138月2026 12:22:54.887] [main/DEBUG] [touhou_little_maid/ServerCustomPackLoader]: Loaded model info: authors_and_credits:sazuki
[138月2026 12:22:54.887] [main/DEBUG] [touhou_little_maid/ServerCustomPackLoader]: Loaded model info: authors_and_credits:pajinyi
[138月2026 12:22:54.887] [main/DEBUG] [touhou_little_maid/ServerCustomPackLoader]: Loaded model info: authors_and_credits:fledge
[138月2026 12:22:54.887] [main/DEBUG] [touhou_little_maid/ServerCustomPackLoader]: Loaded model info: authors_and_credits:clocklalier
[138月2026 12:22:54.887] [main/DEBUG] [touhou_little_maid/ServerCustomPackLoader]: Loaded model info: authors_and_credits:cyra
[138月2026 12:22:54.887] [main/DEBUG] [touhou_little_maid/ServerCustomPackLoader]: Loaded model info: authors_and_credits:cyra_b2eb6fe570df68d353aa9d07b127b902
[138月2026 12:22:54.887] [main/DEBUG] [touhou_little_maid/ServerCustomPackLoader]: Loaded model info: authors_and_credits:cyra_pow_wow
[138月2026 12:22:54.887] [main/DEBUG] [touhou_little_maid/ServerCustomPackLoader]: Loaded model info: authors_and_credits:mory_chan
[138月2026 12:22:54.887] [main/DEBUG] [touhou_little_maid/ServerCustomPackLoader]: Loaded model info: authors_and_credits:flower_candy
[138月2026 12:22:54.887] [main/DEBUG] [touhou_little_maid/ServerCustomPackLoader]: Touhou little maid mod's model is loaded
[138月2026 12:22:54.887] [main/DEBUG] [touhou_little_maid/ServerCustomPackLoader]: Touhou little maid mod's model is loading...
[138月2026 12:22:54.887] [main/DEBUG] [touhou_little_maid/ServerCustomPackLoader]: Touhou little maid mod's model is loading...
[138月2026 12:22:54.889] [main/DEBUG] [touhou_little_maid/ServerCustomPackLoader]: Loaded model info: geckolib:winefox
[138月2026 12:22:54.890] [main/DEBUG] [touhou_little_maid/ServerCustomPackLoader]: Loaded model info: geckolib:winefox_blue
[138月2026 12:22:54.890] [main/DEBUG] [touhou_little_maid/ServerCustomPackLoader]: Loaded model info: geckolib:winefox_nine_tailed
[138月2026 12:22:54.890] [main/DEBUG] [touhou_little_maid/ServerCustomPackLoader]: Loaded model info: geckolib:winefox_nine_tailed_f609258f13252f11c3f44051b51f93c4
[138月2026 12:22:54.890] [main/DEBUG] [touhou_little_maid/ServerCustomPackLoader]: Loaded model info: geckolib:winefox_hanfu
[138月2026 12:22:54.890] [main/DEBUG] [touhou_little_maid/ServerCustomPackLoader]: Loaded model info: geckolib:winefox_new_year
[138月2026 12:22:54.890] [main/DEBUG] [touhou_little_maid/ServerCustomPackLoader]: Loaded model info: geckolib:winefox_jk
[138月2026 12:22:54.890] [main/DEBUG] [touhou_little_maid/ServerCustomPackLoader]: Loaded model info: geckolib:winefox_astronaut
[138月2026 12:22:54.890] [main/DEBUG] [touhou_little_maid/ServerCustomPackLoader]: Loaded model info: geckolib:winefox_kongfu
[138月2026 12:22:54.890] [main/DEBUG] [touhou_little_maid/ServerCustomPackLoader]: Loaded model info: geckolib:winefox_kongfu_163d46bab6d00d2e2910d32b83c7de53
[138月2026 12:22:54.890] [main/DEBUG] [touhou_little_maid/ServerCustomPackLoader]: Loaded model info: geckolib:winefox_kongfu_9dcb55de5689ffa419d9009d3eb82cac
[138月2026 12:22:54.890] [main/DEBUG] [touhou_little_maid/ServerCustomPackLoader]: Loaded model info: geckolib:winefox_kongfu_a4dbe4e83a24193e1005a40204c415ac
[138月2026 12:22:54.890] [main/DEBUG] [touhou_little_maid/ServerCustomPackLoader]: Loaded model info: geckolib:winefox_kongfu_538780bcc09da2d92795797b65aefe87
[138月2026 12:22:54.890] [main/DEBUG] [touhou_little_maid/ServerCustomPackLoader]: Loaded model info: geckolib:winefox_kongfu_15030e12f688c8163573af95dc4c6728
[138月2026 12:22:54.890] [main/DEBUG] [touhou_little_maid/ServerCustomPackLoader]: Loaded model info: geckolib:winefox_magical
[138月2026 12:22:54.890] [main/DEBUG] [touhou_little_maid/ServerCustomPackLoader]: Loaded model info: geckolib:winefox_magical_a12dc19190c076d8d24aff8714515c8e
[138月2026 12:22:54.890] [main/DEBUG] [touhou_little_maid/ServerCustomPackLoader]: Loaded model info: geckolib:winefox_magical_b073380075f0d30ea8bbcde8566f825e
[138月2026 12:22:54.890] [main/DEBUG] [touhou_little_maid/ServerCustomPackLoader]: Loaded model info: geckolib:winefox_magical_3b7aba412b5ededbab0780e258207bf0
[138月2026 12:22:54.890] [main/DEBUG] [touhou_little_maid/ServerCustomPackLoader]: Loaded model info: geckolib:winefox_magical_38ffa7d8d6f062b86c6bf88ac47a4c73
[138月2026 12:22:54.890] [main/DEBUG] [touhou_little_maid/ServerCustomPackLoader]: Loaded model info: geckolib:winefox_magical_7952f4718991f317b2f11926a90cbd10
[138月2026 12:22:54.890] [main/DEBUG] [touhou_little_maid/ServerCustomPackLoader]: Loaded model info: geckolib:winefox_saint
[138月2026 12:22:54.890] [main/DEBUG] [touhou_little_maid/ServerCustomPackLoader]: Loaded model info: geckolib:winefox_saint_c4f14815c46c13e6eb3d82ba88ed2f96
[138月2026 12:22:54.890] [main/DEBUG] [touhou_little_maid/ServerCustomPackLoader]: Loaded model info: geckolib:winefox_elf
[138月2026 12:22:54.890] [main/DEBUG] [touhou_little_maid/ServerCustomPackLoader]: Loaded model info: geckolib:winefox_salesperson
[138月2026 12:22:54.890] [main/DEBUG] [touhou_little_maid/ServerCustomPackLoader]: Loaded model info: geckolib:winefox_salesperson_84961723c2751ef4c6b9a0f8596f95cc
[138月2026 12:22:54.890] [main/DEBUG] [touhou_little_maid/ServerCustomPackLoader]: Loaded model info: geckolib:winefox_little
[138月2026 12:22:54.890] [main/DEBUG] [touhou_little_maid/ServerCustomPackLoader]: Loaded model info: geckolib:winefox_matured
[138月2026 12:22:54.890] [main/DEBUG] [touhou_little_maid/ServerCustomPackLoader]: Loaded model info: geckolib:winefox_momo
[138月2026 12:22:54.890] [main/DEBUG] [touhou_little_maid/ServerCustomPackLoader]: Loaded model info: geckolib:winefox_momo_897c13175aa632e673b32ed45ffd4961
[138月2026 12:22:54.890] [main/DEBUG] [touhou_little_maid/ServerCustomPackLoader]: Loaded model info: geckolib:winefox_wedding
[138月2026 12:22:54.890] [main/DEBUG] [touhou_little_maid/ServerCustomPackLoader]: Loaded model info: geckolib:winefox_tactics
[138月2026 12:22:54.890] [main/DEBUG] [touhou_little_maid/ServerCustomPackLoader]: Loaded model info: geckolib:winefox_mini
[138月2026 12:22:54.890] [main/DEBUG] [touhou_little_maid/ServerCustomPackLoader]: Loaded model info: geckolib:winefox_survivor
[138月2026 12:22:54.890] [main/DEBUG] [touhou_little_maid/ServerCustomPackLoader]: Loaded model info: geckolib:sta
[138月2026 12:22:54.890] [main/DEBUG] [touhou_little_maid/ServerCustomPackLoader]: Loaded model info: geckolib:zhiban
[138月2026 12:22:54.890] [main/DEBUG] [touhou_little_maid/ServerCustomPackLoader]: Loaded model info: geckolib:zhiban_hanfu
[138月2026 12:22:54.890] [main/DEBUG] [touhou_little_maid/ServerCustomPackLoader]: Loaded model info: geckolib:zhiban_new_year
[138月2026 12:22:54.890] [main/DEBUG] [touhou_little_maid/ServerCustomPackLoader]: Loaded model info: geckolib:hailuo_new_year
[138月2026 12:22:54.890] [main/DEBUG] [touhou_little_maid/ServerCustomPackLoader]: Loaded model info: geckolib:kluonoa
[138月2026 12:22:54.890] [main/DEBUG] [touhou_little_maid/ServerCustomPackLoader]: Loaded model info: geckolib:foxmaid
[138月2026 12:22:54.890] [main/DEBUG] [touhou_little_maid/ServerCustomPackLoader]: Loaded model info: geckolib:rice_cake_fox
[138月2026 12:22:54.890] [main/DEBUG] [touhou_little_maid/ServerCustomPackLoader]: Touhou little maid mod's model is loaded
[138月2026 12:22:55.014] [Forge Version Check/INFO] [net.minecraftforge.fml.VersionChecker/]: [player_mobs] Starting version check at https://raw.githubusercontent.com/GoryMoon/PlayerMobs/update/versions.json
[138月2026 12:22:55.043] [main/DEBUG] [touhou_little_maid/ServerCustomPackLoader]: Touhou little maid mod's model is loading...
[138月2026 12:22:55.047] [main/DEBUG] [touhou_little_maid/ServerCustomPackLoader]: Loaded model info: geckolib:qingluka
[138月2026 12:22:55.047] [main/DEBUG] [touhou_little_maid/ServerCustomPackLoader]: Touhou little maid mod's model is loaded
[138月2026 12:22:55.047] [main/DEBUG] [touhou_little_maid/ServerCustomPackLoader]: Touhou little maid mod's model is loading...
[138月2026 12:22:55.047] [main/DEBUG] [touhou_little_maid/ServerCustomPackLoader]: Touhou little maid mod's model is loading...
[138月2026 12:22:55.047] [main/DEBUG] [touhou_little_maid/ServerCustomPackLoader]: Touhou little maid mod's model is loading...
[138月2026 12:22:55.049] [main/DEBUG] [touhou_little_maid/ServerCustomPackLoader]: Loaded model info: minecraft_15th:alex
[138月2026 12:22:55.049] [main/DEBUG] [touhou_little_maid/ServerCustomPackLoader]: Loaded model info: minecraft_15th:rana
[138月2026 12:22:55.049] [main/DEBUG] [touhou_little_maid/ServerCustomPackLoader]: Loaded model info: minecraft_15th:natalie
[138月2026 12:22:55.049] [main/DEBUG] [touhou_little_maid/ServerCustomPackLoader]: Loaded model info: minecraft_15th:dawn
[138月2026 12:22:55.049] [main/DEBUG] [touhou_little_maid/ServerCustomPackLoader]: Touhou little maid mod's model is loaded
[138月2026 12:22:55.049] [main/DEBUG] [touhou_little_maid/ServerCustomPackLoader]: Touhou little maid mod's model is loading...
[138月2026 12:22:55.049] [main/DEBUG] [touhou_little_maid/ServerCustomPackLoader]: Touhou little maid mod's model is loading...
[138月2026 12:22:55.049] [main/DEBUG] [touhou_little_maid/ServerCustomPackLoader]: Touhou little maid mod's model is loading...
[138月2026 12:22:55.051] [main/DEBUG] [touhou_little_maid/ServerCustomPackLoader]: Loaded model info: next_update_model:stage
[138月2026 12:22:55.051] [main/DEBUG] [touhou_little_maid/ServerCustomPackLoader]: Loaded model info: next_update_model:japanese_lottery_machine
[138月2026 12:22:55.051] [main/DEBUG] [touhou_little_maid/ServerCustomPackLoader]: Loaded model info: next_update_model:fishpond
[138月2026 12:22:55.051] [main/DEBUG] [touhou_little_maid/ServerCustomPackLoader]: Loaded model info: next_update_model:mine
[138月2026 12:22:55.051] [main/DEBUG] [touhou_little_maid/ServerCustomPackLoader]: Loaded model info: next_update_model:logging_hut
[138月2026 12:22:55.051] [main/DEBUG] [touhou_little_maid/ServerCustomPackLoader]: Loaded model info: next_update_model:kitchen
[138月2026 12:22:55.051] [main/DEBUG] [touhou_little_maid/ServerCustomPackLoader]: Loaded model info: next_update_model:dining_table_default
[138月2026 12:22:55.051] [main/DEBUG] [touhou_little_maid/ServerCustomPackLoader]: Loaded model info: next_update_model:dining_table_spring
[138月2026 12:22:55.051] [main/DEBUG] [touhou_little_maid/ServerCustomPackLoader]: Loaded model info: next_update_model:dining_table_summer
[138月2026 12:22:55.051] [main/DEBUG] [touhou_little_maid/ServerCustomPackLoader]: Loaded model info: next_update_model:dining_table_autumn
[138月2026 12:22:55.051] [main/DEBUG] [touhou_little_maid/ServerCustomPackLoader]: Loaded model info: next_update_model:dining_table_winter
[138月2026 12:22:55.051] [main/DEBUG] [touhou_little_maid/ServerCustomPackLoader]: Loaded model info: next_update_model:cumin_lamb_chop
[138月2026 12:22:55.051] [main/DEBUG] [touhou_little_maid/ServerCustomPackLoader]: Loaded model info: next_update_model:hot_spring
[138月2026 12:22:55.051] [main/DEBUG] [touhou_little_maid/ServerCustomPackLoader]: Loaded model info: next_update_model:picnic_cloth
[138月2026 12:22:55.051] [main/DEBUG] [touhou_little_maid/ServerCustomPackLoader]: Loaded model info: next_update_model:elite_slime
[138月2026 12:22:55.051] [main/DEBUG] [touhou_little_maid/ServerCustomPackLoader]: Loaded model info: next_update_model:slime
[138月2026 12:22:55.051] [main/DEBUG] [touhou_little_maid/ServerCustomPackLoader]: Loaded model info: next_update_model:flip_phone
[138月2026 12:22:55.051] [main/DEBUG] [touhou_little_maid/ServerCustomPackLoader]: Loaded model info: next_update_model:fox_demon_statue
[138月2026 12:22:55.051] [main/DEBUG] [touhou_little_maid/ServerCustomPackLoader]: Loaded model info: next_update_model:fox_demon_statue_1
[138月2026 12:22:55.051] [main/DEBUG] [touhou_little_maid/ServerCustomPackLoader]: Loaded model info: next_update_model:bathroom
[138月2026 12:22:55.051] [main/DEBUG] [touhou_little_maid/ServerCustomPackLoader]: Loaded model info: next_update_model:backpack
[138月2026 12:22:55.051] [main/DEBUG] [touhou_little_maid/ServerCustomPackLoader]: Loaded model info: next_update_model:cabinet
[138月2026 12:22:55.051] [main/DEBUG] [touhou_little_maid/ServerCustomPackLoader]: Loaded model info: next_update_model:single_bed
[138月2026 12:22:55.051] [main/DEBUG] [touhou_little_maid/ServerCustomPackLoader]: Loaded model info: next_update_model:double_bed
[138月2026 12:22:55.051] [main/DEBUG] [touhou_little_maid/ServerCustomPackLoader]: Loaded model info: next_update_model:shrine
[138月2026 12:22:55.051] [main/DEBUG] [touhou_little_maid/ServerCustomPackLoader]: Loaded model info: next_update_model:3d_printer
[138月2026 12:22:55.051] [main/DEBUG] [touhou_little_maid/ServerCustomPackLoader]: Loaded model info: next_update_model:doorbell_ground
[138月2026 12:22:55.051] [main/DEBUG] [touhou_little_maid/ServerCustomPackLoader]: Loaded model info: next_update_model:doorbell_wall
[138月2026 12:22:55.051] [main/DEBUG] [touhou_little_maid/ServerCustomPackLoader]: Loaded model info: next_update_model:exchange_machine
[138月2026 12:22:55.051] [main/DEBUG] [touhou_little_maid/ServerCustomPackLoader]: Touhou little maid mod's model is loaded
[138月2026 12:22:55.051] [main/DEBUG] [touhou_little_maid/ServerCustomPackLoader]: Touhou little maid mod's model is loading...
[138月2026 12:22:55.057] [main/DEBUG] [touhou_little_maid/ServerCustomPackLoader]: Loaded model info: touhou_little_maid:hakurei_reimu
[138月2026 12:22:55.057] [main/DEBUG] [touhou_little_maid/ServerCustomPackLoader]: Loaded model info: touhou_little_maid:hakurei_reimu_2
[138月2026 12:22:55.057] [main/DEBUG] [touhou_little_maid/ServerCustomPackLoader]: Loaded model info: touhou_little_maid:hakurei_reimu_type_b
[138月2026 12:22:55.057] [main/DEBUG] [touhou_little_maid/ServerCustomPackLoader]: Loaded model info: touhou_little_maid:hakurei_reimu_type_b_716c27087f2716348835e7775121532f
[138月2026 12:22:55.057] [main/DEBUG] [touhou_little_maid/ServerCustomPackLoader]: Loaded model info: touhou_little_maid:hakurei_reimu_type_b_1720614ea46709023787aae005df1134
[138月2026 12:22:55.057] [main/DEBUG] [touhou_little_maid/ServerCustomPackLoader]: Loaded model info: touhou_little_maid:hakurei_reimu_type_b_9cc0af67a94bdbb6dbae8056ab30c2bc
[138月2026 12:22:55.057] [main/DEBUG] [touhou_little_maid/ServerCustomPackLoader]: Loaded model info: touhou_little_maid:kirisame_marisa
[138月2026 12:22:55.057] [main/DEBUG] [touhou_little_maid/ServerCustomPackLoader]: Loaded model info: touhou_little_maid:kirisame_marisa_2
[138月2026 12:22:55.057] [main/DEBUG] [touhou_little_maid/ServerCustomPackLoader]: Loaded model info: touhou_little_maid:rumia
[138月2026 12:22:55.057] [main/DEBUG] [touhou_little_maid/ServerCustomPackLoader]: Loaded model info: touhou_little_maid:daiyousei
[138月2026 12:22:55.057] [main/DEBUG] [touhou_little_maid/ServerCustomPackLoader]: Loaded model info: touhou_little_maid:cirno
[138月2026 12:22:55.057] [main/DEBUG] [touhou_little_maid/ServerCustomPackLoader]: Loaded model info: touhou_little_maid:cirno_maid
[138月2026 12:22:55.057] [main/DEBUG] [touhou_little_maid/ServerCustomPackLoader]: Loaded model info: touhou_little_maid:cirno_tan
[138月2026 12:22:55.057] [main/DEBUG] [touhou_little_maid/ServerCustomPackLoader]: Loaded model info: touhou_little_maid:cirno_slim
[138月2026 12:22:55.057] [main/DEBUG] [touhou_little_maid/ServerCustomPackLoader]: Loaded model info: touhou_little_maid:cirno_slim_43e8d943f0564065031ec0efc405edbb
[138月2026 12:22:55.057] [main/DEBUG] [touhou_little_maid/ServerCustomPackLoader]: Loaded model info: touhou_little_maid:cirno_slim_af6bc1a4e6e95433d0d72fe108ec09b7
[138月2026 12:22:55.057] [main/DEBUG] [touhou_little_maid/ServerCustomPackLoader]: Loaded model info: touhou_little_maid:hong_meiling
[138月2026 12:22:55.057] [main/DEBUG] [touhou_little_maid/ServerCustomPackLoader]: Loaded model info: touhou_little_maid:koakuma
[138月2026 12:22:55.057] [main/DEBUG] [touhou_little_maid/ServerCustomPackLoader]: Loaded model info: touhou_little_maid:patchouli_knowledge
[138月2026 12:22:55.057] [main/DEBUG] [touhou_little_maid/ServerCustomPackLoader]: Loaded model info: touhou_little_maid:patchouli_knowledge_2
[138月2026 12:22:55.057] [main/DEBUG] [touhou_little_maid/ServerCustomPackLoader]: Loaded model info: touhou_little_maid:izayoi_sakuya
[138月2026 12:22:55.057] [main/DEBUG] [touhou_little_maid/ServerCustomPackLoader]: Loaded model info: touhou_little_maid:remilia_scarlet
[138月2026 12:22:55.057] [main/DEBUG] [touhou_little_maid/ServerCustomPackLoader]: Loaded model info: touhou_little_maid:remilia_scarlet_2
[138月2026 12:22:55.057] [main/DEBUG] [touhou_little_maid/ServerCustomPackLoader]: Loaded model info: touhou_little_maid:flandre_scarlet
[138月2026 12:22:55.057] [main/DEBUG] [touhou_little_maid/ServerCustomPackLoader]: Loaded model info: touhou_little_maid:letty_whiterock
[138月2026 12:22:55.057] [main/DEBUG] [touhou_little_maid/ServerCustomPackLoader]: Loaded model info: touhou_little_maid:chen
[138月2026 12:22:55.057] [main/DEBUG] [touhou_little_maid/ServerCustomPackLoader]: Loaded model info: touhou_little_maid:alice_margatroid
[138月2026 12:22:55.057] [main/DEBUG] [touhou_little_maid/ServerCustomPackLoader]: Loaded model info: touhou_little_maid:shanghai_doll
[138月2026 12:22:55.057] [main/DEBUG] [touhou_little_maid/ServerCustomPackLoader]: Loaded model info: touhou_little_maid:hourai_doll
[138月2026 12:22:55.057] [main/DEBUG] [touhou_little_maid/ServerCustomPackLoader]: Loaded model info: touhou_little_maid:goliath_doll
[138月2026 12:22:55.058] [main/DEBUG] [touhou_little_maid/ServerCustomPackLoader]: Loaded model info: touhou_little_maid:lily_white
[138月2026 12:22:55.058] [main/DEBUG] [touhou_little_maid/ServerCustomPackLoader]: Loaded model info: touhou_little_maid:lily_black
[138月2026 12:22:55.058] [main/DEBUG] [touhou_little_maid/ServerCustomPackLoader]: Loaded model info: touhou_little_maid:lunasa_prismriver
[138月2026 12:22:55.058] [main/DEBUG] [touhou_little_maid/ServerCustomPackLoader]: Loaded model info: touhou_little_maid:merlin_prismriver
[138月2026 12:22:55.058] [main/DEBUG] [touhou_little_maid/ServerCustomPackLoader]: Loaded model info: touhou_little_maid:lyrica_prismriver
[138月2026 12:22:55.058] [main/DEBUG] [touhou_little_maid/ServerCustomPackLoader]: Loaded model info: touhou_little_maid:konpaku_youmu
[138月2026 12:22:55.058] [main/DEBUG] [touhou_little_maid/ServerCustomPackLoader]: Loaded model info: touhou_little_maid:saigyouji_yuyuko
[138月2026 12:22:55.058] [main/DEBUG] [touhou_little_maid/ServerCustomPackLoader]: Loaded model info: touhou_little_maid:yakumo_ran
[138月2026 12:22:55.058] [main/DEBUG] [touhou_little_maid/ServerCustomPackLoader]: Loaded model info: touhou_little_maid:yukari_yakumo
[138月2026 12:22:55.058] [main/DEBUG] [touhou_little_maid/ServerCustomPackLoader]: Loaded model info: touhou_little_maid:ibuki_suika
[138月2026 12:22:55.058] [main/DEBUG] [touhou_little_maid/ServerCustomPackLoader]: Loaded model info: touhou_little_maid:wriggle_nightbug
[138月2026 12:22:55.058] [main/DEBUG] [touhou_little_maid/ServerCustomPackLoader]: Loaded model info: touhou_little_maid:mystia_lorelei
[138月2026 12:22:55.058] [main/DEBUG] [touhou_little_maid/ServerCustomPackLoader]: Loaded model info: touhou_little_maid:keine_kamishirasawa
[138月2026 12:22:55.058] [main/DEBUG] [touhou_little_maid/ServerCustomPackLoader]: Loaded model info: touhou_little_maid:keine_kamishirasawa_2
[138月2026 12:22:55.058] [main/DEBUG] [touhou_little_maid/ServerCustomPackLoader]: Loaded model info: touhou_little_maid:tewi_inaba
[138月2026 12:22:55.058] [main/DEBUG] [touhou_little_maid/ServerCustomPackLoader]: Loaded model info: touhou_little_maid:reisen_udongein_inaba
[138月2026 12:22:55.058] [main/DEBUG] [touhou_little_maid/ServerCustomPackLoader]: Loaded model info: touhou_little_maid:yagokoro_eirin
[138月2026 12:22:55.058] [main/DEBUG] [touhou_little_maid/ServerCustomPackLoader]: Loaded model info: touhou_little_maid:houraisan_kaguya
[138月2026 12:22:55.058] [main/DEBUG] [touhou_little_maid/ServerCustomPackLoader]: Loaded model info: touhou_little_maid:fujiwara_no_mokou
[138月2026 12:22:55.058] [main/DEBUG] [touhou_little_maid/ServerCustomPackLoader]: Loaded model info: touhou_little_maid:syameimaru_aya
[138月2026 12:22:55.058] [main/DEBUG] [touhou_little_maid/ServerCustomPackLoader]: Loaded model info: touhou_little_maid:medicine_melancholy
[138月2026 12:22:55.058] [main/DEBUG] [touhou_little_maid/ServerCustomPackLoader]: Loaded model info: touhou_little_maid:kazami_yuka
[138月2026 12:22:55.058] [main/DEBUG] [touhou_little_maid/ServerCustomPackLoader]: Loaded model info: touhou_little_maid:onozuka_komachi
[138月2026 12:22:55.058] [main/DEBUG] [touhou_little_maid/ServerCustomPackLoader]: Loaded model info: touhou_little_maid:shikieiki_yamaxanadu
[138月2026 12:22:55.058] [main/DEBUG] [touhou_little_maid/ServerCustomPackLoader]: Loaded model info: touhou_little_maid:aki_sizuha
[138月2026 12:22:55.058] [main/DEBUG] [touhou_little_maid/ServerCustomPackLoader]: Loaded model info: touhou_little_maid:minoriko_aki
[138月2026 12:22:55.058] [main/DEBUG] [touhou_little_maid/ServerCustomPackLoader]: Loaded model info: touhou_little_maid:kagiyama_hina
[138月2026 12:22:55.058] [main/DEBUG] [touhou_little_maid/ServerCustomPackLoader]: Loaded model info: touhou_little_maid:kawasiro_nitori
[138月2026 12:22:55.058] [main/DEBUG] [touhou_little_maid/ServerCustomPackLoader]: Loaded model info: touhou_little_maid:inubashiri_momizi
[138月2026 12:22:55.058] [main/DEBUG] [touhou_little_maid/ServerCustomPackLoader]: Loaded model info: touhou_little_maid:kochiya_sanae
[138月2026 12:22:55.058] [main/DEBUG] [touhou_little_maid/ServerCustomPackLoader]: Loaded model info: touhou_little_maid:yasaka_kanako
[138月2026 12:22:55.058] [main/DEBUG] [touhou_little_maid/ServerCustomPackLoader]: Loaded model info: touhou_little_maid:moriya_suwako
[138月2026 12:22:55.058] [main/DEBUG] [touhou_little_maid/ServerCustomPackLoader]: Loaded model info: touhou_little_maid:nagae_iku
[138月2026 12:22:55.058] [main/DEBUG] [touhou_little_maid/ServerCustomPackLoader]: Loaded model info: touhou_little_maid:hinanawi_tenshi
[138月2026 12:22:55.058] [main/DEBUG] [touhou_little_maid/ServerCustomPackLoader]: Loaded model info: touhou_little_maid:kisume
[138月2026 12:22:55.058] [main/DEBUG] [touhou_little_maid/ServerCustomPackLoader]: Loaded model info: touhou_little_maid:kurodani_yamame
[138月2026 12:22:55.058] [main/DEBUG] [touhou_little_maid/ServerCustomPackLoader]: Loaded model info: touhou_little_maid:mizuhashi_parsee
[138月2026 12:22:55.058] [main/DEBUG] [touhou_little_maid/ServerCustomPackLoader]: Loaded model info: touhou_little_maid:hoshiguma_yugi
[138月2026 12:22:55.058] [main/DEBUG] [touhou_little_maid/ServerCustomPackLoader]: Loaded model info: touhou_little_maid:komeiji_satori
[138月2026 12:22:55.058] [main/DEBUG] [touhou_little_maid/ServerCustomPackLoader]: Loaded model info: touhou_little_maid:kaenbyou_rin
[138月2026 12:22:55.058] [main/DEBUG] [touhou_little_maid/ServerCustomPackLoader]: Loaded model info: touhou_little_maid:reiuji_utsuho
[138月2026 12:22:55.058] [main/DEBUG] [touhou_little_maid/ServerCustomPackLoader]: Loaded model info: touhou_little_maid:komeiji_koishi
[138月2026 12:22:55.058] [main/DEBUG] [touhou_little_maid/ServerCustomPackLoader]: Loaded model info: touhou_little_maid:komeiji_koishi_2
[138月2026 12:22:55.058] [main/DEBUG] [touhou_little_maid/ServerCustomPackLoader]: Loaded model info: touhou_little_maid:nazrin
[138月2026 12:22:55.058] [main/DEBUG] [touhou_little_maid/ServerCustomPackLoader]: Loaded model info: touhou_little_maid:tatara_kogasa
[138月2026 12:22:55.058] [main/DEBUG] [touhou_little_maid/ServerCustomPackLoader]: Loaded model info: touhou_little_maid:kumoi_ichirin
[138月2026 12:22:55.058] [main/DEBUG] [touhou_little_maid/ServerCustomPackLoader]: Loaded model info: touhou_little_maid:murasa_minamitsu
[138月2026 12:22:55.058] [main/DEBUG] [touhou_little_maid/ServerCustomPackLoader]: Loaded model info: touhou_little_maid:toramaru_shou
[138月2026 12:22:55.058] [main/DEBUG] [touhou_little_maid/ServerCustomPackLoader]: Loaded model info: touhou_little_maid:hijiri_byakuren
[138月2026 12:22:55.058] [main/DEBUG] [touhou_little_maid/ServerCustomPackLoader]: Loaded model info: touhou_little_maid:houjuu_nue
[138月2026 12:22:55.058] [main/DEBUG] [touhou_little_maid/ServerCustomPackLoader]: Loaded model info: touhou_little_maid:himekaidou_hatate
[138月2026 12:22:55.058] [main/DEBUG] [touhou_little_maid/ServerCustomPackLoader]: Loaded model info: touhou_little_maid:kasodani_kyouko
[138月2026 12:22:55.058] [main/DEBUG] [touhou_little_maid/ServerCustomPackLoader]: Loaded model info: touhou_little_maid:miyako_yoshika
[138月2026 12:22:55.058] [main/DEBUG] [touhou_little_maid/ServerCustomPackLoader]: Loaded model info: touhou_little_maid:kaku_seiga
[138月2026 12:22:55.058] [main/DEBUG] [touhou_little_maid/ServerCustomPackLoader]: Loaded model info: touhou_little_maid:mononobe_no_futo
[138月2026 12:22:55.058] [main/DEBUG] [touhou_little_maid/ServerCustomPackLoader]: Loaded model info: touhou_little_maid:toyosatomimi_no_miko
[138月2026 12:22:55.058] [main/DEBUG] [touhou_little_maid/ServerCustomPackLoader]: Loaded model info: touhou_little_maid:soga_no_toziko
[138月2026 12:22:55.058] [main/DEBUG] [touhou_little_maid/ServerCustomPackLoader]: Loaded model info: touhou_little_maid:hata_no_kokoro
[138月2026 12:22:55.058] [main/DEBUG] [touhou_little_maid/ServerCustomPackLoader]: Loaded model info: touhou_little_maid:hutatsuiwa_mamizou
[138月2026 12:22:55.058] [main/DEBUG] [touhou_little_maid/ServerCustomPackLoader]: Loaded model info: touhou_little_maid:wakasagihime
[138月2026 12:22:55.058] [main/DEBUG] [touhou_little_maid/ServerCustomPackLoader]: Loaded model info: touhou_little_maid:sekibanki
[138月2026 12:22:55.058] [main/DEBUG] [touhou_little_maid/ServerCustomPackLoader]: Loaded model info: touhou_little_maid:imaizumi_kagerou
[138月2026 12:22:55.058] [main/DEBUG] [touhou_little_maid/ServerCustomPackLoader]: Loaded model info: touhou_little_maid:tsukumo_yatsuhashi
[138月2026 12:22:55.059] [main/DEBUG] [touhou_little_maid/ServerCustomPackLoader]: Loaded model info: touhou_little_maid:tsukumo_benben
[138月2026 12:22:55.059] [main/DEBUG] [touhou_little_maid/ServerCustomPackLoader]: Loaded model info: touhou_little_maid:kijin_seija
[138月2026 12:22:55.059] [main/DEBUG] [touhou_little_maid/ServerCustomPackLoader]: Loaded model info: touhou_little_maid:sukuna_shinmyoumaru
[138月2026 12:22:55.059] [main/DEBUG] [touhou_little_maid/ServerCustomPackLoader]: Loaded model info: touhou_little_maid:horikawa_raiko
[138月2026 12:22:55.059] [main/DEBUG] [touhou_little_maid/ServerCustomPackLoader]: Loaded model info: touhou_little_maid:usami_sumireko
[138月2026 12:22:55.059] [main/DEBUG] [touhou_little_maid/ServerCustomPackLoader]: Loaded model info: touhou_little_maid:seiran
[138月2026 12:22:55.059] [main/DEBUG] [touhou_little_maid/ServerCustomPackLoader]: Loaded model info: touhou_little_maid:ringo
[138月2026 12:22:55.059] [main/DEBUG] [touhou_little_maid/ServerCustomPackLoader]: Loaded model info: touhou_little_maid:doremy_sweet
[138月2026 12:22:55.059] [main/DEBUG] [touhou_little_maid/ServerCustomPackLoader]: Loaded model info: touhou_little_maid:kisin_sagume
[138月2026 12:22:55.059] [main/DEBUG] [touhou_little_maid/ServerCustomPackLoader]: Loaded model info: touhou_little_maid:clownpiece
[138月2026 12:22:55.059] [main/DEBUG] [touhou_little_maid/ServerCustomPackLoader]: Loaded model info: touhou_little_maid:junko
[138月2026 12:22:55.059] [main/DEBUG] [touhou_little_maid/ServerCustomPackLoader]: Loaded model info: touhou_little_maid:hecatia_lapislazuli
[138月2026 12:22:55.059] [main/DEBUG] [touhou_little_maid/ServerCustomPackLoader]: Loaded model info: touhou_little_maid:yorigami_jyoon
[138月2026 12:22:55.059] [main/DEBUG] [touhou_little_maid/ServerCustomPackLoader]: Loaded model info: touhou_little_maid:yorigami_shion
[138月2026 12:22:55.059] [main/DEBUG] [touhou_little_maid/ServerCustomPackLoader]: Loaded model info: touhou_little_maid:eternity_larva
[138月2026 12:22:55.059] [main/DEBUG] [touhou_little_maid/ServerCustomPackLoader]: Loaded model info: touhou_little_maid:sakata_nemuno
[138月2026 12:22:55.059] [main/DEBUG] [touhou_little_maid/ServerCustomPackLoader]: Loaded model info: touhou_little_maid:komano_aunn
[138月2026 12:22:55.059] [main/DEBUG] [touhou_little_maid/ServerCustomPackLoader]: Loaded model info: touhou_little_maid:yatadera_narumi
[138月2026 12:22:55.059] [main/DEBUG] [touhou_little_maid/ServerCustomPackLoader]: Loaded model info: touhou_little_maid:nishida_satono
[138月2026 12:22:55.059] [main/DEBUG] [touhou_little_maid/ServerCustomPackLoader]: Loaded model info: touhou_little_maid:teireid_mai
[138月2026 12:22:55.059] [main/DEBUG] [touhou_little_maid/ServerCustomPackLoader]: Loaded model info: touhou_little_maid:matara_okina
[138月2026 12:22:55.059] [main/DEBUG] [touhou_little_maid/ServerCustomPackLoader]: Loaded model info: touhou_little_maid:ebisu_eika
[138月2026 12:22:55.059] [main/DEBUG] [touhou_little_maid/ServerCustomPackLoader]: Loaded model info: touhou_little_maid:ushizaki_urumi
[138月2026 12:22:55.059] [main/DEBUG] [touhou_little_maid/ServerCustomPackLoader]: Loaded model info: touhou_little_maid:niwatari_kutaka
[138月2026 12:22:55.059] [main/DEBUG] [touhou_little_maid/ServerCustomPackLoader]: Loaded model info: touhou_little_maid:kitcho_yachie
[138月2026 12:22:55.059] [main/DEBUG] [touhou_little_maid/ServerCustomPackLoader]: Loaded model info: touhou_little_maid:joutougu_mayumi
[138月2026 12:22:55.059] [main/DEBUG] [touhou_little_maid/ServerCustomPackLoader]: Loaded model info: touhou_little_maid:haniyasushin_keiki
[138月2026 12:22:55.059] [main/DEBUG] [touhou_little_maid/ServerCustomPackLoader]: Loaded model info: touhou_little_maid:kurokoma_saki
[138月2026 12:22:55.059] [main/DEBUG] [touhou_little_maid/ServerCustomPackLoader]: Loaded model info: touhou_little_maid:toutetsu_yuma
[138月2026 12:22:55.059] [main/DEBUG] [touhou_little_maid/ServerCustomPackLoader]: Loaded model info: touhou_little_maid:goutokuzi_mike
[138月2026 12:22:55.059] [main/DEBUG] [touhou_little_maid/ServerCustomPackLoader]: Loaded model info: touhou_little_maid:yamashiro_takane
[138月2026 12:22:55.059] [main/DEBUG] [touhou_little_maid/ServerCustomPackLoader]: Loaded model info: touhou_little_maid:komakusa_sannyo
[138月2026 12:22:55.059] [main/DEBUG] [touhou_little_maid/ServerCustomPackLoader]: Loaded model info: touhou_little_maid:tamatsukuri_misumaru
[138月2026 12:22:55.059] [main/DEBUG] [touhou_little_maid/ServerCustomPackLoader]: Loaded model info: touhou_little_maid:kudamaki_tsukasa
[138月2026 12:22:55.059] [main/DEBUG] [touhou_little_maid/ServerCustomPackLoader]: Loaded model info: touhou_little_maid:iizunamaru_megumu
[138月2026 12:22:55.059] [main/DEBUG] [touhou_little_maid/ServerCustomPackLoader]: Loaded model info: touhou_little_maid:tenkyu_chimata
[138月2026 12:22:55.059] [main/DEBUG] [touhou_little_maid/ServerCustomPackLoader]: Loaded model info: touhou_little_maid:himemushi_momoyo
[138月2026 12:22:55.059] [main/DEBUG] [touhou_little_maid/ServerCustomPackLoader]: Loaded model info: touhou_little_maid:son_biten
[138月2026 12:22:55.059] [main/DEBUG] [touhou_little_maid/ServerCustomPackLoader]: Loaded model info: touhou_little_maid:mitsugashira_enoko
[138月2026 12:22:55.059] [main/DEBUG] [touhou_little_maid/ServerCustomPackLoader]: Loaded model info: touhou_little_maid:tenkajin_chiyari
[138月2026 12:22:55.059] [main/DEBUG] [touhou_little_maid/ServerCustomPackLoader]: Loaded model info: touhou_little_maid:yomotsu_hisami
[138月2026 12:22:55.059] [main/DEBUG] [touhou_little_maid/ServerCustomPackLoader]: Loaded model info: touhou_little_maid:nippaku_zanmu
[138月2026 12:22:55.059] [main/DEBUG] [touhou_little_maid/ServerCustomPackLoader]: Loaded model info: touhou_little_maid:ubame_chirizuka
[138月2026 12:22:55.059] [main/DEBUG] [touhou_little_maid/ServerCustomPackLoader]: Loaded model info: touhou_little_maid:chimi_houjuu
[138月2026 12:22:55.059] [main/DEBUG] [touhou_little_maid/ServerCustomPackLoader]: Loaded model info: touhou_little_maid:nareko_michigami
[138月2026 12:22:55.059] [main/DEBUG] [touhou_little_maid/ServerCustomPackLoader]: Loaded model info: touhou_little_maid:yuiman_asama
[138月2026 12:22:55.059] [main/DEBUG] [touhou_little_maid/ServerCustomPackLoader]: Loaded model info: touhou_little_maid:ariya_iwanaga
[138月2026 12:22:55.059] [main/DEBUG] [touhou_little_maid/ServerCustomPackLoader]: Loaded model info: touhou_little_maid:watari_nina
[138月2026 12:22:55.059] [main/DEBUG] [touhou_little_maid/ServerCustomPackLoader]: Loaded model info: touhou_little_maid:morichika_rinnosuke
[138月2026 12:22:55.059] [main/DEBUG] [touhou_little_maid/ServerCustomPackLoader]: Loaded model info: touhou_little_maid:tokiko
[138月2026 12:22:55.059] [main/DEBUG] [touhou_little_maid/ServerCustomPackLoader]: Loaded model info: touhou_little_maid:sunny_milk
[138月2026 12:22:55.059] [main/DEBUG] [touhou_little_maid/ServerCustomPackLoader]: Loaded model info: touhou_little_maid:luna_child
[138月2026 12:22:55.059] [main/DEBUG] [touhou_little_maid/ServerCustomPackLoader]: Loaded model info: touhou_little_maid:star_sapphire
[138月2026 12:22:55.059] [main/DEBUG] [touhou_little_maid/ServerCustomPackLoader]: Loaded model info: touhou_little_maid:watatsuki_no_toyohime
[138月2026 12:22:55.059] [main/DEBUG] [touhou_little_maid/ServerCustomPackLoader]: Loaded model info: touhou_little_maid:watatsuki_no_yorihime
[138月2026 12:22:55.059] [main/DEBUG] [touhou_little_maid/ServerCustomPackLoader]: Loaded model info: touhou_little_maid:reisen
[138月2026 12:22:55.059] [main/DEBUG] [touhou_little_maid/ServerCustomPackLoader]: Loaded model info: touhou_little_maid:hieda_no_akyuu
[138月2026 12:22:55.059] [main/DEBUG] [touhou_little_maid/ServerCustomPackLoader]: Loaded model info: touhou_little_maid:ibaraki_kasen
[138月2026 12:22:55.059] [main/DEBUG] [touhou_little_maid/ServerCustomPackLoader]: Loaded model info: touhou_little_maid:ibaraki_kasen_2
[138月2026 12:22:55.059] [main/DEBUG] [touhou_little_maid/ServerCustomPackLoader]: Loaded model info: touhou_little_maid:motoori_kosuzu
[138月2026 12:22:55.059] [main/DEBUG] [touhou_little_maid/ServerCustomPackLoader]: Loaded model info: touhou_little_maid:miyadeguchi_mizuchi
[138月2026 12:22:55.060] [main/DEBUG] [touhou_little_maid/ServerCustomPackLoader]: Loaded model info: touhou_little_maid:miyoi_okunoda
[138月2026 12:22:55.060] [main/DEBUG] [touhou_little_maid/ServerCustomPackLoader]: Loaded model info: touhou_little_maid:usami_renko
[138月2026 12:22:55.060] [main/DEBUG] [touhou_little_maid/ServerCustomPackLoader]: Loaded model info: touhou_little_maid:maribel_hearn
[138月2026 12:22:55.060] [main/DEBUG] [touhou_little_maid/ServerCustomPackLoader]: Loaded model info: touhou_little_maid:satsuki_rin
[138月2026 12:22:55.060] [main/DEBUG] [touhou_little_maid/ServerCustomPackLoader]: Touhou little maid mod's model is loaded
[138月2026 12:22:55.060] [main/DEBUG] [touhou_little_maid/ServerCustomPackLoader]: Touhou little maid mod's model is loading...
[138月2026 12:22:55.062] [main/DEBUG] [touhou_little_maid/ServerCustomPackLoader]: Loaded model info: touhou_little_maid:cushion
[138月2026 12:22:55.062] [main/DEBUG] [touhou_little_maid/ServerCustomPackLoader]: Loaded model info: touhou_little_maid:class_desk
[138月2026 12:22:55.062] [main/DEBUG] [touhou_little_maid/ServerCustomPackLoader]: Loaded model info: touhou_little_maid:class_chair
[138月2026 12:22:55.062] [main/DEBUG] [touhou_little_maid/ServerCustomPackLoader]: Loaded model info: touhou_little_maid:kotatsu
[138月2026 12:22:55.062] [main/DEBUG] [touhou_little_maid/ServerCustomPackLoader]: Loaded model info: touhou_little_maid:play_station
[138月2026 12:22:55.062] [main/DEBUG] [touhou_little_maid/ServerCustomPackLoader]: Loaded model info: touhou_little_maid:tall_stool
[138月2026 12:22:55.062] [main/DEBUG] [touhou_little_maid/ServerCustomPackLoader]: Loaded model info: touhou_little_maid:low_stool
[138月2026 12:22:55.062] [main/DEBUG] [touhou_little_maid/ServerCustomPackLoader]: Loaded model info: touhou_little_maid:barbecue_booth
[138月2026 12:22:55.062] [main/DEBUG] [touhou_little_maid/ServerCustomPackLoader]: Loaded model info: touhou_little_maid:barbecue_booth_2
[138月2026 12:22:55.062] [main/DEBUG] [touhou_little_maid/ServerCustomPackLoader]: Loaded model info: touhou_little_maid:long_stool
[138月2026 12:22:55.062] [main/DEBUG] [touhou_little_maid/ServerCustomPackLoader]: Loaded model info: touhou_little_maid:square_table
[138月2026 12:22:55.062] [main/DEBUG] [touhou_little_maid/ServerCustomPackLoader]: Loaded model info: touhou_little_maid:mahjong_table
[138月2026 12:22:55.062] [main/DEBUG] [touhou_little_maid/ServerCustomPackLoader]: Loaded model info: touhou_little_maid:beach_chair
[138月2026 12:22:55.062] [main/DEBUG] [touhou_little_maid/ServerCustomPackLoader]: Loaded model info: touhou_little_maid:parasol
[138月2026 12:22:55.062] [main/DEBUG] [touhou_little_maid/ServerCustomPackLoader]: Loaded model info: touhou_little_maid:water_wheel
[138月2026 12:22:55.062] [main/DEBUG] [touhou_little_maid/ServerCustomPackLoader]: Loaded model info: touhou_little_maid:saisen_bako
[138月2026 12:22:55.062] [main/DEBUG] [touhou_little_maid/ServerCustomPackLoader]: Loaded model info: touhou_little_maid:well
[138月2026 12:22:55.062] [main/DEBUG] [touhou_little_maid/ServerCustomPackLoader]: Loaded model info: touhou_little_maid:torii
[138月2026 12:22:55.062] [main/DEBUG] [touhou_little_maid/ServerCustomPackLoader]: Loaded model info: touhou_little_maid:torii_2
[138月2026 12:22:55.062] [main/DEBUG] [touhou_little_maid/ServerCustomPackLoader]: Loaded model info: touhou_little_maid:torii_3
[138月2026 12:22:55.062] [main/DEBUG] [touhou_little_maid/ServerCustomPackLoader]: Loaded model info: touhou_little_maid:ema
[138月2026 12:22:55.062] [main/DEBUG] [touhou_little_maid/ServerCustomPackLoader]: Loaded model info: touhou_little_maid:anti_collision_bucket
[138月2026 12:22:55.062] [main/DEBUG] [touhou_little_maid/ServerCustomPackLoader]: Loaded model info: touhou_little_maid:park_bench
[138月2026 12:22:55.062] [main/DEBUG] [touhou_little_maid/ServerCustomPackLoader]: Loaded model info: touhou_little_maid:rinnosuke_children_toys
[138月2026 12:22:55.062] [main/DEBUG] [touhou_little_maid/ServerCustomPackLoader]: Loaded model info: touhou_little_maid:moto
[138月2026 12:22:55.062] [main/DEBUG] [touhou_little_maid/ServerCustomPackLoader]: Loaded model info: touhou_little_maid:bowl
[138月2026 12:22:55.062] [main/DEBUG] [touhou_little_maid/ServerCustomPackLoader]: Loaded model info: touhou_little_maid:lucky_cat_2m
[138月2026 12:22:55.062] [main/DEBUG] [touhou_little_maid/ServerCustomPackLoader]: Loaded model info: touhou_little_maid:yumemi_strawberry_milk
[138月2026 12:22:55.062] [main/DEBUG] [touhou_little_maid/ServerCustomPackLoader]: Loaded model info: touhou_little_maid:crystalizedsuns_moms_tombstone
[138月2026 12:22:55.062] [main/DEBUG] [touhou_little_maid/ServerCustomPackLoader]: Loaded model info: touhou_little_maid:legendary_pig_man
[138月2026 12:22:55.062] [main/DEBUG] [touhou_little_maid/ServerCustomPackLoader]: Loaded model info: touhou_little_maid:head_of_academycraft
[138月2026 12:22:55.062] [main/DEBUG] [touhou_little_maid/ServerCustomPackLoader]: Loaded model info: touhou_little_maid:fogg05
[138月2026 12:22:55.062] [main/DEBUG] [touhou_little_maid/ServerCustomPackLoader]: Loaded model info: touhou_little_maid:native_drum
[138月2026 12:22:55.062] [main/DEBUG] [touhou_little_maid/ServerCustomPackLoader]: Touhou little maid mod's model is loaded
[138月2026 12:22:55.062] [main/DEBUG] [touhou_little_maid/ServerCustomPackLoader]: Touhou little maid mod's model is loading...
[138月2026 12:22:55.065] [main/DEBUG] [touhou_little_maid/ServerCustomPackLoader]: Loaded model info: touhou_little_maid_old:reimu_hakurei
[138月2026 12:22:55.065] [main/DEBUG] [touhou_little_maid/ServerCustomPackLoader]: Loaded model info: touhou_little_maid_old:singyoku2
[138月2026 12:22:55.065] [main/DEBUG] [touhou_little_maid/ServerCustomPackLoader]: Loaded model info: touhou_little_maid_old:singyoku3
[138月2026 12:22:55.065] [main/DEBUG] [touhou_little_maid/ServerCustomPackLoader]: Loaded model info: touhou_little_maid_old:mima
[138月2026 12:22:55.065] [main/DEBUG] [touhou_little_maid/ServerCustomPackLoader]: Loaded model info: touhou_little_maid_old:kikuri
[138月2026 12:22:55.065] [main/DEBUG] [touhou_little_maid/ServerCustomPackLoader]: Loaded model info: touhou_little_maid_old:konngara
[138月2026 12:22:55.065] [main/DEBUG] [touhou_little_maid/ServerCustomPackLoader]: Loaded model info: touhou_little_maid_old:yuugen_magan
[138月2026 12:22:55.065] [main/DEBUG] [touhou_little_maid/ServerCustomPackLoader]: Loaded model info: touhou_little_maid_old:elis
[138月2026 12:22:55.065] [main/DEBUG] [touhou_little_maid/ServerCustomPackLoader]: Loaded model info: touhou_little_maid_old:sariel
[138月2026 12:22:55.065] [main/DEBUG] [touhou_little_maid/ServerCustomPackLoader]: Loaded model info: touhou_little_maid_old:genjii
[138月2026 12:22:55.065] [main/DEBUG] [touhou_little_maid/ServerCustomPackLoader]: Loaded model info: touhou_little_maid_old:rika
[138月2026 12:22:55.065] [main/DEBUG] [touhou_little_maid/ServerCustomPackLoader]: Loaded model info: touhou_little_maid_old:meira
[138月2026 12:22:55.065] [main/DEBUG] [touhou_little_maid/ServerCustomPackLoader]: Loaded model info: touhou_little_maid_old:kirisame_marisa
[138月2026 12:22:55.065] [main/DEBUG] [touhou_little_maid/ServerCustomPackLoader]: Loaded model info: touhou_little_maid_old:ellen
[138月2026 12:22:55.065] [main/DEBUG] [touhou_little_maid/ServerCustomPackLoader]: Loaded model info: touhou_little_maid_old:kotohime
[138月2026 12:22:55.065] [main/DEBUG] [touhou_little_maid/ServerCustomPackLoader]: Loaded model info: touhou_little_maid_old:kana_anaberal
[138月2026 12:22:55.065] [main/DEBUG] [touhou_little_maid/ServerCustomPackLoader]: Loaded model info: touhou_little_maid_old:rikako_asakura
[138月2026 12:22:55.065] [main/DEBUG] [touhou_little_maid/ServerCustomPackLoader]: Loaded model info: touhou_little_maid_old:chiyuri_kitashirakawa
[138月2026 12:22:55.065] [main/DEBUG] [touhou_little_maid/ServerCustomPackLoader]: Loaded model info: touhou_little_maid_old:yumemi_okazaki
[138月2026 12:22:55.065] [main/DEBUG] [touhou_little_maid/ServerCustomPackLoader]: Loaded model info: touhou_little_maid_old:orange
[138月2026 12:22:55.065] [main/DEBUG] [touhou_little_maid/ServerCustomPackLoader]: Loaded model info: touhou_little_maid_old:kurumi
[138月2026 12:22:55.066] [main/DEBUG] [touhou_little_maid/ServerCustomPackLoader]: Loaded model info: touhou_little_maid_old:elly
[138月2026 12:22:55.066] [main/DEBUG] [touhou_little_maid/ServerCustomPackLoader]: Loaded model info: touhou_little_maid_old:yuuka_old
[138月2026 12:22:55.066] [main/DEBUG] [touhou_little_maid/ServerCustomPackLoader]: Loaded model info: touhou_little_maid_old:mugetsu
[138月2026 12:22:55.066] [main/DEBUG] [touhou_little_maid/ServerCustomPackLoader]: Loaded model info: touhou_little_maid_old:gengetsu
[138月2026 12:22:55.066] [main/DEBUG] [touhou_little_maid/ServerCustomPackLoader]: Loaded model info: touhou_little_maid_old:sara
[138月2026 12:22:55.066] [main/DEBUG] [touhou_little_maid/ServerCustomPackLoader]: Loaded model info: touhou_little_maid_old:louise
[138月2026 12:22:55.066] [main/DEBUG] [touhou_little_maid/ServerCustomPackLoader]: Loaded model info: touhou_little_maid_old:alice
[138月2026 12:22:55.066] [main/DEBUG] [touhou_little_maid/ServerCustomPackLoader]: Loaded model info: touhou_little_maid_old:yuki
[138月2026 12:22:55.066] [main/DEBUG] [touhou_little_maid/ServerCustomPackLoader]: Loaded model info: touhou_little_maid_old:mai
[138月2026 12:22:55.066] [main/DEBUG] [touhou_little_maid/ServerCustomPackLoader]: Loaded model info: touhou_little_maid_old:yumeko
[138月2026 12:22:55.066] [main/DEBUG] [touhou_little_maid/ServerCustomPackLoader]: Loaded model info: touhou_little_maid_old:shinki
[138月2026 12:22:55.066] [main/DEBUG] [touhou_little_maid/ServerCustomPackLoader]: Loaded model info: touhou_little_maid_old:ruukoto
[138月2026 12:22:55.066] [main/DEBUG] [touhou_little_maid/ServerCustomPackLoader]: Loaded model info: touhou_little_maid_old:trump_king
[138月2026 12:22:55.066] [main/DEBUG] [touhou_little_maid/ServerCustomPackLoader]: Touhou little maid mod's model is loaded
[138月2026 12:22:55.066] [main/DEBUG] [touhou_little_maid/ServerCustomPackLoader]: Touhou little maid mod's model is loading...
[138月2026 12:22:55.066] [main/DEBUG] [touhou_little_maid/ServerCustomPackLoader]: Touhou little maid mod's model is loading...
[138月2026 12:22:55.067] [main/DEBUG] [touhou_little_maid/ServerCustomPackLoader]: Loaded model info: touhou_little_maid_seihou:vivit
[138月2026 12:22:55.067] [main/DEBUG] [touhou_little_maid/ServerCustomPackLoader]: Loaded model info: touhou_little_maid_seihou:vivit_2
[138月2026 12:22:55.067] [main/DEBUG] [touhou_little_maid/ServerCustomPackLoader]: Loaded model info: touhou_little_maid_seihou:milia
[138月2026 12:22:55.067] [main/DEBUG] [touhou_little_maid/ServerCustomPackLoader]: Loaded model info: touhou_little_maid_seihou:mei
[138月2026 12:22:55.067] [main/DEBUG] [touhou_little_maid/ServerCustomPackLoader]: Loaded model info: touhou_little_maid_seihou:mai
[138月2026 12:22:55.067] [main/DEBUG] [touhou_little_maid/ServerCustomPackLoader]: Touhou little maid mod's model is loaded
[138月2026 12:22:55.067] [main/DEBUG] [touhou_little_maid/ServerCustomPackLoader]: Touhou little maid mod's model is loading...
[138月2026 12:22:55.105] [main/INFO] [eftlm_stylish/]: [DIAG] MaidSkillBuildEvent registered: stylish_combat (tab=ef_tlm:skills)
[138月2026 12:22:55.234] [Forge Version Check/WARN] [net.minecraftforge.fml.VersionChecker/]: Failed to process update information
javax.net.ssl.SSLHandshakeException: PKIX path building failed: sun.security.provider.certpath.SunCertPathBuilderException: unable to find valid certification path to requested target
	at jdk.internal.net.http.HttpClientImpl.send(HttpClientImpl.java:578) ~[java.net.http:?]
	at jdk.internal.net.http.HttpClientFacade.send(HttpClientFacade.java:123) ~[java.net.http:?]
	at net.minecraftforge.fml.VersionChecker$1.openUrlString(VersionChecker.java:142) ~[fmlcore-1.20.1-47.4.13.jar%23130!/:?]
	at net.minecraftforge.fml.VersionChecker$1.process(VersionChecker.java:180) ~[fmlcore-1.20.1-47.4.13.jar%23130!/:?]
	at java.lang.Iterable.forEach(Iterable.java:75) ~[?:?]
	at net.minecraftforge.fml.VersionChecker$1.run(VersionChecker.java:117) ~[fmlcore-1.20.1-47.4.13.jar%23130!/:?]
Caused by: javax.net.ssl.SSLHandshakeException: PKIX path building failed: sun.security.provider.certpath.SunCertPathBuilderException: unable to find valid certification path to requested target
	at sun.security.ssl.Alert.createSSLException(Alert.java:131) ~[?:?]
	at sun.security.ssl.TransportContext.fatal(TransportContext.java:378) ~[?:?]
	at sun.security.ssl.TransportContext.fatal(TransportContext.java:321) ~[?:?]
	at sun.security.ssl.TransportContext.fatal(TransportContext.java:316) ~[?:?]
	at sun.security.ssl.CertificateMessage$T13CertificateConsumer.checkServerCerts(CertificateMessage.java:1351) ~[?:?]
	at sun.security.ssl.CertificateMessage$T13CertificateConsumer.onConsumeCertificate(CertificateMessage.java:1226) ~[?:?]
	at sun.security.ssl.CertificateMessage$T13CertificateConsumer.consume(CertificateMessage.java:1169) ~[?:?]
	at sun.security.ssl.SSLHandshake.consume(SSLHandshake.java:396) ~[?:?]
	at sun.security.ssl.HandshakeContext.dispatch(HandshakeContext.java:480) ~[?:?]
	at sun.security.ssl.SSLEngineImpl$DelegatedTask$DelegatedAction.run(SSLEngineImpl.java:1277) ~[?:?]
	at sun.security.ssl.SSLEngineImpl$DelegatedTask$DelegatedAction.run(SSLEngineImpl.java:1264) ~[?:?]
	at java.security.AccessController.doPrivileged(AccessController.java:712) ~[?:?]
	at sun.security.ssl.SSLEngineImpl$DelegatedTask.run(SSLEngineImpl.java:1209) ~[?:?]
	at java.util.ArrayList.forEach(ArrayList.java:1511) ~[?:?]
	at jdk.internal.net.http.common.SSLFlowDelegate.lambda$executeTasks$3(SSLFlowDelegate.java:1118) ~[java.net.http:?]
	at jdk.internal.net.http.HttpClientImpl$DelegatingExecutor.execute(HttpClientImpl.java:157) ~[java.net.http:?]
	at jdk.internal.net.http.common.SSLFlowDelegate.executeTasks(SSLFlowDelegate.java:1113) ~[java.net.http:?]
	at jdk.internal.net.http.common.SSLFlowDelegate.doHandshake(SSLFlowDelegate.java:1079) ~[java.net.http:?]
	at jdk.internal.net.http.common.SSLFlowDelegate$Reader.processData(SSLFlowDelegate.java:484) ~[java.net.http:?]
	at jdk.internal.net.http.common.SSLFlowDelegate$Reader$ReaderDownstreamPusher.run(SSLFlowDelegate.java:268) ~[java.net.http:?]
	at jdk.internal.net.http.common.SequentialScheduler$LockingRestartableTask.run(SequentialScheduler.java:205) ~[java.net.http:?]
	at jdk.internal.net.http.common.SequentialScheduler$CompleteRestartableTask.run(SequentialScheduler.java:149) ~[java.net.http:?]
	at jdk.internal.net.http.common.SequentialScheduler$TryEndDeferredCompleter.complete(SequentialScheduler.java:347) ~[java.net.http:?]
	at jdk.internal.net.http.common.SequentialScheduler$CompleteRestartableTask.run(SequentialScheduler.java:151) ~[java.net.http:?]
	at jdk.internal.net.http.common.SequentialScheduler$SchedulableTask.run(SequentialScheduler.java:230) ~[java.net.http:?]
	at java.util.concurrent.ThreadPoolExecutor.runWorker(ThreadPoolExecutor.java:1136) ~[?:?]
	at java.util.concurrent.ThreadPoolExecutor$Worker.run(ThreadPoolExecutor.java:635) ~[?:?]
	at java.lang.Thread.run(Thread.java:842) ~[?:?]
Caused by: sun.security.validator.ValidatorException: PKIX path building failed: sun.security.provider.certpath.SunCertPathBuilderException: unable to find valid certification path to requested target
	at sun.security.validator.PKIXValidator.doBuild(PKIXValidator.java:439) ~[?:?]
	at sun.security.validator.PKIXValidator.engineValidate(PKIXValidator.java:306) ~[?:?]
	at sun.security.validator.Validator.validate(Validator.java:264) ~[?:?]
	at sun.security.ssl.X509TrustManagerImpl.checkTrusted(X509TrustManagerImpl.java:285) ~[?:?]
	at sun.security.ssl.X509TrustManagerImpl.checkServerTrusted(X509TrustManagerImpl.java:144) ~[?:?]
	at sun.security.ssl.CertificateMessage$T13CertificateConsumer.checkServerCerts(CertificateMessage.java:1329) ~[?:?]
	at sun.security.ssl.CertificateMessage$T13CertificateConsumer.onConsumeCertificate(CertificateMessage.java:1226) ~[?:?]
	at sun.security.ssl.CertificateMessage$T13CertificateConsumer.consume(CertificateMessage.java:1169) ~[?:?]
	at sun.security.ssl.SSLHandshake.consume(SSLHandshake.java:396) ~[?:?]
	at sun.security.ssl.HandshakeContext.dispatch(HandshakeContext.java:480) ~[?:?]
	at sun.security.ssl.SSLEngineImpl$DelegatedTask$DelegatedAction.run(SSLEngineImpl.java:1277) ~[?:?]
	at sun.security.ssl.SSLEngineImpl$DelegatedTask$DelegatedAction.run(SSLEngineImpl.java:1264) ~[?:?]
	at java.security.AccessController.doPrivileged(AccessController.java:712) ~[?:?]
	at sun.security.ssl.SSLEngineImpl$DelegatedTask.run(SSLEngineImpl.java:1209) ~[?:?]
	at java.util.ArrayList.forEach(ArrayList.java:1511) ~[?:?]
	at jdk.internal.net.http.common.SSLFlowDelegate.lambda$executeTasks$3(SSLFlowDelegate.java:1118) ~[java.net.http:?]
	at jdk.internal.net.http.HttpClientImpl$DelegatingExecutor.execute(HttpClientImpl.java:157) ~[java.net.http:?]
	at jdk.internal.net.http.common.SSLFlowDelegate.executeTasks(SSLFlowDelegate.java:1113) ~[java.net.http:?]
	at jdk.internal.net.http.common.SSLFlowDelegate.doHandshake(SSLFlowDelegate.java:1079) ~[java.net.http:?]
	at jdk.internal.net.http.common.SSLFlowDelegate$Reader.processData(SSLFlowDelegate.java:484) ~[java.net.http:?]
	at jdk.internal.net.http.common.SSLFlowDelegate$Reader$ReaderDownstreamPusher.run(SSLFlowDelegate.java:268) ~[java.net.http:?]
	at jdk.internal.net.http.common.SequentialScheduler$LockingRestartableTask.run(SequentialScheduler.java:205) ~[java.net.http:?]
	at jdk.internal.net.http.common.SequentialScheduler$CompleteRestartableTask.run(SequentialScheduler.java:149) ~[java.net.http:?]
	at jdk.internal.net.http.common.SequentialScheduler$TryEndDeferredCompleter.complete(SequentialScheduler.java:347) ~[java.net.http:?]
	at jdk.internal.net.http.common.SequentialScheduler$CompleteRestartableTask.run(SequentialScheduler.java:151) ~[java.net.http:?]
	at jdk.internal.net.http.common.SequentialScheduler$SchedulableTask.run(SequentialScheduler.java:230) ~[java.net.http:?]
	at java.util.concurrent.ThreadPoolExecutor.runWorker(ThreadPoolExecutor.java:1136) ~[?:?]
	at java.util.concurrent.ThreadPoolExecutor$Worker.run(ThreadPoolExecutor.java:635) ~[?:?]
	at java.lang.Thread.run(Thread.java:842) ~[?:?]
Caused by: sun.security.provider.certpath.SunCertPathBuilderException: unable to find valid certification path to requested target
	at sun.security.provider.certpath.SunCertPathBuilder.build(SunCertPathBuilder.java:148) ~[?:?]
	at sun.security.provider.certpath.SunCertPathBuilder.engineBuild(SunCertPathBuilder.java:129) ~[?:?]
	at java.security.cert.CertPathBuilder.build(CertPathBuilder.java:297) ~[?:?]
	at sun.security.validator.PKIXValidator.doBuild(PKIXValidator.java:434) ~[?:?]
	at sun.security.validator.PKIXValidator.engineValidate(PKIXValidator.java:306) ~[?:?]
	at sun.security.validator.Validator.validate(Validator.java:264) ~[?:?]
	at sun.security.ssl.X509TrustManagerImpl.checkTrusted(X509TrustManagerImpl.java:285) ~[?:?]
	at sun.security.ssl.X509TrustManagerImpl.checkServerTrusted(X509TrustManagerImpl.java:144) ~[?:?]
	at sun.security.ssl.CertificateMessage$T13CertificateConsumer.checkServerCerts(CertificateMessage.java:1329) ~[?:?]
	at sun.security.ssl.CertificateMessage$T13CertificateConsumer.onConsumeCertificate(CertificateMessage.java:1226) ~[?:?]
	at sun.security.ssl.CertificateMessage$T13CertificateConsumer.consume(CertificateMessage.java:1169) ~[?:?]
	at sun.security.ssl.SSLHandshake.consume(SSLHandshake.java:396) ~[?:?]
	at sun.security.ssl.HandshakeContext.dispatch(HandshakeContext.java:480) ~[?:?]
	at sun.security.ssl.SSLEngineImpl$DelegatedTask$DelegatedAction.run(SSLEngineImpl.java:1277) ~[?:?]
	at sun.security.ssl.SSLEngineImpl$DelegatedTask$DelegatedAction.run(SSLEngineImpl.java:1264) ~[?:?]
	at java.security.AccessController.doPrivileged(AccessController.java:712) ~[?:?]
	at sun.security.ssl.SSLEngineImpl$DelegatedTask.run(SSLEngineImpl.java:1209) ~[?:?]
	at java.util.ArrayList.forEach(ArrayList.java:1511) ~[?:?]
	at jdk.internal.net.http.common.SSLFlowDelegate.lambda$executeTasks$3(SSLFlowDelegate.java:1118) ~[java.net.http:?]
	at jdk.internal.net.http.HttpClientImpl$DelegatingExecutor.execute(HttpClientImpl.java:157) ~[java.net.http:?]
	at jdk.internal.net.http.common.SSLFlowDelegate.executeTasks(SSLFlowDelegate.java:1113) ~[java.net.http:?]
	at jdk.internal.net.http.common.SSLFlowDelegate.doHandshake(SSLFlowDelegate.java:1079) ~[java.net.http:?]
	at jdk.internal.net.http.common.SSLFlowDelegate$Reader.processData(SSLFlowDelegate.java:484) ~[java.net.http:?]
	at jdk.internal.net.http.common.SSLFlowDelegate$Reader$ReaderDownstreamPusher.run(SSLFlowDelegate.java:268) ~[java.net.http:?]
	at jdk.internal.net.http.common.SequentialScheduler$LockingRestartableTask.run(SequentialScheduler.java:205) ~[java.net.http:?]
	at jdk.internal.net.http.common.SequentialScheduler$CompleteRestartableTask.run(SequentialScheduler.java:149) ~[java.net.http:?]
	at jdk.internal.net.http.common.SequentialScheduler$TryEndDeferredCompleter.complete(SequentialScheduler.java:347) ~[java.net.http:?]
	at jdk.internal.net.http.common.SequentialScheduler$CompleteRestartableTask.run(SequentialScheduler.java:151) ~[java.net.http:?]
	at jdk.internal.net.http.common.SequentialScheduler$SchedulableTask.run(SequentialScheduler.java:230) ~[java.net.http:?]
	at java.util.concurrent.ThreadPoolExecutor.runWorker(ThreadPoolExecutor.java:1136) ~[?:?]
	at java.util.concurrent.ThreadPoolExecutor$Worker.run(ThreadPoolExecutor.java:635) ~[?:?]
	at java.lang.Thread.run(Thread.java:842) ~[?:?]
[138月2026 12:22:55.238] [Forge Version Check/INFO] [net.minecraftforge.fml.VersionChecker/]: [forge] Starting version check at https://files.minecraftforge.net/net/minecraftforge/forge/promotions_slim.json
[138月2026 12:22:55.498] [main/DEBUG] [com.merlin204.avalon.main.AvalonMOD/]: Avalon自动注册 EntityPatch: epic_fight_avalon:animation_texture_vfx -> VFXEntityPatch
[138月2026 12:22:55.498] [main/DEBUG] [com.merlin204.avalon.main.AvalonMOD/]: Avalon自动注册 EntityPatch: epic_fight_avalon:shake_wave -> VFXEntityPatch
[138月2026 12:22:55.498] [main/DEBUG] [com.merlin204.avalon.main.AvalonMOD/]: Avalon自动注册 EntityPatch: epic_fight_avalon:vfx -> VFXEntityPatch
[138月2026 12:22:55.507] [main/DEBUG] [net.minecraftforge.fml.DeferredWorkQueue/LOADING]: Synchronous work queue completed in 649.5 ms
[138月2026 12:22:55.512] [main/DEBUG] [net.minecraftforge.fml.DeferredWorkQueue/LOADING]: Dispatching synchronous work for work queue ENQUEUE_IMC: 9 jobs
[138月2026 12:22:55.519] [main/DEBUG] [net.minecraftforge.fml.DeferredWorkQueue/LOADING]: Synchronous work queue completed in 6.447 ms
[138月2026 12:22:55.521] [main/DEBUG] [net.minecraftforge.fml.DeferredWorkQueue/LOADING]: Dispatching synchronous work for work queue COMPLETE: 1 jobs
[138月2026 12:22:55.524] [main/DEBUG] [net.minecraftforge.fml.DeferredWorkQueue/LOADING]: Synchronous work queue completed in 2.928 ms
[138月2026 12:22:56.241] [Forge Version Check/DEBUG] [net.minecraftforge.fml.VersionChecker/]: [forge] Received version check data:
{
  "homepage": "https://files.minecraftforge.net/net/minecraftforge/forge/",
  "promos": {
    "1.1-latest": "1.3.4.29",
    "1.2.3-latest": "1.4.1.64",
    "1.2.4-latest": "2.0.0.68",
    "1.2.5-latest": "3.4.9.171",
    "1.3.2-latest": "4.3.5.318",
    "1.4.0-latest": "5.0.0.326",
    "1.4.1-latest": "6.0.0.329",
    "1.4.2-latest": "6.0.1.355",
    "1.4.3-latest": "6.2.1.358",
    "1.4.4-latest": "6.3.0.378",
    "1.4.5-latest": "6.4.2.448",
    "1.4.6-latest": "6.5.0.489",
    "1.4.7-latest": "6.6.2.534",
    "1.5-latest": "7.7.0.598",
    "1.5.1-latest": "7.7.2.682",
    "1.5.2-latest": "7.8.1.738",
    "1.5.2-recommended": "7.8.1.738",
    "1.6.1-latest": "8.9.0.775",
    "1.6.2-latest": "9.10.1.871",
    "1.6.2-recommended": "9.10.1.871",
    "1.6.3-latest": "9.11.0.878",
    "1.6.4-latest": "9.11.1.1345",
    "1.6.4-recommended": "9.11.1.1345",
    "1.7.2-latest": "10.12.2.1161",
    "1.7.2-recommended": "10.12.2.1161",
    "1.7.10-latest": "10.13.4.1614",
    "1.7.10-recommended": "10.13.4.1614",
    "1.8-latest": "11.14.4.1577",
    "1.8-recommended": "11.14.4.1563",
    "1.8.8-latest": "11.15.0.1655",
    "1.8.9-latest": "11.15.1.2318",
    "1.8.9-recommended": "11.15.1.2318",
    "1.9-latest": "12.16.1.1938",
    "1.9-recommended": "12.16.1.1887",
    "1.9.4-latest": "12.17.0.2317",
    "1.9.4-recommended": "12.17.0.2317",
    "1.10-latest": "12.18.0.2000",
    "1.10.2-latest": "12.18.3.2511",
    "1.10.2-recommended": "12.18.3.2511",
    "1.11-latest": "13.19.1.2199",
    "1.11-recommended": "13.19.1.2189",
    "1.11.2-latest": "13.20.1.2588",
    "1.11.2-recommended": "13.20.1.2588",
    "1.12-latest": "14.21.1.2443",
    "1.12-recommended": "14.21.1.2387",
    "1.12.1-latest": "14.22.1.2485",
    "1.12.1-recommended": "14.22.1.2478",
    "1.12.2-latest": "14.23.5.2864",
    "1.12.2-recommended": "14.23.5.2859",
    "1.13.2-latest": "25.0.223",
    "1.14.2-latest": "26.0.63",
    "1.14.3-latest": "27.0.60",
    "1.14.4-latest": "28.2.30",
    "1.14.4-recommended": "28.2.26",
    "1.15-latest": "29.0.4",
    "1.15.1-latest": "30.0.51",
    "1.15.2-latest": "31.2.62",
    "1.15.2-recommended": "31.2.57",
    "1.16.1-latest": "32.0.108",
    "1.16.2-latest": "33.0.61",
    "1.16.3-latest": "34.1.42",
    "1.16.3-recommended": "34.1.0",
    "1.16.4-latest": "35.1.37",
    "1.16.4-recommended": "35.1.4",
    "1.16.5-latest": "36.2.42",
    "1.16.5-recommended": "36.2.34",
    "1.17.1-latest": "37.1.1",
    "1.17.1-recommended": "37.1.1",
    "1.18-latest": "38.0.17",
    "1.18.1-latest": "39.1.2",
    "1.18.1-recommended": "39.1.0",
    "1.18.2-recommended": "40.3.0",
    "1.18.2-latest": "40.3.12",
    "1.19-latest": "41.1.0",
    "1.19-recommended": "41.1.0",
    "1.19.1-latest": "42.0.9",
    "1.19.2-recommended": "43.5.0",
    "1.19.2-latest": "43.5.2",
    "1.19.3-latest": "44.1.23",
    "1.19.3-recommended": "44.1.0",
    "1.19.4-recommended": "45.4.0",
    "1.19.4-latest": "45.4.3",
    "1.20-latest": "46.0.14",
    "1.20.1-recommended": "47.4.10",
    "1.20.1-latest": "47.4.22",
    "1.20.2-latest": "48.1.0",
    "1.20.2-recommended": "48.1.0",
    "1.20.3-latest": "49.0.2",
    "1.20.4-latest": "49.2.8",
    "1.20.4-recommended": "49.2.0",
    "1.20.6-latest": "50.2.10",
    "1.20.6-recommended": "50.2.0",
    "1.21-latest": "51.0.33",
    "1.21.1-latest": "52.1.16",
    "1.21.1-recommended": "52.1.0",
    "1.21.3-latest": "53.1.12",
    "1.21.3-recommended": "53.1.0",
    "1.21.4-latest": "54.1.18",
    "1.21.4-recommended": "54.1.14",
    "1.21.5-latest": "55.1.12",
    "1.21.5-recommended": "55.1.0",
    "1.21.6-latest": "56.0.9",
    "1.21.7-latest": "57.0.3",
    "1.21.8-latest": "58.1.21",
    "1.21.8-recommended": "58.1.0",
    "1.21.9-latest": "59.0.5",
    "1.21.10-latest": "60.1.13",
    "1.21.10-recommended": "60.1.0",
    "1.21.11-latest": "61.2.0",
    "1.21.11-recommended": "61.2.0",
    "26.1-latest": "62.0.9",
    "26.1.1-latest": "63.0.2",
    "26.1.2-latest": "64.1.0",
    "26.1.2-recommended": "64.1.0",
    "26.2-latest": "65.1.1",
    "26.2-recommended": "65.1.0"
  }
}
[138月2026 12:22:56.243] [Forge Version Check/INFO] [net.minecraftforge.fml.VersionChecker/]: [forge] Found status: OUTDATED Current: 47.4.13 Target: 47.4.22
[138月2026 12:22:56.607] [main/INFO] [epicfight/]: Data keys [invincible:left, invincible:down, invincible:dodge_success_timer, invincible:up, invincible:cooldown, invincible:right, invincible:parry_timer] for invincible:combo_demo
[138月2026 12:22:56.607] [main/INFO] [epicfight/]: Data keys [epicfight:combo_counter, epicfight:basic_attack_active] for epicfight:basic_attack
[138月2026 12:22:56.609] [main/INFO] [epicfight/]: Data keys [epicfight:penalty, epicfight:penalty_restore_counter] for epicfight:guard
[138月2026 12:22:56.609] [main/INFO] [epicfight/]: Data keys [epicfight:last_active, epicfight:parry_motion_counter, epicfight:penalty, epicfight:penalty_restore_counter] for epicfight:parrying
[138月2026 12:22:56.610] [main/INFO] [epicfight/]: Data keys [epicfight:penalty, epicfight:penalty_restore_counter] for epicfight:impact_guard
[138月2026 12:22:56.610] [main/INFO] [epicfight/]: Data keys [epicfight:tick_record, epicfight:stacks, epicfight:resisting_damage_type] for epicfight:adaptive_skin
[138月2026 12:22:56.610] [main/INFO] [epicfight/]: Data keys [epicfight:tick_record] for epicfight:adrenaline_fiend
[138月2026 12:22:56.610] [main/INFO] [epicfight/]: Data keys [epicfight:entity_id, epicfight:stacks] for epicfight:bonebreaker
[138月2026 12:22:56.610] [main/INFO] [epicfight/]: Data keys [epicfight:entity_id, epicfight:tick_record] for epicfight:vengeance
[138月2026 12:22:56.610] [main/INFO] [epicfight/]: Data keys [epicfight:slam_protect_next_fall, epicfight:fall_distance] for epicfight:meteor_slam
[138月2026 12:22:56.611] [main/INFO] [epicfight/]: Data keys [epicfight:stacks] for epicfight:revelation
[138月2026 12:22:56.611] [main/INFO] [epicfight/]: Data keys [epicfight:slam_protect_next_fall] for epicfight:demolition_leap
[138月2026 12:22:56.611] [main/INFO] [epicfight/]: Data keys [epicfight:jump_key_pressed_last_tick, epicfight:jump_count, epicfight:slam_protect_next_fall] for epicfight:phantom_ascent
[138月2026 12:22:56.611] [main/INFO] [epicfight/]: Data keys [epicfight:last_hit_count] for epicfight:grasping_spire
[138月2026 12:22:56.611] [main/INFO] [epicfight/]: Data keys [epicfight:sheath] for epicfight:battojutsu_passive
[138月2026 12:22:56.612] [main/INFO] [epicfight/]: Data keys [epicfight:sheath] for epicfight:battojutsu
[138月2026 12:22:56.612] [main/INFO] [epicfight/]: Data keys [epicfight:combo_counter] for epicfight:blade_rush
[138月2026 12:22:56.612] [main/INFO] [epicfight/]: Data keys [epicfight:thrown_trident_entity_id] for epicfight:everlasting_allegiance
[138月2026 12:22:56.612] [main/INFO] [epicfight/]: Data keys [wom:target_id] for wom:ender_obscuris
[138月2026 12:22:56.612] [main/INFO] [epicfight/]: Data keys [wom:timer, wom:timer_refresh, wom:dodge] for wom:dodge_master
[138月2026 12:22:56.612] [main/INFO] [epicfight/]: Data keys [wom:timer, wom:active, wom:timer_refresh, wom:registered_health, wom:cooldown, wom:dodge, wom:registered_position] for wom:time_travel
[138月2026 12:22:56.612] [main/INFO] [epicfight/]: Data keys [wom:cooldown] for wom:punishment_kick
[138月2026 12:22:56.612] [main/INFO] [epicfight/]: Data keys [wom:parrying, wom:last_active, epicfight:penalty, wom:consumprion_value, wom:holding_rmb, epicfight:penalty_restore_counter] for wom:counter_attack
[138月2026 12:22:56.612] [main/INFO] [epicfight/]: Data keys [wom:timer, wom:vengence_duration, epicfight:penalty, wom:holding_stance, wom:timer_refresh, wom:consumprion_value, wom:cooldown, wom:charge, epicfight:penalty_restore_counter] for wom:vengeful_parry
[138月2026 12:22:56.612] [main/INFO] [epicfight/]: Data keys [wom:parrying, epicfight:penalty, wom:cooldown, wom:charge, wom:holding_rmb, epicfight:penalty_restore_counter] for wom:perfect_bulwark
[138月2026 12:22:56.612] [main/INFO] [epicfight/]: Data keys [wom:cycle, wom:charge] for wom:soul_protection
[138月2026 12:22:56.612] [main/INFO] [epicfight/]: Data keys [wom:cycle, wom:charge] for wom:shulker_cloak
[138月2026 12:22:56.612] [main/INFO] [epicfight/]: Data keys [wom:timer, wom:active, epicfight:penalty, wom:holding_rmb, epicfight:penalty_restore_counter] for wom:buster_parade
[138月2026 12:22:56.614] [main/INFO] [epicfight/]: Data keys [wom:timer, wom:duree, wom:active, wom:timer_refresh] for wom:pain_anticipation
[138月2026 12:22:56.614] [main/INFO] [epicfight/]: Data keys [wom:timer, wom:duree, wom:active, wom:timer_refresh] for wom:latent_retribution
[138月2026 12:22:56.614] [main/INFO] [epicfight/]: Data keys [wom:power, wom:rate] for wom:critical_knowledge
[138月2026 12:22:56.614] [main/INFO] [epicfight/]: Data keys [wom:max_shield, wom:recovery_rate, wom:cooldown] for wom:heart_shield
[138月2026 12:22:56.614] [main/INFO] [epicfight/]: Data keys [wom:step, wom:melody_index, wom:saved_elapsed_time] for wom:dancing_blade
[138月2026 12:22:56.614] [main/INFO] [epicfight/]: Data keys [wom:timer, wom:duree, wom:active, wom:stage, wom:cycle, wom:timer_refresh] for wom:meditation
[138月2026 12:22:56.614] [main/INFO] [epicfight/]: Data keys [wom:cooldown] for wom:dopamine
[138月2026 12:22:56.614] [main/INFO] [epicfight/]: Data keys [wom:last_active] for wom:manipulator
[138月2026 12:22:56.614] [main/INFO] [epicfight/]: Data keys [wom:timer, wom:power, wom:rate, wom:stack] for wom:lethal_focus
[138月2026 12:22:56.614] [main/INFO] [epicfight/]: Data keys [wom:timer, wom:wall_glide, wom:jump_key_up, wom:angle, wom:timer_refresh, wom:wall_running] for wom:spider_techniques
[138月2026 12:22:56.614] [main/INFO] [epicfight/]: Data keys [wom:diving, wom:mermaid_movement, wom:jump_key_up, wom:consumprion_value, wom:crawling, wom:water_dashing, wom:cooldown] for wom:aqua_maneuvre
[138月2026 12:22:56.614] [main/INFO] [epicfight/]: Data keys [wom:timer, wom:buffing, wom:wall_glide, wom:verso, wom:active, wom:stage, wom:consumprion_value, wom:wall_running] for wom:natural_sprinter
[138月2026 12:22:56.614] [main/INFO] [epicfight/]: Data keys [wom:timer] for wom:lunatic_vivacity
[138月2026 12:22:56.614] [main/INFO] [epicfight/]: Data keys [wom:timer, wom:consumprion_value, wom:registered_health] for wom:voodoo_magic
[138月2026 12:22:56.615] [main/INFO] [epicfight/]: Data keys [wom:target_id, wom:target_distance] for wom:back_and_forth
[138月2026 12:22:56.615] [main/INFO] [epicfight/]: Data keys [wom:combo, wom:cooldown] for wom:shooting_style
[138月2026 12:22:56.615] [main/INFO] [epicfight/]: Data keys [wom:timer, wom:active] for wom:proximity_exploiter
[138月2026 12:22:56.615] [main/INFO] [epicfight/]: Data keys [wom:timer, wom:stack] for wom:all_eyes_on_you
[138月2026 12:22:56.615] [main/INFO] [epicfight/]: Data keys [wom:timer, wom:stack] for wom:all_eyes_on_me
[138月2026 12:22:56.615] [main/INFO] [epicfight/]: Data keys [wom:timer, wom:cooldown] for wom:avatar_of_might
[138月2026 12:22:56.615] [main/INFO] [epicfight/]: Data keys [wom:active, wom:stack, wom:attacks] for wom:agony_plunge
[138月2026 12:22:56.615] [main/INFO] [epicfight/]: Data keys [wom:timer, wom:charged_attack, wom:active, wom:movespeed, wom:timer_refresh, wom:saved_charge, wom:charged, wom:charging_time, wom:charging, wom:holding_rmb] for wom:torment_passive
[138月2026 12:22:56.615] [main/INFO] [epicfight/]: Data keys [wom:timer, wom:active, wom:timer_refresh] for wom:true_berserk
[138月2026 12:22:56.615] [main/INFO] [epicfight/]: Data keys [wom:stack] for wom:herrscher_passive
[138月2026 12:22:56.615] [main/INFO] [epicfight/]: Data keys [wom:timer, wom:buffing, wom:expiation, wom:strenght, wom:verso, wom:timer_refresh, wom:buffed, wom:redemptioon] for wom:plunder_perdition
[138月2026 12:22:56.616] [main/INFO] [epicfight/]: Data keys [wom:sheath] for wom:satsujin_passive
[138月2026 12:22:56.616] [main/INFO] [epicfight/]: Data keys [wom:second_draw, wom:holding_stance, wom:timer_refresh, wom:charging, wom:cooldown, wom:charge, wom:timer, wom:damage, wom:frequency, wom:active, wom:saved_charge, wom:stack, wom:attacks, wom:timedslash, wom:holding_rmb] for wom:sakura_state
[138月2026 12:22:56.616] [main/INFO] [epicfight/]: Data keys [wom:nofalldamage, wom:shoot, wom:reload_cooldown, wom:combo, wom:cooldown, wom:using_item, wom:holding_rmb, wom:zoom_cooldown, wom:zoom] for wom:ender_blast
[138月2026 12:22:56.616] [main/INFO] [epicfight/]: Data keys [wom:nofalldamage, wom:shoot, wom:reload_cooldown, wom:side, wom:combo, wom:cooldown, wom:using_item, wom:holding_rmb, wom:zoom_cooldown, wom:zoom] for wom:ender_fusion
[138月2026 12:22:56.617] [main/INFO] [epicfight/]: Data keys [wom:parrying, wom:guard_point, wom:holding_stance, wom:combo, wom:gesetz_sprengkopf, wom:charged, wom:charging_time, wom:cooldown, wom:holding_rmb, wom:guard_point_result] for wom:regierung
[138月2026 12:22:56.617] [main/INFO] [epicfight/]: Data keys [wom:timer, wom:crescent, wom:timer_refresh, wom:lunar_eclipse_stack, wom:echo] for wom:lunar_eclipse
[138月2026 12:22:56.617] [main/INFO] [epicfight/]: Data keys [wom:verso, wom:idle] for wom:lunar_echo_passive
[138月2026 12:22:56.619] [main/INFO] [epicfight/]: Data keys [wom:witherccatharsis, wom:blackhole, wom:timer_refresh, wom:darkness_portal_angle, wom:darkness_target_hited, wom:darkness_target, wom:active, wom:blackhole_active, wom:blackhole_vec, wom:holding_rmb, wom:blackhole_timer, wom:serius_focus, wom:witheraftereffect, wom:serius_focus_cooldown, wom:darkness_target_vec, wom:zoom_cooldown, wom:zoom, wom:ascending, wom:timer, wom:darkness_portal_vec, wom:darkness_portal_timer, wom:shoot, wom:darkness_activate_portal, wom:shoot_cooldown, wom:darkness_target_reaped] for wom:demonic_ascension
[138月2026 12:22:56.619] [main/INFO] [epicfight/]: Data keys [wom:catharsis, wom:basic_attack, wom:idle, wom:particle, wom:withercurse, wom:lapse, wom:blink] for wom:demon_mark_passive
[138月2026 12:22:56.619] [main/INFO] [epicfight/]: Data keys [wom:heat_level, wom:cycle, wom:timer_refresh, wom:charging, wom:charge, wom:solar_obscuridad, wom:timer, wom:heating_speed, wom:stored_heat_level, wom:solar_crematorio, wom:solar_obscuridad_ta_timer, wom:particle, wom:solar_infernio, wom:timed_attack, wom:holding_rmb] for wom:solar_arcano
[138月2026 12:22:56.619] [main/INFO] [epicfight/]: Data keys [wom:heat_level, wom:cycle, wom:timer_refresh, wom:charging, wom:charge, wom:solar_obscuridad, wom:timer, wom:heating_speed, wom:stored_heat_level, wom:solar_crematorio, wom:solar_obscuridad_ta_timer, wom:particle, wom:solar_infernio, wom:timed_attack] for wom:solar_passive
[138月2026 12:22:56.619] [main/INFO] [epicfight/]: Data keys [wom:serius_focus, wom:serius_focus_cooldown] for wom:rechargement
[138月2026 12:22:56.619] [main/INFO] [epicfight/]: Data keys [wom:shell_number, wom:active, wom:bullet_loaded_old, wom:shell_delay, wom:shell_anim, wom:cycle, wom:bullet_overloaded, wom:charged, wom:charge, wom:super_reload, wom:bullet_loaded] for wom:napoleon_passive
[138月2026 12:22:56.619] [main/INFO] [epicfight/]: Data keys [efn:scythe_blood_power, efn:scythe_sheath] for efn:scythe_skill
[138月2026 12:22:56.619] [main/INFO] [epicfight/]: Data keys [efn:thornwheel_loop_available, efn:press_innate, efn:thornwheel_loop] for efn:thornwheel
[138月2026 12:22:56.619] [main/INFO] [epicfight/]: Data keys [efn:murasama_forward_dodge, efn:jump_key_pressed_last_tick, efn:jump_count] for efn:murasama_dodge
[138月2026 12:22:56.619] [main/INFO] [epicfight/]: Data keys [efn:max_puncture_chance, efn:puncture_increment, efn:base_puncture_chance, efn:current_puncture_chance] for efn:parry_master
[138月2026 12:22:56.619] [main/INFO] [epicfight/]: Data keys [efn:buff_active, efn:buff_end_tick, efn:defense_start_tick] for efn:precise_parry
[138月2026 12:22:56.619] [main/INFO] [epicfight/]: Data keys [efn:cooldown_2, efn:cooldown, efn:cooldown_1] for efn:judgementcutend
[138月2026 12:22:56.620] [main/INFO] [epicfight/]: Data keys [efn:cooldown_2, efn:cooldown, efn:cooldown_1] for efn:stomp
[138月2026 12:22:56.620] [main/INFO] [epicfight/]: Data keys [efn:murasama_zansetsu_active, efn:murasama_zansetsu_timer, efn:murasama_zansetsu_input_mode, efn:murasama_last_triggered_sector, efn:murasama_pair_flag, efn:murasama_left_mouse_pressed, efn:murasama_zandatsu_end_time, efn:murasama_opposite_triggered, efn:murasama_zansetsu_start_time, efn:murasama_zansetsu_attack_counter, efn:murasama_zansetsu_end_time, efn:murasama_zandatsu_start_time, efn:murasama_zansetsu_slash_release, efn:murasama_input_mode_switch_pressed, efn:murasama_zansetsu_sector, efn:arts_key, efn:murasama_key_left_down, efn:murasama_zandatsu_available, efn:murasama_key_right_down, efn:arts_key_pressed] for efn:zansetsu
[138月2026 12:22:56.620] [main/INFO] [epicfight/]: Data keys [efn:cooldown_2, efn:cooldown, efn:cooldown_1] for efn:execution
[138月2026 12:22:56.620] [main/INFO] [epicfight/]: Data keys [efn:efn_shake_penalty_count, efn:efn_last_guard_start_tick, epicfight:penalty, efn:efn_first_shake, efn:efn_last_parry_time, efn:efn_last_successful_defense_tick, efn:efn_last_active, efn:efn_delay_protection_end, efn:efn_shake_detected, efn:efn_parry_motion_counter, efn:efn_starting_parry, epicfight:penalty_restore_counter] for efn:efn_parry
[138月2026 12:22:56.620] [main/INFO] [epicfight/]: Data keys [efn:efn_shake_penalty_count, efn:efn_last_guard_start_tick, epicfight:penalty, efn:efn_first_shake, efn:efn_last_parry_time, efn:efn_last_successful_defense_tick, efn:efn_last_active, efn:efn_delay_protection_end, efn:efn_shake_detected, efn:efn_parry_motion_counter, efn:efn_starting_parry, epicfight:penalty_restore_counter] for efn:murasama_parry
[138月2026 12:22:56.620] [main/INFO] [epicfight/]: Data keys [efn:arts_key, efn:sekiro_art_index, efn:cooldown_2, efn:cooldown, efn:arts_key_pressed, efn:arts_input_buffer, efn:cooldown_1] for efn:mortal_blade
[138月2026 12:22:56.621] [main/INFO] [epicfight/]: Data keys [efn:doppelganger_tick, efn:charge_stage, invincible:down, invincible:up, efn:cooldown_2, efn:is_pressing, efn:arts_key, efn:pressing_key2, efn:arts_key_pressed, invincible:parry_timer, efn:down_key, efn:sprint_key, efn:energy_check, efn:press_key1, efn:pressing_key3, efn:pressing_key4, invincible:right, efn:doppelganger_style, efn:innate_press_timer, efn:force_release, efn:have_doppelganger, efn:key3_press_timer, efn:full_charge_message, efn:key4_press_timer, efn:combo_counter, efn:guard_key, efn:was_long_pressed, efn:charge_power, efn:press_key4, efn:doppelganger_delay, efn:charge_ticks, efn:press_doppelganger, efn:cooldown, invincible:left, efn:sneak_key, efn:key1_press_timer, invincible:dodge_success_timer, efn:pressing_key1, efn:press_key3, efn:angel_key, efn:press_key2, invincible:cooldown, efn:is_charging, efn:jump_key, efn:cooldown_1, efn:key2_press_timer, efn:pressing_innate, efn:charge_message, efn:press_innate, efn:demon_key, efn:up_key, efn:press_summon_sword] for efn:yamato
[138月2026 12:22:56.621] [main/INFO] [epicfight/]: Data keys [efn:have_doppelganger, efn:doppelganger_tick, efn:stun_cooldown, efn:doppelganger_style, efn:parry_cooldown, efn:doppelganger_delay] for efn:yamato_passive
[138月2026 12:22:56.621] [main/INFO] [epicfight/]: Data keys [efn:charge_stage, invincible:down, invincible:up, efn:cooldown_2, efn:damage_history, efn:is_pressing, efn:replay_enhanced, efn:arts_key, efn:pressing_key2, efn:arts_key_pressed, invincible:parry_timer, efn:down_key, efn:sprint_key, efn:energy_check, efn:press_key1, efn:pressing_key3, efn:pressing_key4, invincible:right, efn:innate_press_timer, efn:force_release, efn:key3_press_timer, efn:full_charge_message, efn:key4_press_timer, efn:combo_counter, efn:guard_key, efn:was_long_pressed, efn:charge_power, efn:press_key4, efn:charge_ticks, efn:cooldown, invincible:left, efn:sneak_key, efn:key1_press_timer, invincible:dodge_success_timer, efn:pressing_key1, efn:press_key3, efn:angel_key, efn:press_key2, invincible:cooldown, efn:is_charging, efn:jump_key, efn:cooldown_1, efn:key2_press_timer, efn:pressing_innate, efn:charge_message, efn:press_innate, efn:is_replay_damage, efn:demon_key, efn:up_key, efn:press_summon_sword] for efn:shortsword
[138月2026 12:22:56.621] [main/INFO] [epicfight/]: Data keys [efn:charge_stage, efn:key3_press_timer, invincible:down, efn:full_charge_message, efn:key4_press_timer, efn:combo_counter, invincible:up, efn:cooldown_2, efn:guard_key, efn:was_long_pressed, efn:is_pressing, efn:charge_power, efn:press_key4, efn:charge_ticks, efn:arts_key, efn:pressing_key2, efn:cooldown, efn:arts_key_pressed, invincible:parry_timer, efn:down_key, invincible:left, efn:sneak_key, efn:key1_press_timer, invincible:dodge_success_timer, efn:sprint_key, efn:pressing_key1, efn:energy_check, efn:press_key1, efn:press_key3, efn:pressing_key3, efn:angel_key, efn:press_key2, efn:pressing_key4, invincible:cooldown, invincible:right, efn:is_charging, efn:jump_key, efn:cooldown_1, efn:key2_press_timer, efn:pressing_innate, efn:innate_press_timer, efn:charge_message, efn:press_innate, efn:demon_key, efn:up_key, efn:force_release, efn:press_summon_sword] for efn:ruinsgreatsword
[138月2026 12:22:56.621] [main/INFO] [epicfight/]: Data keys [efn:charge_stage, efn:key3_press_timer, invincible:down, efn:full_charge_message, efn:key4_press_timer, efn:combo_counter, invincible:up, efn:cooldown_2, efn:guard_key, efn:was_long_pressed, efn:is_pressing, efn:charge_power, efn:press_key4, efn:charge_ticks, efn:arts_key, efn:pressing_key2, efn:cooldown, efn:arts_key_pressed, invincible:parry_timer, efn:down_key, invincible:left, efn:sneak_key, efn:key1_press_timer, invincible:dodge_success_timer, efn:sprint_key, efn:pressing_key1, efn:energy_check, efn:press_key1, efn:press_key3, efn:pressing_key3, efn:angel_key, efn:press_key2, efn:pressing_key4, invincible:cooldown, invincible:right, efn:is_charging, efn:jump_key, efn:cooldown_1, efn:key2_press_timer, efn:pressing_innate, efn:innate_press_timer, efn:charge_message, efn:press_innate, efn:demon_key, efn:up_key, efn:force_release, efn:press_summon_sword] for efn:pioneer
[138月2026 12:22:56.622] [main/INFO] [epicfight/]: Data keys [efn:charge_stage, invincible:down, efn:sprint_sheath_timer, invincible:up, efn:murasama_sheath, efn:cooldown_2, efn:is_pressing, efn:murasama_zansetsu_sector, efn:murasama_key_left_down, efn:arts_key, efn:pressing_key2, efn:murasama_air_borne, efn:arts_key_pressed, invincible:parry_timer, efn:down_key, efn:murasama_zansetsu_timer, efn:murasama_zansetsu_input_mode, efn:murasama_pair_flag, efn:sprint_key, efn:energy_check, efn:press_key1, efn:pressing_key3, efn:pressing_key4, invincible:right, efn:murasama_zansetsu_attack_counter, efn:murasama_zansetsu_end_time, efn:murasama_zandatsu_start_time, efn:murasama_sheath_timer, efn:innate_press_timer, efn:murasama_key_right_down, efn:force_release, efn:murasama_zansetsu_active, efn:key3_press_timer, efn:murasama_last_triggered_sector, efn:murasama_forward_dodge, efn:full_charge_message, efn:key4_press_timer, efn:combo_counter, efn:murasama_left_mouse_pressed, efn:murasama_zandatsu_end_time, efn:guard_key, efn:murasama_zansetsu_start_time, efn:was_long_pressed, efn:charge_power, efn:press_key4, efn:charge_ticks, efn:murasama_input_mode_switch_pressed, efn:murasama_zandatsu_available, efn:cooldown, invincible:left, efn:manual_unsheath, efn:sneak_key, efn:key1_press_timer, invincible:dodge_success_timer, efn:pressing_key1, efn:press_key3, efn:angel_key, efn:press_key2, invincible:cooldown, efn:murasama_opposite_triggered, efn:is_charging, efn:jump_key, efn:cooldown_1, efn:key2_press_timer, efn:murasama_zansetsu_slash_release, efn:pressing_innate, efn:charge_message, efn:press_innate, efn:demon_key, efn:up_key, efn:press_summon_sword] for efn:murasama
[138月2026 12:22:56.623] [main/INFO] [epicfight/]: Data keys [efn:backward_pressed_last_tick, efn:murasama_zansetsu_active, efn:forward_backward_end_tick, efn:murasama_last_triggered_sector, efn:murasama_forward_dodge, efn:sprint_sheath_timer, efn:murasama_left_mouse_pressed, efn:murasama_sheath, efn:murasama_zandatsu_end_time, efn:forward_pressed_last_tick, efn:murasama_zansetsu_start_time, efn:double_tap_timer, efn:murasama_input_mode_switch_pressed, efn:murasama_zansetsu_sector, efn:murasama_key_left_down, efn:murasama_zandatsu_available, efn:jump_key_pressed_last_tick, efn:forward_backward_success, efn:up_key_pressed_last_tick, efn:murasama_zansetsu_timer, efn:manual_unsheath, efn:murasama_zansetsu_input_mode, efn:is_double_tap_sprint, efn:murasama_pair_flag, efn:forward_backward_window_active, efn:murasama_opposite_triggered, efn:was_double_tap_sprint, efn:forward_backward_timer, efn:murasama_zansetsu_attack_counter, efn:murasama_zansetsu_end_time, efn:murasama_zandatsu_start_time, efn:murasama_zansetsu_slash_release, efn:murasama_sheath_timer, efn:murasama_key_right_down, efn:forward_backward_remaining_ticks, efn:jump_count] for efn:murasama_passive
[138月2026 12:22:56.623] [main/INFO] [epicfight/]: Data keys [efn:charge_stage, efn:key3_press_timer, invincible:down, efn:full_charge_message, efn:key4_press_timer, efn:combo_counter, invincible:up, efn:cooldown_2, efn:guard_key, efn:was_long_pressed, efn:is_pressing, efn:charge_power, efn:press_key4, efn:charge_ticks, efn:arts_key, efn:pressing_key2, efn:cooldown, efn:arts_key_pressed, invincible:parry_timer, efn:down_key, invincible:left, efn:sneak_key, efn:key1_press_timer, invincible:dodge_success_timer, efn:sprint_key, efn:pressing_key1, efn:energy_check, efn:press_key1, efn:press_key3, efn:pressing_key3, efn:angel_key, efn:press_key2, efn:pressing_key4, invincible:cooldown, invincible:right, efn:is_charging, efn:jump_key, efn:cooldown_1, efn:key2_press_timer, efn:pressing_innate, efn:innate_press_timer, efn:charge_message, efn:press_innate, efn:demon_key, efn:up_key, efn:force_release, efn:press_summon_sword] for efn:meenlance
[138月2026 12:22:56.624] [main/INFO] [epicfight/]: Data keys [efn:charge_stage, efn:key3_press_timer, invincible:down, efn:full_charge_message, efn:key4_press_timer, efn:combo_counter, invincible:up, efn:cooldown_2, efn:guard_key, efn:was_long_pressed, efn:is_pressing, efn:charge_power, efn:press_key4, efn:charge_ticks, efn:arts_key, efn:pressing_key2, efn:cooldown, efn:arts_key_pressed, invincible:parry_timer, efn:down_key, invincible:left, efn:sneak_key, efn:key1_press_timer, invincible:dodge_success_timer, efn:sprint_key, efn:pressing_key1, efn:energy_check, efn:press_key1, efn:press_key3, efn:pressing_key3, efn:angel_key, efn:press_key2, efn:pressing_key4, invincible:cooldown, invincible:right, efn:is_charging, efn:jump_key, efn:cooldown_1, efn:key2_press_timer, efn:pressing_innate, efn:innate_press_timer, efn:charge_message, efn:press_innate, efn:demon_key, efn:up_key, efn:force_release, efn:press_summon_sword] for efn:kusabimaru
[138月2026 12:22:56.624] [main/INFO] [epicfight/]: Data keys [efn:charge_stage, invincible:down, efn:sprint_sheath_timer, invincible:up, efn:murasama_sheath, efn:cooldown_2, efn:is_pressing, efn:murasama_zansetsu_sector, efn:murasama_key_left_down, efn:arts_key, efn:pressing_key2, efn:murasama_air_borne, efn:arts_key_pressed, invincible:parry_timer, efn:down_key, efn:murasama_zansetsu_timer, efn:murasama_zansetsu_input_mode, efn:murasama_pair_flag, efn:sprint_key, efn:energy_check, efn:press_key1, efn:pressing_key3, efn:pressing_key4, invincible:right, efn:murasama_zansetsu_attack_counter, efn:murasama_zansetsu_end_time, efn:murasama_zandatsu_start_time, efn:murasama_sheath_timer, efn:innate_press_timer, efn:murasama_key_right_down, efn:force_release, efn:murasama_zansetsu_active, efn:key3_press_timer, efn:murasama_last_triggered_sector, efn:murasama_forward_dodge, efn:full_charge_message, efn:key4_press_timer, efn:combo_counter, efn:murasama_left_mouse_pressed, efn:murasama_zandatsu_end_time, efn:guard_key, efn:murasama_zansetsu_start_time, efn:was_long_pressed, efn:charge_power, efn:press_key4, efn:charge_ticks, efn:murasama_input_mode_switch_pressed, efn:murasama_zandatsu_available, efn:cooldown, invincible:left, efn:manual_unsheath, efn:sneak_key, efn:key1_press_timer, invincible:dodge_success_timer, efn:pressing_key1, efn:press_key3, efn:angel_key, efn:press_key2, invincible:cooldown, efn:murasama_opposite_triggered, efn:is_charging, efn:jump_key, efn:cooldown_1, efn:key2_press_timer, efn:murasama_zansetsu_slash_release, efn:pressing_innate, efn:charge_message, efn:press_innate, efn:demon_key, efn:up_key, efn:press_summon_sword] for efn:hf_blade
[138月2026 12:22:56.624] [main/INFO] [epicfight/]: Data keys [efn:backward_pressed_last_tick, efn:murasama_zansetsu_active, efn:forward_backward_end_tick, efn:murasama_last_triggered_sector, efn:murasama_forward_dodge, efn:sprint_sheath_timer, efn:murasama_left_mouse_pressed, efn:murasama_sheath, efn:murasama_zandatsu_end_time, efn:forward_pressed_last_tick, efn:murasama_zansetsu_start_time, efn:double_tap_timer, efn:murasama_input_mode_switch_pressed, efn:murasama_zansetsu_sector, efn:murasama_key_left_down, efn:murasama_zandatsu_available, efn:jump_key_pressed_last_tick, efn:forward_backward_success, efn:up_key_pressed_last_tick, efn:murasama_zansetsu_timer, efn:manual_unsheath, efn:murasama_zansetsu_input_mode, efn:is_double_tap_sprint, efn:murasama_pair_flag, efn:forward_backward_window_active, efn:murasama_opposite_triggered, efn:was_double_tap_sprint, efn:forward_backward_timer, efn:murasama_zansetsu_attack_counter, efn:murasama_zansetsu_end_time, efn:murasama_zandatsu_start_time, efn:murasama_zansetsu_slash_release, efn:murasama_sheath_timer, efn:murasama_key_right_down, efn:forward_backward_remaining_ticks, efn:jump_count] for efn:hf_blade_passive
[138月2026 12:22:56.625] [main/INFO] [epicfight/]: Data keys [efn:charge_stage, efn:key3_press_timer, invincible:down, efn:full_charge_message, efn:key4_press_timer, efn:combo_counter, invincible:up, efn:cooldown_2, efn:guard_key, efn:was_long_pressed, efn:is_pressing, efn:charge_power, efn:press_key4, efn:charge_ticks, efn:arts_key, efn:pressing_key2, efn:cooldown, efn:arts_key_pressed, invincible:parry_timer, efn:down_key, invincible:left, efn:sneak_key, efn:key1_press_timer, invincible:dodge_success_timer, efn:sprint_key, efn:pressing_key1, efn:energy_check, efn:press_key1, efn:press_key3, efn:pressing_key3, efn:angel_key, efn:press_key2, efn:pressing_key4, invincible:cooldown, invincible:right, efn:is_charging, efn:jump_key, efn:cooldown_1, efn:key2_press_timer, efn:pressing_innate, efn:innate_press_timer, efn:charge_message, efn:press_innate, efn:demon_key, efn:up_key, efn:force_release, efn:press_summon_sword] for efn:exsiliumgladius
[138月2026 12:22:56.625] [main/INFO] [epicfight/]: Data keys [invincible:left, invincible:down, invincible:dodge_success_timer, invincible:up, invincible:cooldown, invincible:right, invincible:parry_timer] for efn:examplecombo
[138月2026 12:22:56.625] [main/INFO] [epicfight/]: Data keys [efn:charge_stage, efn:key3_press_timer, invincible:down, efn:full_charge_message, efn:key4_press_timer, efn:combo_counter, invincible:up, efn:cooldown_2, efn:guard_key, efn:was_long_pressed, efn:is_pressing, efn:charge_power, efn:press_key4, efn:charge_ticks, efn:arts_key, efn:pressing_key2, efn:cooldown, efn:arts_key_pressed, invincible:parry_timer, efn:down_key, invincible:left, efn:sneak_key, efn:key1_press_timer, invincible:dodge_success_timer, efn:sprint_key, efn:pressing_key1, efn:energy_check, efn:press_key1, efn:press_key3, efn:pressing_key3, efn:angel_key, efn:press_key2, efn:pressing_key4, invincible:cooldown, invincible:right, efn:is_charging, efn:jump_key, efn:cooldown_1, efn:key2_press_timer, efn:pressing_innate, efn:innate_press_timer, efn:charge_message, efn:press_innate, efn:demon_key, efn:up_key, efn:force_release, efn:press_summon_sword] for efn:crescentmoon
[138月2026 12:22:56.625] [main/INFO] [epicfight/]: Data keys [efn:charge_stage, efn:key3_press_timer, invincible:down, efn:full_charge_message, efn:key4_press_timer, efn:combo_counter, invincible:up, efn:cooldown_2, efn:guard_key, efn:was_long_pressed, efn:is_pressing, efn:charge_power, efn:press_key4, efn:charge_ticks, efn:arts_key, efn:pressing_key2, efn:cooldown, efn:arts_key_pressed, invincible:parry_timer, efn:down_key, invincible:left, efn:sneak_key, efn:key1_press_timer, invincible:dodge_success_timer, efn:sprint_key, efn:pressing_key1, efn:energy_check, efn:press_key1, efn:press_key3, efn:pressing_key3, efn:angel_key, efn:press_key2, efn:pressing_key4, invincible:cooldown, invincible:right, efn:is_charging, efn:jump_key, efn:cooldown_1, efn:key2_press_timer, efn:pressing_innate, efn:innate_press_timer, efn:charge_message, efn:press_innate, efn:demon_key, efn:up_key, efn:force_release, efn:press_summon_sword] for efn:broadblade
[138月2026 12:22:56.626] [main/INFO] [epicfight/]: Data keys [efn:charge_stage, efn:key3_press_timer, invincible:down, efn:full_charge_message, efn:key4_press_timer, efn:combo_counter, invincible:up, efn:cooldown_2, efn:guard_key, efn:was_long_pressed, efn:is_pressing, efn:charge_power, efn:press_key4, efn:charge_ticks, efn:arts_key, efn:pressing_key2, efn:cooldown, efn:arts_key_pressed, invincible:parry_timer, efn:down_key, invincible:left, efn:sneak_key, efn:key1_press_timer, invincible:dodge_success_timer, efn:sprint_key, efn:pressing_key1, efn:energy_check, efn:press_key1, efn:press_key3, efn:pressing_key3, efn:angel_key, efn:press_key2, efn:pressing_key4, invincible:cooldown, invincible:right, efn:is_charging, efn:jump_key, efn:cooldown_1, efn:key2_press_timer, efn:pressing_innate, efn:innate_press_timer, efn:charge_message, efn:press_innate, efn:demon_key, efn:up_key, efn:force_release, efn:press_summon_sword] for efn:bloodlust
[138月2026 12:22:56.626] [main/INFO] [epicfight/]: Data keys [efn:charge_stage, efn:key3_press_timer, invincible:down, efn:full_charge_message, efn:key4_press_timer, efn:combo_counter, invincible:up, efn:cooldown_2, efn:guard_key, efn:was_long_pressed, efn:is_pressing, efn:charge_power, efn:press_key4, efn:charge_ticks, efn:arts_key, efn:pressing_key2, efn:cooldown, efn:arts_key_pressed, invincible:parry_timer, efn:down_key, invincible:left, efn:sneak_key, efn:key1_press_timer, invincible:dodge_success_timer, efn:sprint_key, efn:pressing_key1, efn:energy_check, efn:press_key1, efn:press_key3, efn:pressing_key3, efn:angel_key, efn:press_key2, efn:pressing_key4, invincible:cooldown, invincible:right, efn:is_charging, efn:jump_key, efn:cooldown_1, efn:key2_press_timer, efn:pressing_innate, efn:innate_press_timer, efn:charge_message, efn:press_innate, efn:demon_key, efn:up_key, efn:force_release, efn:press_summon_sword] for efn:beastclaw
[138月2026 12:22:56.626] [main/INFO] [epicfight/]: Data keys [efn:charge_stage, efn:key3_press_timer, invincible:down, efn:full_charge_message, efn:key4_press_timer, efn:combo_counter, invincible:up, efn:cooldown_2, efn:guard_key, efn:was_long_pressed, efn:is_pressing, efn:charge_power, efn:press_key4, efn:charge_ticks, efn:arts_key, efn:pressing_key2, efn:cooldown, efn:arts_key_pressed, invincible:parry_timer, efn:down_key, invincible:left, efn:sneak_key, efn:key1_press_timer, invincible:dodge_success_timer, efn:sprint_key, efn:pressing_key1, efn:energy_check, efn:press_key1, efn:press_key3, efn:pressing_key3, efn:angel_key, efn:press_key2, efn:pressing_key4, invincible:cooldown, invincible:right, efn:is_charging, efn:jump_key, efn:cooldown_1, efn:key2_press_timer, efn:pressing_innate, efn:innate_press_timer, efn:charge_message, efn:press_innate, efn:demon_key, efn:up_key, efn:force_release, efn:press_summon_sword] for efn:aetherialdusk
[138月2026 12:22:56.626] [main/INFO] [epicfight/]: Data keys [annoyingvillagers:trident_amount, annoyingvillagers:is_trident_ranged_mode] for annoyingvillagers:trident_festival
[138月2026 12:22:56.681] [main/INFO] [com.mojang.authlib.yggdrasil.YggdrasilAuthenticationService/]: Environment: authHost='https://authserver.mojang.com', accountsHost='https://api.mojang.com', sessionHost='https://sessionserver.mojang.com', servicesHost='https://api.minecraftservices.com', name='PROD'
[138月2026 12:22:57.478] [main/INFO] [epicfight/]: Data keys [invincible:left, invincible:down, invincible:dodge_success_timer, invincible:up, invincible:cooldown, invincible:right, invincible:parry_timer] for invincible:combo_demo
[138月2026 12:22:57.479] [main/INFO] [epicfight/]: Data keys [epicfight:combo_counter, epicfight:basic_attack_active] for epicfight:basic_attack
[138月2026 12:22:57.479] [main/INFO] [epicfight/]: Data keys [epicfight:penalty, epicfight:penalty_restore_counter] for epicfight:guard
[138月2026 12:22:57.479] [main/INFO] [epicfight/]: Data keys [epicfight:last_active, epicfight:parry_motion_counter, epicfight:penalty, epicfight:penalty_restore_counter] for epicfight:parrying
[138月2026 12:22:57.481] [main/INFO] [epicfight/]: Data keys [epicfight:penalty, epicfight:penalty_restore_counter] for epicfight:impact_guard
[138月2026 12:22:57.482] [main/INFO] [epicfight/]: Data keys [epicfight:tick_record, epicfight:stacks, epicfight:resisting_damage_type] for epicfight:adaptive_skin
[138月2026 12:22:57.482] [main/INFO] [epicfight/]: Data keys [epicfight:tick_record] for epicfight:adrenaline_fiend
[138月2026 12:22:57.483] [main/INFO] [epicfight/]: Data keys [epicfight:entity_id, epicfight:stacks] for epicfight:bonebreaker
[138月2026 12:22:57.483] [main/INFO] [epicfight/]: Data keys [epicfight:entity_id, epicfight:tick_record] for epicfight:vengeance
[138月2026 12:22:57.484] [main/INFO] [epicfight/]: Data keys [epicfight:slam_protect_next_fall, epicfight:fall_distance] for epicfight:meteor_slam
[138月2026 12:22:57.484] [main/INFO] [epicfight/]: Data keys [epicfight:stacks] for epicfight:revelation
[138月2026 12:22:57.484] [main/INFO] [epicfight/]: Data keys [epicfight:slam_protect_next_fall] for epicfight:demolition_leap
[138月2026 12:22:57.484] [main/INFO] [epicfight/]: Data keys [epicfight:jump_key_pressed_last_tick, epicfight:jump_count, epicfight:slam_protect_next_fall] for epicfight:phantom_ascent
[138月2026 12:22:57.484] [main/INFO] [epicfight/]: Data keys [epicfight:last_hit_count] for epicfight:grasping_spire
[138月2026 12:22:57.484] [main/INFO] [epicfight/]: Data keys [epicfight:sheath] for epicfight:battojutsu_passive
[138月2026 12:22:57.486] [main/INFO] [epicfight/]: Data keys [epicfight:sheath] for epicfight:battojutsu
[138月2026 12:22:57.486] [main/INFO] [epicfight/]: Data keys [epicfight:combo_counter] for epicfight:blade_rush
[138月2026 12:22:57.486] [main/INFO] [epicfight/]: Data keys [epicfight:thrown_trident_entity_id] for epicfight:everlasting_allegiance
[138月2026 12:22:57.486] [main/INFO] [epicfight/]: Data keys [wom:target_id] for wom:ender_obscuris
[138月2026 12:22:57.486] [main/INFO] [epicfight/]: Data keys [wom:timer, wom:timer_refresh, wom:dodge] for wom:dodge_master
[138月2026 12:22:57.486] [main/INFO] [epicfight/]: Data keys [wom:timer, wom:active, wom:timer_refresh, wom:registered_health, wom:cooldown, wom:dodge, wom:registered_position] for wom:time_travel
[138月2026 12:22:57.486] [main/INFO] [epicfight/]: Data keys [wom:cooldown] for wom:punishment_kick
[138月2026 12:22:57.487] [main/INFO] [epicfight/]: Data keys [wom:parrying, wom:last_active, epicfight:penalty, wom:consumprion_value, wom:holding_rmb, epicfight:penalty_restore_counter] for wom:counter_attack
[138月2026 12:22:57.488] [main/INFO] [epicfight/]: Data keys [wom:timer, wom:vengence_duration, epicfight:penalty, wom:holding_stance, wom:timer_refresh, wom:consumprion_value, wom:cooldown, wom:charge, epicfight:penalty_restore_counter] for wom:vengeful_parry
[138月2026 12:22:57.488] [main/INFO] [epicfight/]: Data keys [wom:parrying, epicfight:penalty, wom:cooldown, wom:charge, wom:holding_rmb, epicfight:penalty_restore_counter] for wom:perfect_bulwark
[138月2026 12:22:57.488] [main/INFO] [epicfight/]: Data keys [wom:cycle, wom:charge] for wom:soul_protection
[138月2026 12:22:57.488] [main/INFO] [epicfight/]: Data keys [wom:cycle, wom:charge] for wom:shulker_cloak
[138月2026 12:22:57.488] [main/INFO] [epicfight/]: Data keys [wom:timer, wom:active, epicfight:penalty, wom:holding_rmb, epicfight:penalty_restore_counter] for wom:buster_parade
[138月2026 12:22:57.488] [main/INFO] [epicfight/]: Data keys [wom:timer, wom:duree, wom:active, wom:timer_refresh] for wom:pain_anticipation
[138月2026 12:22:57.488] [main/INFO] [epicfight/]: Data keys [wom:timer, wom:duree, wom:active, wom:timer_refresh] for wom:latent_retribution
[138月2026 12:22:57.489] [main/INFO] [epicfight/]: Data keys [wom:power, wom:rate] for wom:critical_knowledge
[138月2026 12:22:57.489] [main/INFO] [epicfight/]: Data keys [wom:max_shield, wom:recovery_rate, wom:cooldown] for wom:heart_shield
[138月2026 12:22:57.489] [main/INFO] [epicfight/]: Data keys [wom:step, wom:melody_index, wom:saved_elapsed_time] for wom:dancing_blade
[138月2026 12:22:57.489] [main/INFO] [epicfight/]: Data keys [wom:timer, wom:duree, wom:active, wom:stage, wom:cycle, wom:timer_refresh] for wom:meditation
[138月2026 12:22:57.489] [main/INFO] [epicfight/]: Data keys [wom:cooldown] for wom:dopamine
[138月2026 12:22:57.489] [main/INFO] [epicfight/]: Data keys [wom:last_active] for wom:manipulator
[138月2026 12:22:57.489] [main/INFO] [epicfight/]: Data keys [wom:timer, wom:power, wom:rate, wom:stack] for wom:lethal_focus
[138月2026 12:22:57.489] [main/INFO] [epicfight/]: Data keys [wom:timer, wom:wall_glide, wom:jump_key_up, wom:angle, wom:timer_refresh, wom:wall_running] for wom:spider_techniques
[138月2026 12:22:57.489] [main/INFO] [epicfight/]: Data keys [wom:diving, wom:mermaid_movement, wom:jump_key_up, wom:consumprion_value, wom:crawling, wom:water_dashing, wom:cooldown] for wom:aqua_maneuvre
[138月2026 12:22:57.489] [main/INFO] [epicfight/]: Data keys [wom:timer, wom:buffing, wom:wall_glide, wom:verso, wom:active, wom:stage, wom:consumprion_value, wom:wall_running] for wom:natural_sprinter
[138月2026 12:22:57.490] [main/INFO] [epicfight/]: Data keys [wom:timer] for wom:lunatic_vivacity
[138月2026 12:22:57.490] [main/INFO] [epicfight/]: Data keys [wom:timer, wom:consumprion_value, wom:registered_health] for wom:voodoo_magic
[138月2026 12:22:57.490] [main/INFO] [epicfight/]: Data keys [wom:target_id, wom:target_distance] for wom:back_and_forth
[138月2026 12:22:57.490] [main/INFO] [epicfight/]: Data keys [wom:combo, wom:cooldown] for wom:shooting_style
[138月2026 12:22:57.490] [main/INFO] [epicfight/]: Data keys [wom:timer, wom:active] for wom:proximity_exploiter
[138月2026 12:22:57.490] [main/INFO] [epicfight/]: Data keys [wom:timer, wom:stack] for wom:all_eyes_on_you
[138月2026 12:22:57.490] [main/INFO] [epicfight/]: Data keys [wom:timer, wom:stack] for wom:all_eyes_on_me
[138月2026 12:22:57.490] [main/INFO] [epicfight/]: Data keys [wom:timer, wom:cooldown] for wom:avatar_of_might
[138月2026 12:22:57.490] [main/INFO] [epicfight/]: Data keys [wom:active, wom:stack, wom:attacks] for wom:agony_plunge
[138月2026 12:22:57.490] [main/INFO] [epicfight/]: Data keys [wom:timer, wom:charged_attack, wom:active, wom:movespeed, wom:timer_refresh, wom:saved_charge, wom:charged, wom:charging_time, wom:charging, wom:holding_rmb] for wom:torment_passive
[138月2026 12:22:57.490] [main/INFO] [epicfight/]: Data keys [wom:timer, wom:active, wom:timer_refresh] for wom:true_berserk
[138月2026 12:22:57.490] [main/INFO] [epicfight/]: Data keys [wom:stack] for wom:herrscher_passive
[138月2026 12:22:57.490] [main/INFO] [epicfight/]: Data keys [wom:timer, wom:buffing, wom:expiation, wom:strenght, wom:verso, wom:timer_refresh, wom:buffed, wom:redemptioon] for wom:plunder_perdition
[138月2026 12:22:57.490] [main/INFO] [epicfight/]: Data keys [wom:sheath] for wom:satsujin_passive
[138月2026 12:22:57.490] [main/INFO] [epicfight/]: Data keys [wom:second_draw, wom:holding_stance, wom:timer_refresh, wom:charging, wom:cooldown, wom:charge, wom:timer, wom:damage, wom:frequency, wom:active, wom:saved_charge, wom:stack, wom:attacks, wom:timedslash, wom:holding_rmb] for wom:sakura_state
[138月2026 12:22:57.490] [main/INFO] [epicfight/]: Data keys [wom:nofalldamage, wom:shoot, wom:reload_cooldown, wom:combo, wom:cooldown, wom:using_item, wom:holding_rmb, wom:zoom_cooldown, wom:zoom] for wom:ender_blast
[138月2026 12:22:57.490] [main/INFO] [epicfight/]: Data keys [wom:nofalldamage, wom:shoot, wom:reload_cooldown, wom:side, wom:combo, wom:cooldown, wom:using_item, wom:holding_rmb, wom:zoom_cooldown, wom:zoom] for wom:ender_fusion
[138月2026 12:22:57.490] [main/INFO] [epicfight/]: Data keys [wom:parrying, wom:guard_point, wom:holding_stance, wom:combo, wom:gesetz_sprengkopf, wom:charged, wom:charging_time, wom:cooldown, wom:holding_rmb, wom:guard_point_result] for wom:regierung
[138月2026 12:22:57.490] [main/INFO] [epicfight/]: Data keys [wom:timer, wom:crescent, wom:timer_refresh, wom:lunar_eclipse_stack, wom:echo] for wom:lunar_eclipse
[138月2026 12:22:57.492] [main/INFO] [epicfight/]: Data keys [wom:verso, wom:idle] for wom:lunar_echo_passive
[138月2026 12:22:57.492] [main/INFO] [epicfight/]: Data keys [wom:witherccatharsis, wom:blackhole, wom:timer_refresh, wom:darkness_portal_angle, wom:darkness_target_hited, wom:darkness_target, wom:active, wom:blackhole_active, wom:blackhole_vec, wom:holding_rmb, wom:blackhole_timer, wom:serius_focus, wom:witheraftereffect, wom:serius_focus_cooldown, wom:darkness_target_vec, wom:zoom_cooldown, wom:zoom, wom:ascending, wom:timer, wom:darkness_portal_vec, wom:darkness_portal_timer, wom:shoot, wom:darkness_activate_portal, wom:shoot_cooldown, wom:darkness_target_reaped] for wom:demonic_ascension
[138月2026 12:22:57.492] [main/INFO] [epicfight/]: Data keys [wom:catharsis, wom:basic_attack, wom:idle, wom:particle, wom:withercurse, wom:lapse, wom:blink] for wom:demon_mark_passive
[138月2026 12:22:57.493] [main/INFO] [epicfight/]: Data keys [wom:heat_level, wom:cycle, wom:timer_refresh, wom:charging, wom:charge, wom:solar_obscuridad, wom:timer, wom:heating_speed, wom:stored_heat_level, wom:solar_crematorio, wom:solar_obscuridad_ta_timer, wom:particle, wom:solar_infernio, wom:timed_attack, wom:holding_rmb] for wom:solar_arcano
[138月2026 12:22:57.493] [main/INFO] [epicfight/]: Data keys [wom:heat_level, wom:cycle, wom:timer_refresh, wom:charging, wom:charge, wom:solar_obscuridad, wom:timer, wom:heating_speed, wom:stored_heat_level, wom:solar_crematorio, wom:solar_obscuridad_ta_timer, wom:particle, wom:solar_infernio, wom:timed_attack] for wom:solar_passive
[138月2026 12:22:57.494] [main/INFO] [epicfight/]: Data keys [wom:serius_focus, wom:serius_focus_cooldown] for wom:rechargement
[138月2026 12:22:57.494] [main/INFO] [epicfight/]: Data keys [wom:shell_number, wom:active, wom:bullet_loaded_old, wom:shell_delay, wom:shell_anim, wom:cycle, wom:bullet_overloaded, wom:charged, wom:charge, wom:super_reload, wom:bullet_loaded] for wom:napoleon_passive
[138月2026 12:22:57.494] [main/INFO] [epicfight/]: Data keys [efn:scythe_blood_power, efn:scythe_sheath] for efn:scythe_skill
[138月2026 12:22:57.494] [main/INFO] [epicfight/]: Data keys [efn:thornwheel_loop_available, efn:press_innate, efn:thornwheel_loop] for efn:thornwheel
[138月2026 12:22:57.495] [main/INFO] [epicfight/]: Data keys [efn:murasama_forward_dodge, efn:jump_key_pressed_last_tick, efn:jump_count] for efn:murasama_dodge
[138月2026 12:22:57.495] [main/INFO] [epicfight/]: Data keys [efn:max_puncture_chance, efn:puncture_increment, efn:base_puncture_chance, efn:current_puncture_chance] for efn:parry_master
[138月2026 12:22:57.495] [main/INFO] [epicfight/]: Data keys [efn:buff_active, efn:buff_end_tick, efn:defense_start_tick] for efn:precise_parry
[138月2026 12:22:57.496] [main/INFO] [epicfight/]: Data keys [efn:cooldown_2, efn:cooldown, efn:cooldown_1] for efn:judgementcutend
[138月2026 12:22:57.496] [main/INFO] [epicfight/]: Data keys [efn:cooldown_2, efn:cooldown, efn:cooldown_1] for efn:stomp
[138月2026 12:22:57.496] [main/INFO] [epicfight/]: Data keys [efn:murasama_zansetsu_active, efn:murasama_zansetsu_timer, efn:murasama_zansetsu_input_mode, efn:murasama_last_triggered_sector, efn:murasama_pair_flag, efn:murasama_left_mouse_pressed, efn:murasama_zandatsu_end_time, efn:murasama_opposite_triggered, efn:murasama_zansetsu_start_time, efn:murasama_zansetsu_attack_counter, efn:murasama_zansetsu_end_time, efn:murasama_zandatsu_start_time, efn:murasama_zansetsu_slash_release, efn:murasama_input_mode_switch_pressed, efn:murasama_zansetsu_sector, efn:arts_key, efn:murasama_key_left_down, efn:murasama_zandatsu_available, efn:murasama_key_right_down, efn:arts_key_pressed] for efn:zansetsu
[138月2026 12:22:57.496] [main/INFO] [epicfight/]: Data keys [efn:cooldown_2, efn:cooldown, efn:cooldown_1] for efn:execution
[138月2026 12:22:57.497] [main/INFO] [epicfight/]: Data keys [efn:efn_shake_penalty_count, efn:efn_last_guard_start_tick, epicfight:penalty, efn:efn_first_shake, efn:efn_last_parry_time, efn:efn_last_successful_defense_tick, efn:efn_last_active, efn:efn_delay_protection_end, efn:efn_shake_detected, efn:efn_parry_motion_counter, efn:efn_starting_parry, epicfight:penalty_restore_counter] for efn:efn_parry
[138月2026 12:22:57.497] [main/INFO] [epicfight/]: Data keys [efn:efn_shake_penalty_count, efn:efn_last_guard_start_tick, epicfight:penalty, efn:efn_first_shake, efn:efn_last_parry_time, efn:efn_last_successful_defense_tick, efn:efn_last_active, efn:efn_delay_protection_end, efn:efn_shake_detected, efn:efn_parry_motion_counter, efn:efn_starting_parry, epicfight:penalty_restore_counter] for efn:murasama_parry
[138月2026 12:22:57.497] [main/INFO] [epicfight/]: Data keys [efn:arts_key, efn:sekiro_art_index, efn:cooldown_2, efn:cooldown, efn:arts_key_pressed, efn:arts_input_buffer, efn:cooldown_1] for efn:mortal_blade
[138月2026 12:22:57.497] [main/INFO] [epicfight/]: Data keys [efn:doppelganger_tick, efn:charge_stage, invincible:down, invincible:up, efn:cooldown_2, efn:is_pressing, efn:arts_key, efn:pressing_key2, efn:arts_key_pressed, invincible:parry_timer, efn:down_key, efn:sprint_key, efn:energy_check, efn:press_key1, efn:pressing_key3, efn:pressing_key4, invincible:right, efn:doppelganger_style, efn:innate_press_timer, efn:force_release, efn:have_doppelganger, efn:key3_press_timer, efn:full_charge_message, efn:key4_press_timer, efn:combo_counter, efn:guard_key, efn:was_long_pressed, efn:charge_power, efn:press_key4, efn:doppelganger_delay, efn:charge_ticks, efn:press_doppelganger, efn:cooldown, invincible:left, efn:sneak_key, efn:key1_press_timer, invincible:dodge_success_timer, efn:pressing_key1, efn:press_key3, efn:angel_key, efn:press_key2, invincible:cooldown, efn:is_charging, efn:jump_key, efn:cooldown_1, efn:key2_press_timer, efn:pressing_innate, efn:charge_message, efn:press_innate, efn:demon_key, efn:up_key, efn:press_summon_sword] for efn:yamato
[138月2026 12:22:57.497] [main/INFO] [epicfight/]: Data keys [efn:have_doppelganger, efn:doppelganger_tick, efn:stun_cooldown, efn:doppelganger_style, efn:parry_cooldown, efn:doppelganger_delay] for efn:yamato_passive
[138月2026 12:22:57.497] [main/INFO] [epicfight/]: Data keys [efn:charge_stage, invincible:down, invincible:up, efn:cooldown_2, efn:damage_history, efn:is_pressing, efn:replay_enhanced, efn:arts_key, efn:pressing_key2, efn:arts_key_pressed, invincible:parry_timer, efn:down_key, efn:sprint_key, efn:energy_check, efn:press_key1, efn:pressing_key3, efn:pressing_key4, invincible:right, efn:innate_press_timer, efn:force_release, efn:key3_press_timer, efn:full_charge_message, efn:key4_press_timer, efn:combo_counter, efn:guard_key, efn:was_long_pressed, efn:charge_power, efn:press_key4, efn:charge_ticks, efn:cooldown, invincible:left, efn:sneak_key, efn:key1_press_timer, invincible:dodge_success_timer, efn:pressing_key1, efn:press_key3, efn:angel_key, efn:press_key2, invincible:cooldown, efn:is_charging, efn:jump_key, efn:cooldown_1, efn:key2_press_timer, efn:pressing_innate, efn:charge_message, efn:press_innate, efn:is_replay_damage, efn:demon_key, efn:up_key, efn:press_summon_sword] for efn:shortsword
[138月2026 12:22:57.499] [main/INFO] [epicfight/]: Data keys [efn:charge_stage, efn:key3_press_timer, invincible:down, efn:full_charge_message, efn:key4_press_timer, efn:combo_counter, invincible:up, efn:cooldown_2, efn:guard_key, efn:was_long_pressed, efn:is_pressing, efn:charge_power, efn:press_key4, efn:charge_ticks, efn:arts_key, efn:pressing_key2, efn:cooldown, efn:arts_key_pressed, invincible:parry_timer, efn:down_key, invincible:left, efn:sneak_key, efn:key1_press_timer, invincible:dodge_success_timer, efn:sprint_key, efn:pressing_key1, efn:energy_check, efn:press_key1, efn:press_key3, efn:pressing_key3, efn:angel_key, efn:press_key2, efn:pressing_key4, invincible:cooldown, invincible:right, efn:is_charging, efn:jump_key, efn:cooldown_1, efn:key2_press_timer, efn:pressing_innate, efn:innate_press_timer, efn:charge_message, efn:press_innate, efn:demon_key, efn:up_key, efn:force_release, efn:press_summon_sword] for efn:ruinsgreatsword
[138月2026 12:22:57.500] [main/INFO] [epicfight/]: Data keys [efn:charge_stage, efn:key3_press_timer, invincible:down, efn:full_charge_message, efn:key4_press_timer, efn:combo_counter, invincible:up, efn:cooldown_2, efn:guard_key, efn:was_long_pressed, efn:is_pressing, efn:charge_power, efn:press_key4, efn:charge_ticks, efn:arts_key, efn:pressing_key2, efn:cooldown, efn:arts_key_pressed, invincible:parry_timer, efn:down_key, invincible:left, efn:sneak_key, efn:key1_press_timer, invincible:dodge_success_timer, efn:sprint_key, efn:pressing_key1, efn:energy_check, efn:press_key1, efn:press_key3, efn:pressing_key3, efn:angel_key, efn:press_key2, efn:pressing_key4, invincible:cooldown, invincible:right, efn:is_charging, efn:jump_key, efn:cooldown_1, efn:key2_press_timer, efn:pressing_innate, efn:innate_press_timer, efn:charge_message, efn:press_innate, efn:demon_key, efn:up_key, efn:force_release, efn:press_summon_sword] for efn:pioneer
[138月2026 12:22:57.500] [main/INFO] [epicfight/]: Data keys [efn:charge_stage, invincible:down, efn:sprint_sheath_timer, invincible:up, efn:murasama_sheath, efn:cooldown_2, efn:is_pressing, efn:murasama_zansetsu_sector, efn:murasama_key_left_down, efn:arts_key, efn:pressing_key2, efn:murasama_air_borne, efn:arts_key_pressed, invincible:parry_timer, efn:down_key, efn:murasama_zansetsu_timer, efn:murasama_zansetsu_input_mode, efn:murasama_pair_flag, efn:sprint_key, efn:energy_check, efn:press_key1, efn:pressing_key3, efn:pressing_key4, invincible:right, efn:murasama_zansetsu_attack_counter, efn:murasama_zansetsu_end_time, efn:murasama_zandatsu_start_time, efn:murasama_sheath_timer, efn:innate_press_timer, efn:murasama_key_right_down, efn:force_release, efn:murasama_zansetsu_active, efn:key3_press_timer, efn:murasama_last_triggered_sector, efn:murasama_forward_dodge, efn:full_charge_message, efn:key4_press_timer, efn:combo_counter, efn:murasama_left_mouse_pressed, efn:murasama_zandatsu_end_time, efn:guard_key, efn:murasama_zansetsu_start_time, efn:was_long_pressed, efn:charge_power, efn:press_key4, efn:charge_ticks, efn:murasama_input_mode_switch_pressed, efn:murasama_zandatsu_available, efn:cooldown, invincible:left, efn:manual_unsheath, efn:sneak_key, efn:key1_press_timer, invincible:dodge_success_timer, efn:pressing_key1, efn:press_key3, efn:angel_key, efn:press_key2, invincible:cooldown, efn:murasama_opposite_triggered, efn:is_charging, efn:jump_key, efn:cooldown_1, efn:key2_press_timer, efn:murasama_zansetsu_slash_release, efn:pressing_innate, efn:charge_message, efn:press_innate, efn:demon_key, efn:up_key, efn:press_summon_sword] for efn:murasama
[138月2026 12:22:57.501] [main/INFO] [epicfight/]: Data keys [efn:backward_pressed_last_tick, efn:murasama_zansetsu_active, efn:forward_backward_end_tick, efn:murasama_last_triggered_sector, efn:murasama_forward_dodge, efn:sprint_sheath_timer, efn:murasama_left_mouse_pressed, efn:murasama_sheath, efn:murasama_zandatsu_end_time, efn:forward_pressed_last_tick, efn:murasama_zansetsu_start_time, efn:double_tap_timer, efn:murasama_input_mode_switch_pressed, efn:murasama_zansetsu_sector, efn:murasama_key_left_down, efn:murasama_zandatsu_available, efn:jump_key_pressed_last_tick, efn:forward_backward_success, efn:up_key_pressed_last_tick, efn:murasama_zansetsu_timer, efn:manual_unsheath, efn:murasama_zansetsu_input_mode, efn:is_double_tap_sprint, efn:murasama_pair_flag, efn:forward_backward_window_active, efn:murasama_opposite_triggered, efn:was_double_tap_sprint, efn:forward_backward_timer, efn:murasama_zansetsu_attack_counter, efn:murasama_zansetsu_end_time, efn:murasama_zandatsu_start_time, efn:murasama_zansetsu_slash_release, efn:murasama_sheath_timer, efn:murasama_key_right_down, efn:forward_backward_remaining_ticks, efn:jump_count] for efn:murasama_passive
[138月2026 12:22:57.501] [main/INFO] [epicfight/]: Data keys [efn:charge_stage, efn:key3_press_timer, invincible:down, efn:full_charge_message, efn:key4_press_timer, efn:combo_counter, invincible:up, efn:cooldown_2, efn:guard_key, efn:was_long_pressed, efn:is_pressing, efn:charge_power, efn:press_key4, efn:charge_ticks, efn:arts_key, efn:pressing_key2, efn:cooldown, efn:arts_key_pressed, invincible:parry_timer, efn:down_key, invincible:left, efn:sneak_key, efn:key1_press_timer, invincible:dodge_success_timer, efn:sprint_key, efn:pressing_key1, efn:energy_check, efn:press_key1, efn:press_key3, efn:pressing_key3, efn:angel_key, efn:press_key2, efn:pressing_key4, invincible:cooldown, invincible:right, efn:is_charging, efn:jump_key, efn:cooldown_1, efn:key2_press_timer, efn:pressing_innate, efn:innate_press_timer, efn:charge_message, efn:press_innate, efn:demon_key, efn:up_key, efn:force_release, efn:press_summon_sword] for efn:meenlance
[138月2026 12:22:57.502] [main/INFO] [epicfight/]: Data keys [efn:charge_stage, efn:key3_press_timer, invincible:down, efn:full_charge_message, efn:key4_press_timer, efn:combo_counter, invincible:up, efn:cooldown_2, efn:guard_key, efn:was_long_pressed, efn:is_pressing, efn:charge_power, efn:press_key4, efn:charge_ticks, efn:arts_key, efn:pressing_key2, efn:cooldown, efn:arts_key_pressed, invincible:parry_timer, efn:down_key, invincible:left, efn:sneak_key, efn:key1_press_timer, invincible:dodge_success_timer, efn:sprint_key, efn:pressing_key1, efn:energy_check, efn:press_key1, efn:press_key3, efn:pressing_key3, efn:angel_key, efn:press_key2, efn:pressing_key4, invincible:cooldown, invincible:right, efn:is_charging, efn:jump_key, efn:cooldown_1, efn:key2_press_timer, efn:pressing_innate, efn:innate_press_timer, efn:charge_message, efn:press_innate, efn:demon_key, efn:up_key, efn:force_release, efn:press_summon_sword] for efn:kusabimaru
[138月2026 12:22:57.502] [main/INFO] [epicfight/]: Data keys [efn:charge_stage, invincible:down, efn:sprint_sheath_timer, invincible:up, efn:murasama_sheath, efn:cooldown_2, efn:is_pressing, efn:murasama_zansetsu_sector, efn:murasama_key_left_down, efn:arts_key, efn:pressing_key2, efn:murasama_air_borne, efn:arts_key_pressed, invincible:parry_timer, efn:down_key, efn:murasama_zansetsu_timer, efn:murasama_zansetsu_input_mode, efn:murasama_pair_flag, efn:sprint_key, efn:energy_check, efn:press_key1, efn:pressing_key3, efn:pressing_key4, invincible:right, efn:murasama_zansetsu_attack_counter, efn:murasama_zansetsu_end_time, efn:murasama_zandatsu_start_time, efn:murasama_sheath_timer, efn:innate_press_timer, efn:murasama_key_right_down, efn:force_release, efn:murasama_zansetsu_active, efn:key3_press_timer, efn:murasama_last_triggered_sector, efn:murasama_forward_dodge, efn:full_charge_message, efn:key4_press_timer, efn:combo_counter, efn:murasama_left_mouse_pressed, efn:murasama_zandatsu_end_time, efn:guard_key, efn:murasama_zansetsu_start_time, efn:was_long_pressed, efn:charge_power, efn:press_key4, efn:charge_ticks, efn:murasama_input_mode_switch_pressed, efn:murasama_zandatsu_available, efn:cooldown, invincible:left, efn:manual_unsheath, efn:sneak_key, efn:key1_press_timer, invincible:dodge_success_timer, efn:pressing_key1, efn:press_key3, efn:angel_key, efn:press_key2, invincible:cooldown, efn:murasama_opposite_triggered, efn:is_charging, efn:jump_key, efn:cooldown_1, efn:key2_press_timer, efn:murasama_zansetsu_slash_release, efn:pressing_innate, efn:charge_message, efn:press_innate, efn:demon_key, efn:up_key, efn:press_summon_sword] for efn:hf_blade
[138月2026 12:22:57.502] [main/INFO] [epicfight/]: Data keys [efn:backward_pressed_last_tick, efn:murasama_zansetsu_active, efn:forward_backward_end_tick, efn:murasama_last_triggered_sector, efn:murasama_forward_dodge, efn:sprint_sheath_timer, efn:murasama_left_mouse_pressed, efn:murasama_sheath, efn:murasama_zandatsu_end_time, efn:forward_pressed_last_tick, efn:murasama_zansetsu_start_time, efn:double_tap_timer, efn:murasama_input_mode_switch_pressed, efn:murasama_zansetsu_sector, efn:murasama_key_left_down, efn:murasama_zandatsu_available, efn:jump_key_pressed_last_tick, efn:forward_backward_success, efn:up_key_pressed_last_tick, efn:murasama_zansetsu_timer, efn:manual_unsheath, efn:murasama_zansetsu_input_mode, efn:is_double_tap_sprint, efn:murasama_pair_flag, efn:forward_backward_window_active, efn:murasama_opposite_triggered, efn:was_double_tap_sprint, efn:forward_backward_timer, efn:murasama_zansetsu_attack_counter, efn:murasama_zansetsu_end_time, efn:murasama_zandatsu_start_time, efn:murasama_zansetsu_slash_release, efn:murasama_sheath_timer, efn:murasama_key_right_down, efn:forward_backward_remaining_ticks, efn:jump_count] for efn:hf_blade_passive
[138月2026 12:22:57.502] [main/INFO] [epicfight/]: Data keys [efn:charge_stage, efn:key3_press_timer, invincible:down, efn:full_charge_message, efn:key4_press_timer, efn:combo_counter, invincible:up, efn:cooldown_2, efn:guard_key, efn:was_long_pressed, efn:is_pressing, efn:charge_power, efn:press_key4, efn:charge_ticks, efn:arts_key, efn:pressing_key2, efn:cooldown, efn:arts_key_pressed, invincible:parry_timer, efn:down_key, invincible:left, efn:sneak_key, efn:key1_press_timer, invincible:dodge_success_timer, efn:sprint_key, efn:pressing_key1, efn:energy_check, efn:press_key1, efn:press_key3, efn:pressing_key3, efn:angel_key, efn:press_key2, efn:pressing_key4, invincible:cooldown, invincible:right, efn:is_charging, efn:jump_key, efn:cooldown_1, efn:key2_press_timer, efn:pressing_innate, efn:innate_press_timer, efn:charge_message, efn:press_innate, efn:demon_key, efn:up_key, efn:force_release, efn:press_summon_sword] for efn:exsiliumgladius
[138月2026 12:22:57.502] [main/INFO] [epicfight/]: Data keys [invincible:left, invincible:down, invincible:dodge_success_timer, invincible:up, invincible:cooldown, invincible:right, invincible:parry_timer] for efn:examplecombo
[138月2026 12:22:57.502] [main/INFO] [epicfight/]: Data keys [efn:charge_stage, efn:key3_press_timer, invincible:down, efn:full_charge_message, efn:key4_press_timer, efn:combo_counter, invincible:up, efn:cooldown_2, efn:guard_key, efn:was_long_pressed, efn:is_pressing, efn:charge_power, efn:press_key4, efn:charge_ticks, efn:arts_key, efn:pressing_key2, efn:cooldown, efn:arts_key_pressed, invincible:parry_timer, efn:down_key, invincible:left, efn:sneak_key, efn:key1_press_timer, invincible:dodge_success_timer, efn:sprint_key, efn:pressing_key1, efn:energy_check, efn:press_key1, efn:press_key3, efn:pressing_key3, efn:angel_key, efn:press_key2, efn:pressing_key4, invincible:cooldown, invincible:right, efn:is_charging, efn:jump_key, efn:cooldown_1, efn:key2_press_timer, efn:pressing_innate, efn:innate_press_timer, efn:charge_message, efn:press_innate, efn:demon_key, efn:up_key, efn:force_release, efn:press_summon_sword] for efn:crescentmoon
[138月2026 12:22:57.502] [main/INFO] [epicfight/]: Data keys [efn:charge_stage, efn:key3_press_timer, invincible:down, efn:full_charge_message, efn:key4_press_timer, efn:combo_counter, invincible:up, efn:cooldown_2, efn:guard_key, efn:was_long_pressed, efn:is_pressing, efn:charge_power, efn:press_key4, efn:charge_ticks, efn:arts_key, efn:pressing_key2, efn:cooldown, efn:arts_key_pressed, invincible:parry_timer, efn:down_key, invincible:left, efn:sneak_key, efn:key1_press_timer, invincible:dodge_success_timer, efn:sprint_key, efn:pressing_key1, efn:energy_check, efn:press_key1, efn:press_key3, efn:pressing_key3, efn:angel_key, efn:press_key2, efn:pressing_key4, invincible:cooldown, invincible:right, efn:is_charging, efn:jump_key, efn:cooldown_1, efn:key2_press_timer, efn:pressing_innate, efn:innate_press_timer, efn:charge_message, efn:press_innate, efn:demon_key, efn:up_key, efn:force_release, efn:press_summon_sword] for efn:broadblade
[138月2026 12:22:57.503] [main/INFO] [epicfight/]: Data keys [efn:charge_stage, efn:key3_press_timer, invincible:down, efn:full_charge_message, efn:key4_press_timer, efn:combo_counter, invincible:up, efn:cooldown_2, efn:guard_key, efn:was_long_pressed, efn:is_pressing, efn:charge_power, efn:press_key4, efn:charge_ticks, efn:arts_key, efn:pressing_key2, efn:cooldown, efn:arts_key_pressed, invincible:parry_timer, efn:down_key, invincible:left, efn:sneak_key, efn:key1_press_timer, invincible:dodge_success_timer, efn:sprint_key, efn:pressing_key1, efn:energy_check, efn:press_key1, efn:press_key3, efn:pressing_key3, efn:angel_key, efn:press_key2, efn:pressing_key4, invincible:cooldown, invincible:right, efn:is_charging, efn:jump_key, efn:cooldown_1, efn:key2_press_timer, efn:pressing_innate, efn:innate_press_timer, efn:charge_message, efn:press_innate, efn:demon_key, efn:up_key, efn:force_release, efn:press_summon_sword] for efn:bloodlust
[138月2026 12:22:57.503] [main/INFO] [epicfight/]: Data keys [efn:charge_stage, efn:key3_press_timer, invincible:down, efn:full_charge_message, efn:key4_press_timer, efn:combo_counter, invincible:up, efn:cooldown_2, efn:guard_key, efn:was_long_pressed, efn:is_pressing, efn:charge_power, efn:press_key4, efn:charge_ticks, efn:arts_key, efn:pressing_key2, efn:cooldown, efn:arts_key_pressed, invincible:parry_timer, efn:down_key, invincible:left, efn:sneak_key, efn:key1_press_timer, invincible:dodge_success_timer, efn:sprint_key, efn:pressing_key1, efn:energy_check, efn:press_key1, efn:press_key3, efn:pressing_key3, efn:angel_key, efn:press_key2, efn:pressing_key4, invincible:cooldown, invincible:right, efn:is_charging, efn:jump_key, efn:cooldown_1, efn:key2_press_timer, efn:pressing_innate, efn:innate_press_timer, efn:charge_message, efn:press_innate, efn:demon_key, efn:up_key, efn:force_release, efn:press_summon_sword] for efn:beastclaw
[138月2026 12:22:57.503] [main/INFO] [epicfight/]: Data keys [efn:charge_stage, efn:key3_press_timer, invincible:down, efn:full_charge_message, efn:key4_press_timer, efn:combo_counter, invincible:up, efn:cooldown_2, efn:guard_key, efn:was_long_pressed, efn:is_pressing, efn:charge_power, efn:press_key4, efn:charge_ticks, efn:arts_key, efn:pressing_key2, efn:cooldown, efn:arts_key_pressed, invincible:parry_timer, efn:down_key, invincible:left, efn:sneak_key, efn:key1_press_timer, invincible:dodge_success_timer, efn:sprint_key, efn:pressing_key1, efn:energy_check, efn:press_key1, efn:press_key3, efn:pressing_key3, efn:angel_key, efn:press_key2, efn:pressing_key4, invincible:cooldown, invincible:right, efn:is_charging, efn:jump_key, efn:cooldown_1, efn:key2_press_timer, efn:pressing_innate, efn:innate_press_timer, efn:charge_message, efn:press_innate, efn:demon_key, efn:up_key, efn:force_release, efn:press_summon_sword] for efn:aetherialdusk
[138月2026 12:22:57.503] [main/INFO] [epicfight/]: Data keys [annoyingvillagers:trident_amount, annoyingvillagers:is_trident_ranged_mode] for annoyingvillagers:trident_festival
[138月2026 12:22:57.656] [main/WARN] [net.minecraft.server.packs.VanillaPackResourcesBuilder/]: Assets URL 'union:/E:/program/JAVA/touhou%20little%20maid%20-%20unknow%20sky%20area/prod_server/libraries/net/minecraft/server/1.20.1-20230612.114412/server-1.20.1-20230612.114412-srg.jar%23129!/assets/.mcassetsroot' uses unexpected schema
[138月2026 12:22:57.656] [main/WARN] [net.minecraft.server.packs.VanillaPackResourcesBuilder/]: Assets URL 'union:/E:/program/JAVA/touhou%20little%20maid%20-%20unknow%20sky%20area/prod_server/libraries/net/minecraft/server/1.20.1-20230612.114412/server-1.20.1-20230612.114412-srg.jar%23129!/data/.mcassetsroot' uses unexpected schema
[138月2026 12:22:57.827] [main/DEBUG] [net.minecraftforge.server.ServerLifecycleHooks/CORE]: Generating PackInfo named mod:invincible for mod file E:\program\JAVA\touhou little maid - unknow sky area\prod_server\mods\[无坚不摧] epic-fight-invincible-lib-20.14.8.2-mc1.20.1-forge.jar
[138月2026 12:22:57.828] [main/DEBUG] [net.minecraftforge.server.ServerLifecycleHooks/CORE]: Generating PackInfo named mod:mixinsquared for mod file 
[138月2026 12:22:57.828] [main/DEBUG] [net.minecraftforge.server.ServerLifecycleHooks/CORE]: Generating PackInfo named mod:geckolib for mod file 
[138月2026 12:22:57.829] [main/DEBUG] [net.minecraftforge.server.ServerLifecycleHooks/CORE]: Generating PackInfo named mod:combat_evolution for mod file E:\program\JAVA\touhou little maid - unknow sky area\prod_server\mods\CombatEvolution-2.1.10.jar
[138月2026 12:22:57.830] [main/DEBUG] [net.minecraftforge.server.ServerLifecycleHooks/CORE]: Generating PackInfo named mod:touhou_little_maid for mod file E:\program\JAVA\touhou little maid - unknow sky area\prod_server\mods\[车万女仆] touhoulittlemaid-1.5.3-forge+mc1.20.1.jar
[138月2026 12:22:57.830] [main/DEBUG] [net.minecraftforge.server.ServerLifecycleHooks/CORE]: Generating PackInfo named mod:simplebedrockmodel for mod file 
[138月2026 12:22:57.830] [main/DEBUG] [net.minecraftforge.server.ServerLifecycleHooks/CORE]: Generating PackInfo named mod:epicfight for mod file E:\program\JAVA\touhou little maid - unknow sky area\prod_server\mods\[史诗战斗] epic-fight-20.14.17-mc1.20.1-forge.jar
[138月2026 12:22:57.830] [main/DEBUG] [net.minecraftforge.server.ServerLifecycleHooks/CORE]: Generating PackInfo named mod:wom for mod file E:\program\JAVA\touhou little maid - unknow sky area\prod_server\mods\[奇迹武器] WeaponsOfMiracles-2.0.164-mc1.20.1-forge.jar
[138月2026 12:22:57.831] [main/DEBUG] [net.minecraftforge.server.ServerLifecycleHooks/CORE]: Generating PackInfo named mod:epic_fight_avalon for mod file E:\program\JAVA\touhou little maid - unknow sky area\prod_server\mods\epic_fight_avalon-20.12.6.4.jar
[138月2026 12:22:57.831] [main/DEBUG] [net.minecraftforge.server.ServerLifecycleHooks/CORE]: Generating PackInfo named mod:player_mobs for mod file E:\program\JAVA\touhou little maid - unknow sky area\prod_server\mods\PlayerMobs-1.20.1-4.1.0.37.jar
[138月2026 12:22:57.831] [main/DEBUG] [net.minecraftforge.server.ServerLifecycleHooks/CORE]: Generating PackInfo named mod:mixinextras for mod file 
[138月2026 12:22:57.831] [main/DEBUG] [net.minecraftforge.server.ServerLifecycleHooks/CORE]: Generating PackInfo named mod:vix for mod file 
[138月2026 12:22:57.831] [main/DEBUG] [net.minecraftforge.server.ServerLifecycleHooks/CORE]: Generating PackInfo named mod:architectury for mod file E:\program\JAVA\touhou little maid - unknow sky area\prod_server\mods\architectury-9.2.14-forge.jar
[138月2026 12:22:57.832] [main/DEBUG] [net.minecraftforge.server.ServerLifecycleHooks/CORE]: Generating PackInfo named mod:efn for mod file E:\program\JAVA\touhou little maid - unknow sky area\prod_server\mods\[史诗战斗：夜幕] EpicFight Nightfall-3.4.0.jar
[138月2026 12:22:57.833] [main/DEBUG] [net.minecraftforge.server.ServerLifecycleHooks/CORE]: Generating PackInfo named mod:annoyingvillagers for mod file E:\program\JAVA\touhou little maid - unknow sky area\prod_server\mods\[烦人的村民] AnnoyingVillagers-1.20.1-1.4.7.jar
[138月2026 12:22:57.833] [main/DEBUG] [net.minecraftforge.server.ServerLifecycleHooks/CORE]: Generating PackInfo named mod:efclash_blade for mod file E:\program\JAVA\touhou little maid - unknow sky area\prod_server\mods\[史诗战斗：冲击之刃] Epicfight-ClashBlade-1.20.1-2.1.jar
[138月2026 12:22:57.833] [main/DEBUG] [net.minecraftforge.server.ServerLifecycleHooks/CORE]: Generating PackInfo named mod:ywzj_vehicle for mod file E:\program\JAVA\touhou little maid - unknow sky area\prod_server\mods\ywzj_vehicle-1.20.1-0.5.8.jar
[138月2026 12:22:57.834] [main/DEBUG] [net.minecraftforge.server.ServerLifecycleHooks/CORE]: Generating PackInfo named mod:ef_tlm for mod file E:\program\JAVA\touhou little maid - unknow sky area\prod_server\mods\[史诗战斗：车万女仆] [史诗战斗：车万女仆]EpicFight_TouhouLittleMaid-1.20.1-1.3.2-all.jar
[138月2026 12:22:57.834] [main/DEBUG] [net.minecraftforge.server.ServerLifecycleHooks/CORE]: Generating PackInfo named mod:ysm_geo_compat for mod file 
[138月2026 12:22:57.835] [main/DEBUG] [net.minecraftforge.server.ServerLifecycleHooks/CORE]: Generating PackInfo named mod:forge for mod file E:\program\JAVA\touhou little maid - unknow sky area\prod_server\libraries\net\minecraftforge\forge\1.20.1-47.4.13\forge-1.20.1-47.4.13-universal.jar
[138月2026 12:22:57.835] [main/DEBUG] [net.minecraftforge.server.ServerLifecycleHooks/CORE]: Generating PackInfo named mod:eftlm_stylish for mod file E:\program\JAVA\touhou little maid - unknow sky area\prod_server\mods\eftlm_stylish-1.0.0.jar
[138月2026 12:22:58.666] [main/DEBUG] [mixin/]: Mixing MixinLootDataManager from architectury.mixins.json into net.minecraft.world.level.storage.loot.LootDataManager
[138月2026 12:22:58.846] [main/DEBUG] [net.minecraftforge.coremod.transformer.CoreModBaseTransformer/COREMOD]: Transforming net/minecraft/server/commands/SummonCommand
[138月2026 12:22:59.260] [Worker-Main-5/ERROR] [simplebedrockmodel/]: Not found model file: ywzj_vehicle:models/bedrock/entity/grenade_40mm.json
[138月2026 12:22:59.260] [Worker-Main-5/ERROR] [simplebedrockmodel/]: Not found model file: ywzj_vehicle:models/bedrock/entity/aerial_bomb.json
[138月2026 12:22:59.261] [Worker-Main-5/ERROR] [simplebedrockmodel/]: Not found model file: ywzj_vehicle:models/bedrock/block/machine_max_block.json
[138月2026 12:22:59.261] [Worker-Main-5/ERROR] [simplebedrockmodel/]: Not found model file: ywzj_vehicle:models/bedrock/entity/missile_akd10.json
[138月2026 12:22:59.262] [Worker-Main-5/ERROR] [simplebedrockmodel/]: Not found model file: ywzj_vehicle:models/bedrock/entity/basic_bullet.json
[138月2026 12:22:59.262] [Worker-Main-5/ERROR] [simplebedrockmodel/]: Not found model file: ywzj_vehicle:models/bedrock/entity/rocket_57mm.json
[138月2026 12:22:59.596] [Worker-Main-3/DEBUG] [net.minecraftforge.coremod.transformer.CoreModBaseTransformer/COREMOD]: Transforming net/minecraft/world/entity/raid/Raid
[138月2026 12:22:59.659] [Worker-Main-3/DEBUG] [mixin/]: Mixing FishingHookPredicateMixin from touhou_little_maid.mixins.json into net.minecraft.advancements.critereon.FishingHookPredicate
[138月2026 12:23:00.144] [Worker-Main-3/ERROR] [net.minecraftforge.common.ForgeHooks/]: Couldn't parse element loot_tables:touhou_little_maid:grant_book_on_first_join
com.google.gson.JsonSyntaxException: Expected name to be an item, was unknown string 'patchouli:guide_book'
	at net.minecraft.util.GsonHelper.m_13866_(GsonHelper.java:145) ~[server-1.20.1-20230612.114412-srg.jar%23129!/:?]
	at java.util.Optional.orElseThrow(Optional.java:403) ~[?:?]
	at net.minecraft.util.GsonHelper.m_13874_(GsonHelper.java:145) ~[server-1.20.1-20230612.114412-srg.jar%23129!/:?]
	at net.minecraft.util.GsonHelper.m_13909_(GsonHelper.java:153) ~[server-1.20.1-20230612.114412-srg.jar%23129!/:?]
	at net.minecraft.world.level.storage.loot.entries.LootItem$Serializer.m_7267_(LootItem.java:55) ~[server-1.20.1-20230612.114412-srg.jar%23129!/:?]
	at net.minecraft.world.level.storage.loot.entries.LootItem$Serializer.m_7267_(LootItem.java:40) ~[server-1.20.1-20230612.114412-srg.jar%23129!/:?]
	at net.minecraft.world.level.storage.loot.entries.LootPoolSingletonContainer$Serializer.m_5921_(LootPoolSingletonContainer.java:151) ~[server-1.20.1-20230612.114412-srg.jar%23129!/:?]
	at net.minecraft.world.level.storage.loot.entries.LootPoolSingletonContainer$Serializer.m_5921_(LootPoolSingletonContainer.java:129) ~[server-1.20.1-20230612.114412-srg.jar%23129!/:?]
	at net.minecraft.world.level.storage.loot.entries.LootPoolEntryContainer$Serializer.m_7561_(LootPoolEntryContainer.java:86) ~[server-1.20.1-20230612.114412-srg.jar%23129!/:?]
	at net.minecraft.world.level.storage.loot.entries.LootPoolEntryContainer$Serializer.m_7561_(LootPoolEntryContainer.java:74) ~[server-1.20.1-20230612.114412-srg.jar%23129!/:?]
	at net.minecraft.world.level.storage.loot.GsonAdapterFactory$JsonAdapter.deserialize(GsonAdapterFactory.java:102) ~[server-1.20.1-20230612.114412-srg.jar%23129!/:?]
	at com.google.gson.internal.bind.TreeTypeAdapter.read(TreeTypeAdapter.java:76) ~[gson-2.10.jar%2372!/:?]
	at com.google.gson.internal.bind.TypeAdapterRuntimeTypeWrapper.read(TypeAdapterRuntimeTypeWrapper.java:40) ~[gson-2.10.jar%2372!/:?]
	at com.google.gson.internal.bind.ArrayTypeAdapter.read(ArrayTypeAdapter.java:72) ~[gson-2.10.jar%2372!/:?]
	at com.google.gson.Gson.fromJson(Gson.java:1214) ~[gson-2.10.jar%2372!/:?]
	at com.google.gson.Gson.fromJson(Gson.java:1319) ~[gson-2.10.jar%2372!/:?]
	at com.google.gson.Gson.fromJson(Gson.java:1290) ~[gson-2.10.jar%2372!/:?]
	at com.google.gson.internal.bind.TreeTypeAdapter$GsonContextImpl.deserialize(TreeTypeAdapter.java:179) ~[gson-2.10.jar%2372!/:?]
	at net.minecraft.util.GsonHelper.m_13808_(GsonHelper.java:463) ~[server-1.20.1-20230612.114412-srg.jar%23129!/:?]
	at net.minecraft.util.GsonHelper.m_13836_(GsonHelper.java:471) ~[server-1.20.1-20230612.114412-srg.jar%23129!/:?]
	at net.minecraft.world.level.storage.loot.LootPool$Serializer.deserialize(LootPool.java:192) ~[server-1.20.1-20230612.114412-srg.jar%23129!/:?]
	at net.minecraft.world.level.storage.loot.LootPool$Serializer.deserialize(LootPool.java:189) ~[server-1.20.1-20230612.114412-srg.jar%23129!/:?]
	at com.google.gson.internal.bind.TreeTypeAdapter.read(TreeTypeAdapter.java:76) ~[gson-2.10.jar%2372!/:?]
	at com.google.gson.internal.bind.TypeAdapterRuntimeTypeWrapper.read(TypeAdapterRuntimeTypeWrapper.java:40) ~[gson-2.10.jar%2372!/:?]
	at com.google.gson.internal.bind.ArrayTypeAdapter.read(ArrayTypeAdapter.java:72) ~[gson-2.10.jar%2372!/:?]
	at com.google.gson.Gson.fromJson(Gson.java:1214) ~[gson-2.10.jar%2372!/:?]
	at com.google.gson.Gson.fromJson(Gson.java:1319) ~[gson-2.10.jar%2372!/:?]
	at com.google.gson.Gson.fromJson(Gson.java:1290) ~[gson-2.10.jar%2372!/:?]
	at com.google.gson.internal.bind.TreeTypeAdapter$GsonContextImpl.deserialize(TreeTypeAdapter.java:179) ~[gson-2.10.jar%2372!/:?]
	at net.minecraft.util.GsonHelper.m_13808_(GsonHelper.java:463) ~[server-1.20.1-20230612.114412-srg.jar%23129!/:?]
	at net.minecraft.util.GsonHelper.m_13845_(GsonHelper.java:481) ~[server-1.20.1-20230612.114412-srg.jar%23129!/:?]
	at net.minecraft.world.level.storage.loot.LootTable$Serializer.deserialize(LootTable.java:294) ~[server-1.20.1-20230612.114412-srg.jar%23129!/:?]
	at net.minecraft.world.level.storage.loot.LootTable$Serializer.deserialize(LootTable.java:291) ~[server-1.20.1-20230612.114412-srg.jar%23129!/:?]
	at com.google.gson.internal.bind.TreeTypeAdapter.read(TreeTypeAdapter.java:76) ~[gson-2.10.jar%2372!/:?]
	at com.google.gson.Gson.fromJson(Gson.java:1214) ~[gson-2.10.jar%2372!/:?]
	at com.google.gson.Gson.fromJson(Gson.java:1319) ~[gson-2.10.jar%2372!/:?]
	at com.google.gson.Gson.fromJson(Gson.java:1261) ~[gson-2.10.jar%2372!/:?]
	at net.minecraftforge.common.ForgeHooks.loadLootTable(ForgeHooks.java:872) ~[forge-1.20.1-47.4.13-universal.jar%23134!/:?]
	at net.minecraftforge.common.ForgeHooks.lambda$getLootTableDeserializer$3(ForgeHooks.java:849) ~[forge-1.20.1-47.4.13-universal.jar%23134!/:?]
	at net.minecraft.world.level.storage.loot.LootDataType.deserialize(LootDataType.java:45) ~[server-1.20.1-20230612.114412-srg.jar%23129!/:?]
	at net.minecraft.world.level.storage.loot.LootDataManager.lambda$scheduleElementParse$4(LootDataManager.java:56) ~[server-1.20.1-20230612.114412-srg.jar%23129!/:?]
	at java.util.HashMap.forEach(HashMap.java:1421) ~[?:?]
	at net.minecraft.world.level.storage.loot.LootDataManager.m_278660_(LootDataManager.java:55) ~[server-1.20.1-20230612.114412-srg.jar%23129!/:?]
	at java.util.concurrent.CompletableFuture$AsyncRun.run(CompletableFuture.java:1804) ~[?:?]
	at java.util.concurrent.CompletableFuture$AsyncRun.exec(CompletableFuture.java:1796) ~[?:?]
	at java.util.concurrent.ForkJoinTask.doExec(ForkJoinTask.java:373) ~[?:?]
	at java.util.concurrent.ForkJoinPool$WorkQueue.topLevelExec(ForkJoinPool.java:1182) ~[?:?]
	at java.util.concurrent.ForkJoinPool.scan(ForkJoinPool.java:1655) ~[?:?]
	at java.util.concurrent.ForkJoinPool.runWorker(ForkJoinPool.java:1622) ~[?:?]
	at java.util.concurrent.ForkJoinWorkerThread.run(ForkJoinWorkerThread.java:165) ~[?:?]
[138月2026 12:23:00.393] [main/INFO] [net.minecraft.world.item.crafting.RecipeManager/]: Skipping loading recipe touhou_little_maid:memorizable_gensokyo as it's serializer returned null
[138月2026 12:23:00.418] [main/INFO] [net.minecraft.world.item.crafting.RecipeManager/]: Loaded 9 recipes
[138月2026 12:23:00.530] [main/INFO] [net.minecraft.advancements.AdvancementList/]: Loaded 1353 advancements
[138月2026 12:23:13.350] [main/WARN] [epicfight/]: Skill efn:example doesn't exist in the registry.
[138月2026 12:23:13.384] [main/WARN] [epicfight/]: Item Capability Exception: No item named annoyingvillagers:air
[138月2026 12:23:13.404] [main/WARN] [epicfight/]: Can't find a particle type epicfight:entity.hit.blunt in invincible:custom_combo_demo
[138月2026 12:23:13.412] [main/WARN] [epicfight/]: Item Capability Exception: No item named efn:scythe
[138月2026 12:23:13.418] [main/WARN] [epicfight/]: Item Capability Exception: No item named annoyingvillagers:diamond_durandal
[138月2026 12:23:13.989] [main/DEBUG] [net.minecraftforge.common.ForgeHooks/WP]: Gathering id map for writing to world save maid_pilot_world
[138月2026 12:23:14.015] [main/DEBUG] [net.minecraftforge.common.ForgeHooks/WP]: ID Map collection complete maid_pilot_world
[138月2026 12:23:14.068] [Server thread/INFO] [net.minecraft.server.dedicated.DedicatedServer/]: Starting minecraft server version 1.20.1
[138月2026 12:23:14.068] [Server thread/INFO] [net.minecraft.server.dedicated.DedicatedServer/]: Loading properties
[138月2026 12:23:14.069] [Server thread/INFO] [net.minecraft.server.dedicated.DedicatedServer/]: Default game type: SURVIVAL
[138月2026 12:23:14.069] [Server thread/INFO] [net.minecraft.server.MinecraftServer/]: Generating keypair
[138月2026 12:23:14.132] [Server thread/INFO] [net.minecraft.server.dedicated.DedicatedServer/]: Starting Minecraft server on *:25565
[138月2026 12:23:14.134] [Server thread/DEBUG] [net.minecraftforge.network.DualStackUtils/]: Detected IPv6 address: "0:0:0:0:0:0:0:0"
[138月2026 12:23:14.150] [Server thread/INFO] [net.minecraft.server.network.ServerConnectionListener/]: Using default channel type
[138月2026 12:23:14.163] [Server thread/DEBUG] [io.netty.channel.MultithreadEventLoopGroup/]: -Dio.netty.eventLoopThreads: 32
[138月2026 12:23:14.176] [Server thread/DEBUG] [io.netty.util.internal.InternalThreadLocalMap/]: -Dio.netty.threadLocalMap.stringBuilder.initialSize: 1024
[138月2026 12:23:14.176] [Server thread/DEBUG] [io.netty.util.internal.InternalThreadLocalMap/]: -Dio.netty.threadLocalMap.stringBuilder.maxSize: 4096
[138月2026 12:23:14.180] [Server thread/DEBUG] [io.netty.channel.nio.NioEventLoop/]: -Dio.netty.noKeySetOptimization: false
[138月2026 12:23:14.180] [Server thread/DEBUG] [io.netty.channel.nio.NioEventLoop/]: -Dio.netty.selectorAutoRebuildThreshold: 512
[138月2026 12:23:14.188] [Server thread/DEBUG] [io.netty.util.internal.PlatformDependent/]: org.jctools-core.MpscChunkedArrayQueue: available
[138月2026 12:23:14.327] [Server thread/DEBUG] [io.netty.channel.DefaultChannelId/]: -Dio.netty.processId: 19568 (auto-detected)
[138月2026 12:23:14.329] [Server thread/DEBUG] [io.netty.util.NetUtil/]: -Djava.net.preferIPv4Stack: false
[138月2026 12:23:14.329] [Server thread/DEBUG] [io.netty.util.NetUtil/]: -Djava.net.preferIPv6Addresses: true
[138月2026 12:23:14.345] [Server thread/DEBUG] [io.netty.util.NetUtilInitializations/]: Loopback interface: lo (Software Loopback Interface 1, 127.0.0.1)
[138月2026 12:23:14.346] [Server thread/DEBUG] [io.netty.util.NetUtil/]: Failed to get SOMAXCONN from sysctl and file \proc\sys\net\core\somaxconn. Default: 200
[138月2026 12:23:14.413] [Server thread/DEBUG] [io.netty.channel.DefaultChannelId/]: -Dio.netty.machineId: 00:00:00:00:00:00:00:e0 (auto-detected)
[138月2026 12:23:14.447] [Server thread/DEBUG] [io.netty.buffer.PooledByteBufAllocator/]: -Dio.netty.allocator.numHeapArenas: 32
[138月2026 12:23:14.447] [Server thread/DEBUG] [io.netty.buffer.PooledByteBufAllocator/]: -Dio.netty.allocator.numDirectArenas: 32
[138月2026 12:23:14.447] [Server thread/DEBUG] [io.netty.buffer.PooledByteBufAllocator/]: -Dio.netty.allocator.pageSize: 8192
[138月2026 12:23:14.447] [Server thread/DEBUG] [io.netty.buffer.PooledByteBufAllocator/]: -Dio.netty.allocator.maxOrder: 9
[138月2026 12:23:14.447] [Server thread/DEBUG] [io.netty.buffer.PooledByteBufAllocator/]: -Dio.netty.allocator.chunkSize: 4194304
[138月2026 12:23:14.447] [Server thread/DEBUG] [io.netty.buffer.PooledByteBufAllocator/]: -Dio.netty.allocator.smallCacheSize: 256
[138月2026 12:23:14.447] [Server thread/DEBUG] [io.netty.buffer.PooledByteBufAllocator/]: -Dio.netty.allocator.normalCacheSize: 64
[138月2026 12:23:14.447] [Server thread/DEBUG] [io.netty.buffer.PooledByteBufAllocator/]: -Dio.netty.allocator.maxCachedBufferCapacity: 32768
[138月2026 12:23:14.447] [Server thread/DEBUG] [io.netty.buffer.PooledByteBufAllocator/]: -Dio.netty.allocator.cacheTrimInterval: 8192
[138月2026 12:23:14.447] [Server thread/DEBUG] [io.netty.buffer.PooledByteBufAllocator/]: -Dio.netty.allocator.cacheTrimIntervalMillis: 0
[138月2026 12:23:14.447] [Server thread/DEBUG] [io.netty.buffer.PooledByteBufAllocator/]: -Dio.netty.allocator.useCacheForAllThreads: false
[138月2026 12:23:14.447] [Server thread/DEBUG] [io.netty.buffer.PooledByteBufAllocator/]: -Dio.netty.allocator.maxCachedByteBuffersPerChunk: 1023
[138月2026 12:23:14.457] [Server thread/DEBUG] [io.netty.buffer.ByteBufUtil/]: -Dio.netty.allocator.type: pooled
[138月2026 12:23:14.457] [Server thread/DEBUG] [io.netty.buffer.ByteBufUtil/]: -Dio.netty.threadLocalDirectBufferSize: 0
[138月2026 12:23:14.457] [Server thread/DEBUG] [io.netty.buffer.ByteBufUtil/]: -Dio.netty.maxThreadLocalCharBufferSize: 16384
[138月2026 12:23:14.489] [Server thread/DEBUG] [net.minecraftforge.fml.config.ConfigTracker/CONFIG]: Loading configs type SERVER
[138月2026 12:23:14.489] [Server thread/DEBUG] [net.minecraftforge.fml.config.ConfigFileTypeHandler/CONFIG]: Built TOML config for .\maid_pilot_world\serverconfig\epicfight-server.toml
[138月2026 12:23:14.489] [Server thread/DEBUG] [net.minecraftforge.fml.config.ConfigFileTypeHandler/CONFIG]: Loaded TOML config file .\maid_pilot_world\serverconfig\epicfight-server.toml
[138月2026 12:23:14.491] [Server thread/DEBUG] [net.minecraftforge.fml.config.ConfigFileTypeHandler/CONFIG]: Watching TOML config file .\maid_pilot_world\serverconfig\epicfight-server.toml for changes
[138月2026 12:23:14.492] [Thread-1/DEBUG] [net.minecraftforge.fml.config.ConfigFileTypeHandler/CONFIG]: Config file epicfight-server.toml changed, sending notifies
[138月2026 12:23:14.492] [Server thread/DEBUG] [net.minecraftforge.fml.config.ConfigFileTypeHandler/CONFIG]: Built TOML config for .\maid_pilot_world\serverconfig\ywzj_vehicle-server.toml
[138月2026 12:23:14.494] [Server thread/DEBUG] [net.minecraftforge.fml.config.ConfigFileTypeHandler/CONFIG]: Loaded TOML config file .\maid_pilot_world\serverconfig\ywzj_vehicle-server.toml
[138月2026 12:23:14.494] [Thread-1/DEBUG] [net.minecraftforge.fml.config.ConfigFileTypeHandler/CONFIG]: Config file epicfight-server.toml changed, sending notifies
[138月2026 12:23:14.494] [Server thread/DEBUG] [net.minecraftforge.fml.config.ConfigFileTypeHandler/CONFIG]: Watching TOML config file .\maid_pilot_world\serverconfig\ywzj_vehicle-server.toml for changes
[138月2026 12:23:14.495] [Server thread/DEBUG] [net.minecraftforge.fml.config.ConfigFileTypeHandler/CONFIG]: Built TOML config for .\maid_pilot_world\serverconfig\forge-server.toml
[138月2026 12:23:14.496] [Server thread/DEBUG] [net.minecraftforge.fml.config.ConfigFileTypeHandler/CONFIG]: Loaded TOML config file .\maid_pilot_world\serverconfig\forge-server.toml
[138月2026 12:23:14.496] [Server thread/DEBUG] [net.minecraftforge.fml.config.ConfigFileTypeHandler/CONFIG]: Watching TOML config file .\maid_pilot_world\serverconfig\forge-server.toml for changes
[138月2026 12:23:14.497] [Server thread/DEBUG] [net.minecraftforge.common.ForgeConfig/FORGEMOD]: Loaded forge config file forge-server.toml
[138月2026 12:23:14.498] [Server thread/DEBUG] [net.minecraftforge.fml.config.ConfigFileTypeHandler/CONFIG]: Built TOML config for .\maid_pilot_world\serverconfig\touhou_little_maid-server.toml
[138月2026 12:23:14.499] [Server thread/DEBUG] [net.minecraftforge.fml.config.ConfigFileTypeHandler/CONFIG]: Loaded TOML config file .\maid_pilot_world\serverconfig\touhou_little_maid-server.toml
[138月2026 12:23:14.499] [Server thread/DEBUG] [net.minecraftforge.fml.config.ConfigFileTypeHandler/CONFIG]: Watching TOML config file .\maid_pilot_world\serverconfig\touhou_little_maid-server.toml for changes
[138月2026 12:23:14.500] [Thread-1/DEBUG] [net.minecraftforge.fml.config.ConfigFileTypeHandler/CONFIG]: Config file forge-server.toml changed, sending notifies
[138月2026 12:23:14.500] [Thread-1/DEBUG] [net.minecraftforge.common.ForgeConfig/FORGEMOD]: Forge config just got changed on the file system!
[138月2026 12:23:14.502] [Thread-1/DEBUG] [net.minecraftforge.fml.config.ConfigFileTypeHandler/CONFIG]: Config file touhou_little_maid-server.toml changed, sending notifies
[138月2026 12:23:14.551] [Server thread/INFO] [net.minecraft.server.dedicated.DedicatedServer/]: Preparing level "maid_pilot_world"
[138月2026 12:23:14.760] [Server thread/DEBUG] [net.minecraftforge.coremod.transformer.CoreModBaseTransformer/COREMOD]: Transforming net/minecraft/world/level/levelgen/PhantomSpawner
[138月2026 12:23:14.763] [Server thread/DEBUG] [net.minecraftforge.coremod.transformer.CoreModBaseTransformer/COREMOD]: Transforming net/minecraft/world/level/levelgen/PatrolSpawner
[138月2026 12:23:14.766] [Server thread/DEBUG] [net.minecraftforge.coremod.transformer.CoreModBaseTransformer/COREMOD]: Transforming net/minecraft/world/entity/npc/CatSpawner
[138月2026 12:23:14.769] [Server thread/DEBUG] [net.minecraftforge.coremod.transformer.CoreModBaseTransformer/COREMOD]: Transforming net/minecraft/world/entity/ai/village/VillageSiege
[138月2026 12:23:14.814] [Server thread/DEBUG] [mixin/]: Mixing PersistentEntitySectionManagerMixin from touhou_little_maid.mixins.json into net.minecraft.world.level.entity.PersistentEntitySectionManager
[138月2026 12:23:14.814] [Server thread/DEBUG] [mixin/]: Renaming synthetic method lambda$companionTick$0(J)V to md200071$lambda$companionTick$0$0 in touhou_little_maid.mixins.json:PersistentEntitySectionManagerMixin
[138月2026 12:23:14.977] [Server thread/INFO] [net.minecraft.server.MinecraftServer/]: Preparing start region for dimension minecraft:overworld
[138月2026 12:23:15.705] [Server thread/DEBUG] [mixin/]: Mixing MixinChunkSerializer from architectury.mixins.json into net.minecraft.world.level.chunk.storage.ChunkSerializer
[138月2026 12:23:16.740] [Worker-Main-7/INFO] [net.minecraft.server.level.progress.LoggerChunkProgressListener/]: Preparing spawn area: 0%
[138月2026 12:23:16.741] [Worker-Main-7/INFO] [net.minecraft.server.level.progress.LoggerChunkProgressListener/]: Preparing spawn area: 0%
[138月2026 12:23:16.743] [Worker-Main-11/INFO] [net.minecraft.server.level.progress.LoggerChunkProgressListener/]: Preparing spawn area: 0%
[138月2026 12:23:16.743] [Worker-Main-7/INFO] [net.minecraft.server.level.progress.LoggerChunkProgressListener/]: Preparing spawn area: 0%
[138月2026 12:23:16.978] [Worker-Main-3/INFO] [net.minecraft.server.level.progress.LoggerChunkProgressListener/]: Preparing spawn area: 0%
[138月2026 12:23:17.076] [Server thread/DEBUG] [mixin/]: Mixing AnimationPlayerMixin from invincible.mixins.json into yesman.epicfight.api.animation.AnimationPlayer
[138月2026 12:23:17.076] [Server thread/DEBUG] [mixin/]: Renaming synthetic method lambda$invincible$injectTick$0(Lyesman/epicfight/world/capabilities/entitypatch/LivingEntityPatch;Lyesman/epicfight/world/capabilities/entitypatch/player/PlayerPatch;Lcom/p1nero/invincible/capability/InvinciblePlayer;)V to md200071$lambda$invincible$injectTick$0$0 in invincible.mixins.json:AnimationPlayerMixin
[138月2026 12:23:17.080] [Server thread/DEBUG] [mixin/]: Mixing AnimationPlayerMixin from combat_evolution.mixins.json into yesman.epicfight.api.animation.AnimationPlayer
[138月2026 12:23:17.081] [Server thread/DEBUG] [mixin/]: Mixing AnimationPlayerMixin from efn.mixins.json into yesman.epicfight.api.animation.AnimationPlayer
[138月2026 12:23:17.131] [Server thread/DEBUG] [mixin/]: Mixing NodeEvaluatorBurningCacher from touhou_little_maid.mixins.json into net.minecraft.world.level.pathfinder.WalkNodeEvaluator
[138月2026 12:23:17.171] [Server thread/DEBUG] [io.netty.buffer.AbstractByteBuf/]: -Dio.netty.buffer.checkAccessible: true
[138月2026 12:23:17.171] [Server thread/DEBUG] [io.netty.buffer.AbstractByteBuf/]: -Dio.netty.buffer.checkBounds: true
[138月2026 12:23:17.172] [Server thread/DEBUG] [io.netty.util.ResourceLeakDetectorFactory/]: Loaded default ResourceLeakDetector: io.netty.util.ResourceLeakDetector@61fbcdc2
[138月2026 12:23:17.212] [Server thread/INFO] [eftlm_stylish/]: [DIAG] WOM behaviors registered: 19 items, 2 style-mapped items
[138月2026 12:23:17.243] [Server thread/INFO] [eftlm_stylish/]: [DIAG] EFN behaviors registered: 51 items
[138月2026 12:23:17.243] [Server thread/INFO] [eftlm_stylish/]: [DIAG] CombatBehaviorsEvent registered: 8 weapon categories + WOM behaviors (wom=true)
[138月2026 12:23:17.379] [Server thread/DEBUG] [mixin/]: Mixing ItemCooldownsMixin from annoyingvillagers.mixins.json into net.minecraft.world.item.ItemCooldowns
[138月2026 12:23:17.478] [Worker-Main-9/INFO] [net.minecraft.server.level.progress.LoggerChunkProgressListener/]: Preparing spawn area: 69%
[138月2026 12:23:17.694] [Server thread/INFO] [net.minecraft.server.level.progress.LoggerChunkProgressListener/]: Time elapsed: 2717 ms
[138月2026 12:23:17.696] [Server thread/INFO] [net.minecraft.server.dedicated.DedicatedServer/]: Done (3.206s)! For help, type "help"
[138月2026 12:23:17.696] [Server thread/INFO] [net.minecraft.server.dedicated.DedicatedServer/]: Starting remote control listener
[138月2026 12:23:17.700] [Server thread/INFO] [net.minecraft.server.rcon.thread.GenericThread/]: Thread RCON Listener started
[138月2026 12:23:17.700] [Server thread/INFO] [net.minecraft.server.rcon.thread.RconThread/]: RCON running on 0.0.0.0:25575
[138月2026 12:23:17.711] [Server thread/DEBUG] [net.minecraftforge.network.DualStackUtils/]: Detected IPv6 address: "0:0:0:0:0:0:0:0"
[138月2026 12:23:17.727] [Server thread/DEBUG] [net.minecraftforge.common.ForgeI18n/CORE]: Loading I18N data entries: 3977
[138月2026 12:23:17.731] [Server thread/INFO] [net.minecraftforge.server.permission.PermissionAPI/]: Successfully initialized permission handler forge:default_handler
[138月2026 12:23:17.733] [Server thread/INFO] [eftlm_stylish/]: [SKILL] test mode OFF
[138月2026 12:23:17.736] [Server thread/INFO] [eftlm_stylish/]: [Arena] cleared 0 leftover maids, 0 leftover mobs
[138月2026 12:23:17.752] [Server thread/INFO] [eftlm_stylish/]: [Arena] platform built: 21x21 stone at y=-60, world border 21x21 (14ms)
[138月2026 12:23:17.752] [Server thread/INFO] [eftlm_stylish/]: [Arena] enabled: center=(8,-59,8) entities=annoyingvillagers:herobrine_warden,annoyingvillagers:armored_herobrine,annoyingvillagers:glaive_herobrine,annoyingvillagers:herobrine_7,annoyingvillagers:swordsman_herobrine,annoyingvillagers:sledgehammer_herobrine,annoyingvillagers:null count=1 interval=400
[138月2026 12:23:17.798] [Server thread/DEBUG] [net.minecraftforge.coremod.transformer.CoreModBaseTransformer/COREMOD]: Transforming net/minecraft/world/level/NaturalSpawner
[138月2026 12:23:17.839] [Server thread/INFO] [eftlm_stylish/]: [DIAG] Maid join world: name=model.touhou_little_maid.hakurei_reimu.name patch=MaidPatch
[138月2026 12:23:17.892] [Server thread/INFO] [eftlm_stylish/]: [RL] config loaded: enable_all_maids=true epsilon=0.08 arbitration=hybrid model_file=rl_model.bin
[138月2026 12:23:17.897] [Server thread/INFO] [eftlm_stylish/]: [RL] model loaded: sizes=[18, 64, 64, 27] dims=18->27
[138月2026 12:23:18.027] [Server thread/DEBUG] [mixin/]: Mixing MixinClientboundSetEntityMotionPacket from mixins.wom.json into net.minecraft.network.protocol.game.ClientboundSetEntityMotionPacket
[138月2026 12:23:18.071] [Server thread/INFO] [eftlm_stylish/]: [RL] action executor registered: generic (fixed=true)
[138月2026 12:23:18.072] [Server thread/INFO] [eftlm_stylish/]: [RL] action executor registered: efn_skill (fixed=false)
[138月2026 12:23:18.078] [Server thread/INFO] [eftlm_stylish/]: [SKILLS] catalog loaded: 32 weapons, 313 skills (source=jar:/eftlm_stylish/skills.json)
[138月2026 12:23:18.786] [Server thread/INFO] [eftlm_stylish/]: [DIAG] WOM behaviors registered: 19 items, 2 style-mapped items
[138月2026 12:23:18.786] [Server thread/INFO] [eftlm_stylish/]: [DIAG] EFN behaviors registered: 51 items
[138月2026 12:23:18.788] [Server thread/INFO] [eftlm_stylish/]: [DIAG] CombatBehaviorsEvent registered: 8 weapon categories + WOM behaviors (wom=true)
[138月2026 12:23:18.789] [Server thread/INFO] [eftlm_stylish/]: [DIAG] Maid join world: name=model.touhou_little_maid.hakurei_reimu.name patch=MaidPatch
[138月2026 12:23:18.794] [Server thread/INFO] [eftlm_stylish/]: [Arena] maid spawned at BlockPos{x=8, y=-59, z=8} id=12 main=efn:yamato_dmc4 melee=efn:kusabimaru/efn:meen_spear task=ef_tlm:fight_mode_task patch=OK
[138月2026 12:23:20.756] [Server thread/INFO] [eftlm_stylish/]: [DIAG] maid=model.touhou_little_maid.hakurei_reimu.name pos=BlockPos{x=12, y=-59, z=3} patch=MaidPatch isFightMode=true task=ef_tlm:fight_mode_task learnedSkills=[eftlm_stylish:stylish_combat, ef_tlm:meen_innate, ]
[138月2026 12:23:23.257] [Server thread/INFO] [eftlm_stylish/]: [DIAG] maid=model.touhou_little_maid.hakurei_reimu.name pos=BlockPos{x=13, y=-59, z=4} patch=MaidPatch isFightMode=true task=ef_tlm:fight_mode_task learnedSkills=[eftlm_stylish:stylish_combat, ]
[138月2026 12:23:23.710] [Server thread/INFO] [eftlm_stylish/]: [RL] heartbeat: tick=100 action=0 buffer=20 stack=0 skills=0
[138月2026 12:23:24.629] [Server thread/DEBUG] [epicfight/]: [EpicFightMod] No joint named Leg_R.KINEMATICS in EFNStunAnimation efn:animmodels/animations/biped/yamato/biped_hitup_1.json
[138月2026 12:23:24.629] [Server thread/DEBUG] [epicfight/]: [EpicFightMod] No joint named Leg_L.KINEMATICS in EFNStunAnimation efn:animmodels/animations/biped/yamato/biped_hitup_1.json
[138月2026 12:23:24.629] [Server thread/DEBUG] [epicfight/]: [EpicFightMod] No joint named Knee_R.KINEMATICS in EFNStunAnimation efn:animmodels/animations/biped/yamato/biped_hitup_1.json
[138月2026 12:23:24.629] [Server thread/DEBUG] [epicfight/]: [EpicFightMod] No joint named Knee_L.KINEMATICS in EFNStunAnimation efn:animmodels/animations/biped/yamato/biped_hitup_1.json
[138月2026 12:23:24.629] [Server thread/DEBUG] [epicfight/]: [EpicFightMod] No joint named Hand_R.KINEMATICS in EFNStunAnimation efn:animmodels/animations/biped/yamato/biped_hitup_1.json
[138月2026 12:23:24.629] [Server thread/DEBUG] [epicfight/]: [EpicFightMod] No joint named Hand_L.KINEMATICS in EFNStunAnimation efn:animmodels/animations/biped/yamato/biped_hitup_1.json
[138月2026 12:23:24.629] [Server thread/DEBUG] [epicfight/]: [EpicFightMod] No joint named Elbow_R.KINEMATICS in EFNStunAnimation efn:animmodels/animations/biped/yamato/biped_hitup_1.json
[138月2026 12:23:24.629] [Server thread/DEBUG] [epicfight/]: [EpicFightMod] No joint named Elbow_L.KINEMATICS in EFNStunAnimation efn:animmodels/animations/biped/yamato/biped_hitup_1.json
[138月2026 12:23:25.756] [Server thread/INFO] [eftlm_stylish/]: [DIAG] maid=model.touhou_little_maid.hakurei_reimu.name pos=BlockPos{x=9, y=-59, z=7} patch=MaidPatch isFightMode=true task=ef_tlm:fight_mode_task learnedSkills=[eftlm_stylish:stylish_combat, ]
[138月2026 12:23:27.864] [Server thread/DEBUG] [mixin/]: Mixing common.ProjectileUtilMixin from mixins.ywzj_vehicle.json into net.minecraft.world.entity.projectile.ProjectileUtil
[138月2026 12:23:28.256] [Server thread/INFO] [eftlm_stylish/]: [DIAG] maid=model.touhou_little_maid.hakurei_reimu.name pos=BlockPos{x=10, y=-59, z=5} patch=MaidPatch isFightMode=true task=ef_tlm:fight_mode_task learnedSkills=[eftlm_stylish:stylish_combat, ef_tlm:meen_innate, ]
[138月2026 12:23:28.708] [Server thread/INFO] [eftlm_stylish/]: [RL] heartbeat: tick=200 action=9 buffer=40 stack=3 skills=4
[138月2026 12:23:28.709] [Server thread/INFO] [eftlm_stylish/]: [RL] diag target: patch=entity.annoyingvillagers.null_axe tlm=entity.annoyingvillagers.null_axe dist=3.6
[138月2026 12:23:29.711] [Server thread/INFO] [eftlm_stylish/]: [Arena] cage: maid pulled back inside (r=8)
[138月2026 12:23:30.756] [Server thread/INFO] [eftlm_stylish/]: [DIAG] maid=model.touhou_little_maid.hakurei_reimu.name pos=BlockPos{x=12, y=-59, z=5} patch=MaidPatch isFightMode=true task=ef_tlm:fight_mode_task learnedSkills=[eftlm_stylish:stylish_combat, ef_tlm:meen_innate, ]
[138月2026 12:23:33.255] [Server thread/INFO] [eftlm_stylish/]: [DIAG] maid=model.touhou_little_maid.hakurei_reimu.name pos=BlockPos{x=12, y=-59, z=5} patch=MaidPatch isFightMode=true task=ef_tlm:fight_mode_task learnedSkills=[eftlm_stylish:stylish_combat, ef_tlm:meen_innate, ]
[138月2026 12:23:33.708] [Server thread/INFO] [eftlm_stylish/]: [RL] heartbeat: tick=300 action=0 buffer=60 stack=3 skills=16
[138月2026 12:23:35.755] [Server thread/INFO] [eftlm_stylish/]: [DIAG] maid=model.touhou_little_maid.hakurei_reimu.name pos=BlockPos{x=12, y=-59, z=6} patch=MaidPatch isFightMode=true task=ef_tlm:fight_mode_task learnedSkills=[eftlm_stylish:stylish_combat, ef_tlm:meen_innate, ]
[138月2026 12:23:36.267] [Server thread/DEBUG] [io.netty.util.internal.ThreadLocalRandom/]: -Dio.netty.initialSeedUniquifier: 0x2c21e437e72acfd2
[138月2026 12:23:38.254] [Server thread/INFO] [eftlm_stylish/]: [DIAG] maid=model.touhou_little_maid.hakurei_reimu.name pos=BlockPos{x=12, y=-59, z=7} patch=MaidPatch isFightMode=true task=ef_tlm:fight_mode_task learnedSkills=[eftlm_stylish:stylish_combat, ef_tlm:meen_innate, ]
[138月2026 12:23:38.708] [Server thread/INFO] [eftlm_stylish/]: [RL] heartbeat: tick=400 action=9 buffer=80 stack=5 skills=16
[138月2026 12:23:38.709] [Server thread/INFO] [eftlm_stylish/]: [RL] diag target: patch=entity.annoyingvillagers.null_skeleton tlm=entity.annoyingvillagers.null_skeleton dist=0.4
[138月2026 12:23:40.754] [Server thread/INFO] [eftlm_stylish/]: [DIAG] maid=model.touhou_little_maid.hakurei_reimu.name pos=BlockPos{x=11, y=-59, z=6} patch=MaidPatch isFightMode=true task=ef_tlm:fight_mode_task learnedSkills=[eftlm_stylish:stylish_combat, ef_tlm:meen_innate, ]
[138月2026 12:23:42.017] [Server thread/DEBUG] [epicfight/]: [EpicFightMod] No joint named Leg_R_IK in WomLongHitAnimation wom:animmodels/animations/biped/living/biped_hit_extra_long.json
[138月2026 12:23:42.017] [Server thread/DEBUG] [epicfight/]: [EpicFightMod] No joint named Leg_L_IK in WomLongHitAnimation wom:animmodels/animations/biped/living/biped_hit_extra_long.json
[138月2026 12:23:43.255] [Server thread/INFO] [eftlm_stylish/]: [DIAG] maid=model.touhou_little_maid.hakurei_reimu.name pos=BlockPos{x=11, y=-59, z=6} patch=MaidPatch isFightMode=true task=ef_tlm:fight_mode_task learnedSkills=[eftlm_stylish:stylish_combat, ef_tlm:meen_innate, ]
[138月2026 12:23:43.709] [Server thread/INFO] [eftlm_stylish/]: [RL] heartbeat: tick=500 action=9 buffer=100 stack=5 skills=2
[138月2026 12:23:44.555] [Server thread/INFO] [eftlm_stylish/]: [SKILL] DEATH: annoyingvillagers:null_skeleton killed by source=null msg=outOfWorld
[138月2026 12:23:45.755] [Server thread/INFO] [eftlm_stylish/]: [DIAG] maid=model.touhou_little_maid.hakurei_reimu.name pos=BlockPos{x=11, y=-59, z=6} patch=MaidPatch isFightMode=true task=ef_tlm:fight_mode_task learnedSkills=[eftlm_stylish:stylish_combat, ef_tlm:meen_innate, ]
[138月2026 12:23:48.257] [Server thread/INFO] [eftlm_stylish/]: [DIAG] maid=model.touhou_little_maid.hakurei_reimu.name pos=BlockPos{x=11, y=-59, z=8} patch=MaidPatch isFightMode=true task=ef_tlm:fight_mode_task learnedSkills=[eftlm_stylish:stylish_combat, ef_tlm:meen_innate, ]
[138月2026 12:23:48.710] [Server thread/INFO] [eftlm_stylish/]: [RL] heartbeat: tick=600 action=0 buffer=120 stack=5 skills=0
[138月2026 12:23:48.711] [Server thread/INFO] [eftlm_stylish/]: [RL] diag target: patch=entity.annoyingvillagers.null tlm=entity.annoyingvillagers.null dist=12.1
[138月2026 12:23:50.407] [Server thread/DEBUG] [epicfight/]: [EpicFightMod] No joint named IK-Thigh_R in StaticAnimation annoyingvillagers:animmodels/animations/biped/epicfight_ironspell/casting_one_hand_buff.json
[138月2026 12:23:50.407] [Server thread/DEBUG] [epicfight/]: [EpicFightMod] No joint named IK-Leg_R in StaticAnimation annoyingvillagers:animmodels/animations/biped/epicfight_ironspell/casting_one_hand_buff.json
[138月2026 12:23:50.407] [Server thread/DEBUG] [epicfight/]: [EpicFightMod] No joint named IK-Thigh_L in StaticAnimation annoyingvillagers:animmodels/animations/biped/epicfight_ironspell/casting_one_hand_buff.json
[138月2026 12:23:50.754] [Server thread/INFO] [eftlm_stylish/]: [DIAG] maid=model.touhou_little_maid.hakurei_reimu.name pos=BlockPos{x=11, y=-59, z=8} patch=MaidPatch isFightMode=true task=ef_tlm:fight_mode_task learnedSkills=[eftlm_stylish:stylish_combat, ef_tlm:meen_innate, ]
[138月2026 12:23:53.255] [Server thread/INFO] [eftlm_stylish/]: [DIAG] maid=model.touhou_little_maid.hakurei_reimu.name pos=BlockPos{x=6, y=-59, z=8} patch=MaidPatch isFightMode=true task=ef_tlm:fight_mode_task learnedSkills=[eftlm_stylish:stylish_combat, ef_tlm:meen_innate, ]
[138月2026 12:23:53.704] [Server thread/INFO] [eftlm_stylish/]: [RL] heartbeat: tick=700 action=0 buffer=140 stack=5 skills=0
[138月2026 12:23:55.754] [Server thread/INFO] [eftlm_stylish/]: [DIAG] maid=model.touhou_little_maid.hakurei_reimu.name pos=BlockPos{x=9, y=-59, z=7} patch=MaidPatch isFightMode=true task=ef_tlm:fight_mode_task learnedSkills=[eftlm_stylish:stylish_combat, ef_tlm:meen_innate, ]
[138月2026 12:23:58.256] [Server thread/INFO] [eftlm_stylish/]: [DIAG] maid=model.touhou_little_maid.hakurei_reimu.name pos=BlockPos{x=6, y=-59, z=6} patch=MaidPatch isFightMode=true task=ef_tlm:fight_mode_task learnedSkills=[eftlm_stylish:stylish_combat, ef_tlm:meen_innate, ]
[138月2026 12:23:58.708] [Server thread/INFO] [eftlm_stylish/]: [RL] heartbeat: tick=800 action=0 buffer=160 stack=5 skills=2
[138月2026 12:23:58.708] [Server thread/INFO] [eftlm_stylish/]: [RL] diag target: patch=entity.annoyingvillagers.null tlm=entity.annoyingvillagers.null dist=5.6
[138月2026 12:24:00.757] [Server thread/INFO] [eftlm_stylish/]: [DIAG] maid=model.touhou_little_maid.hakurei_reimu.name pos=BlockPos{x=7, y=-59, z=6} patch=MaidPatch isFightMode=true task=ef_tlm:fight_mode_task learnedSkills=[eftlm_stylish:stylish_combat, ef_tlm:meen_innate, ]
[138月2026 12:24:03.256] [Server thread/INFO] [eftlm_stylish/]: [DIAG] maid=model.touhou_little_maid.hakurei_reimu.name pos=BlockPos{x=14, y=-59, z=2} patch=MaidPatch isFightMode=true task=ef_tlm:fight_mode_task learnedSkills=[eftlm_stylish:stylish_combat, ef_tlm:meen_innate, ]
[138月2026 12:24:03.705] [Server thread/INFO] [eftlm_stylish/]: [RL] heartbeat: tick=900 action=10 buffer=180 stack=5 skills=6
[138月2026 12:24:03.706] [Server thread/INFO] [eftlm_stylish/]: [Arena] cage: maid pulled back inside (r=8)
[138月2026 12:24:05.754] [Server thread/INFO] [eftlm_stylish/]: [DIAG] maid=model.touhou_little_maid.hakurei_reimu.name pos=BlockPos{x=16, y=-59, z=0} patch=MaidPatch isFightMode=true task=ef_tlm:fight_mode_task learnedSkills=[eftlm_stylish:stylish_combat, ef_tlm:meen_innate, ]
[138月2026 12:24:07.714] [Server thread/INFO] [eftlm_stylish/]: [Arena] maid REVIVED by elixir: durability 5/6 (revived 1 times this life)
[138月2026 12:24:08.256] [Server thread/INFO] [eftlm_stylish/]: [DIAG] maid=model.touhou_little_maid.hakurei_reimu.name pos=BlockPos{x=13, y=-59, z=6} patch=MaidPatch isFightMode=true task=ef_tlm:fight_mode_task learnedSkills=[eftlm_stylish:stylish_combat, ]
[138月2026 12:24:08.706] [Server thread/INFO] [eftlm_stylish/]: [RL] heartbeat: tick=1000 action=10 buffer=200 stack=5 skills=6
[138月2026 12:24:08.706] [Server thread/INFO] [eftlm_stylish/]: [RL] diag target: patch=entity.annoyingvillagers.null tlm=entity.annoyingvillagers.null dist=2.2
[138月2026 12:24:09.407] [Server thread/INFO] [eftlm_stylish/]: [SKILL] DEATH: annoyingvillagers:low_herobrine_clone killed by source=null msg=genericKill
[138月2026 12:24:10.756] [Server thread/INFO] [eftlm_stylish/]: [DIAG] maid=model.touhou_little_maid.hakurei_reimu.name pos=BlockPos{x=13, y=-59, z=6} patch=MaidPatch isFightMode=true task=ef_tlm:fight_mode_task learnedSkills=[eftlm_stylish:stylish_combat, ]
[138月2026 12:24:13.254] [Server thread/INFO] [eftlm_stylish/]: [DIAG] maid=model.touhou_little_maid.hakurei_reimu.name pos=BlockPos{x=11, y=-59, z=5} patch=MaidPatch isFightMode=true task=ef_tlm:fight_mode_task learnedSkills=[eftlm_stylish:stylish_combat, ]
[138月2026 12:24:13.708] [Server thread/INFO] [eftlm_stylish/]: [RL] heartbeat: tick=1100 action=10 buffer=220 stack=5 skills=6
[138月2026 12:24:15.708] [Server thread/INFO] [eftlm_stylish/]: [Arena] maid REVIVED by elixir: durability 4/6 (revived 1 times this life)
[138月2026 12:24:15.755] [Server thread/INFO] [eftlm_stylish/]: [DIAG] maid=model.touhou_little_maid.hakurei_reimu.name pos=BlockPos{x=11, y=-59, z=5} patch=MaidPatch isFightMode=true task=ef_tlm:fight_mode_task learnedSkills=[eftlm_stylish:stylish_combat, ]
[138月2026 12:24:18.257] [Server thread/INFO] [eftlm_stylish/]: [DIAG] maid=model.touhou_little_maid.hakurei_reimu.name pos=BlockPos{x=15, y=-59, z=1} patch=MaidPatch isFightMode=true task=ef_tlm:fight_mode_task learnedSkills=[eftlm_stylish:stylish_combat, ]
[138月2026 12:24:18.708] [Server thread/INFO] [eftlm_stylish/]: [RL] heartbeat: tick=1200 action=10 buffer=240 stack=5 skills=0
[138月2026 12:24:18.709] [Server thread/INFO] [eftlm_stylish/]: [RL] diag target: patch=entity.annoyingvillagers.null tlm=entity.annoyingvillagers.null dist=3.9
[138月2026 12:24:19.708] [Server thread/INFO] [eftlm_stylish/]: [Arena] cage: maid pulled back inside (r=8)
[138月2026 12:24:20.756] [Server thread/INFO] [eftlm_stylish/]: [DIAG] maid=model.touhou_little_maid.hakurei_reimu.name pos=BlockPos{x=15, y=-59, z=3} patch=MaidPatch isFightMode=true task=ef_tlm:fight_mode_task learnedSkills=[eftlm_stylish:stylish_combat, ]
[138月2026 12:24:21.316] [Server thread/DEBUG] [epicfight/]: [EpicFightMod] No joint named Leg_R.KINEMATICS in EFNStunAnimation efn:animmodels/animations/biped/yamato/biped_hit_ground_l0.json
[138月2026 12:24:21.316] [Server thread/DEBUG] [epicfight/]: [EpicFightMod] No joint named Leg_L.KINEMATICS in EFNStunAnimation efn:animmodels/animations/biped/yamato/biped_hit_ground_l0.json
[138月2026 12:24:21.316] [Server thread/DEBUG] [epicfight/]: [EpicFightMod] No joint named Knee_R.KINEMATICS in EFNStunAnimation efn:animmodels/animations/biped/yamato/biped_hit_ground_l0.json
[138月2026 12:24:21.316] [Server thread/DEBUG] [epicfight/]: [EpicFightMod] No joint named Knee_L.KINEMATICS in EFNStunAnimation efn:animmodels/animations/biped/yamato/biped_hit_ground_l0.json
[138月2026 12:24:21.316] [Server thread/DEBUG] [epicfight/]: [EpicFightMod] No joint named Hand_R.KINEMATICS in EFNStunAnimation efn:animmodels/animations/biped/yamato/biped_hit_ground_l0.json
[138月2026 12:24:21.316] [Server thread/DEBUG] [epicfight/]: [EpicFightMod] No joint named Hand_L.KINEMATICS in EFNStunAnimation efn:animmodels/animations/biped/yamato/biped_hit_ground_l0.json
[138月2026 12:24:21.316] [Server thread/DEBUG] [epicfight/]: [EpicFightMod] No joint named Elbow_R.KINEMATICS in EFNStunAnimation efn:animmodels/animations/biped/yamato/biped_hit_ground_l0.json
[138月2026 12:24:21.316] [Server thread/DEBUG] [epicfight/]: [EpicFightMod] No joint named Elbow_L.KINEMATICS in EFNStunAnimation efn:animmodels/animations/biped/yamato/biped_hit_ground_l0.json
[138月2026 12:24:21.707] [Server thread/INFO] [eftlm_stylish/]: [Arena] maid REVIVED by elixir: durability 3/6 (revived 1 times this life)
[138月2026 12:24:22.006] [Server thread/INFO] [eftlm_stylish/]: [SKILL] DEATH: annoyingvillagers:null_skeleton killed by source=null msg=outOfWorld
[138月2026 12:24:23.256] [Server thread/INFO] [eftlm_stylish/]: [DIAG] maid=model.touhou_little_maid.hakurei_reimu.name pos=BlockPos{x=13, y=-59, z=1} patch=MaidPatch isFightMode=true task=ef_tlm:fight_mode_task learnedSkills=[eftlm_stylish:stylish_combat, ]
[138月2026 12:24:23.708] [Server thread/INFO] [eftlm_stylish/]: [RL] heartbeat: tick=1300 action=10 buffer=260 stack=5 skills=6
[138月2026 12:24:25.755] [Server thread/INFO] [eftlm_stylish/]: [DIAG] maid=model.touhou_little_maid.hakurei_reimu.name pos=BlockPos{x=12, y=-59, z=1} patch=MaidPatch isFightMode=true task=ef_tlm:fight_mode_task learnedSkills=[eftlm_stylish:stylish_combat, ]
[138月2026 12:24:28.256] [Server thread/INFO] [eftlm_stylish/]: [DIAG] maid=model.touhou_little_maid.hakurei_reimu.name pos=BlockPos{x=12, y=-59, z=1} patch=MaidPatch isFightMode=true task=ef_tlm:fight_mode_task learnedSkills=[eftlm_stylish:stylish_combat, ]
[138月2026 12:24:28.705] [Server thread/INFO] [eftlm_stylish/]: [RL] heartbeat: tick=1400 action=0 buffer=280 stack=5 skills=2
[138月2026 12:24:28.705] [Server thread/INFO] [eftlm_stylish/]: [RL] diag target: patch=entity.annoyingvillagers.null tlm=entity.annoyingvillagers.null dist=6.7
[138月2026 12:24:30.754] [Server thread/INFO] [eftlm_stylish/]: [DIAG] maid=model.touhou_little_maid.hakurei_reimu.name pos=BlockPos{x=12, y=-59, z=1} patch=MaidPatch isFightMode=true task=ef_tlm:fight_mode_task learnedSkills=[eftlm_stylish:stylish_combat, ]
[138月2026 12:24:33.257] [Server thread/INFO] [eftlm_stylish/]: [DIAG] maid=model.touhou_little_maid.hakurei_reimu.name pos=BlockPos{x=7, y=-59, z=1} patch=MaidPatch isFightMode=true task=ef_tlm:fight_mode_task learnedSkills=[eftlm_stylish:stylish_combat, ]
[138月2026 12:24:33.708] [Server thread/INFO] [eftlm_stylish/]: [RL] heartbeat: tick=1500 action=3 buffer=300 stack=5 skills=2
[138月2026 12:24:35.755] [Server thread/INFO] [eftlm_stylish/]: [DIAG] maid=model.touhou_little_maid.hakurei_reimu.name pos=BlockPos{x=4, y=-59, z=0} patch=MaidPatch isFightMode=true task=ef_tlm:fight_mode_task learnedSkills=[eftlm_stylish:stylish_combat, ]
[138月2026 12:24:38.254] [Server thread/INFO] [eftlm_stylish/]: [DIAG] maid=model.touhou_little_maid.hakurei_reimu.name pos=BlockPos{x=6, y=-59, z=7} patch=MaidPatch isFightMode=true task=ef_tlm:fight_mode_task learnedSkills=[eftlm_stylish:stylish_combat, ]
[138月2026 12:24:38.706] [Server thread/INFO] [eftlm_stylish/]: [RL] heartbeat: tick=1600 action=9 buffer=320 stack=5 skills=16
[138月2026 12:24:38.707] [Server thread/INFO] [eftlm_stylish/]: [RL] diag target: patch=entity.annoyingvillagers.null tlm=entity.annoyingvillagers.null dist=1.4
[138月2026 12:24:40.755] [Server thread/INFO] [eftlm_stylish/]: [DIAG] maid=model.touhou_little_maid.hakurei_reimu.name pos=BlockPos{x=5, y=-59, z=9} patch=MaidPatch isFightMode=true task=ef_tlm:fight_mode_task learnedSkills=[eftlm_stylish:stylish_combat, ]
[138月2026 12:24:43.256] [Server thread/INFO] [eftlm_stylish/]: [DIAG] maid=model.touhou_little_maid.hakurei_reimu.name pos=BlockPos{x=6, y=-59, z=6} patch=MaidPatch isFightMode=true task=ef_tlm:fight_mode_task learnedSkills=[eftlm_stylish:stylish_combat, ]
[138月2026 12:24:43.705] [Server thread/INFO] [eftlm_stylish/]: [RL] heartbeat: tick=1700 action=0 buffer=340 stack=5 skills=2
[138月2026 12:24:45.657] [Server thread/INFO] [eftlm_stylish/]: [SKILL] DEATH: annoyingvillagers:low_herobrine_clone killed by source=null msg=genericKill
[138月2026 12:24:45.756] [Server thread/INFO] [eftlm_stylish/]: [DIAG] maid=model.touhou_little_maid.hakurei_reimu.name pos=BlockPos{x=0, y=-59, z=12} patch=MaidPatch isFightMode=true task=ef_tlm:fight_mode_task learnedSkills=[eftlm_stylish:stylish_combat, ]
[138月2026 12:24:48.255] [Server thread/INFO] [eftlm_stylish/]: [DIAG] maid=model.touhou_little_maid.hakurei_reimu.name pos=BlockPos{x=1, y=-59, z=16} patch=MaidPatch isFightMode=true task=ef_tlm:fight_mode_task learnedSkills=[eftlm_stylish:stylish_combat, ]
[138月2026 12:24:48.706] [Server thread/INFO] [eftlm_stylish/]: [RL] heartbeat: tick=1800 action=0 buffer=360 stack=5 skills=2
[138月2026 12:24:48.706] [Server thread/INFO] [eftlm_stylish/]: [RL] diag target: patch=entity.annoyingvillagers.null tlm=entity.annoyingvillagers.null dist=4.3
[138月2026 12:24:50.755] [Server thread/INFO] [eftlm_stylish/]: [DIAG] maid=model.touhou_little_maid.hakurei_reimu.name pos=BlockPos{x=1, y=-59, z=16} patch=MaidPatch isFightMode=true task=ef_tlm:fight_mode_task learnedSkills=[eftlm_stylish:stylish_combat, ]
[138月2026 12:24:53.255] [Server thread/INFO] [eftlm_stylish/]: [DIAG] maid=model.touhou_little_maid.hakurei_reimu.name pos=BlockPos{x=1, y=-59, z=16} patch=MaidPatch isFightMode=true task=ef_tlm:fight_mode_task learnedSkills=[eftlm_stylish:stylish_combat, ]
[138月2026 12:24:53.706] [Server thread/INFO] [eftlm_stylish/]: [RL] heartbeat: tick=1900 action=3 buffer=380 stack=5 skills=4
[138月2026 12:24:55.756] [Server thread/INFO] [eftlm_stylish/]: [DIAG] maid=model.touhou_little_maid.hakurei_reimu.name pos=BlockPos{x=7, y=-57, z=12} patch=MaidPatch isFightMode=true task=ef_tlm:fight_mode_task learnedSkills=[eftlm_stylish:stylish_combat, ]
[138月2026 12:24:58.255] [Server thread/INFO] [eftlm_stylish/]: [DIAG] maid=model.touhou_little_maid.hakurei_reimu.name pos=BlockPos{x=4, y=-59, z=1} patch=MaidPatch isFightMode=true task=ef_tlm:fight_mode_task learnedSkills=[eftlm_stylish:stylish_combat, ]
[138月2026 12:24:58.706] [Server thread/INFO] [eftlm_stylish/]: [RL] heartbeat: tick=2000 action=1 buffer=400 stack=0 skills=0
[138月2026 12:24:58.706] [Server thread/INFO] [eftlm_stylish/]: [RL] diag target: patch=entity.annoyingvillagers.null tlm=entity.annoyingvillagers.null dist=2.8
[138月2026 12:25:00.756] [Server thread/INFO] [eftlm_stylish/]: [DIAG] maid=model.touhou_little_maid.hakurei_reimu.name pos=BlockPos{x=4, y=-59, z=0} patch=MaidPatch isFightMode=true task=ef_tlm:fight_mode_task learnedSkills=[eftlm_stylish:stylish_combat, ]
[138月2026 12:25:03.254] [Server thread/INFO] [eftlm_stylish/]: [DIAG] maid=model.touhou_little_maid.hakurei_reimu.name pos=BlockPos{x=4, y=-59, z=0} patch=MaidPatch isFightMode=true task=ef_tlm:fight_mode_task learnedSkills=[eftlm_stylish:stylish_combat, ]
[138月2026 12:25:03.705] [Server thread/INFO] [eftlm_stylish/]: [RL] heartbeat: tick=2100 action=0 buffer=420 stack=0 skills=0
[138月2026 12:25:05.656] [Server thread/INFO] [eftlm_stylish/]: [SKILL] DEATH: annoyingvillagers:null_skeleton killed by source=entity.touhou_little_maid.maid msg=mob
[138月2026 12:25:05.656] [Server thread/INFO] [eftlm_stylish/]: [SKILL] KILL detected: entity.annoyingvillagers.null_skeleton by entity.touhou_little_maid.maid source=entity.touhou_little_maid.maid
[138月2026 12:25:05.708] [Server thread/INFO] [eftlm_stylish/]: [Arena] maid REVIVED by elixir: durability 2/6 (revived 1 times this life)
[138月2026 12:25:05.756] [Server thread/INFO] [eftlm_stylish/]: [DIAG] maid=model.touhou_little_maid.hakurei_reimu.name pos=BlockPos{x=8, y=-59, z=4} patch=MaidPatch isFightMode=true task=ef_tlm:fight_mode_task learnedSkills=[eftlm_stylish:stylish_combat, ]
[138月2026 12:25:08.256] [Server thread/INFO] [eftlm_stylish/]: [DIAG] maid=model.touhou_little_maid.hakurei_reimu.name pos=BlockPos{x=3, y=-59, z=12} patch=MaidPatch isFightMode=true task=ef_tlm:fight_mode_task learnedSkills=[eftlm_stylish:stylish_combat, ]
[138月2026 12:25:08.705] [Server thread/INFO] [eftlm_stylish/]: [RL] heartbeat: tick=2200 action=0 buffer=440 stack=0 skills=0
[138月2026 12:25:08.706] [Server thread/INFO] [eftlm_stylish/]: [RL] diag target: patch=entity.annoyingvillagers.null tlm=entity.annoyingvillagers.null dist=4.1
[138月2026 12:25:10.755] [Server thread/INFO] [eftlm_stylish/]: [DIAG] maid=model.touhou_little_maid.hakurei_reimu.name pos=BlockPos{x=4, y=-59, z=12} patch=MaidPatch isFightMode=true task=ef_tlm:fight_mode_task learnedSkills=[eftlm_stylish:stylish_combat, ]
[138月2026 12:25:13.255] [Server thread/INFO] [eftlm_stylish/]: [DIAG] maid=model.touhou_little_maid.hakurei_reimu.name pos=BlockPos{x=4, y=-59, z=11} patch=MaidPatch isFightMode=true task=ef_tlm:fight_mode_task learnedSkills=[eftlm_stylish:stylish_combat, ]
[138月2026 12:25:13.707] [Server thread/INFO] [eftlm_stylish/]: [RL] heartbeat: tick=2300 action=0 buffer=460 stack=1 skills=16
[138月2026 12:25:15.756] [Server thread/INFO] [eftlm_stylish/]: [DIAG] maid=model.touhou_little_maid.hakurei_reimu.name pos=BlockPos{x=4, y=-59, z=11} patch=MaidPatch isFightMode=true task=ef_tlm:fight_mode_task learnedSkills=[eftlm_stylish:stylish_combat, ]
[138月2026 12:25:16.706] [Server thread/INFO] [eftlm_stylish/]: [Arena] maid REVIVED by elixir: durability 1/6 (revived 1 times this life)
[138月2026 12:25:18.255] [Server thread/INFO] [eftlm_stylish/]: [DIAG] maid=model.touhou_little_maid.hakurei_reimu.name pos=BlockPos{x=4, y=-59, z=11} patch=MaidPatch isFightMode=true task=ef_tlm:fight_mode_task learnedSkills=[eftlm_stylish:stylish_combat, ]
[138月2026 12:25:18.705] [Server thread/INFO] [eftlm_stylish/]: [RL] heartbeat: tick=2400 action=0 buffer=480 stack=1 skills=16
[138月2026 12:25:18.706] [Server thread/INFO] [eftlm_stylish/]: [RL] diag target: patch=entity.annoyingvillagers.null tlm=entity.annoyingvillagers.null dist=2.5
[138月2026 12:25:20.755] [Server thread/INFO] [eftlm_stylish/]: [DIAG] maid=model.touhou_little_maid.hakurei_reimu.name pos=BlockPos{x=4, y=-59, z=8} patch=MaidPatch isFightMode=true task=ef_tlm:fight_mode_task learnedSkills=[eftlm_stylish:stylish_combat, ]
[138月2026 12:25:23.256] [Server thread/INFO] [eftlm_stylish/]: [DIAG] maid=model.touhou_little_maid.hakurei_reimu.name pos=BlockPos{x=3, y=-59, z=3} patch=MaidPatch isFightMode=true task=ef_tlm:fight_mode_task learnedSkills=[eftlm_stylish:stylish_combat, ]
[138月2026 12:25:23.706] [Server thread/INFO] [eftlm_stylish/]: [RL] heartbeat: tick=2500 action=0 buffer=500 stack=1 skills=16
[138月2026 12:25:25.757] [Server thread/INFO] [eftlm_stylish/]: [DIAG] maid=model.touhou_little_maid.hakurei_reimu.name pos=BlockPos{x=3, y=-59, z=3} patch=MaidPatch isFightMode=true task=ef_tlm:fight_mode_task learnedSkills=[eftlm_stylish:stylish_combat, ]
[138月2026 12:25:27.757] [Server thread/INFO] [eftlm_stylish/]: [SKILL] DEATH: annoyingvillagers:low_herobrine_clone killed by source=null msg=genericKill
[138月2026 12:25:28.256] [Server thread/INFO] [eftlm_stylish/]: [DIAG] maid=model.touhou_little_maid.hakurei_reimu.name pos=BlockPos{x=0, y=-57, z=0} patch=MaidPatch isFightMode=true task=ef_tlm:fight_mode_task learnedSkills=[eftlm_stylish:stylish_combat, ]
[138月2026 12:25:28.706] [Server thread/INFO] [eftlm_stylish/]: [RL] heartbeat: tick=2600 action=10 buffer=520 stack=1 skills=0
[138月2026 12:25:28.707] [Server thread/INFO] [eftlm_stylish/]: [RL] diag target: patch=entity.annoyingvillagers.null tlm=entity.annoyingvillagers.null dist=3.7
[138月2026 12:25:29.541] [RCON Listener #1/INFO] [net.minecraft.server.rcon.thread.GenericThread/]: Thread RCON Client /127.0.0.1 started
[138月2026 12:25:29.546] [RCON Client /127.0.0.1 #2/INFO] [net.minecraft.server.rcon.thread.RconClient/]: Thread RCON Client /127.0.0.1 shutting down
[138月2026 12:25:30.757] [Server thread/INFO] [eftlm_stylish/]: [DIAG] maid=model.touhou_little_maid.hakurei_reimu.name pos=BlockPos{x=0, y=-59, z=8} patch=MaidPatch isFightMode=true task=ef_tlm:fight_mode_task learnedSkills=[eftlm_stylish:stylish_combat, ef_tlm:meen_innate, ]
[138月2026 12:25:33.254] [Server thread/INFO] [eftlm_stylish/]: [DIAG] maid=model.touhou_little_maid.hakurei_reimu.name pos=BlockPos{x=0, y=-59, z=5} patch=MaidPatch isFightMode=true task=ef_tlm:fight_mode_task learnedSkills=[eftlm_stylish:stylish_combat, ef_tlm:meen_innate, ]
[138月2026 12:25:33.705] [Server thread/INFO] [eftlm_stylish/]: [RL] heartbeat: tick=2700 action=20 buffer=540 stack=3 skills=16
[138月2026 12:25:37.207] [Server thread/INFO] [eftlm_stylish/]: [DIAG] maid=model.touhou_little_maid.hakurei_reimu.name pos=BlockPos{x=0, y=-59, z=4} patch=MaidPatch isFightMode=true task=ef_tlm:fight_mode_task learnedSkills=[eftlm_stylish:stylish_combat, ]
[138月2026 12:25:38.707] [Server thread/INFO] [eftlm_stylish/]: [RL] heartbeat: tick=2800 action=0 buffer=560 stack=3 skills=16
[138月2026 12:25:38.707] [Server thread/INFO] [eftlm_stylish/]: [RL] diag target: patch=entity.annoyingvillagers.null tlm=entity.annoyingvillagers.null dist=3.3
[138月2026 12:25:42.204] [Server thread/INFO] [eftlm_stylish/]: [DIAG] maid=model.touhou_little_maid.hakurei_reimu.name pos=BlockPos{x=0, y=-59, z=4} patch=MaidPatch isFightMode=true task=ef_tlm:fight_mode_task learnedSkills=[eftlm_stylish:stylish_combat, ]
[138月2026 12:25:43.705] [Server thread/INFO] [eftlm_stylish/]: [RL] heartbeat: tick=2900 action=3 buffer=580 stack=5 skills=16
[138月2026 12:25:43.706] [Server thread/INFO] [eftlm_stylish/]: [DIAG] WOM behaviors registered: 19 items, 2 style-mapped items
[138月2026 12:25:43.708] [Server thread/INFO] [eftlm_stylish/]: [DIAG] EFN behaviors registered: 51 items
[138月2026 12:25:43.708] [Server thread/INFO] [eftlm_stylish/]: [DIAG] CombatBehaviorsEvent registered: 8 weapon categories + WOM behaviors (wom=true)
[138月2026 12:25:43.709] [Server thread/INFO] [eftlm_stylish/]: [DIAG] Maid join world: name=model.touhou_little_maid.hakurei_reimu.name patch=MaidPatch
[138月2026 12:25:43.709] [Server thread/INFO] [eftlm_stylish/]: [Arena] maid spawned at BlockPos{x=8, y=-59, z=8} id=202 main=efn:yamato_dmc4 melee=efn:kusabimaru/efn:meen_spear task=ef_tlm:fight_mode_task patch=OK
[138月2026 12:25:43.762] [Server thread/INFO] [eftlm_stylish/]: [RL] trajectory saved: traj_972d22c1_1786595143756.bin (580 steps, 46412 bytes)
[138月2026 12:25:46.704] [Server thread/INFO] [eftlm_stylish/]: [DIAG] maid=model.touhou_little_maid.hakurei_reimu.name pos=BlockPos{x=8, y=-59, z=8} patch=MaidPatch isFightMode=true task=ef_tlm:fight_mode_task learnedSkills=[eftlm_stylish:stylish_combat, ]
[138月2026 12:25:48.706] [Server thread/INFO] [eftlm_stylish/]: [RL] heartbeat: tick=100 action=0 buffer=20 stack=2 skills=4
[138月2026 12:25:51.708] [Server thread/INFO] [eftlm_stylish/]: [DIAG] maid=model.touhou_little_maid.hakurei_reimu.name pos=BlockPos{x=10, y=-59, z=11} patch=MaidPatch isFightMode=true task=ef_tlm:fight_mode_task learnedSkills=[eftlm_stylish:stylish_combat, ]
[138月2026 12:25:53.708] [Server thread/INFO] [eftlm_stylish/]: [RL] heartbeat: tick=200 action=0 buffer=40 stack=2 skills=2
[138月2026 12:25:53.708] [Server thread/INFO] [eftlm_stylish/]: [RL] diag target: patch=entity.annoyingvillagers.null_hoe tlm=entity.annoyingvillagers.null_hoe dist=6.8
[138月2026 12:25:56.707] [Server thread/INFO] [eftlm_stylish/]: [DIAG] maid=model.touhou_little_maid.hakurei_reimu.name pos=BlockPos{x=7, y=-59, z=16} patch=MaidPatch isFightMode=true task=ef_tlm:fight_mode_task learnedSkills=[eftlm_stylish:stylish_combat, ]
[138月2026 12:25:56.708] [Server thread/INFO] [eftlm_stylish/]: [Arena] cage: maid pulled back inside (r=8)
[138月2026 12:25:58.706] [Server thread/INFO] [eftlm_stylish/]: [RL] heartbeat: tick=300 action=0 buffer=60 stack=2 skills=16
[138月2026 12:25:58.707] [Server thread/INFO] [eftlm_stylish/]: [Arena] maid REVIVED by elixir: durability 5/6 (revived 1 times this life)
[138月2026 12:26:01.708] [Server thread/INFO] [eftlm_stylish/]: [DIAG] maid=model.touhou_little_maid.hakurei_reimu.name pos=BlockPos{x=7, y=-59, z=5} patch=MaidPatch isFightMode=true task=ef_tlm:fight_mode_task learnedSkills=[eftlm_stylish:stylish_combat, ]
[138月2026 12:26:01.709] [Server thread/INFO] [eftlm_stylish/]: [Arena] maid REVIVED by elixir: durability 4/6 (revived 1 times this life)
[138月2026 12:26:03.707] [Server thread/INFO] [eftlm_stylish/]: [RL] heartbeat: tick=400 action=0 buffer=80 stack=2 skills=16
[138月2026 12:26:03.707] [Server thread/INFO] [eftlm_stylish/]: [RL] diag target: patch=entity.annoyingvillagers.null tlm=entity.annoyingvillagers.null dist=1.9
[138月2026 12:26:06.706] [Server thread/INFO] [eftlm_stylish/]: [DIAG] maid=model.touhou_little_maid.hakurei_reimu.name pos=BlockPos{x=9, y=-57, z=0} patch=MaidPatch isFightMode=true task=ef_tlm:fight_mode_task learnedSkills=[eftlm_stylish:stylish_combat, ]
[138月2026 12:26:08.706] [Server thread/INFO] [eftlm_stylish/]: [RL] heartbeat: tick=500 action=9 buffer=100 stack=5 skills=16
[138月2026 12:26:09.406] [Server thread/INFO] [eftlm_stylish/]: [SKILL] DEATH: annoyingvillagers:low_herobrine_clone killed by source=null msg=genericKill
[138月2026 12:26:10.707] [Server thread/INFO] [eftlm_stylish/]: [Arena] maid REVIVED by elixir: durability 3/6 (revived 1 times this life)
[138月2026 12:26:11.706] [Server thread/INFO] [eftlm_stylish/]: [DIAG] maid=model.touhou_little_maid.hakurei_reimu.name pos=BlockPos{x=9, y=-59, z=0} patch=MaidPatch isFightMode=true task=ef_tlm:fight_mode_task learnedSkills=[eftlm_stylish:stylish_combat, ef_tlm:meen_innate, ]
[138月2026 12:26:13.705] [Server thread/INFO] [eftlm_stylish/]: [RL] heartbeat: tick=600 action=10 buffer=120 stack=5 skills=0
[138月2026 12:26:13.705] [Server thread/INFO] [eftlm_stylish/]: [RL] diag target: patch=entity.annoyingvillagers.null tlm=entity.annoyingvillagers.null dist=3.6
[138月2026 12:26:13.706] [Server thread/INFO] [eftlm_stylish/]: [Arena] maid REVIVED by elixir: durability 2/6 (revived 1 times this life)
[138月2026 12:26:16.705] [Server thread/INFO] [eftlm_stylish/]: [DIAG] maid=model.touhou_little_maid.hakurei_reimu.name pos=BlockPos{x=8, y=-59, z=0} patch=MaidPatch isFightMode=true task=ef_tlm:fight_mode_task learnedSkills=[eftlm_stylish:stylish_combat, ef_tlm:meen_innate, ]
[138月2026 12:26:18.707] [Server thread/INFO] [eftlm_stylish/]: [RL] heartbeat: tick=700 action=10 buffer=140 stack=5 skills=6
[138月2026 12:26:20.626] [Server thread/DEBUG] [epicfight/]: [EpicFightMod] No joint named Leg_R.KINEMATICS in EFNStunAnimation efn:animmodels/animations/biped/yamato/biped_hitup_2.json
[138月2026 12:26:20.626] [Server thread/DEBUG] [epicfight/]: [EpicFightMod] No joint named Leg_L.KINEMATICS in EFNStunAnimation efn:animmodels/animations/biped/yamato/biped_hitup_2.json
[138月2026 12:26:20.626] [Server thread/DEBUG] [epicfight/]: [EpicFightMod] No joint named Knee_R.KINEMATICS in EFNStunAnimation efn:animmodels/animations/biped/yamato/biped_hitup_2.json
[138月2026 12:26:20.626] [Server thread/DEBUG] [epicfight/]: [EpicFightMod] No joint named Knee_L.KINEMATICS in EFNStunAnimation efn:animmodels/animations/biped/yamato/biped_hitup_2.json
[138月2026 12:26:20.626] [Server thread/DEBUG] [epicfight/]: [EpicFightMod] No joint named Hand_R.KINEMATICS in EFNStunAnimation efn:animmodels/animations/biped/yamato/biped_hitup_2.json
[138月2026 12:26:20.626] [Server thread/DEBUG] [epicfight/]: [EpicFightMod] No joint named Hand_L.KINEMATICS in EFNStunAnimation efn:animmodels/animations/biped/yamato/biped_hitup_2.json
[138月2026 12:26:20.626] [Server thread/DEBUG] [epicfight/]: [EpicFightMod] No joint named Elbow_R.KINEMATICS in EFNStunAnimation efn:animmodels/animations/biped/yamato/biped_hitup_2.json
[138月2026 12:26:20.626] [Server thread/DEBUG] [epicfight/]: [EpicFightMod] No joint named Elbow_L.KINEMATICS in EFNStunAnimation efn:animmodels/animations/biped/yamato/biped_hitup_2.json
[138月2026 12:26:20.706] [Server thread/INFO] [eftlm_stylish/]: [Arena] maid REVIVED by elixir: durability 1/6 (revived 1 times this life)
[138月2026 12:26:21.156] [Server thread/INFO] [eftlm_stylish/]: [SKILL] DEATH: annoyingvillagers:null_skeleton killed by source=null msg=outOfWorld
[138月2026 12:26:21.707] [Server thread/INFO] [eftlm_stylish/]: [DIAG] maid=model.touhou_little_maid.hakurei_reimu.name pos=BlockPos{x=11, y=-59, z=3} patch=MaidPatch isFightMode=true task=ef_tlm:fight_mode_task learnedSkills=[eftlm_stylish:stylish_combat, ef_tlm:meen_innate, ]
[138月2026 12:26:23.705] [Server thread/INFO] [eftlm_stylish/]: [RL] heartbeat: tick=800 action=10 buffer=160 stack=5 skills=6
[138月2026 12:26:23.706] [Server thread/INFO] [eftlm_stylish/]: [RL] diag target: patch=entity.annoyingvillagers.null tlm=entity.annoyingvillagers.null dist=2.1
[138月2026 12:26:26.706] [Server thread/INFO] [eftlm_stylish/]: [DIAG] maid=model.touhou_little_maid.hakurei_reimu.name pos=BlockPos{x=15, y=-59, z=8} patch=MaidPatch isFightMode=true task=ef_tlm:fight_mode_task learnedSkills=[eftlm_stylish:stylish_combat, ef_tlm:meen_innate, ]
[138月2026 12:26:27.707] [Server thread/INFO] [eftlm_stylish/]: [Arena] cage: maid pulled back inside (r=8)
[138月2026 12:26:28.706] [Server thread/INFO] [eftlm_stylish/]: [RL] heartbeat: tick=900 action=0 buffer=180 stack=5 skills=0
[138月2026 12:26:31.707] [Server thread/INFO] [eftlm_stylish/]: [DIAG] maid=model.touhou_little_maid.hakurei_reimu.name pos=BlockPos{x=2, y=-59, z=10} patch=MaidPatch isFightMode=true task=ef_tlm:fight_mode_task learnedSkills=[eftlm_stylish:stylish_combat, ]
[138月2026 12:26:33.706] [Server thread/INFO] [eftlm_stylish/]: [RL] heartbeat: tick=1000 action=5 buffer=200 stack=5 skills=16
[138月2026 12:26:33.706] [Server thread/INFO] [eftlm_stylish/]: [RL] diag target: patch=entity.annoyingvillagers.null tlm=entity.annoyingvillagers.null dist=1.7
[138月2026 12:26:36.707] [Server thread/INFO] [eftlm_stylish/]: [DIAG] maid=model.touhou_little_maid.hakurei_reimu.name pos=BlockPos{x=2, y=-56, z=11} patch=MaidPatch isFightMode=true task=ef_tlm:fight_mode_task learnedSkills=[eftlm_stylish:stylish_combat, ]
[138月2026 12:26:38.705] [Server thread/INFO] [eftlm_stylish/]: [RL] heartbeat: tick=1100 action=9 buffer=220 stack=5 skills=16
[138月2026 12:26:39.506] [Server thread/INFO] [eftlm_stylish/]: [SKILL] DEATH: annoyingvillagers:null_skeleton killed by source=entity.touhou_little_maid.maid msg=mob
[138月2026 12:26:39.507] [Server thread/INFO] [eftlm_stylish/]: [SKILL] KILL detected: entity.annoyingvillagers.null_skeleton by entity.touhou_little_maid.maid source=entity.touhou_little_maid.maid
[138月2026 12:26:41.704] [Server thread/INFO] [eftlm_stylish/]: [DIAG] maid=model.touhou_little_maid.hakurei_reimu.name pos=BlockPos{x=11, y=-59, z=13} patch=MaidPatch isFightMode=true task=ef_tlm:fight_mode_task learnedSkills=[eftlm_stylish:stylish_combat, ]
[138月2026 12:26:43.706] [Server thread/INFO] [eftlm_stylish/]: [RL] heartbeat: tick=1200 action=11 buffer=240 stack=3 skills=2
[138月2026 12:26:43.707] [Server thread/INFO] [eftlm_stylish/]: [RL] diag target: patch=entity.annoyingvillagers.null tlm=entity.annoyingvillagers.null dist=7.2
[138月2026 12:26:43.707] [Server thread/INFO] [eftlm_stylish/]: [Arena] cage: maid pulled back inside (r=8)
[138月2026 12:26:46.706] [Server thread/INFO] [eftlm_stylish/]: [DIAG] maid=model.touhou_little_maid.hakurei_reimu.name pos=BlockPos{x=7, y=-59, z=8} patch=MaidPatch isFightMode=true task=ef_tlm:fight_mode_task learnedSkills=[eftlm_stylish:stylish_combat, ]
[138月2026 12:26:48.706] [Server thread/INFO] [eftlm_stylish/]: [RL] heartbeat: tick=1300 action=1 buffer=260 stack=0 skills=0
[138月2026 12:26:49.459] [Server thread/INFO] [eftlm_stylish/]: [RL] trajectory saved: traj_ffae519e_1786595209457.bin (262 steps, 20972 bytes)
[138月2026 12:26:49.509] [Server thread/INFO] [eftlm_stylish/]: [RL] trajectory saved: traj_ffae519e_1786595209507.bin (1 steps, 92 bytes)
[138月2026 12:26:49.705] [Server thread/INFO] [eftlm_stylish/]: [DIAG] WOM behaviors registered: 19 items, 2 style-mapped items
[138月2026 12:26:49.706] [Server thread/INFO] [eftlm_stylish/]: [DIAG] EFN behaviors registered: 51 items
[138月2026 12:26:49.706] [Server thread/INFO] [eftlm_stylish/]: [DIAG] CombatBehaviorsEvent registered: 8 weapon categories + WOM behaviors (wom=true)
[138月2026 12:26:49.707] [Server thread/INFO] [eftlm_stylish/]: [DIAG] Maid join world: name=model.touhou_little_maid.hakurei_reimu.name patch=MaidPatch
[138月2026 12:26:49.708] [Server thread/INFO] [eftlm_stylish/]: [Arena] maid spawned at BlockPos{x=8, y=-59, z=8} id=280 main=efn:yamato_dmc4 melee=efn:kusabimaru/efn:meen_spear task=ef_tlm:fight_mode_task patch=OK
[138月2026 12:26:49.759] [Server thread/INFO] [eftlm_stylish/]: [RL] trajectory saved: traj_ffae519e_1786595209757.bin (1 steps, 92 bytes)
[138月2026 12:26:51.506] [Server thread/INFO] [eftlm_stylish/]: [DIAG] maid=model.touhou_little_maid.hakurei_reimu.name pos=BlockPos{x=9, y=-59, z=9} patch=MaidPatch isFightMode=true task=ef_tlm:fight_mode_task learnedSkills=[eftlm_stylish:stylish_combat, ]
[138月2026 12:26:54.705] [Server thread/INFO] [eftlm_stylish/]: [RL] heartbeat: tick=100 action=0 buffer=20 stack=0 skills=0
[138月2026 12:26:56.155] [Server thread/INFO] [eftlm_stylish/]: [SKILL] DEATH: annoyingvillagers:low_shadow_herobrine_clone killed by source=null msg=genericKill
[138月2026 12:26:56.506] [Server thread/INFO] [eftlm_stylish/]: [DIAG] maid=model.touhou_little_maid.hakurei_reimu.name pos=BlockPos{x=8, y=-57, z=9} patch=MaidPatch isFightMode=true task=ef_tlm:fight_mode_task learnedSkills=[eftlm_stylish:stylish_combat, ]
[138月2026 12:26:59.705] [Server thread/INFO] [eftlm_stylish/]: [RL] heartbeat: tick=200 action=9 buffer=40 stack=0 skills=0
[138月2026 12:26:59.705] [Server thread/INFO] [eftlm_stylish/]: [RL] diag target: patch=entity.annoyingvillagers.null tlm=entity.annoyingvillagers.null dist=0.2
[138月2026 12:27:01.506] [Server thread/INFO] [eftlm_stylish/]: [DIAG] maid=model.touhou_little_maid.hakurei_reimu.name pos=BlockPos{x=8, y=-59, z=8} patch=MaidPatch isFightMode=true task=ef_tlm:fight_mode_task learnedSkills=[eftlm_stylish:stylish_combat, ]
[138月2026 12:27:04.706] [Server thread/INFO] [eftlm_stylish/]: [RL] heartbeat: tick=300 action=0 buffer=60 stack=0 skills=0
[138月2026 12:27:06.507] [Server thread/INFO] [eftlm_stylish/]: [DIAG] maid=model.touhou_little_maid.hakurei_reimu.name pos=BlockPos{x=15, y=-59, z=0} patch=MaidPatch isFightMode=true task=ef_tlm:fight_mode_task learnedSkills=[eftlm_stylish:stylish_combat, ]
[138月2026 12:27:09.708] [Server thread/INFO] [eftlm_stylish/]: [RL] heartbeat: tick=400 action=0 buffer=80 stack=0 skills=0
[138月2026 12:27:09.708] [Server thread/INFO] [eftlm_stylish/]: [RL] diag target: patch=entity.annoyingvillagers.null tlm=entity.annoyingvillagers.null dist=2.0
[138月2026 12:27:11.507] [Server thread/INFO] [eftlm_stylish/]: [DIAG] maid=model.touhou_little_maid.hakurei_reimu.name pos=BlockPos{x=14, y=-59, z=5} patch=MaidPatch isFightMode=true task=ef_tlm:fight_mode_task learnedSkills=[eftlm_stylish:stylish_combat, ]
[138月2026 12:27:14.706] [Server thread/INFO] [eftlm_stylish/]: [RL] heartbeat: tick=500 action=0 buffer=100 stack=1 skills=16
[138月2026 12:27:15.926] [Server thread/DEBUG] [epicfight/]: [EpicFightMod] No joint named Leg_R.KINEMATICS in EFNStunAnimation efn:animmodels/animations/biped/yamato/biped_hitup_3.json
[138月2026 12:27:15.926] [Server thread/DEBUG] [epicfight/]: [EpicFightMod] No joint named Leg_L.KINEMATICS in EFNStunAnimation efn:animmodels/animations/biped/yamato/biped_hitup_3.json
[138月2026 12:27:15.926] [Server thread/DEBUG] [epicfight/]: [EpicFightMod] No joint named Knee_R.KINEMATICS in EFNStunAnimation efn:animmodels/animations/biped/yamato/biped_hitup_3.json
[138月2026 12:27:15.926] [Server thread/DEBUG] [epicfight/]: [EpicFightMod] No joint named Knee_L.KINEMATICS in EFNStunAnimation efn:animmodels/animations/biped/yamato/biped_hitup_3.json
[138月2026 12:27:15.926] [Server thread/DEBUG] [epicfight/]: [EpicFightMod] No joint named Hand_R.KINEMATICS in EFNStunAnimation efn:animmodels/animations/biped/yamato/biped_hitup_3.json
[138月2026 12:27:15.926] [Server thread/DEBUG] [epicfight/]: [EpicFightMod] No joint named Hand_L.KINEMATICS in EFNStunAnimation efn:animmodels/animations/biped/yamato/biped_hitup_3.json
[138月2026 12:27:15.926] [Server thread/DEBUG] [epicfight/]: [EpicFightMod] No joint named Elbow_R.KINEMATICS in EFNStunAnimation efn:animmodels/animations/biped/yamato/biped_hitup_3.json
[138月2026 12:27:15.926] [Server thread/DEBUG] [epicfight/]: [EpicFightMod] No joint named Elbow_L.KINEMATICS in EFNStunAnimation efn:animmodels/animations/biped/yamato/biped_hitup_3.json
[138月2026 12:27:16.507] [Server thread/INFO] [eftlm_stylish/]: [DIAG] maid=model.touhou_little_maid.hakurei_reimu.name pos=BlockPos{x=7, y=-59, z=10} patch=MaidPatch isFightMode=true task=ef_tlm:fight_mode_task learnedSkills=[eftlm_stylish:stylish_combat, ]
[138月2026 12:27:18.708] [Server thread/INFO] [eftlm_stylish/]: [Arena] maid REVIVED by elixir: durability 5/6 (revived 1 times this life)
[138月2026 12:27:19.708] [Server thread/INFO] [eftlm_stylish/]: [RL] heartbeat: tick=600 action=3 buffer=120 stack=5 skills=16
[138月2026 12:27:19.708] [Server thread/INFO] [eftlm_stylish/]: [RL] diag target: patch=entity.annoyingvillagers.null tlm=entity.annoyingvillagers.null dist=3.4
[138月2026 12:27:20.806] [Server thread/INFO] [eftlm_stylish/]: [SKILL] DEATH: annoyingvillagers:null_skeleton killed by source=null msg=outOfWorld
[138月2026 12:27:21.506] [Server thread/INFO] [eftlm_stylish/]: [DIAG] maid=model.touhou_little_maid.hakurei_reimu.name pos=BlockPos{x=13, y=-59, z=16} patch=MaidPatch isFightMode=true task=ef_tlm:fight_mode_task learnedSkills=[eftlm_stylish:stylish_combat, ef_tlm:meen_innate, ]
[138月2026 12:27:21.706] [Server thread/INFO] [eftlm_stylish/]: [Arena] cage: maid pulled back inside (r=8)
[138月2026 12:27:24.705] [Server thread/INFO] [eftlm_stylish/]: [RL] heartbeat: tick=700 action=0 buffer=140 stack=5 skills=0
[138月2026 12:27:26.506] [Server thread/INFO] [eftlm_stylish/]: [DIAG] maid=model.touhou_little_maid.hakurei_reimu.name pos=BlockPos{x=7, y=-59, z=0} patch=MaidPatch isFightMode=true task=ef_tlm:fight_mode_task learnedSkills=[eftlm_stylish:stylish_combat, ef_tlm:meen_innate, ]
[138月2026 12:27:29.706] [Server thread/INFO] [eftlm_stylish/]: [RL] heartbeat: tick=800 action=10 buffer=160 stack=5 skills=6
[138月2026 12:27:29.707] [Server thread/INFO] [eftlm_stylish/]: [RL] diag target: patch=entity.annoyingvillagers.null tlm=entity.annoyingvillagers.null dist=1.3
[138月2026 12:27:31.507] [Server thread/INFO] [eftlm_stylish/]: [DIAG] maid=model.touhou_little_maid.hakurei_reimu.name pos=BlockPos{x=7, y=-59, z=0} patch=MaidPatch isFightMode=true task=ef_tlm:fight_mode_task learnedSkills=[eftlm_stylish:stylish_combat, ]
[138月2026 12:27:31.707] [Server thread/INFO] [eftlm_stylish/]: [Arena] maid REVIVED by elixir: durability 4/6 (revived 1 times this life)
[138月2026 12:27:34.705] [Server thread/INFO] [eftlm_stylish/]: [RL] heartbeat: tick=900 action=10 buffer=180 stack=5 skills=6
[138月2026 12:27:36.505] [Server thread/INFO] [eftlm_stylish/]: [DIAG] maid=model.touhou_little_maid.hakurei_reimu.name pos=BlockPos{x=6, y=-59, z=7} patch=MaidPatch isFightMode=true task=ef_tlm:fight_mode_task learnedSkills=[eftlm_stylish:stylish_combat, ]
[138月2026 12:27:39.705] [Server thread/INFO] [eftlm_stylish/]: [RL] heartbeat: tick=1000 action=26 buffer=200 stack=5 skills=16
[138月2026 12:27:39.705] [Server thread/INFO] [eftlm_stylish/]: [RL] diag target: patch=entity.annoyingvillagers.null tlm=entity.annoyingvillagers.null dist=2.6
[138月2026 12:27:41.504] [Server thread/INFO] [eftlm_stylish/]: [DIAG] maid=model.touhou_little_maid.hakurei_reimu.name pos=BlockPos{x=8, y=-59, z=12} patch=MaidPatch isFightMode=true task=ef_tlm:fight_mode_task learnedSkills=[eftlm_stylish:stylish_combat, ]
[138月2026 12:27:44.704] [Server thread/INFO] [eftlm_stylish/]: [RL] heartbeat: tick=1100 action=3 buffer=220 stack=5 skills=16
[138月2026 12:27:45.356] [Server thread/INFO] [eftlm_stylish/]: [SKILL] DEATH: annoyingvillagers:low_herobrine_clone killed by source=null msg=genericKill
[138月2026 12:27:46.506] [Server thread/INFO] [eftlm_stylish/]: [DIAG] maid=model.touhou_little_maid.hakurei_reimu.name pos=BlockPos{x=8, y=-59, z=12} patch=MaidPatch isFightMode=true task=ef_tlm:fight_mode_task learnedSkills=[eftlm_stylish:stylish_combat, ]
[138月2026 12:27:49.706] [Server thread/INFO] [eftlm_stylish/]: [RL] heartbeat: tick=1200 action=0 buffer=240 stack=5 skills=0
[138月2026 12:27:49.706] [Server thread/INFO] [eftlm_stylish/]: [RL] diag target: patch=entity.annoyingvillagers.null tlm=entity.annoyingvillagers.null dist=11.8
[138月2026 12:27:51.506] [Server thread/INFO] [eftlm_stylish/]: [DIAG] maid=model.touhou_little_maid.hakurei_reimu.name pos=BlockPos{x=7, y=-59, z=13} patch=MaidPatch isFightMode=true task=ef_tlm:fight_mode_task learnedSkills=[eftlm_stylish:stylish_combat, ]
[138月2026 12:27:54.705] [Server thread/INFO] [eftlm_stylish/]: [RL] heartbeat: tick=1300 action=3 buffer=260 stack=5 skills=4
[138月2026 12:27:56.507] [Server thread/INFO] [eftlm_stylish/]: [DIAG] maid=model.touhou_little_maid.hakurei_reimu.name pos=BlockPos{x=9, y=-59, z=15} patch=MaidPatch isFightMode=true task=ef_tlm:fight_mode_task learnedSkills=[eftlm_stylish:stylish_combat, ]
[138月2026 12:27:59.708] [Server thread/INFO] [eftlm_stylish/]: [RL] heartbeat: tick=1400 action=5 buffer=280 stack=5 skills=16
[138月2026 12:27:59.709] [Server thread/INFO] [eftlm_stylish/]: [RL] diag target: patch=entity.annoyingvillagers.null tlm=entity.annoyingvillagers.null dist=1.7
[138月2026 12:28:01.506] [Server thread/INFO] [eftlm_stylish/]: [DIAG] maid=model.touhou_little_maid.hakurei_reimu.name pos=BlockPos{x=10, y=-59, z=11} patch=MaidPatch isFightMode=true task=ef_tlm:fight_mode_task learnedSkills=[eftlm_stylish:stylish_combat, ]
[138月2026 12:28:04.705] [Server thread/INFO] [eftlm_stylish/]: [RL] heartbeat: tick=1500 action=10 buffer=300 stack=5 skills=6
[138月2026 12:28:05.707] [Server thread/INFO] [eftlm_stylish/]: [Arena] cage: maid pulled back inside (r=8)
[138月2026 12:28:06.505] [Server thread/INFO] [eftlm_stylish/]: [DIAG] maid=model.touhou_little_maid.hakurei_reimu.name pos=BlockPos{x=7, y=-59, z=6} patch=MaidPatch isFightMode=true task=ef_tlm:fight_mode_task learnedSkills=[eftlm_stylish:stylish_combat, ]
[138月2026 12:28:08.705] [Server thread/INFO] [eftlm_stylish/]: [Arena] maid REVIVED by elixir: durability 3/6 (revived 1 times this life)
[138月2026 12:28:09.706] [Server thread/INFO] [eftlm_stylish/]: [RL] heartbeat: tick=1600 action=1 buffer=320 stack=5 skills=4
[138月2026 12:28:09.706] [Server thread/INFO] [eftlm_stylish/]: [RL] diag target: patch=entity.annoyingvillagers.null tlm=entity.annoyingvillagers.null dist=3.9
[138月2026 12:28:09.772] [Server thread/DEBUG] [epicfight/]: [EpicFightMod] No joint named Leg_R.KINEMATICS in EFNStunAnimation efn:animmodels/animations/biped/yamato/biped_hit_ground_r0.json
[138月2026 12:28:09.772] [Server thread/DEBUG] [epicfight/]: [EpicFightMod] No joint named Leg_L.KINEMATICS in EFNStunAnimation efn:animmodels/animations/biped/yamato/biped_hit_ground_r0.json
[138月2026 12:28:09.772] [Server thread/DEBUG] [epicfight/]: [EpicFightMod] No joint named Knee_R.KINEMATICS in EFNStunAnimation efn:animmodels/animations/biped/yamato/biped_hit_ground_r0.json
[138月2026 12:28:09.772] [Server thread/DEBUG] [epicfight/]: [EpicFightMod] No joint named Knee_L.KINEMATICS in EFNStunAnimation efn:animmodels/animations/biped/yamato/biped_hit_ground_r0.json
[138月2026 12:28:09.772] [Server thread/DEBUG] [epicfight/]: [EpicFightMod] No joint named Hand_R.KINEMATICS in EFNStunAnimation efn:animmodels/animations/biped/yamato/biped_hit_ground_r0.json
[138月2026 12:28:09.772] [Server thread/DEBUG] [epicfight/]: [EpicFightMod] No joint named Hand_L.KINEMATICS in EFNStunAnimation efn:animmodels/animations/biped/yamato/biped_hit_ground_r0.json
[138月2026 12:28:09.772] [Server thread/DEBUG] [epicfight/]: [EpicFightMod] No joint named Elbow_R.KINEMATICS in EFNStunAnimation efn:animmodels/animations/biped/yamato/biped_hit_ground_r0.json
[138月2026 12:28:09.772] [Server thread/DEBUG] [epicfight/]: [EpicFightMod] No joint named Elbow_L.KINEMATICS in EFNStunAnimation efn:animmodels/animations/biped/yamato/biped_hit_ground_r0.json
[138月2026 12:28:11.507] [Server thread/INFO] [eftlm_stylish/]: [DIAG] maid=model.touhou_little_maid.hakurei_reimu.name pos=BlockPos{x=4, y=-59, z=8} patch=MaidPatch isFightMode=true task=ef_tlm:fight_mode_task learnedSkills=[eftlm_stylish:stylish_combat, ]
[138月2026 12:28:14.707] [Server thread/INFO] [eftlm_stylish/]: [RL] heartbeat: tick=1700 action=3 buffer=340 stack=4 skills=16
[138月2026 12:28:16.507] [Server thread/INFO] [eftlm_stylish/]: [DIAG] maid=model.touhou_little_maid.hakurei_reimu.name pos=BlockPos{x=0, y=-59, z=16} patch=MaidPatch isFightMode=true task=ef_tlm:fight_mode_task learnedSkills=[eftlm_stylish:stylish_combat, ]
[138月2026 12:28:16.706] [Server thread/INFO] [eftlm_stylish/]: [Arena] maid REVIVED by elixir: durability 2/6 (revived 1 times this life)
[138月2026 12:28:16.708] [Server thread/INFO] [eftlm_stylish/]: [Arena] cage: maid pulled back inside (r=8)
[138月2026 12:28:17.728] [Server thread/DEBUG] [net.minecraftforge.common.ForgeHooks/WP]: Gathering id map for writing to world save maid_pilot_world
[138月2026 12:28:17.746] [Server thread/DEBUG] [net.minecraftforge.common.ForgeHooks/WP]: ID Map collection complete maid_pilot_world
[138月2026 12:28:19.706] [Server thread/INFO] [eftlm_stylish/]: [RL] heartbeat: tick=1800 action=3 buffer=360 stack=5 skills=16
[138月2026 12:28:19.706] [Server thread/INFO] [eftlm_stylish/]: [RL] diag target: patch=entity.annoyingvillagers.null tlm=entity.annoyingvillagers.null dist=3.2
[138月2026 12:28:19.707] [Server thread/INFO] [eftlm_stylish/]: [Arena] maid REVIVED by elixir: durability 1/6 (revived 1 times this life)
[138月2026 12:28:21.206] [Server thread/INFO] [eftlm_stylish/]: [SKILL] DEATH: annoyingvillagers:null_skeleton killed by source=null msg=outOfWorld
[138月2026 12:28:21.508] [Server thread/INFO] [eftlm_stylish/]: [DIAG] maid=model.touhou_little_maid.hakurei_reimu.name pos=BlockPos{x=16, y=-59, z=13} patch=MaidPatch isFightMode=true task=ef_tlm:fight_mode_task learnedSkills=[eftlm_stylish:stylish_combat, ]
[138月2026 12:28:21.706] [Server thread/INFO] [eftlm_stylish/]: [Arena] cage: maid pulled back inside (r=8)
[138月2026 12:28:24.706] [Server thread/INFO] [eftlm_stylish/]: [RL] heartbeat: tick=1900 action=3 buffer=380 stack=5 skills=16
[138月2026 12:28:26.504] [Server thread/INFO] [eftlm_stylish/]: [DIAG] maid=model.touhou_little_maid.hakurei_reimu.name pos=BlockPos{x=8, y=-59, z=9} patch=MaidPatch isFightMode=true task=ef_tlm:fight_mode_task learnedSkills=[eftlm_stylish:stylish_combat, ]
[138月2026 12:28:29.705] [Server thread/INFO] [eftlm_stylish/]: [RL] heartbeat: tick=2000 action=17 buffer=400 stack=5 skills=16
[138月2026 12:28:29.706] [Server thread/INFO] [eftlm_stylish/]: [RL] diag target: patch=entity.annoyingvillagers.null tlm=entity.annoyingvillagers.null dist=1.2
[138月2026 12:28:31.506] [Server thread/INFO] [eftlm_stylish/]: [DIAG] maid=model.touhou_little_maid.hakurei_reimu.name pos=BlockPos{x=9, y=-59, z=8} patch=MaidPatch isFightMode=true task=ef_tlm:fight_mode_task learnedSkills=[eftlm_stylish:stylish_combat, ]
[138月2026 12:28:32.855] [Server thread/INFO] [eftlm_stylish/]: [SKILL] DEATH: annoyingvillagers:low_shadow_herobrine_clone killed by source=null msg=genericKill
[138月2026 12:28:34.706] [Server thread/INFO] [eftlm_stylish/]: [RL] heartbeat: tick=2100 action=9 buffer=420 stack=5 skills=16
[138月2026 12:28:36.506] [Server thread/INFO] [eftlm_stylish/]: [DIAG] maid=model.touhou_little_maid.hakurei_reimu.name pos=BlockPos{x=16, y=-59, z=1} patch=MaidPatch isFightMode=true task=ef_tlm:fight_mode_task learnedSkills=[eftlm_stylish:stylish_combat, ]
[138月2026 12:28:36.706] [Server thread/INFO] [eftlm_stylish/]: [Arena] cage: maid pulled back inside (r=8)
[138月2026 12:28:37.859] [Server thread/INFO] [eftlm_stylish/]: [RL] trajectory saved: traj_de8fc382_1786595317857.bin (432 steps, 34572 bytes)
[138月2026 12:28:38.009] [Server thread/INFO] [eftlm_stylish/]: [RL] trajectory saved: traj_de8fc382_1786595318008.bin (1 steps, 92 bytes)
[138月2026 12:28:38.259] [Server thread/INFO] [eftlm_stylish/]: [RL] trajectory saved: traj_de8fc382_1786595318258.bin (1 steps, 92 bytes)
[138月2026 12:28:38.707] [Server thread/INFO] [eftlm_stylish/]: [DIAG] WOM behaviors registered: 19 items, 2 style-mapped items
[138月2026 12:28:38.707] [Server thread/INFO] [eftlm_stylish/]: [DIAG] EFN behaviors registered: 51 items
[138月2026 12:28:38.708] [Server thread/INFO] [eftlm_stylish/]: [DIAG] CombatBehaviorsEvent registered: 8 weapon categories + WOM behaviors (wom=true)
[138月2026 12:28:38.709] [Server thread/INFO] [eftlm_stylish/]: [DIAG] Maid join world: name=model.touhou_little_maid.hakurei_reimu.name patch=MaidPatch
[138月2026 12:28:38.711] [Server thread/INFO] [eftlm_stylish/]: [Arena] maid spawned at BlockPos{x=8, y=-59, z=8} id=404 main=efn:yamato_dmc4 melee=efn:kusabimaru/efn:meen_spear task=ef_tlm:fight_mode_task patch=OK
[138月2026 12:28:41.907] [Server thread/INFO] [eftlm_stylish/]: [DIAG] maid=model.touhou_little_maid.hakurei_reimu.name pos=BlockPos{x=10, y=-59, z=11} patch=MaidPatch isFightMode=true task=ef_tlm:fight_mode_task learnedSkills=[eftlm_stylish:stylish_combat, ]
[138月2026 12:28:43.708] [Server thread/INFO] [eftlm_stylish/]: [RL] heartbeat: tick=100 action=0 buffer=20 stack=0 skills=0
[138月2026 12:28:46.907] [Server thread/INFO] [eftlm_stylish/]: [DIAG] maid=model.touhou_little_maid.hakurei_reimu.name pos=BlockPos{x=11, y=-59, z=9} patch=MaidPatch isFightMode=true task=ef_tlm:fight_mode_task learnedSkills=[eftlm_stylish:stylish_combat, ]
[138月2026 12:28:48.706] [Server thread/INFO] [eftlm_stylish/]: [RL] heartbeat: tick=200 action=1 buffer=40 stack=1 skills=16
[138月2026 12:28:48.706] [Server thread/INFO] [eftlm_stylish/]: [RL] diag target: patch=entity.annoyingvillagers.null_pickaxe tlm=entity.annoyingvillagers.null_pickaxe dist=1.1
[138月2026 12:28:51.906] [Server thread/INFO] [eftlm_stylish/]: [DIAG] maid=model.touhou_little_maid.hakurei_reimu.name pos=BlockPos{x=12, y=-59, z=8} patch=MaidPatch isFightMode=true task=ef_tlm:fight_mode_task learnedSkills=[eftlm_stylish:stylish_combat, ]
[138月2026 12:28:53.707] [Server thread/INFO] [eftlm_stylish/]: [RL] heartbeat: tick=300 action=0 buffer=60 stack=1 skills=2
[138月2026 12:28:56.904] [Server thread/INFO] [eftlm_stylish/]: [DIAG] maid=model.touhou_little_maid.hakurei_reimu.name pos=BlockPos{x=10, y=-59, z=13} patch=MaidPatch isFightMode=true task=ef_tlm:fight_mode_task learnedSkills=[eftlm_stylish:stylish_combat, ]
[138月2026 12:28:58.706] [Server thread/INFO] [eftlm_stylish/]: [RL] heartbeat: tick=400 action=0 buffer=80 stack=1 skills=16
[138月2026 12:28:58.707] [Server thread/INFO] [eftlm_stylish/]: [RL] diag target: patch=entity.annoyingvillagers.null tlm=entity.annoyingvillagers.null dist=2.2
[138月2026 12:29:01.706] [Server thread/INFO] [eftlm_stylish/]: [Arena] cage: maid pulled back inside (r=8)
[138月2026 12:29:01.906] [Server thread/INFO] [eftlm_stylish/]: [DIAG] maid=model.touhou_little_maid.hakurei_reimu.name pos=BlockPos{x=8, y=-59, z=8} patch=MaidPatch isFightMode=true task=ef_tlm:fight_mode_task learnedSkills=[eftlm_stylish:stylish_combat, ]
[138月2026 12:29:03.707] [Server thread/INFO] [eftlm_stylish/]: [RL] heartbeat: tick=500 action=0 buffer=100 stack=1 skills=16
[138月2026 12:29:03.708] [Server thread/INFO] [eftlm_stylish/]: [Arena] maid REVIVED by elixir: durability 5/6 (revived 1 times this life)
[138月2026 12:29:06.908] [Server thread/INFO] [eftlm_stylish/]: [DIAG] maid=model.touhou_little_maid.hakurei_reimu.name pos=BlockPos{x=9, y=-59, z=0} patch=MaidPatch isFightMode=true task=ef_tlm:fight_mode_task learnedSkills=[eftlm_stylish:stylish_combat, ]
[138月2026 12:29:08.706] [Server thread/INFO] [eftlm_stylish/]: [RL] heartbeat: tick=600 action=9 buffer=120 stack=5 skills=16
[138月2026 12:29:08.707] [Server thread/INFO] [eftlm_stylish/]: [RL] diag target: patch=entity.annoyingvillagers.null tlm=entity.annoyingvillagers.null dist=3.2
[138月2026 12:29:10.707] [Server thread/INFO] [eftlm_stylish/]: [Arena] maid REVIVED by elixir: durability 4/6 (revived 1 times this life)
[138月2026 12:29:11.904] [Server thread/INFO] [eftlm_stylish/]: [DIAG] maid=model.touhou_little_maid.hakurei_reimu.name pos=BlockPos{x=14, y=-59, z=1} patch=MaidPatch isFightMode=true task=ef_tlm:fight_mode_task learnedSkills=[eftlm_stylish:stylish_combat, ]
[138月2026 12:29:13.705] [Server thread/INFO] [eftlm_stylish/]: [RL] heartbeat: tick=700 action=10 buffer=140 stack=5 skills=6
[138月2026 12:29:16.907] [Server thread/INFO] [eftlm_stylish/]: [DIAG] maid=model.touhou_little_maid.hakurei_reimu.name pos=BlockPos{x=12, y=-59, z=0} patch=MaidPatch isFightMode=true task=ef_tlm:fight_mode_task learnedSkills=[eftlm_stylish:stylish_combat, ]
[138月2026 12:29:18.707] [Server thread/INFO] [eftlm_stylish/]: [RL] heartbeat: tick=800 action=0 buffer=160 stack=5 skills=0
[138月2026 12:29:18.707] [Server thread/INFO] [eftlm_stylish/]: [RL] diag target: patch=entity.annoyingvillagers.low_shadow_herobrine_clone tlm=entity.annoyingvillagers.low_shadow_herobrine_clone dist=9.2
[138月2026 12:29:21.007] [Server thread/INFO] [eftlm_stylish/]: [SKILL] DEATH: annoyingvillagers:low_shadow_herobrine_clone killed by source=null msg=genericKill
[138月2026 12:29:21.706] [Server thread/INFO] [eftlm_stylish/]: [Arena] maid REVIVED by elixir: durability 3/6 (revived 1 times this life)
[138月2026 12:29:21.905] [Server thread/INFO] [eftlm_stylish/]: [DIAG] maid=model.touhou_little_maid.hakurei_reimu.name pos=BlockPos{x=9, y=-59, z=8} patch=MaidPatch isFightMode=true task=ef_tlm:fight_mode_task learnedSkills=[eftlm_stylish:stylish_combat, ]
[138月2026 12:29:23.706] [Server thread/INFO] [eftlm_stylish/]: [RL] heartbeat: tick=900 action=9 buffer=180 stack=5 skills=2
[138月2026 12:29:26.905] [Server thread/INFO] [eftlm_stylish/]: [DIAG] maid=model.touhou_little_maid.hakurei_reimu.name pos=BlockPos{x=7, y=-59, z=5} patch=MaidPatch isFightMode=true task=ef_tlm:fight_mode_task learnedSkills=[eftlm_stylish:stylish_combat, ]
[138月2026 12:29:28.706] [Server thread/INFO] [eftlm_stylish/]: [RL] heartbeat: tick=1000 action=3 buffer=200 stack=5 skills=16
[138月2026 12:29:28.708] [Server thread/INFO] [eftlm_stylish/]: [RL] diag target: patch=entity.annoyingvillagers.null tlm=entity.annoyingvillagers.null dist=1.4
[138月2026 12:29:30.704] [Server thread/INFO] [eftlm_stylish/]: [Arena] cage: maid pulled back inside (r=8)
