[138月2026 18:51:56.239] [main/INFO] [cpw.mods.modlauncher.Launcher/MODLAUNCHER]: ModLauncher running: args [--launchTarget, forgeserver, --fml.forgeVersion, 47.4.13, --fml.mcVersion, 1.20.1, --fml.forgeGroup, net.minecraftforge, --fml.mcpVersion, 20230612.114412, nogui]
[138月2026 18:51:56.250] [main/INFO] [cpw.mods.modlauncher.Launcher/MODLAUNCHER]: ModLauncher 10.0.9+10.0.9+main.dcd20f30 starting: java version 17.0.10 by Oracle Corporation; OS Windows 11 arch amd64 version 10.0
[138月2026 18:51:56.303] [main/DEBUG] [cpw.mods.modlauncher.LaunchServiceHandler/MODLAUNCHER]: Found launch services [fmlclientdev,forgeclient,minecraft,forgegametestserverdev,fmlserveruserdev,fmlclient,fmldatauserdev,forgeserverdev,forgeserveruserdev,forgeclientdev,forgeclientuserdev,forgeserver,forgedatadev,fmlserver,fmlclientuserdev,fmlserverdev,forgedatauserdev,testharness,forgegametestserveruserdev]
[138月2026 18:51:56.331] [main/DEBUG] [cpw.mods.modlauncher.NameMappingServiceHandler/MODLAUNCHER]: Found naming services : [srgtomcp]
[138月2026 18:51:56.353] [main/DEBUG] [cpw.mods.modlauncher.LaunchPluginHandler/MODLAUNCHER]: Found launch plugins: [mixin,eventbus,slf4jfixer,object_holder_definalize,runtime_enum_extender,capability_token_subclass,accesstransformer,runtimedistcleaner]
[138月2026 18:51:56.381] [main/DEBUG] [cpw.mods.modlauncher.TransformationServicesHandler/MODLAUNCHER]: Discovering transformation services
[138月2026 18:51:56.391] [main/DEBUG] [net.minecraftforge.fml.loading.FMLPaths/CORE]: Path GAMEDIR is E:\program\JAVA\touhou little maid - unknow sky area\prod_server
[138月2026 18:51:56.392] [main/DEBUG] [net.minecraftforge.fml.loading.FMLPaths/CORE]: Path MODSDIR is E:\program\JAVA\touhou little maid - unknow sky area\prod_server\mods
[138月2026 18:51:56.392] [main/DEBUG] [net.minecraftforge.fml.loading.FMLPaths/CORE]: Path CONFIGDIR is E:\program\JAVA\touhou little maid - unknow sky area\prod_server\config
[138月2026 18:51:56.392] [main/DEBUG] [net.minecraftforge.fml.loading.FMLPaths/CORE]: Path FMLCONFIG is E:\program\JAVA\touhou little maid - unknow sky area\prod_server\config\fml.toml
[138月2026 18:51:56.818] [main/DEBUG] [cpw.mods.modlauncher.TransformationServicesHandler/MODLAUNCHER]: Found additional transformation services from discovery services: 
[138月2026 18:51:56.841] [main/INFO] [net.minecraftforge.fml.loading.ImmediateWindowHandler/]: ImmediateWindowProvider not loading because launch target is forgeserver
[138月2026 18:51:56.873] [main/DEBUG] [cpw.mods.modlauncher.TransformationServicesHandler/MODLAUNCHER]: Found transformer services : [mixin,fml]
[138月2026 18:51:56.874] [main/DEBUG] [cpw.mods.modlauncher.TransformationServicesHandler/MODLAUNCHER]: Transformation services loading
[138月2026 18:51:56.879] [main/DEBUG] [cpw.mods.modlauncher.TransformationServiceDecorator/MODLAUNCHER]: Loading service mixin
[138月2026 18:51:56.880] [main/DEBUG] [cpw.mods.modlauncher.TransformationServiceDecorator/MODLAUNCHER]: Loaded service mixin
[138月2026 18:51:56.880] [main/DEBUG] [cpw.mods.modlauncher.TransformationServiceDecorator/MODLAUNCHER]: Loading service fml
[138月2026 18:51:56.883] [main/DEBUG] [net.minecraftforge.fml.loading.LauncherVersion/CORE]: Found FMLLauncher version 1.0
[138月2026 18:51:56.884] [main/DEBUG] [net.minecraftforge.fml.loading.FMLLoader/CORE]: FML 1.0 loading
[138月2026 18:51:56.885] [main/DEBUG] [net.minecraftforge.fml.loading.FMLLoader/CORE]: FML found ModLauncher version : 10.0.9+10.0.9+main.dcd20f30
[138月2026 18:51:56.886] [main/DEBUG] [net.minecraftforge.fml.loading.FMLLoader/CORE]: Requesting CoreMods to not apply the fix for ASMAPI.findFirstInstructionBefore by default
[138月2026 18:51:56.886] [main/DEBUG] [net.minecraftforge.fml.loading.FMLLoader/CORE]: FML found AccessTransformer version : 8.0.4+66+master.c09db6d7
[138月2026 18:51:56.889] [main/DEBUG] [net.minecraftforge.fml.loading.FMLLoader/CORE]: FML found EventBus version : 6.0.5+6.0.5+master.eb8e549b
[138月2026 18:51:56.890] [main/DEBUG] [net.minecraftforge.fml.loading.FMLLoader/CORE]: Found Runtime Dist Cleaner
[138月2026 18:51:56.896] [main/DEBUG] [net.minecraftforge.coremod.CoreModEngine/]: CoreMods will preserve legacy behavior of ASMAPI.findFirstInstructionBefore for backwards-compatibility
[138月2026 18:51:56.897] [main/DEBUG] [net.minecraftforge.fml.loading.FMLLoader/CORE]: FML found CoreMod version : 5.2.4
[138月2026 18:51:56.901] [main/DEBUG] [net.minecraftforge.fml.loading.FMLLoader/CORE]: Found ForgeSPI package implementation version 7.0.1+7.0.1+master.d2b38bf6
[138月2026 18:51:56.902] [main/DEBUG] [net.minecraftforge.fml.loading.FMLLoader/CORE]: Found ForgeSPI package specification 5
[138月2026 18:51:56.902] [main/DEBUG] [cpw.mods.modlauncher.TransformationServiceDecorator/MODLAUNCHER]: Loaded service fml
[138月2026 18:51:56.903] [main/DEBUG] [cpw.mods.modlauncher.TransformationServicesHandler/MODLAUNCHER]: Configuring option handling for services
[138月2026 18:51:56.925] [main/DEBUG] [cpw.mods.modlauncher.TransformationServicesHandler/MODLAUNCHER]: Transformation services initializing
[138月2026 18:51:56.927] [main/DEBUG] [cpw.mods.modlauncher.TransformationServiceDecorator/MODLAUNCHER]: Initializing transformation service mixin
[138月2026 18:51:56.979] [main/DEBUG] [mixin/]: MixinService [ModLauncher] was successfully booted in cpw.mods.cl.ModuleClassLoader@587c290d
[138月2026 18:51:57.035] [main/INFO] [mixin/]: SpongePowered MIXIN Subsystem Version=0.8.5 Source=union:/E:/program/JAVA/touhou%20little%20maid%20-%20unknow%20sky%20area/prod_server/libraries/org/spongepowered/mixin/0.8.5/mixin-0.8.5.jar%2365!/ Service=ModLauncher Env=SERVER
[138月2026 18:51:57.048] [main/DEBUG] [mixin/]: Initialising Mixin Platform Manager
[138月2026 18:51:57.049] [main/DEBUG] [mixin/]: Adding mixin platform agents for container ModLauncher Root Container(ModLauncher:4f56a0a2)
[138月2026 18:51:57.051] [main/DEBUG] [mixin/]: Instancing new MixinPlatformAgentMinecraftForge for ModLauncher Root Container(ModLauncher:4f56a0a2)
[138月2026 18:51:57.052] [main/DEBUG] [mixin/]: MixinPlatformAgentMinecraftForge rejected container ModLauncher Root Container(ModLauncher:4f56a0a2)
[138月2026 18:51:57.054] [main/DEBUG] [mixin/]: Instancing new MixinPlatformAgentDefault for ModLauncher Root Container(ModLauncher:4f56a0a2)
[138月2026 18:51:57.054] [main/DEBUG] [mixin/]: MixinPlatformAgentDefault accepted container ModLauncher Root Container(ModLauncher:4f56a0a2)
[138月2026 18:51:57.063] [main/DEBUG] [cpw.mods.modlauncher.TransformationServiceDecorator/MODLAUNCHER]: Initialized transformation service mixin
[138月2026 18:51:57.064] [main/DEBUG] [cpw.mods.modlauncher.TransformationServiceDecorator/MODLAUNCHER]: Initializing transformation service fml
[138月2026 18:51:57.064] [main/DEBUG] [net.minecraftforge.fml.loading.FMLServiceProvider/CORE]: Setting up basic FML game directories
[138月2026 18:51:57.065] [main/DEBUG] [net.minecraftforge.fml.loading.FMLPaths/CORE]: Path GAMEDIR is E:\program\JAVA\touhou little maid - unknow sky area\prod_server
[138月2026 18:51:57.066] [main/DEBUG] [net.minecraftforge.fml.loading.FMLPaths/CORE]: Path MODSDIR is E:\program\JAVA\touhou little maid - unknow sky area\prod_server\mods
[138月2026 18:51:57.067] [main/DEBUG] [net.minecraftforge.fml.loading.FMLPaths/CORE]: Path CONFIGDIR is E:\program\JAVA\touhou little maid - unknow sky area\prod_server\config
[138月2026 18:51:57.068] [main/DEBUG] [net.minecraftforge.fml.loading.FMLPaths/CORE]: Path FMLCONFIG is E:\program\JAVA\touhou little maid - unknow sky area\prod_server\config\fml.toml
[138月2026 18:51:57.068] [main/DEBUG] [net.minecraftforge.fml.loading.FMLServiceProvider/CORE]: Loading configuration
[138月2026 18:51:57.076] [main/DEBUG] [net.minecraftforge.fml.loading.FMLServiceProvider/CORE]: Preparing ModFile
[138月2026 18:51:57.090] [main/DEBUG] [net.minecraftforge.fml.loading.FMLServiceProvider/CORE]: Preparing launch handler
[138月2026 18:51:57.093] [main/DEBUG] [net.minecraftforge.fml.loading.FMLLoader/CORE]: Using forgeserver as launch service
[138月2026 18:51:57.157] [main/DEBUG] [net.minecraftforge.fml.loading.FMLLoader/CORE]: Received command line version data  : VersionInfo[forgeVersion=47.4.13, mcVersion=1.20.1, mcpVersion=20230612.114412, forgeGroup=net.minecraftforge]
[138月2026 18:51:57.163] [main/DEBUG] [cpw.mods.modlauncher.TransformationServiceDecorator/MODLAUNCHER]: Initialized transformation service fml
[138月2026 18:51:57.166] [main/DEBUG] [cpw.mods.modlauncher.NameMappingServiceHandler/MODLAUNCHER]: Current naming domain is 'srg'
[138月2026 18:51:57.168] [main/DEBUG] [cpw.mods.modlauncher.NameMappingServiceHandler/MODLAUNCHER]: Identified name mapping providers {}
[138月2026 18:51:57.169] [main/DEBUG] [cpw.mods.modlauncher.TransformationServicesHandler/MODLAUNCHER]: Transformation services begin scanning
[138月2026 18:51:57.171] [main/DEBUG] [cpw.mods.modlauncher.TransformationServiceDecorator/MODLAUNCHER]: Beginning scan trigger - transformation service mixin
[138月2026 18:51:57.172] [main/DEBUG] [cpw.mods.modlauncher.TransformationServiceDecorator/MODLAUNCHER]: End scan trigger - transformation service mixin
[138月2026 18:51:57.173] [main/DEBUG] [cpw.mods.modlauncher.TransformationServiceDecorator/MODLAUNCHER]: Beginning scan trigger - transformation service fml
[138月2026 18:51:57.173] [main/DEBUG] [net.minecraftforge.fml.loading.FMLServiceProvider/CORE]: Initiating mod scan
[138月2026 18:51:57.206] [main/DEBUG] [net.minecraftforge.fml.loading.moddiscovery.ModListHandler/CORE]: Found mod coordinates from lists: []
[138月2026 18:51:57.219] [main/DEBUG] [net.minecraftforge.fml.loading.moddiscovery.ModDiscoverer/CORE]: Found Mod Locators : (mods folder:null),(maven libs:null),(exploded directory:null),(minecraft:null),(userdev classpath:null)
[138月2026 18:51:57.220] [main/DEBUG] [net.minecraftforge.fml.loading.moddiscovery.ModDiscoverer/CORE]: Found Dependency Locators : (JarInJar:null)
[138月2026 18:51:57.256] [main/DEBUG] [net.minecraftforge.fml.loading.moddiscovery.ModFileParser/LOADING]: Considering mod file candidate E:\program\JAVA\touhou little maid - unknow sky area\prod_server\mods\[史诗战斗] epic-fight-20.14.17-mc1.20.1-forge.jar
[138月2026 18:51:57.377] [main/DEBUG] [net.minecraftforge.fml.loading.moddiscovery.ModFileInfo/LOADING]: Found valid mod file [史诗战斗] epic-fight-20.14.17-mc1.20.1-forge.jar with {epicfight} mods - versions {20.14.17}
[138月2026 18:51:57.391] [main/DEBUG] [net.minecraftforge.fml.loading.moddiscovery.ModFileParser/LOADING]: Considering mod file candidate E:\program\JAVA\touhou little maid - unknow sky area\prod_server\mods\[史诗战斗：冲击之刃] Epicfight-ClashBlade-1.20.1-2.1.jar
[138月2026 18:51:57.396] [main/DEBUG] [net.minecraftforge.fml.loading.moddiscovery.ModFileInfo/LOADING]: Found valid mod file [史诗战斗：冲击之刃] Epicfight-ClashBlade-1.20.1-2.1.jar with {efclash_blade} mods - versions {2.1}
[138月2026 18:51:57.407] [main/DEBUG] [net.minecraftforge.fml.loading.moddiscovery.ModFileParser/LOADING]: Considering mod file candidate E:\program\JAVA\touhou little maid - unknow sky area\prod_server\mods\[史诗战斗：夜幕] EpicFight Nightfall-3.4.0.jar
[138月2026 18:51:57.410] [main/DEBUG] [net.minecraftforge.fml.loading.moddiscovery.ModFileInfo/LOADING]: Found valid mod file [史诗战斗：夜幕] EpicFight Nightfall-3.4.0.jar with {efn} mods - versions {3.4.0}
[138月2026 18:51:57.423] [main/DEBUG] [net.minecraftforge.fml.loading.moddiscovery.ModFileParser/LOADING]: Considering mod file candidate E:\program\JAVA\touhou little maid - unknow sky area\prod_server\mods\[史诗战斗：车万女仆] [史诗战斗：车万女仆]EpicFight_TouhouLittleMaid-1.20.1-1.3.2-all.jar
[138月2026 18:51:57.427] [main/DEBUG] [net.minecraftforge.fml.loading.moddiscovery.ModFileInfo/LOADING]: Found valid mod file [史诗战斗：车万女仆] [史诗战斗：车万女仆]EpicFight_TouhouLittleMaid-1.20.1-1.3.2-all.jar with {ef_tlm} mods - versions {1.3.2}
[138月2026 18:51:57.437] [main/DEBUG] [net.minecraftforge.fml.loading.moddiscovery.ModFileParser/LOADING]: Considering mod file candidate E:\program\JAVA\touhou little maid - unknow sky area\prod_server\mods\[奇迹武器] WeaponsOfMiracles-2.0.164-mc1.20.1-forge.jar
[138月2026 18:51:57.442] [main/DEBUG] [net.minecraftforge.fml.loading.moddiscovery.ModFileInfo/LOADING]: Found valid mod file [奇迹武器] WeaponsOfMiracles-2.0.164-mc1.20.1-forge.jar with {wom} mods - versions {2.0.164}
[138月2026 18:51:57.452] [main/DEBUG] [net.minecraftforge.fml.loading.moddiscovery.ModFileParser/LOADING]: Considering mod file candidate E:\program\JAVA\touhou little maid - unknow sky area\prod_server\mods\[无坚不摧] epic-fight-invincible-lib-20.14.8.2-mc1.20.1-forge.jar
[138月2026 18:51:57.455] [main/DEBUG] [net.minecraftforge.fml.loading.moddiscovery.ModFileInfo/LOADING]: Found valid mod file [无坚不摧] epic-fight-invincible-lib-20.14.8.2-mc1.20.1-forge.jar with {invincible} mods - versions {20.14.8.2}
[138月2026 18:51:57.469] [main/DEBUG] [net.minecraftforge.fml.loading.moddiscovery.ModFileParser/LOADING]: Considering mod file candidate E:\program\JAVA\touhou little maid - unknow sky area\prod_server\mods\[烦人的村民] AnnoyingVillagers-1.20.1-1.4.7.jar
[138月2026 18:51:57.472] [main/DEBUG] [net.minecraftforge.fml.loading.moddiscovery.ModFileInfo/LOADING]: Found valid mod file [烦人的村民] AnnoyingVillagers-1.20.1-1.4.7.jar with {annoyingvillagers} mods - versions {1.4.7}
[138月2026 18:51:57.489] [main/DEBUG] [net.minecraftforge.fml.loading.moddiscovery.ModFileParser/LOADING]: Considering mod file candidate E:\program\JAVA\touhou little maid - unknow sky area\prod_server\mods\[车万女仆] touhoulittlemaid-1.5.3-forge+mc1.20.1.jar
[138月2026 18:51:57.498] [main/DEBUG] [net.minecraftforge.fml.loading.moddiscovery.ModFileInfo/LOADING]: Found valid mod file [车万女仆] touhoulittlemaid-1.5.3-forge+mc1.20.1.jar with {touhou_little_maid} mods - versions {1.5.3-forge+mc1.20.1}
[138月2026 18:51:57.509] [main/DEBUG] [net.minecraftforge.fml.loading.moddiscovery.ModFileParser/LOADING]: Considering mod file candidate E:\program\JAVA\touhou little maid - unknow sky area\prod_server\mods\architectury-9.2.14-forge.jar
[138月2026 18:51:57.511] [main/DEBUG] [net.minecraftforge.fml.loading.moddiscovery.ModFileInfo/LOADING]: Found valid mod file architectury-9.2.14-forge.jar with {architectury} mods - versions {9.2.14}
[138月2026 18:51:57.519] [main/DEBUG] [net.minecraftforge.fml.loading.moddiscovery.ModFileParser/LOADING]: Considering mod file candidate E:\program\JAVA\touhou little maid - unknow sky area\prod_server\mods\CombatEvolution-2.1.10.jar
[138月2026 18:51:57.520] [main/DEBUG] [net.minecraftforge.fml.loading.moddiscovery.ModFileInfo/LOADING]: Found valid mod file CombatEvolution-2.1.10.jar with {combat_evolution} mods - versions {2.1.10}
[138月2026 18:51:57.531] [main/DEBUG] [net.minecraftforge.fml.loading.moddiscovery.ModFileParser/LOADING]: Considering mod file candidate E:\program\JAVA\touhou little maid - unknow sky area\prod_server\mods\eftlm_stylish-1.0.0.jar
[138月2026 18:51:57.535] [main/DEBUG] [net.minecraftforge.fml.loading.moddiscovery.ModFileInfo/LOADING]: Found valid mod file eftlm_stylish-1.0.0.jar with {eftlm_stylish} mods - versions {1.0.0}
[138月2026 18:51:57.543] [main/DEBUG] [net.minecraftforge.fml.loading.moddiscovery.ModFileParser/LOADING]: Considering mod file candidate E:\program\JAVA\touhou little maid - unknow sky area\prod_server\mods\epic_fight_avalon-20.12.6.4.jar
[138月2026 18:51:57.545] [main/DEBUG] [net.minecraftforge.fml.loading.moddiscovery.ModFileInfo/LOADING]: Found valid mod file epic_fight_avalon-20.12.6.4.jar with {epic_fight_avalon} mods - versions {20.12.6.4}
[138月2026 18:51:57.557] [main/DEBUG] [net.minecraftforge.fml.loading.moddiscovery.ModFileParser/LOADING]: Considering mod file candidate E:\program\JAVA\touhou little maid - unknow sky area\prod_server\mods\PlayerMobs-1.20.1-4.1.0.37.jar
[138月2026 18:51:57.558] [main/DEBUG] [net.minecraftforge.fml.loading.moddiscovery.ModFileInfo/LOADING]: Found valid mod file PlayerMobs-1.20.1-4.1.0.37.jar with {player_mobs} mods - versions {4.1.0.37}
[138月2026 18:51:57.569] [main/DEBUG] [net.minecraftforge.fml.loading.moddiscovery.ModFileParser/LOADING]: Considering mod file candidate E:\program\JAVA\touhou little maid - unknow sky area\prod_server\mods\ywzj_vehicle-1.20.1-0.5.8.jar
[138月2026 18:51:57.571] [main/DEBUG] [net.minecraftforge.fml.loading.moddiscovery.ModFileInfo/LOADING]: Found valid mod file ywzj_vehicle-1.20.1-0.5.8.jar with {ywzj_vehicle} mods - versions {0.5.8}
[138月2026 18:51:57.736] [main/DEBUG] [net.minecraftforge.fml.loading.moddiscovery.ModFileInfo/LOADING]: Found valid mod file server-1.20.1-20230612.114412-srg.jar with {minecraft} mods - versions {1.20.1}
[138月2026 18:51:57.753] [main/DEBUG] [net.minecraftforge.fml.loading.moddiscovery.ModFileParser/LOADING]: Considering mod file candidate E:\program\JAVA\touhou little maid - unknow sky area\prod_server\libraries\net\minecraftforge\fmlcore\1.20.1-47.4.13\fmlcore-1.20.1-47.4.13.jar
[138月2026 18:51:57.754] [main/WARN] [net.minecraftforge.fml.loading.moddiscovery.ModFileParser/LOADING]: Mod file E:\program\JAVA\touhou little maid - unknow sky area\prod_server\libraries\net\minecraftforge\fmlcore\1.20.1-47.4.13\fmlcore-1.20.1-47.4.13.jar is missing mods.toml file
[138月2026 18:51:57.770] [main/DEBUG] [net.minecraftforge.fml.loading.moddiscovery.ModFileParser/LOADING]: Considering mod file candidate E:\program\JAVA\touhou little maid - unknow sky area\prod_server\libraries\net\minecraftforge\javafmllanguage\1.20.1-47.4.13\javafmllanguage-1.20.1-47.4.13.jar
[138月2026 18:51:57.770] [main/WARN] [net.minecraftforge.fml.loading.moddiscovery.ModFileParser/LOADING]: Mod file E:\program\JAVA\touhou little maid - unknow sky area\prod_server\libraries\net\minecraftforge\javafmllanguage\1.20.1-47.4.13\javafmllanguage-1.20.1-47.4.13.jar is missing mods.toml file
[138月2026 18:51:57.786] [main/DEBUG] [net.minecraftforge.fml.loading.moddiscovery.ModFileParser/LOADING]: Considering mod file candidate E:\program\JAVA\touhou little maid - unknow sky area\prod_server\libraries\net\minecraftforge\lowcodelanguage\1.20.1-47.4.13\lowcodelanguage-1.20.1-47.4.13.jar
[138月2026 18:51:57.787] [main/WARN] [net.minecraftforge.fml.loading.moddiscovery.ModFileParser/LOADING]: Mod file E:\program\JAVA\touhou little maid - unknow sky area\prod_server\libraries\net\minecraftforge\lowcodelanguage\1.20.1-47.4.13\lowcodelanguage-1.20.1-47.4.13.jar is missing mods.toml file
[138月2026 18:51:57.800] [main/DEBUG] [net.minecraftforge.fml.loading.moddiscovery.ModFileParser/LOADING]: Considering mod file candidate E:\program\JAVA\touhou little maid - unknow sky area\prod_server\libraries\net\minecraftforge\mclanguage\1.20.1-47.4.13\mclanguage-1.20.1-47.4.13.jar
[138月2026 18:51:57.800] [main/WARN] [net.minecraftforge.fml.loading.moddiscovery.ModFileParser/LOADING]: Mod file E:\program\JAVA\touhou little maid - unknow sky area\prod_server\libraries\net\minecraftforge\mclanguage\1.20.1-47.4.13\mclanguage-1.20.1-47.4.13.jar is missing mods.toml file
[138月2026 18:51:57.817] [main/DEBUG] [net.minecraftforge.fml.loading.moddiscovery.ModFileParser/LOADING]: Considering mod file candidate E:\program\JAVA\touhou little maid - unknow sky area\prod_server\libraries\net\minecraftforge\forge\1.20.1-47.4.13\forge-1.20.1-47.4.13-universal.jar
[138月2026 18:51:57.819] [main/DEBUG] [net.minecraftforge.fml.loading.moddiscovery.ModFileInfo/LOADING]: Found valid mod file forge-1.20.1-47.4.13-universal.jar with {forge} mods - versions {47.4.13}
[138月2026 18:51:57.847] [main/DEBUG] [net.minecraftforge.fml.loading.moddiscovery.AbstractJarFileDependencyLocator/]: Failed to load resource META-INF\jarjar\metadata.json from server-1.20.1-20230612.114412-srg.jar, it does not contain dependency information.
[138月2026 18:51:57.848] [main/DEBUG] [net.minecraftforge.fml.loading.moddiscovery.AbstractJarFileDependencyLocator/]: Failed to load resource META-INF\jarjar\metadata.json from [烦人的村民] AnnoyingVillagers-1.20.1-1.4.7.jar, it does not contain dependency information.
[138月2026 18:51:57.848] [main/DEBUG] [net.minecraftforge.fml.loading.moddiscovery.AbstractJarFileDependencyLocator/]: Failed to load resource META-INF\jarjar\metadata.json from [无坚不摧] epic-fight-invincible-lib-20.14.8.2-mc1.20.1-forge.jar, it does not contain dependency information.
[138月2026 18:51:57.849] [main/DEBUG] [net.minecraftforge.fml.loading.moddiscovery.AbstractJarFileDependencyLocator/]: Failed to load resource META-INF\jarjar\metadata.json from architectury-9.2.14-forge.jar, it does not contain dependency information.
[138月2026 18:51:57.849] [main/DEBUG] [net.minecraftforge.fml.loading.moddiscovery.AbstractJarFileDependencyLocator/]: Failed to load resource META-INF\jarjar\metadata.json from [史诗战斗：冲击之刃] Epicfight-ClashBlade-1.20.1-2.1.jar, it does not contain dependency information.
[138月2026 18:51:57.850] [main/DEBUG] [net.minecraftforge.fml.loading.moddiscovery.AbstractJarFileDependencyLocator/]: Failed to load resource META-INF\jarjar\metadata.json from [奇迹武器] WeaponsOfMiracles-2.0.164-mc1.20.1-forge.jar, it does not contain dependency information.
[138月2026 18:51:57.850] [main/DEBUG] [net.minecraftforge.fml.loading.moddiscovery.AbstractJarFileDependencyLocator/]: Failed to load resource META-INF\jarjar\metadata.json from CombatEvolution-2.1.10.jar, it does not contain dependency information.
[138月2026 18:51:57.850] [main/DEBUG] [net.minecraftforge.fml.loading.moddiscovery.AbstractJarFileDependencyLocator/]: Failed to load resource META-INF\jarjar\metadata.json from forge-1.20.1-47.4.13-universal.jar, it does not contain dependency information.
[138月2026 18:51:57.850] [main/DEBUG] [net.minecraftforge.fml.loading.moddiscovery.AbstractJarFileDependencyLocator/]: Failed to load resource META-INF\jarjar\metadata.json from [车万女仆] touhoulittlemaid-1.5.3-forge+mc1.20.1.jar, it does not contain dependency information.
[138月2026 18:51:57.850] [main/DEBUG] [net.minecraftforge.fml.loading.moddiscovery.AbstractJarFileDependencyLocator/]: Failed to load resource META-INF\jarjar\metadata.json from epic_fight_avalon-20.12.6.4.jar, it does not contain dependency information.
[138月2026 18:51:57.852] [main/DEBUG] [net.minecraftforge.fml.loading.moddiscovery.AbstractJarFileDependencyLocator/]: Failed to load resource META-INF\jarjar\metadata.json from [史诗战斗] epic-fight-20.14.17-mc1.20.1-forge.jar, it does not contain dependency information.
[138月2026 18:51:57.852] [main/DEBUG] [net.minecraftforge.fml.loading.moddiscovery.AbstractJarFileDependencyLocator/]: Failed to load resource META-INF\jarjar\metadata.json from eftlm_stylish-1.0.0.jar, it does not contain dependency information.
[138月2026 18:51:57.852] [main/DEBUG] [net.minecraftforge.fml.loading.moddiscovery.AbstractJarFileDependencyLocator/]: Failed to load resource META-INF\jarjar\metadata.json from mclanguage-1.20.1-47.4.13.jar, it does not contain dependency information.
[138月2026 18:51:57.852] [main/DEBUG] [net.minecraftforge.fml.loading.moddiscovery.AbstractJarFileDependencyLocator/]: Failed to load resource META-INF\jarjar\metadata.json from javafmllanguage-1.20.1-47.4.13.jar, it does not contain dependency information.
[138月2026 18:51:57.852] [main/DEBUG] [net.minecraftforge.fml.loading.moddiscovery.AbstractJarFileDependencyLocator/]: Failed to load resource META-INF\jarjar\metadata.json from fmlcore-1.20.1-47.4.13.jar, it does not contain dependency information.
[138月2026 18:51:57.852] [main/DEBUG] [net.minecraftforge.fml.loading.moddiscovery.AbstractJarFileDependencyLocator/]: Failed to load resource META-INF\jarjar\metadata.json from lowcodelanguage-1.20.1-47.4.13.jar, it does not contain dependency information.
[138月2026 18:51:58.017] [main/DEBUG] [net.minecraftforge.fml.loading.moddiscovery.ModFileParser/LOADING]: Considering mod file candidate 
[138月2026 18:51:58.018] [main/DEBUG] [net.minecraftforge.fml.loading.moddiscovery.ModFileInfo/LOADING]: Found valid mod file geckolib-388172-7025129.jar with {geckolib} mods - versions {4.8.2}
[138月2026 18:51:58.024] [main/DEBUG] [net.minecraftforge.fml.loading.moddiscovery.ModFileParser/LOADING]: Considering mod file candidate 
[138月2026 18:51:58.026] [main/DEBUG] [net.minecraftforge.fml.loading.moddiscovery.ModFileInfo/LOADING]: Found valid mod file guhaos-vix-1531111-8258354.jar with {vix} mods - versions {1.0.9}
[138月2026 18:51:58.028] [main/DEBUG] [net.minecraftforge.fml.loading.moddiscovery.ModFileParser/LOADING]: Considering mod file candidate 
[138月2026 18:51:58.030] [main/DEBUG] [net.minecraftforge.fml.loading.moddiscovery.ModFileInfo/LOADING]: Found valid mod file mixinsquared-forge-0.2.0-beta.6.jar with {mixinsquared} mods - versions {0.2.0-beta.6}
[138月2026 18:51:58.033] [main/DEBUG] [net.minecraftforge.fml.loading.moddiscovery.ModFileParser/LOADING]: Considering mod file candidate 
[138月2026 18:51:58.035] [main/DEBUG] [net.minecraftforge.fml.loading.moddiscovery.ModFileInfo/LOADING]: Found valid mod file mixinextras-forge-0.4.1.jar with {mixinextras} mods - versions {0.4.1}
[138月2026 18:51:58.038] [main/DEBUG] [net.minecraftforge.fml.loading.moddiscovery.ModFileParser/LOADING]: Considering mod file candidate 
[138月2026 18:51:58.040] [main/DEBUG] [net.minecraftforge.fml.loading.moddiscovery.ModFileInfo/LOADING]: Found valid mod file YSM_GEO_Compat.jar with {ysm_geo_compat} mods - versions {1.0.0}
[138月2026 18:51:58.055] [main/DEBUG] [net.minecraftforge.fml.loading.moddiscovery.ModFileParser/LOADING]: Considering mod file candidate 
[138月2026 18:51:58.057] [main/DEBUG] [net.minecraftforge.fml.loading.moddiscovery.ModFileInfo/LOADING]: Found valid mod file simplebedrockmodel-2.5.1-forge-mc1.20.1.jar with {simplebedrockmodel} mods - versions {2.5.1-forge-mc1.20.1}
[138月2026 18:51:58.058] [main/DEBUG] [net.minecraftforge.fml.loading.moddiscovery.ModFileParser/LOADING]: Considering mod file candidate 
[138月2026 18:51:58.060] [main/DEBUG] [net.minecraftforge.fml.loading.moddiscovery.ModFileInfo/LOADING]: Found valid mod file mixinextras-forge-0.3.6.jar with {mixinextras} mods - versions {0.3.6}
[138月2026 18:51:58.096] [main/DEBUG] [net.minecraftforge.fml.loading.moddiscovery.AbstractJarFileDependencyLocator/]: Failed to load resource META-INF\jarjar\metadata.json from Registrate-MC1.20-1.3.11.jar, it does not contain dependency information.
[138月2026 18:51:58.105] [main/DEBUG] [net.minecraftforge.fml.loading.moddiscovery.ModFileParser/LOADING]: Considering mod file candidate 
[138月2026 18:51:58.106] [main/DEBUG] [net.minecraftforge.fml.loading.moddiscovery.ModFileInfo/LOADING]: Found valid mod file mixinsquared-forge-0.2.0-beta.6.jar with {mixinsquared} mods - versions {0.2.0-beta.6}
[138月2026 18:51:58.110] [main/DEBUG] [net.minecraftforge.fml.loading.moddiscovery.ModFileParser/LOADING]: Considering mod file candidate 
[138月2026 18:51:58.112] [main/DEBUG] [net.minecraftforge.fml.loading.moddiscovery.ModFileInfo/LOADING]: Found valid mod file mixinextras-forge-0.4.1.jar with {mixinextras} mods - versions {0.4.1}
[138月2026 18:51:58.129] [main/DEBUG] [net.minecraftforge.fml.loading.moddiscovery.AbstractJarFileDependencyLocator/]: Failed to load resource META-INF\jarjar\metadata.json from YSM_GEO_Compat.jar, it does not contain dependency information.
[138月2026 18:51:58.144] [main/DEBUG] [net.minecraftforge.fml.loading.moddiscovery.ModFileParser/LOADING]: Considering mod file candidate 
[138月2026 18:51:58.146] [main/DEBUG] [net.minecraftforge.fml.loading.moddiscovery.ModFileInfo/LOADING]: Found valid mod file mixinextras-forge-0.3.6.jar with {mixinextras} mods - versions {0.3.6}
[138月2026 18:51:58.154] [main/DEBUG] [net.minecraftforge.fml.loading.moddiscovery.AbstractJarFileDependencyLocator/]: Failed to load resource META-INF\jarjar\metadata.json from rhino-1.8.1.jar, it does not contain dependency information.
[138月2026 18:51:58.155] [main/DEBUG] [net.minecraftforge.fml.loading.moddiscovery.AbstractJarFileDependencyLocator/]: Failed to load resource META-INF\jarjar\metadata.json from mclib-20.jar, it does not contain dependency information.
[138月2026 18:51:58.170] [main/DEBUG] [net.minecraftforge.fml.loading.moddiscovery.AbstractJarFileDependencyLocator/]: Failed to load resource META-INF\jarjar\metadata.json from MixinSquared-0.2.0-beta.6.jar, it does not contain dependency information.
[138月2026 18:51:58.170] [main/DEBUG] [net.minecraftforge.fml.loading.moddiscovery.AbstractJarFileDependencyLocator/]: Failed to load resource META-INF\jarjar\metadata.json from MixinExtras-0.4.1.jar, it does not contain dependency information.
[138月2026 18:51:58.171] [main/DEBUG] [net.minecraftforge.fml.loading.moddiscovery.AbstractJarFileDependencyLocator/]: Failed to load resource META-INF\jarjar\metadata.json from mae-1.1.4.jar, it does not contain dependency information.
[138月2026 18:51:58.178] [main/DEBUG] [net.minecraftforge.fml.loading.moddiscovery.AbstractJarFileDependencyLocator/]: Failed to load resource META-INF\jarjar\metadata.json from MixinExtras-0.3.6.jar, it does not contain dependency information.
[138月2026 18:51:58.179] [main/DEBUG] [net.minecraftforge.fml.loading.moddiscovery.AbstractJarFileDependencyLocator/]: Failed to load resource META-INF\jarjar\metadata.json from MixinSquared-0.2.0-beta.6.jar, it does not contain dependency information.
[138月2026 18:51:58.180] [main/DEBUG] [net.minecraftforge.fml.loading.moddiscovery.AbstractJarFileDependencyLocator/]: Failed to load resource META-INF\jarjar\metadata.json from MixinExtras-0.4.1.jar, it does not contain dependency information.
[138月2026 18:51:58.181] [main/DEBUG] [net.minecraftforge.fml.loading.moddiscovery.AbstractJarFileDependencyLocator/]: Failed to load resource META-INF\jarjar\metadata.json from MixinExtras-0.3.6.jar, it does not contain dependency information.
[138月2026 18:51:58.280] [main/DEBUG] [net.minecraftforge.fml.loading.moddiscovery.ModFileParser/LOADING]: Considering mod file candidate 
[138月2026 18:51:58.282] [main/DEBUG] [net.minecraftforge.fml.loading.moddiscovery.ModFileInfo/LOADING]: Found valid mod file guhaos-vix-1531111-8258354.jar with {vix} mods - versions {1.0.9}
[138月2026 18:51:58.287] [main/DEBUG] [net.minecraftforge.fml.loading.moddiscovery.ModFileParser/LOADING]: Considering mod file candidate 
[138月2026 18:51:58.288] [main/DEBUG] [net.minecraftforge.fml.loading.moddiscovery.ModFileInfo/LOADING]: Found valid mod file YSM_GEO_Compat.jar with {ysm_geo_compat} mods - versions {1.0.0}
[138月2026 18:51:58.290] [main/DEBUG] [net.minecraftforge.fml.loading.moddiscovery.ModFileParser/LOADING]: Considering mod file candidate 
[138月2026 18:51:58.292] [main/DEBUG] [net.minecraftforge.fml.loading.moddiscovery.ModFileInfo/LOADING]: Found valid mod file mixinsquared-forge-0.2.0-beta.6.jar with {mixinsquared} mods - versions {0.2.0-beta.6}
[138月2026 18:51:58.306] [main/DEBUG] [net.minecraftforge.fml.loading.moddiscovery.ModFileParser/LOADING]: Considering mod file candidate 
[138月2026 18:51:58.308] [main/DEBUG] [net.minecraftforge.fml.loading.moddiscovery.ModFileInfo/LOADING]: Found valid mod file geckolib-388172-7025129.jar with {geckolib} mods - versions {4.8.2}
[138月2026 18:51:58.314] [main/DEBUG] [net.minecraftforge.fml.loading.moddiscovery.ModFileParser/LOADING]: Considering mod file candidate 
[138月2026 18:51:58.315] [main/DEBUG] [net.minecraftforge.fml.loading.moddiscovery.ModFileInfo/LOADING]: Found valid mod file mixinextras-forge-0.4.1.jar with {mixinextras} mods - versions {0.4.1}
[138月2026 18:51:58.351] [main/DEBUG] [net.minecraftforge.fml.loading.moddiscovery.ModFileParser/LOADING]: Considering mod file candidate 
[138月2026 18:51:58.352] [main/DEBUG] [net.minecraftforge.fml.loading.moddiscovery.ModFileInfo/LOADING]: Found valid mod file simplebedrockmodel-2.5.1-forge-mc1.20.1.jar with {simplebedrockmodel} mods - versions {2.5.1-forge-mc1.20.1}
[138月2026 18:51:58.358] [main/INFO] [net.minecraftforge.fml.loading.moddiscovery.JarInJarDependencyLocator/]: Found 12 dependencies adding them to mods collection
[138月2026 18:51:58.362] [main/DEBUG] [net.minecraftforge.fml.loading.moddiscovery.ModFileInfo/LOADING]: Found valid mod file server-1.20.1-20230612.114412-srg.jar with {minecraft} mods - versions {1.20.1}
[138月2026 18:51:58.372] [main/DEBUG] [net.minecraftforge.fml.loading.moddiscovery.ModFile/LOADING]: Loading mod file E:\program\JAVA\touhou little maid - unknow sky area\prod_server\libraries\net\minecraft\server\1.20.1-20230612.114412\server-1.20.1-20230612.114412-srg.jar with languages [LanguageSpec[languageName=minecraft, acceptedVersions=1]]
[138月2026 18:51:58.376] [main/DEBUG] [net.minecraftforge.fml.loading.moddiscovery.ModFileParser/LOADING]: Considering mod file candidate E:\program\JAVA\touhou little maid - unknow sky area\prod_server\mods\[无坚不摧] epic-fight-invincible-lib-20.14.8.2-mc1.20.1-forge.jar
[138月2026 18:51:58.378] [main/DEBUG] [net.minecraftforge.fml.loading.moddiscovery.ModFileInfo/LOADING]: Found valid mod file [无坚不摧] epic-fight-invincible-lib-20.14.8.2-mc1.20.1-forge.jar with {invincible} mods - versions {20.14.8.2}
[138月2026 18:51:58.378] [main/DEBUG] [net.minecraftforge.fml.loading.moddiscovery.ModFile/LOADING]: Loading mod file E:\program\JAVA\touhou little maid - unknow sky area\prod_server\mods\[无坚不摧] epic-fight-invincible-lib-20.14.8.2-mc1.20.1-forge.jar with languages [LanguageSpec[languageName=javafml, acceptedVersions=[47,)]]
[138月2026 18:51:58.379] [main/DEBUG] [net.minecraftforge.fml.loading.moddiscovery.ModFileParser/LOADING]: Considering mod file candidate 
[138月2026 18:51:58.381] [main/DEBUG] [net.minecraftforge.fml.loading.moddiscovery.ModFileInfo/LOADING]: Found valid mod file geckolib-388172-7025129.jar with {geckolib} mods - versions {4.8.2}
[138月2026 18:51:58.381] [main/DEBUG] [net.minecraftforge.fml.loading.moddiscovery.ModFile/LOADING]: Loading mod file  with languages [LanguageSpec[languageName=javafml, acceptedVersions=[47,)]]
[138月2026 18:51:58.382] [main/DEBUG] [net.minecraftforge.fml.loading.moddiscovery.ModFileParser/LOADING]: Considering mod file candidate 
[138月2026 18:51:58.383] [main/DEBUG] [net.minecraftforge.fml.loading.moddiscovery.ModFileInfo/LOADING]: Found valid mod file YSM_GEO_Compat.jar with {ysm_geo_compat} mods - versions {1.0.0}
[138月2026 18:51:58.383] [main/DEBUG] [net.minecraftforge.fml.loading.moddiscovery.ModFile/LOADING]: Loading mod file  with languages [LanguageSpec[languageName=javafml, acceptedVersions=[47,)]]
[138月2026 18:51:58.385] [main/DEBUG] [net.minecraftforge.fml.loading.moddiscovery.ModFileParser/LOADING]: Considering mod file candidate E:\program\JAVA\touhou little maid - unknow sky area\prod_server\mods\[奇迹武器] WeaponsOfMiracles-2.0.164-mc1.20.1-forge.jar
[138月2026 18:51:58.387] [main/DEBUG] [net.minecraftforge.fml.loading.moddiscovery.ModFileInfo/LOADING]: Found valid mod file [奇迹武器] WeaponsOfMiracles-2.0.164-mc1.20.1-forge.jar with {wom} mods - versions {2.0.164}
[138月2026 18:51:58.387] [main/DEBUG] [net.minecraftforge.fml.loading.moddiscovery.ModFile/LOADING]: Loading mod file E:\program\JAVA\touhou little maid - unknow sky area\prod_server\mods\[奇迹武器] WeaponsOfMiracles-2.0.164-mc1.20.1-forge.jar with languages [LanguageSpec[languageName=javafml, acceptedVersions=[47,)]]
[138月2026 18:51:58.387] [main/DEBUG] [net.minecraftforge.fml.loading.moddiscovery.ModFileParser/LOADING]: Considering mod file candidate E:\program\JAVA\touhou little maid - unknow sky area\prod_server\mods\CombatEvolution-2.1.10.jar
[138月2026 18:51:58.389] [main/DEBUG] [net.minecraftforge.fml.loading.moddiscovery.ModFileInfo/LOADING]: Found valid mod file CombatEvolution-2.1.10.jar with {combat_evolution} mods - versions {2.1.10}
[138月2026 18:51:58.389] [main/DEBUG] [net.minecraftforge.fml.loading.moddiscovery.ModFile/LOADING]: Loading mod file E:\program\JAVA\touhou little maid - unknow sky area\prod_server\mods\CombatEvolution-2.1.10.jar with languages [LanguageSpec[languageName=javafml, acceptedVersions=[47,)]]
[138月2026 18:51:58.389] [main/DEBUG] [net.minecraftforge.fml.loading.moddiscovery.ModFileParser/LOADING]: Considering mod file candidate E:\program\JAVA\touhou little maid - unknow sky area\prod_server\mods\[车万女仆] touhoulittlemaid-1.5.3-forge+mc1.20.1.jar
[138月2026 18:51:58.390] [main/DEBUG] [net.minecraftforge.fml.loading.moddiscovery.ModFileInfo/LOADING]: Found valid mod file [车万女仆] touhoulittlemaid-1.5.3-forge+mc1.20.1.jar with {touhou_little_maid} mods - versions {1.5.3-forge+mc1.20.1}
[138月2026 18:51:58.391] [main/DEBUG] [net.minecraftforge.fml.loading.moddiscovery.ModFile/LOADING]: Loading mod file E:\program\JAVA\touhou little maid - unknow sky area\prod_server\mods\[车万女仆] touhoulittlemaid-1.5.3-forge+mc1.20.1.jar with languages [LanguageSpec[languageName=javafml, acceptedVersions=[46,)]]
[138月2026 18:51:58.391] [main/DEBUG] [net.minecraftforge.fml.loading.moddiscovery.ModFileParser/LOADING]: Considering mod file candidate 
[138月2026 18:51:58.393] [main/DEBUG] [net.minecraftforge.fml.loading.moddiscovery.ModFileInfo/LOADING]: Found valid mod file simplebedrockmodel-2.5.1-forge-mc1.20.1.jar with {simplebedrockmodel} mods - versions {2.5.1-forge-mc1.20.1}
[138月2026 18:51:58.393] [main/DEBUG] [net.minecraftforge.fml.loading.moddiscovery.ModFile/LOADING]: Loading mod file  with languages [LanguageSpec[languageName=javafml, acceptedVersions=[47,)]]
[138月2026 18:51:58.395] [main/DEBUG] [net.minecraftforge.fml.loading.moddiscovery.ModFileParser/LOADING]: Considering mod file candidate E:\program\JAVA\touhou little maid - unknow sky area\prod_server\mods\epic_fight_avalon-20.12.6.4.jar
[138月2026 18:51:58.396] [main/DEBUG] [net.minecraftforge.fml.loading.moddiscovery.ModFileInfo/LOADING]: Found valid mod file epic_fight_avalon-20.12.6.4.jar with {epic_fight_avalon} mods - versions {20.12.6.4}
[138月2026 18:51:58.397] [main/DEBUG] [net.minecraftforge.fml.loading.moddiscovery.ModFile/LOADING]: Loading mod file E:\program\JAVA\touhou little maid - unknow sky area\prod_server\mods\epic_fight_avalon-20.12.6.4.jar with languages [LanguageSpec[languageName=javafml, acceptedVersions=[47,)]]
[138月2026 18:51:58.397] [main/DEBUG] [net.minecraftforge.fml.loading.moddiscovery.ModFileParser/LOADING]: Considering mod file candidate E:\program\JAVA\touhou little maid - unknow sky area\prod_server\mods\[史诗战斗] epic-fight-20.14.17-mc1.20.1-forge.jar
[138月2026 18:51:58.399] [main/DEBUG] [net.minecraftforge.fml.loading.moddiscovery.ModFileInfo/LOADING]: Found valid mod file [史诗战斗] epic-fight-20.14.17-mc1.20.1-forge.jar with {epicfight} mods - versions {20.14.17}
[138月2026 18:51:58.399] [main/DEBUG] [net.minecraftforge.fml.loading.moddiscovery.ModFile/LOADING]: Loading mod file E:\program\JAVA\touhou little maid - unknow sky area\prod_server\mods\[史诗战斗] epic-fight-20.14.17-mc1.20.1-forge.jar with languages [LanguageSpec[languageName=javafml, acceptedVersions=[47,)]]
[138月2026 18:51:58.401] [main/DEBUG] [net.minecraftforge.fml.loading.moddiscovery.ModFileParser/LOADING]: Considering mod file candidate E:\program\JAVA\touhou little maid - unknow sky area\prod_server\mods\PlayerMobs-1.20.1-4.1.0.37.jar
[138月2026 18:51:58.401] [main/DEBUG] [net.minecraftforge.fml.loading.moddiscovery.ModFileInfo/LOADING]: Found valid mod file PlayerMobs-1.20.1-4.1.0.37.jar with {player_mobs} mods - versions {4.1.0.37}
[138月2026 18:51:58.402] [main/DEBUG] [net.minecraftforge.fml.loading.moddiscovery.ModFile/LOADING]: Loading mod file E:\program\JAVA\touhou little maid - unknow sky area\prod_server\mods\PlayerMobs-1.20.1-4.1.0.37.jar with languages [LanguageSpec[languageName=javafml, acceptedVersions=[46,)]]
[138月2026 18:51:58.402] [main/DEBUG] [net.minecraftforge.fml.loading.moddiscovery.ModFileParser/LOADING]: Considering mod file candidate 
[138月2026 18:51:58.402] [main/DEBUG] [net.minecraftforge.fml.loading.moddiscovery.ModFileInfo/LOADING]: Found valid mod file guhaos-vix-1531111-8258354.jar with {vix} mods - versions {1.0.9}
[138月2026 18:51:58.403] [main/DEBUG] [net.minecraftforge.fml.loading.moddiscovery.ModFile/LOADING]: Loading mod file  with languages [LanguageSpec[languageName=javafml, acceptedVersions=[47,)]]
[138月2026 18:51:58.403] [main/DEBUG] [net.minecraftforge.fml.loading.moddiscovery.ModFileParser/LOADING]: Considering mod file candidate E:\program\JAVA\touhou little maid - unknow sky area\prod_server\mods\[烦人的村民] AnnoyingVillagers-1.20.1-1.4.7.jar
[138月2026 18:51:58.406] [main/DEBUG] [net.minecraftforge.fml.loading.moddiscovery.ModFileInfo/LOADING]: Found valid mod file [烦人的村民] AnnoyingVillagers-1.20.1-1.4.7.jar with {annoyingvillagers} mods - versions {1.4.7}
[138月2026 18:51:58.407] [main/DEBUG] [net.minecraftforge.fml.loading.moddiscovery.ModFile/LOADING]: Loading mod file E:\program\JAVA\touhou little maid - unknow sky area\prod_server\mods\[烦人的村民] AnnoyingVillagers-1.20.1-1.4.7.jar with languages [LanguageSpec[languageName=javafml, acceptedVersions=[47,)]]
[138月2026 18:51:58.407] [main/DEBUG] [net.minecraftforge.fml.loading.moddiscovery.ModFileParser/LOADING]: Considering mod file candidate E:\program\JAVA\touhou little maid - unknow sky area\prod_server\mods\architectury-9.2.14-forge.jar
[138月2026 18:51:58.408] [main/DEBUG] [net.minecraftforge.fml.loading.moddiscovery.ModFileInfo/LOADING]: Found valid mod file architectury-9.2.14-forge.jar with {architectury} mods - versions {9.2.14}
[138月2026 18:51:58.409] [main/DEBUG] [net.minecraftforge.fml.loading.moddiscovery.ModFile/LOADING]: Loading mod file E:\program\JAVA\touhou little maid - unknow sky area\prod_server\mods\architectury-9.2.14-forge.jar with languages [LanguageSpec[languageName=javafml, acceptedVersions=[46,)]]
[138月2026 18:51:58.409] [main/DEBUG] [net.minecraftforge.fml.loading.moddiscovery.ModFileParser/LOADING]: Considering mod file candidate E:\program\JAVA\touhou little maid - unknow sky area\prod_server\mods\[史诗战斗：夜幕] EpicFight Nightfall-3.4.0.jar
[138月2026 18:51:58.411] [main/DEBUG] [net.minecraftforge.fml.loading.moddiscovery.ModFileInfo/LOADING]: Found valid mod file [史诗战斗：夜幕] EpicFight Nightfall-3.4.0.jar with {efn} mods - versions {3.4.0}
[138月2026 18:51:58.411] [main/DEBUG] [net.minecraftforge.fml.loading.moddiscovery.ModFile/LOADING]: Loading mod file E:\program\JAVA\touhou little maid - unknow sky area\prod_server\mods\[史诗战斗：夜幕] EpicFight Nightfall-3.4.0.jar with languages [LanguageSpec[languageName=javafml, acceptedVersions=[47,)]]
[138月2026 18:51:58.411] [main/DEBUG] [net.minecraftforge.fml.loading.moddiscovery.ModFileParser/LOADING]: Considering mod file candidate E:\program\JAVA\touhou little maid - unknow sky area\prod_server\mods\[史诗战斗：冲击之刃] Epicfight-ClashBlade-1.20.1-2.1.jar
[138月2026 18:51:58.414] [main/DEBUG] [net.minecraftforge.fml.loading.moddiscovery.ModFileInfo/LOADING]: Found valid mod file [史诗战斗：冲击之刃] Epicfight-ClashBlade-1.20.1-2.1.jar with {efclash_blade} mods - versions {2.1}
[138月2026 18:51:58.414] [main/DEBUG] [net.minecraftforge.fml.loading.moddiscovery.ModFile/LOADING]: Loading mod file E:\program\JAVA\touhou little maid - unknow sky area\prod_server\mods\[史诗战斗：冲击之刃] Epicfight-ClashBlade-1.20.1-2.1.jar with languages [LanguageSpec[languageName=javafml, acceptedVersions=[47,)]]
[138月2026 18:51:58.414] [main/DEBUG] [net.minecraftforge.fml.loading.moddiscovery.ModFileParser/LOADING]: Considering mod file candidate E:\program\JAVA\touhou little maid - unknow sky area\prod_server\mods\[史诗战斗：车万女仆] [史诗战斗：车万女仆]EpicFight_TouhouLittleMaid-1.20.1-1.3.2-all.jar
[138月2026 18:51:58.416] [main/DEBUG] [net.minecraftforge.fml.loading.moddiscovery.ModFileInfo/LOADING]: Found valid mod file [史诗战斗：车万女仆] [史诗战斗：车万女仆]EpicFight_TouhouLittleMaid-1.20.1-1.3.2-all.jar with {ef_tlm} mods - versions {1.3.2}
[138月2026 18:51:58.416] [main/DEBUG] [net.minecraftforge.fml.loading.moddiscovery.ModFile/LOADING]: Loading mod file E:\program\JAVA\touhou little maid - unknow sky area\prod_server\mods\[史诗战斗：车万女仆] [史诗战斗：车万女仆]EpicFight_TouhouLittleMaid-1.20.1-1.3.2-all.jar with languages [LanguageSpec[languageName=javafml, acceptedVersions=[47,)]]
[138月2026 18:51:58.416] [main/DEBUG] [net.minecraftforge.fml.loading.moddiscovery.ModFileParser/LOADING]: Considering mod file candidate E:\program\JAVA\touhou little maid - unknow sky area\prod_server\mods\ywzj_vehicle-1.20.1-0.5.8.jar
[138月2026 18:51:58.417] [main/DEBUG] [net.minecraftforge.fml.loading.moddiscovery.ModFileInfo/LOADING]: Found valid mod file ywzj_vehicle-1.20.1-0.5.8.jar with {ywzj_vehicle} mods - versions {0.5.8}
[138月2026 18:51:58.419] [main/DEBUG] [net.minecraftforge.fml.loading.moddiscovery.ModFile/LOADING]: Loading mod file E:\program\JAVA\touhou little maid - unknow sky area\prod_server\mods\ywzj_vehicle-1.20.1-0.5.8.jar with languages [LanguageSpec[languageName=javafml, acceptedVersions=[47,)]]
[138月2026 18:51:58.419] [main/DEBUG] [net.minecraftforge.fml.loading.moddiscovery.ModFileParser/LOADING]: Considering mod file candidate E:\program\JAVA\touhou little maid - unknow sky area\prod_server\libraries\net\minecraftforge\forge\1.20.1-47.4.13\forge-1.20.1-47.4.13-universal.jar
[138月2026 18:51:58.421] [main/DEBUG] [net.minecraftforge.fml.loading.moddiscovery.ModFileInfo/LOADING]: Found valid mod file forge-1.20.1-47.4.13-universal.jar with {forge} mods - versions {47.4.13}
[138月2026 18:51:58.421] [main/DEBUG] [net.minecraftforge.fml.loading.moddiscovery.ModFile/LOADING]: Loading mod file E:\program\JAVA\touhou little maid - unknow sky area\prod_server\libraries\net\minecraftforge\forge\1.20.1-47.4.13\forge-1.20.1-47.4.13-universal.jar with languages [LanguageSpec[languageName=javafml, acceptedVersions=[24,]]]
[138月2026 18:51:58.427] [main/DEBUG] [net.minecraftforge.fml.loading.moddiscovery.ModFileParser/LOADING]: Found coremod field_to_method with Javascript path coremods/field_to_method.js
[138月2026 18:51:58.428] [main/DEBUG] [net.minecraftforge.fml.loading.moddiscovery.ModFileParser/LOADING]: Found coremod field_to_instanceof with Javascript path coremods/field_to_instanceof.js
[138月2026 18:51:58.428] [main/DEBUG] [net.minecraftforge.fml.loading.moddiscovery.ModFileParser/LOADING]: Found coremod add_bouncer_method with Javascript path coremods/add_bouncer_method.js
[138月2026 18:51:58.428] [main/DEBUG] [net.minecraftforge.fml.loading.moddiscovery.ModFileParser/LOADING]: Found coremod method_redirector with Javascript path coremods/method_redirector.js
[138月2026 18:51:58.428] [main/DEBUG] [net.minecraftforge.fml.loading.moddiscovery.ModFile/LOADING]: Found coremod coremods/field_to_method.js
[138月2026 18:51:58.429] [main/DEBUG] [net.minecraftforge.fml.loading.moddiscovery.ModFile/LOADING]: Found coremod coremods/field_to_instanceof.js
[138月2026 18:51:58.429] [main/DEBUG] [net.minecraftforge.fml.loading.moddiscovery.ModFile/LOADING]: Found coremod coremods/add_bouncer_method.js
[138月2026 18:51:58.429] [main/DEBUG] [net.minecraftforge.fml.loading.moddiscovery.ModFile/LOADING]: Found coremod coremods/method_redirector.js
[138月2026 18:51:58.429] [main/DEBUG] [net.minecraftforge.fml.loading.moddiscovery.ModFileParser/LOADING]: Considering mod file candidate E:\program\JAVA\touhou little maid - unknow sky area\prod_server\mods\eftlm_stylish-1.0.0.jar
[138月2026 18:51:58.431] [main/DEBUG] [net.minecraftforge.fml.loading.moddiscovery.ModFileInfo/LOADING]: Found valid mod file eftlm_stylish-1.0.0.jar with {eftlm_stylish} mods - versions {1.0.0}
[138月2026 18:51:58.432] [main/DEBUG] [net.minecraftforge.fml.loading.moddiscovery.ModFile/LOADING]: Loading mod file E:\program\JAVA\touhou little maid - unknow sky area\prod_server\mods\eftlm_stylish-1.0.0.jar with languages [LanguageSpec[languageName=javafml, acceptedVersions=[47,)]]
[138月2026 18:51:58.432] [main/DEBUG] [net.minecraftforge.fml.loading.moddiscovery.ModFile/LOADING]: Loading mod file  with languages []
[138月2026 18:51:58.432] [main/DEBUG] [net.minecraftforge.fml.loading.moddiscovery.ModFileParser/LOADING]: Considering mod file candidate 
[138月2026 18:51:58.433] [main/DEBUG] [net.minecraftforge.fml.loading.moddiscovery.ModFileInfo/LOADING]: Found valid mod file mixinsquared-forge-0.2.0-beta.6.jar with {mixinsquared} mods - versions {0.2.0-beta.6}
[138月2026 18:51:58.433] [main/DEBUG] [net.minecraftforge.fml.loading.moddiscovery.ModFile/LOADING]: Loading mod file  with languages [LanguageSpec[languageName=javafml, acceptedVersions=*]]
[138月2026 18:51:58.434] [main/DEBUG] [net.minecraftforge.fml.loading.moddiscovery.ModFile/LOADING]: Loading mod file  with languages []
[138月2026 18:51:58.434] [main/DEBUG] [net.minecraftforge.fml.loading.moddiscovery.ModFile/LOADING]: Loading mod file  with languages []
[138月2026 18:51:58.435] [main/DEBUG] [net.minecraftforge.fml.loading.moddiscovery.ModFile/LOADING]: Loading mod file  with languages []
[138月2026 18:51:58.435] [main/DEBUG] [net.minecraftforge.fml.loading.moddiscovery.ModFile/LOADING]: Loading mod file  with languages []
[138月2026 18:51:58.435] [main/DEBUG] [net.minecraftforge.fml.loading.moddiscovery.ModFileParser/LOADING]: Considering mod file candidate 
[138月2026 18:51:58.437] [main/DEBUG] [net.minecraftforge.fml.loading.moddiscovery.ModFileInfo/LOADING]: Found valid mod file mixinextras-forge-0.4.1.jar with {mixinextras} mods - versions {0.4.1}
[138月2026 18:51:58.437] [main/DEBUG] [net.minecraftforge.fml.loading.moddiscovery.ModFile/LOADING]: Loading mod file  with languages [LanguageSpec[languageName=javafml, acceptedVersions=*]]
[138月2026 18:51:58.438] [main/DEBUG] [net.minecraftforge.fml.loading.moddiscovery.ModFile/LOADING]: Loading mod file  with languages []
[138月2026 18:51:58.438] [main/DEBUG] [net.minecraftforge.fml.loading.moddiscovery.ModFile/LOADING]: Loading mod file  with languages []
[138月2026 18:51:58.438] [main/DEBUG] [net.minecraftforge.fml.loading.moddiscovery.ModFileParser/LOADING]: Considering mod file candidate 
[138月2026 18:51:58.440] [main/DEBUG] [net.minecraftforge.fml.loading.moddiscovery.ModFileInfo/LOADING]: Found valid mod file mixinsquared-forge-0.2.0-beta.6.jar with {mixinsquared} mods - versions {0.2.0-beta.6}
[138月2026 18:51:58.440] [main/DEBUG] [net.minecraftforge.fml.loading.moddiscovery.ModFile/LOADING]: Loading mod file  with languages [LanguageSpec[languageName=javafml, acceptedVersions=*]]
[138月2026 18:51:58.441] [main/DEBUG] [net.minecraftforge.fml.loading.moddiscovery.ModFile/LOADING]: Loading mod file  with languages []
[138月2026 18:51:58.443] [main/DEBUG] [net.minecraftforge.fml.loading.moddiscovery.ModFile/LOADING]: Loading mod file  with languages []
[138月2026 18:51:58.443] [main/DEBUG] [net.minecraftforge.fml.loading.moddiscovery.ModFile/LOADING]: Loading mod file  with languages []
[138月2026 18:51:58.444] [main/DEBUG] [net.minecraftforge.fml.loading.moddiscovery.ModFile/LOADING]: Loading mod file  with languages []
[138月2026 18:51:58.444] [main/DEBUG] [net.minecraftforge.fml.loading.moddiscovery.ModFileParser/LOADING]: Considering mod file candidate 
[138月2026 18:51:58.444] [main/DEBUG] [net.minecraftforge.fml.loading.moddiscovery.ModFileInfo/LOADING]: Found valid mod file mixinextras-forge-0.4.1.jar with {mixinextras} mods - versions {0.4.1}
[138月2026 18:51:58.444] [main/DEBUG] [net.minecraftforge.fml.loading.moddiscovery.ModFile/LOADING]: Loading mod file  with languages [LanguageSpec[languageName=javafml, acceptedVersions=*]]
[138月2026 18:51:58.446] [main/DEBUG] [net.minecraftforge.fml.loading.moddiscovery.ModFile/LOADING]: Loading mod file  with languages []
[138月2026 18:51:58.448] [main/DEBUG] [cpw.mods.modlauncher.TransformationServiceDecorator/MODLAUNCHER]: End scan trigger - transformation service fml
[138月2026 18:51:58.467] [main/DEBUG] [net.minecraftforge.fml.loading.LanguageLoadingProvider/CORE]: Found 3 language providers
[138月2026 18:51:58.469] [main/DEBUG] [net.minecraftforge.fml.loading.LanguageLoadingProvider/CORE]: Found language provider minecraft, version 1.0
[138月2026 18:51:58.471] [main/DEBUG] [net.minecraftforge.fml.loading.LanguageLoadingProvider/CORE]: Found language provider lowcodefml, version 47
[138月2026 18:51:58.471] [main/DEBUG] [net.minecraftforge.fml.loading.LanguageLoadingProvider/CORE]: Found language provider javafml, version 47
[138月2026 18:51:58.478] [main/DEBUG] [net.minecraftforge.fml.loading.UniqueModListBuilder/]: Found 2 mods for first modid mclib, selecting most recent based on version data
[138月2026 18:51:58.480] [main/DEBUG] [net.minecraftforge.fml.loading.UniqueModListBuilder/]: Selected file mclib-20.jar for modid mclib with version 0.0NONE
[138月2026 18:51:58.480] [main/DEBUG] [net.minecraftforge.fml.loading.UniqueModListBuilder/]: Found 2 mods for first modid mixinsquared, selecting most recent based on version data
[138月2026 18:51:58.481] [main/DEBUG] [net.minecraftforge.fml.loading.UniqueModListBuilder/]: Selected file mixinsquared-forge-0.2.0-beta.6.jar for modid mixinsquared with version 0.2.0-beta.6
[138月2026 18:51:58.481] [main/DEBUG] [net.minecraftforge.fml.loading.UniqueModListBuilder/]: Found 2 mods for first modid mae, selecting most recent based on version data
[138月2026 18:51:58.482] [main/DEBUG] [net.minecraftforge.fml.loading.UniqueModListBuilder/]: Selected file mae-1.1.4.jar for modid mae with version 0.0NONE
[138月2026 18:51:58.482] [main/DEBUG] [net.minecraftforge.fml.loading.UniqueModListBuilder/]: Found 2 mods for first modid org.mozillaa.rhino, selecting most recent based on version data
[138月2026 18:51:58.482] [main/DEBUG] [net.minecraftforge.fml.loading.UniqueModListBuilder/]: Selected file rhino-1.8.1.jar for modid org.mozillaa.rhino with version 1.8.1-SNAPSHOT
[138月2026 18:51:58.483] [main/DEBUG] [net.minecraftforge.fml.loading.UniqueModListBuilder/]: Found 2 mods for first modid MixinSquared.beta._6, selecting most recent based on version data
[138月2026 18:51:58.483] [main/DEBUG] [net.minecraftforge.fml.loading.UniqueModListBuilder/]: Selected file MixinSquared-0.2.0-beta.6.jar for modid MixinSquared.beta._6 with version 0.0NONE
[138月2026 18:51:58.483] [main/DEBUG] [net.minecraftforge.fml.loading.UniqueModListBuilder/]: Found 2 mods for first modid Registrate.MC1._20, selecting most recent based on version data
[138月2026 18:51:58.484] [main/DEBUG] [net.minecraftforge.fml.loading.UniqueModListBuilder/]: Selected file Registrate-MC1.20-1.3.11.jar for modid Registrate.MC1._20 with version 0.0NONE
[138月2026 18:51:58.484] [main/DEBUG] [net.minecraftforge.fml.loading.UniqueModListBuilder/]: Found 2 mods for first modid mixinextras, selecting most recent based on version data
[138月2026 18:51:58.484] [main/DEBUG] [net.minecraftforge.fml.loading.UniqueModListBuilder/]: Selected file mixinextras-forge-0.4.1.jar for modid mixinextras with version 0.4.1
[138月2026 18:51:58.484] [main/DEBUG] [net.minecraftforge.fml.loading.UniqueModListBuilder/]: Found 2 mods for first modid MixinExtras, selecting most recent based on version data
[138月2026 18:51:58.484] [main/DEBUG] [net.minecraftforge.fml.loading.UniqueModListBuilder/]: Selected file MixinExtras-0.4.1.jar for modid MixinExtras with version 0.0NONE
[138月2026 18:51:58.490] [main/DEBUG] [net.minecraftforge.fml.loading.ModSorter/]: Configured system mods: [minecraft, forge]
[138月2026 18:51:58.491] [main/DEBUG] [net.minecraftforge.fml.loading.ModSorter/]: Found system mod: minecraft
[138月2026 18:51:58.491] [main/DEBUG] [net.minecraftforge.fml.loading.ModSorter/]: Found system mod: forge
[138月2026 18:51:58.495] [main/DEBUG] [net.minecraftforge.fml.loading.ModSorter/LOADING]: Found 62 mod requirements (53 mandatory, 9 optional)
[138月2026 18:51:58.497] [main/DEBUG] [net.minecraftforge.fml.loading.ModSorter/LOADING]: Found 0 mod requirements missing (0 mandatory, 0 optional)
[138月2026 18:51:59.442] [main/DEBUG] [cpw.mods.modlauncher.TransformationServicesHandler/MODLAUNCHER]: Transformation services loading transformers
[138月2026 18:51:59.444] [main/DEBUG] [cpw.mods.modlauncher.TransformationServiceDecorator/MODLAUNCHER]: Initializing transformers for transformation service mixin
[138月2026 18:51:59.448] [main/DEBUG] [cpw.mods.modlauncher.TransformationServiceDecorator/MODLAUNCHER]: Initialized transformers for transformation service mixin
[138月2026 18:51:59.449] [main/DEBUG] [cpw.mods.modlauncher.TransformationServiceDecorator/MODLAUNCHER]: Initializing transformers for transformation service fml
[138月2026 18:51:59.449] [main/DEBUG] [net.minecraftforge.fml.loading.FMLServiceProvider/CORE]: Loading coremod transformers
[138月2026 18:51:59.449] [main/DEBUG] [net.minecraftforge.coremod.CoreModEngine/COREMOD]: Loading CoreMod from coremods/field_to_method.js
[138月2026 18:52:00.202] [main/DEBUG] [net.minecraftforge.coremod.CoreModEngine/COREMOD]: CoreMod loaded successfully
[138月2026 18:52:00.202] [main/DEBUG] [net.minecraftforge.coremod.CoreModEngine/COREMOD]: Loading CoreMod from coremods/field_to_instanceof.js
[138月2026 18:52:00.438] [main/DEBUG] [net.minecraftforge.coremod.CoreModEngine/COREMOD]: CoreMod loaded successfully
[138月2026 18:52:00.438] [main/DEBUG] [net.minecraftforge.coremod.CoreModEngine/COREMOD]: Loading CoreMod from coremods/add_bouncer_method.js
[138月2026 18:52:00.541] [main/DEBUG] [net.minecraftforge.coremod.CoreModEngine/COREMOD]: CoreMod loaded successfully
[138月2026 18:52:00.542] [main/DEBUG] [net.minecraftforge.coremod.CoreModEngine/COREMOD]: Loading CoreMod from coremods/method_redirector.js
[138月2026 18:52:00.727] [main/DEBUG] [net.minecraftforge.coremod.CoreModEngine/COREMOD]: CoreMod loaded successfully
[138月2026 18:52:00.764] [main/DEBUG] [cpw.mods.modlauncher.TransformStore/MODLAUNCHER]: Adding transformer net.minecraftforge.coremod.transformer.CoreModClassTransformer@30c4e352 to Target : CLASS {Lnet/minecraft/world/level/biome/Biome;} {} {V}
[138月2026 18:52:00.768] [main/DEBUG] [cpw.mods.modlauncher.TransformStore/MODLAUNCHER]: Adding transformer net.minecraftforge.coremod.transformer.CoreModClassTransformer@6e3ecf5c to Target : CLASS {Lnet/minecraft/world/level/levelgen/structure/Structure;} {} {V}
[138月2026 18:52:00.768] [main/DEBUG] [cpw.mods.modlauncher.TransformStore/MODLAUNCHER]: Adding transformer net.minecraftforge.coremod.transformer.CoreModClassTransformer@67507df to Target : CLASS {Lnet/minecraft/world/effect/MobEffectInstance;} {} {V}
[138月2026 18:52:00.769] [main/DEBUG] [cpw.mods.modlauncher.TransformStore/MODLAUNCHER]: Adding transformer net.minecraftforge.coremod.transformer.CoreModClassTransformer@341b13a8 to Target : CLASS {Lnet/minecraft/world/level/block/LiquidBlock;} {} {V}
[138月2026 18:52:00.769] [main/DEBUG] [cpw.mods.modlauncher.TransformStore/MODLAUNCHER]: Adding transformer net.minecraftforge.coremod.transformer.CoreModClassTransformer@692dba54 to Target : CLASS {Lnet/minecraft/world/item/BucketItem;} {} {V}
[138月2026 18:52:00.770] [main/DEBUG] [cpw.mods.modlauncher.TransformStore/MODLAUNCHER]: Adding transformer net.minecraftforge.coremod.transformer.CoreModClassTransformer@71f1cc02 to Target : CLASS {Lnet/minecraft/world/level/block/StairBlock;} {} {V}
[138月2026 18:52:00.770] [main/DEBUG] [cpw.mods.modlauncher.TransformStore/MODLAUNCHER]: Adding transformer net.minecraftforge.coremod.transformer.CoreModClassTransformer@5f14761c to Target : CLASS {Lnet/minecraft/world/level/block/FlowerPotBlock;} {} {V}
[138月2026 18:52:00.770] [main/DEBUG] [cpw.mods.modlauncher.TransformStore/MODLAUNCHER]: Adding transformer net.minecraftforge.coremod.transformer.CoreModClassTransformer@33feb805 to Target : CLASS {Lnet/minecraft/world/item/ItemStack;} {} {V}
[138月2026 18:52:00.770] [main/DEBUG] [cpw.mods.modlauncher.TransformStore/MODLAUNCHER]: Adding transformer net.minecraftforge.coremod.transformer.CoreModClassTransformer@37854b34 to Target : CLASS {Lnet/minecraft/network/play/client/CClientSettingsPacket;} {} {V}
[138月2026 18:52:00.771] [main/DEBUG] [cpw.mods.modlauncher.TransformStore/MODLAUNCHER]: Adding transformer net.minecraftforge.coremod.transformer.CoreModClassTransformer@48eb001a to Target : CLASS {Lnet/minecraft/world/level/levelgen/structure/templatesystem/StructureTemplate;} {} {V}
[138月2026 18:52:00.771] [main/DEBUG] [cpw.mods.modlauncher.TransformStore/MODLAUNCHER]: Adding transformer net.minecraftforge.coremod.transformer.CoreModClassTransformer@48eb001a to Target : CLASS {Lnet/minecraft/server/commands/SummonCommand;} {} {V}
[138月2026 18:52:00.771] [main/DEBUG] [cpw.mods.modlauncher.TransformStore/MODLAUNCHER]: Adding transformer net.minecraftforge.coremod.transformer.CoreModClassTransformer@48eb001a to Target : CLASS {Lnet/minecraft/world/level/levelgen/structure/structures/WoodlandMansionPieces$WoodlandMansionPiece;} {} {V}
[138月2026 18:52:00.771] [main/DEBUG] [cpw.mods.modlauncher.TransformStore/MODLAUNCHER]: Adding transformer net.minecraftforge.coremod.transformer.CoreModClassTransformer@48eb001a to Target : CLASS {Lnet/minecraft/world/level/levelgen/structure/structures/OceanRuinPieces$OceanRuinPiece;} {} {V}
[138月2026 18:52:00.771] [main/DEBUG] [cpw.mods.modlauncher.TransformStore/MODLAUNCHER]: Adding transformer net.minecraftforge.coremod.transformer.CoreModClassTransformer@48eb001a to Target : CLASS {Lnet/minecraft/world/entity/raid/Raid;} {} {V}
[138月2026 18:52:00.771] [main/DEBUG] [cpw.mods.modlauncher.TransformStore/MODLAUNCHER]: Adding transformer net.minecraftforge.coremod.transformer.CoreModClassTransformer@48eb001a to Target : CLASS {Lnet/minecraft/world/entity/animal/horse/SkeletonTrapGoal;} {} {V}
[138月2026 18:52:00.772] [main/DEBUG] [cpw.mods.modlauncher.TransformStore/MODLAUNCHER]: Adding transformer net.minecraftforge.coremod.transformer.CoreModClassTransformer@48eb001a to Target : CLASS {Lnet/minecraft/world/entity/monster/Spider;} {} {V}
[138月2026 18:52:00.772] [main/DEBUG] [cpw.mods.modlauncher.TransformStore/MODLAUNCHER]: Adding transformer net.minecraftforge.coremod.transformer.CoreModClassTransformer@48eb001a to Target : CLASS {Lnet/minecraft/world/entity/monster/ZombieVillager;} {} {V}
[138月2026 18:52:00.772] [main/DEBUG] [cpw.mods.modlauncher.TransformStore/MODLAUNCHER]: Adding transformer net.minecraftforge.coremod.transformer.CoreModClassTransformer@48eb001a to Target : CLASS {Lnet/minecraft/world/level/levelgen/structure/structures/OceanMonumentPieces$OceanMonumentPiece;} {} {V}
[138月2026 18:52:00.772] [main/DEBUG] [cpw.mods.modlauncher.TransformStore/MODLAUNCHER]: Adding transformer net.minecraftforge.coremod.transformer.CoreModClassTransformer@48eb001a to Target : CLASS {Lnet/minecraft/world/entity/npc/CatSpawner;} {} {V}
[138月2026 18:52:00.772] [main/DEBUG] [cpw.mods.modlauncher.TransformStore/MODLAUNCHER]: Adding transformer net.minecraftforge.coremod.transformer.CoreModClassTransformer@48eb001a to Target : CLASS {Lnet/minecraft/world/level/levelgen/PatrolSpawner;} {} {V}
[138月2026 18:52:00.773] [main/DEBUG] [cpw.mods.modlauncher.TransformStore/MODLAUNCHER]: Adding transformer net.minecraftforge.coremod.transformer.CoreModClassTransformer@48eb001a to Target : CLASS {Lnet/minecraft/world/level/levelgen/structure/structures/SwampHutPiece;} {} {V}
[138月2026 18:52:00.773] [main/DEBUG] [cpw.mods.modlauncher.TransformStore/MODLAUNCHER]: Adding transformer net.minecraftforge.coremod.transformer.CoreModClassTransformer@48eb001a to Target : CLASS {Lnet/minecraft/world/entity/EntityType;} {} {V}
[138月2026 18:52:00.773] [main/DEBUG] [cpw.mods.modlauncher.TransformStore/MODLAUNCHER]: Adding transformer net.minecraftforge.coremod.transformer.CoreModClassTransformer@48eb001a to Target : CLASS {Lnet/minecraft/world/entity/animal/frog/Tadpole;} {} {V}
[138月2026 18:52:00.773] [main/DEBUG] [cpw.mods.modlauncher.TransformStore/MODLAUNCHER]: Adding transformer net.minecraftforge.coremod.transformer.CoreModClassTransformer@48eb001a to Target : CLASS {Lnet/minecraft/world/entity/npc/Villager;} {} {V}
[138月2026 18:52:00.773] [main/DEBUG] [cpw.mods.modlauncher.TransformStore/MODLAUNCHER]: Adding transformer net.minecraftforge.coremod.transformer.CoreModClassTransformer@48eb001a to Target : CLASS {Lnet/minecraft/world/level/levelgen/PhantomSpawner;} {} {V}
[138月2026 18:52:00.773] [main/DEBUG] [cpw.mods.modlauncher.TransformStore/MODLAUNCHER]: Adding transformer net.minecraftforge.coremod.transformer.CoreModClassTransformer@48eb001a to Target : CLASS {Lnet/minecraft/world/entity/monster/Zombie;} {} {V}
[138月2026 18:52:00.773] [main/DEBUG] [cpw.mods.modlauncher.TransformStore/MODLAUNCHER]: Adding transformer net.minecraftforge.coremod.transformer.CoreModClassTransformer@48eb001a to Target : CLASS {Lnet/minecraft/world/entity/ai/village/VillageSiege;} {} {V}
[138月2026 18:52:00.773] [main/DEBUG] [cpw.mods.modlauncher.TransformStore/MODLAUNCHER]: Adding transformer net.minecraftforge.coremod.transformer.CoreModClassTransformer@48eb001a to Target : CLASS {Lnet/minecraft/world/entity/monster/Strider;} {} {V}
[138月2026 18:52:00.773] [main/DEBUG] [cpw.mods.modlauncher.TransformStore/MODLAUNCHER]: Adding transformer net.minecraftforge.coremod.transformer.CoreModClassTransformer@48eb001a to Target : CLASS {Lnet/minecraft/server/commands/RaidCommand;} {} {V}
[138月2026 18:52:00.773] [main/DEBUG] [cpw.mods.modlauncher.TransformStore/MODLAUNCHER]: Adding transformer net.minecraftforge.coremod.transformer.CoreModClassTransformer@48eb001a to Target : CLASS {Lnet/minecraft/world/level/NaturalSpawner;} {} {V}
[138月2026 18:52:00.774] [main/DEBUG] [cpw.mods.modlauncher.TransformStore/MODLAUNCHER]: Adding transformer net.minecraftforge.coremod.transformer.CoreModClassTransformer@48eb001a to Target : CLASS {Lnet/minecraft/world/entity/monster/Evoker$EvokerSummonSpellGoal;} {} {V}
[138月2026 18:52:00.774] [main/DEBUG] [cpw.mods.modlauncher.TransformationServiceDecorator/MODLAUNCHER]: Initialized transformers for transformation service fml
[138月2026 18:52:01.667] [main/DEBUG] [mixin/]: Processing prepare() for PlatformAgent[MixinPlatformAgentDefault:ModLauncher Root Container(ModLauncher:4f56a0a2)]
[138月2026 18:52:01.668] [main/DEBUG] [mixin/]: Processing launch tasks for PlatformAgent[MixinPlatformAgentDefault:ModLauncher Root Container(ModLauncher:4f56a0a2)]
[138月2026 18:52:01.668] [main/DEBUG] [mixin/]: Adding mixin platform agents for container SecureJarResource(minecraft)
[138月2026 18:52:01.669] [main/DEBUG] [mixin/]: Instancing new MixinPlatformAgentMinecraftForge for SecureJarResource(minecraft)
[138月2026 18:52:01.669] [main/DEBUG] [mixin/]: MixinPlatformAgentMinecraftForge rejected container SecureJarResource(minecraft)
[138月2026 18:52:01.669] [main/DEBUG] [mixin/]: Instancing new MixinPlatformAgentDefault for SecureJarResource(minecraft)
[138月2026 18:52:01.670] [main/DEBUG] [mixin/]: MixinPlatformAgentDefault accepted container SecureJarResource(minecraft)
[138月2026 18:52:01.670] [main/DEBUG] [mixin/]: Processing prepare() for PlatformAgent[MixinPlatformAgentDefault:SecureJarResource(minecraft)]
[138月2026 18:52:01.671] [main/DEBUG] [mixin/]: Adding mixin platform agents for container SecureJarResource(invincible)
[138月2026 18:52:01.671] [main/DEBUG] [mixin/]: Instancing new MixinPlatformAgentMinecraftForge for SecureJarResource(invincible)
[138月2026 18:52:01.671] [main/DEBUG] [mixin/]: MixinPlatformAgentMinecraftForge rejected container SecureJarResource(invincible)
[138月2026 18:52:01.671] [main/DEBUG] [mixin/]: Instancing new MixinPlatformAgentDefault for SecureJarResource(invincible)
[138月2026 18:52:01.672] [main/DEBUG] [mixin/]: MixinPlatformAgentDefault accepted container SecureJarResource(invincible)
[138月2026 18:52:01.672] [main/DEBUG] [mixin/]: Processing prepare() for PlatformAgent[MixinPlatformAgentDefault:SecureJarResource(invincible)]
[138月2026 18:52:01.674] [main/DEBUG] [mixin/]: Registering mixin config: invincible.mixins.json
[138月2026 18:52:01.723] [main/DEBUG] [mixin/]: Compatibility level JAVA_17 specified by invincible.mixins.json is higher than the maximum level supported by this version of mixin (JAVA_13).
[138月2026 18:52:01.736] [main/INFO] [mixin/]: Compatibility level set to JAVA_17
[138月2026 18:52:01.736] [main/DEBUG] [mixin/]: Adding mixin platform agents for container SecureJarResource(mixinsquared)
[138月2026 18:52:01.737] [main/DEBUG] [mixin/]: Instancing new MixinPlatformAgentMinecraftForge for SecureJarResource(mixinsquared)
[138月2026 18:52:01.737] [main/DEBUG] [mixin/]: MixinPlatformAgentMinecraftForge rejected container SecureJarResource(mixinsquared)
[138月2026 18:52:01.737] [main/DEBUG] [mixin/]: Instancing new MixinPlatformAgentDefault for SecureJarResource(mixinsquared)
[138月2026 18:52:01.737] [main/DEBUG] [mixin/]: MixinPlatformAgentDefault accepted container SecureJarResource(mixinsquared)
[138月2026 18:52:01.737] [main/DEBUG] [mixin/]: Processing prepare() for PlatformAgent[MixinPlatformAgentDefault:SecureJarResource(mixinsquared)]
[138月2026 18:52:01.737] [main/DEBUG] [mixin/]: Registering mixin config: mixinsquared.init.mixins.json
[138月2026 18:52:01.739] [main/DEBUG] [mixin/]: Adding mixin platform agents for container SecureJarResource(geckolib)
[138月2026 18:52:01.739] [main/DEBUG] [mixin/]: Instancing new MixinPlatformAgentMinecraftForge for SecureJarResource(geckolib)
[138月2026 18:52:01.739] [main/DEBUG] [mixin/]: MixinPlatformAgentMinecraftForge rejected container SecureJarResource(geckolib)
[138月2026 18:52:01.740] [main/DEBUG] [mixin/]: Instancing new MixinPlatformAgentDefault for SecureJarResource(geckolib)
[138月2026 18:52:01.740] [main/DEBUG] [mixin/]: MixinPlatformAgentDefault accepted container SecureJarResource(geckolib)
[138月2026 18:52:01.740] [main/DEBUG] [mixin/]: Processing prepare() for PlatformAgent[MixinPlatformAgentDefault:SecureJarResource(geckolib)]
[138月2026 18:52:01.740] [main/DEBUG] [mixin/]: Registering mixin config: geckolib.mixins.json
[138月2026 18:52:01.744] [main/DEBUG] [mixin/]: Adding mixin platform agents for container SecureJarResource(combat_evolution)
[138月2026 18:52:01.746] [main/DEBUG] [mixin/]: Instancing new MixinPlatformAgentMinecraftForge for SecureJarResource(combat_evolution)
[138月2026 18:52:01.746] [main/DEBUG] [mixin/]: MixinPlatformAgentMinecraftForge rejected container SecureJarResource(combat_evolution)
[138月2026 18:52:01.746] [main/DEBUG] [mixin/]: Instancing new MixinPlatformAgentDefault for SecureJarResource(combat_evolution)
[138月2026 18:52:01.746] [main/DEBUG] [mixin/]: MixinPlatformAgentDefault accepted container SecureJarResource(combat_evolution)
[138月2026 18:52:01.746] [main/DEBUG] [mixin/]: Processing prepare() for PlatformAgent[MixinPlatformAgentDefault:SecureJarResource(combat_evolution)]
[138月2026 18:52:01.746] [main/DEBUG] [mixin/]: Registering mixin config: combat_evolution.mixins.json
[138月2026 18:52:01.749] [main/DEBUG] [mixin/]: Adding mixin platform agents for container SecureJarResource(touhou_little_maid)
[138月2026 18:52:01.750] [main/DEBUG] [mixin/]: Instancing new MixinPlatformAgentMinecraftForge for SecureJarResource(touhou_little_maid)
[138月2026 18:52:01.750] [main/DEBUG] [mixin/]: MixinPlatformAgentMinecraftForge rejected container SecureJarResource(touhou_little_maid)
[138月2026 18:52:01.752] [main/DEBUG] [mixin/]: Instancing new MixinPlatformAgentDefault for SecureJarResource(touhou_little_maid)
[138月2026 18:52:01.752] [main/DEBUG] [mixin/]: MixinPlatformAgentDefault accepted container SecureJarResource(touhou_little_maid)
[138月2026 18:52:01.752] [main/DEBUG] [mixin/]: Processing prepare() for PlatformAgent[MixinPlatformAgentDefault:SecureJarResource(touhou_little_maid)]
[138月2026 18:52:01.752] [main/DEBUG] [mixin/]: Registering mixin config: touhou_little_maid.mixins.json
[138月2026 18:52:01.767] [main/DEBUG] [mixin/]: Adding mixin platform agents for container SecureJarResource(simplebedrockmodel)
[138月2026 18:52:01.767] [main/DEBUG] [mixin/]: Instancing new MixinPlatformAgentMinecraftForge for SecureJarResource(simplebedrockmodel)
[138月2026 18:52:01.767] [main/DEBUG] [mixin/]: MixinPlatformAgentMinecraftForge rejected container SecureJarResource(simplebedrockmodel)
[138月2026 18:52:01.767] [main/DEBUG] [mixin/]: Instancing new MixinPlatformAgentDefault for SecureJarResource(simplebedrockmodel)
[138月2026 18:52:01.767] [main/DEBUG] [mixin/]: MixinPlatformAgentDefault accepted container SecureJarResource(simplebedrockmodel)
[138月2026 18:52:01.767] [main/DEBUG] [mixin/]: Processing prepare() for PlatformAgent[MixinPlatformAgentDefault:SecureJarResource(simplebedrockmodel)]
[138月2026 18:52:01.767] [main/DEBUG] [mixin/]: Registering mixin config: simplebedrockmodel.mixins.json
[138月2026 18:52:01.769] [main/DEBUG] [mixin/]: Compatibility level JAVA_8 specified by simplebedrockmodel.mixins.json is lower than the default level supported by the current mixin service (JAVA_16).
[138月2026 18:52:01.770] [main/DEBUG] [mixin/]: Adding mixin platform agents for container SecureJarResource(epicfight)
[138月2026 18:52:01.770] [main/DEBUG] [mixin/]: Instancing new MixinPlatformAgentMinecraftForge for SecureJarResource(epicfight)
[138月2026 18:52:01.770] [main/DEBUG] [mixin/]: MixinPlatformAgentMinecraftForge rejected container SecureJarResource(epicfight)
[138月2026 18:52:01.771] [main/DEBUG] [mixin/]: Instancing new MixinPlatformAgentDefault for SecureJarResource(epicfight)
[138月2026 18:52:01.771] [main/DEBUG] [mixin/]: MixinPlatformAgentDefault accepted container SecureJarResource(epicfight)
[138月2026 18:52:01.771] [main/DEBUG] [mixin/]: Processing prepare() for PlatformAgent[MixinPlatformAgentDefault:SecureJarResource(epicfight)]
[138月2026 18:52:01.771] [main/DEBUG] [mixin/]: Registering mixin config: mixins.epicfight.json
[138月2026 18:52:01.773] [main/DEBUG] [mixin/]: Adding mixin platform agents for container SecureJarResource(wom)
[138月2026 18:52:01.773] [main/DEBUG] [mixin/]: Instancing new MixinPlatformAgentMinecraftForge for SecureJarResource(wom)
[138月2026 18:52:01.773] [main/DEBUG] [mixin/]: MixinPlatformAgentMinecraftForge rejected container SecureJarResource(wom)
[138月2026 18:52:01.774] [main/DEBUG] [mixin/]: Instancing new MixinPlatformAgentDefault for SecureJarResource(wom)
[138月2026 18:52:01.774] [main/DEBUG] [mixin/]: MixinPlatformAgentDefault accepted container SecureJarResource(wom)
[138月2026 18:52:01.774] [main/DEBUG] [mixin/]: Processing prepare() for PlatformAgent[MixinPlatformAgentDefault:SecureJarResource(wom)]
[138月2026 18:52:01.775] [main/DEBUG] [mixin/]: Registering mixin config: mixins.wom.json
[138月2026 18:52:01.776] [main/DEBUG] [mixin/]: Adding mixin platform agents for container SecureJarResource(epic_fight_avalon)
[138月2026 18:52:01.777] [main/DEBUG] [mixin/]: Instancing new MixinPlatformAgentMinecraftForge for SecureJarResource(epic_fight_avalon)
[138月2026 18:52:01.777] [main/DEBUG] [mixin/]: MixinPlatformAgentMinecraftForge rejected container SecureJarResource(epic_fight_avalon)
[138月2026 18:52:01.777] [main/DEBUG] [mixin/]: Instancing new MixinPlatformAgentDefault for SecureJarResource(epic_fight_avalon)
[138月2026 18:52:01.777] [main/DEBUG] [mixin/]: MixinPlatformAgentDefault accepted container SecureJarResource(epic_fight_avalon)
[138月2026 18:52:01.777] [main/DEBUG] [mixin/]: Processing prepare() for PlatformAgent[MixinPlatformAgentDefault:SecureJarResource(epic_fight_avalon)]
[138月2026 18:52:01.778] [main/DEBUG] [mixin/]: Registering mixin config: epic_fight_avalon.mixins.json
[138月2026 18:52:01.781] [main/DEBUG] [mixin/]: Adding mixin platform agents for container SecureJarResource(player_mobs)
[138月2026 18:52:01.781] [main/DEBUG] [mixin/]: Instancing new MixinPlatformAgentMinecraftForge for SecureJarResource(player_mobs)
[138月2026 18:52:01.781] [main/DEBUG] [mixin/]: MixinPlatformAgentMinecraftForge rejected container SecureJarResource(player_mobs)
[138月2026 18:52:01.781] [main/DEBUG] [mixin/]: Instancing new MixinPlatformAgentDefault for SecureJarResource(player_mobs)
[138月2026 18:52:01.781] [main/DEBUG] [mixin/]: MixinPlatformAgentDefault accepted container SecureJarResource(player_mobs)
[138月2026 18:52:01.781] [main/DEBUG] [mixin/]: Processing prepare() for PlatformAgent[MixinPlatformAgentDefault:SecureJarResource(player_mobs)]
[138月2026 18:52:01.781] [main/DEBUG] [mixin/]: Adding mixin platform agents for container SecureJarResource(mixinextras)
[138月2026 18:52:01.782] [main/DEBUG] [mixin/]: Instancing new MixinPlatformAgentMinecraftForge for SecureJarResource(mixinextras)
[138月2026 18:52:01.782] [main/DEBUG] [mixin/]: MixinPlatformAgentMinecraftForge rejected container SecureJarResource(mixinextras)
[138月2026 18:52:01.783] [main/DEBUG] [mixin/]: Instancing new MixinPlatformAgentDefault for SecureJarResource(mixinextras)
[138月2026 18:52:01.783] [main/DEBUG] [mixin/]: MixinPlatformAgentDefault accepted container SecureJarResource(mixinextras)
[138月2026 18:52:01.783] [main/DEBUG] [mixin/]: Processing prepare() for PlatformAgent[MixinPlatformAgentDefault:SecureJarResource(mixinextras)]
[138月2026 18:52:01.783] [main/DEBUG] [mixin/]: Registering mixin config: mixinextras.init.mixins.json
[138月2026 18:52:01.784] [main/DEBUG] [mixin/]: Adding mixin platform agents for container SecureJarResource(vix)
[138月2026 18:52:01.784] [main/DEBUG] [mixin/]: Instancing new MixinPlatformAgentMinecraftForge for SecureJarResource(vix)
[138月2026 18:52:01.784] [main/DEBUG] [mixin/]: MixinPlatformAgentMinecraftForge rejected container SecureJarResource(vix)
[138月2026 18:52:01.784] [main/DEBUG] [mixin/]: Instancing new MixinPlatformAgentDefault for SecureJarResource(vix)
[138月2026 18:52:01.785] [main/DEBUG] [mixin/]: MixinPlatformAgentDefault accepted container SecureJarResource(vix)
[138月2026 18:52:01.785] [main/DEBUG] [mixin/]: Processing prepare() for PlatformAgent[MixinPlatformAgentDefault:SecureJarResource(vix)]
[138月2026 18:52:01.785] [main/DEBUG] [mixin/]: Registering mixin config: vix.mixins.json
[138月2026 18:52:01.787] [main/DEBUG] [mixin/]: Adding mixin platform agents for container SecureJarResource(architectury)
[138月2026 18:52:01.787] [main/DEBUG] [mixin/]: Instancing new MixinPlatformAgentMinecraftForge for SecureJarResource(architectury)
[138月2026 18:52:01.788] [main/DEBUG] [mixin/]: MixinPlatformAgentMinecraftForge rejected container SecureJarResource(architectury)
[138月2026 18:52:01.788] [main/DEBUG] [mixin/]: Instancing new MixinPlatformAgentDefault for SecureJarResource(architectury)
[138月2026 18:52:01.789] [main/DEBUG] [mixin/]: MixinPlatformAgentDefault accepted container SecureJarResource(architectury)
[138月2026 18:52:01.789] [main/DEBUG] [mixin/]: Processing prepare() for PlatformAgent[MixinPlatformAgentDefault:SecureJarResource(architectury)]
[138月2026 18:52:01.789] [main/DEBUG] [mixin/]: Registering mixin config: architectury.mixins.json
[138月2026 18:52:01.791] [main/DEBUG] [mixin/]: Compatibility level JAVA_16 specified by architectury.mixins.json is higher than the maximum level supported by this version of mixin (JAVA_13).
[138月2026 18:52:01.793] [main/DEBUG] [mixin/]: Registering mixin config: architectury-common.mixins.json
[138月2026 18:52:01.795] [main/DEBUG] [mixin/]: Compatibility level JAVA_16 specified by architectury-common.mixins.json is higher than the maximum level supported by this version of mixin (JAVA_13).
[138月2026 18:52:01.796] [main/DEBUG] [mixin/]: Adding mixin platform agents for container SecureJarResource(efn)
[138月2026 18:52:01.796] [main/DEBUG] [mixin/]: Instancing new MixinPlatformAgentMinecraftForge for SecureJarResource(efn)
[138月2026 18:52:01.797] [main/DEBUG] [mixin/]: MixinPlatformAgentMinecraftForge rejected container SecureJarResource(efn)
[138月2026 18:52:01.797] [main/DEBUG] [mixin/]: Instancing new MixinPlatformAgentDefault for SecureJarResource(efn)
[138月2026 18:52:01.798] [main/DEBUG] [mixin/]: MixinPlatformAgentDefault accepted container SecureJarResource(efn)
[138月2026 18:52:01.798] [main/DEBUG] [mixin/]: Processing prepare() for PlatformAgent[MixinPlatformAgentDefault:SecureJarResource(efn)]
[138月2026 18:52:01.798] [main/DEBUG] [mixin/]: Registering mixin config: efn.mixins.json
[138月2026 18:52:01.800] [main/DEBUG] [mixin/]: Adding mixin platform agents for container SecureJarResource(annoyingvillagers)
[138月2026 18:52:01.802] [main/DEBUG] [mixin/]: Instancing new MixinPlatformAgentMinecraftForge for SecureJarResource(annoyingvillagers)
[138月2026 18:52:01.802] [main/DEBUG] [mixin/]: MixinPlatformAgentMinecraftForge rejected container SecureJarResource(annoyingvillagers)
[138月2026 18:52:01.802] [main/DEBUG] [mixin/]: Instancing new MixinPlatformAgentDefault for SecureJarResource(annoyingvillagers)
[138月2026 18:52:01.802] [main/DEBUG] [mixin/]: MixinPlatformAgentDefault accepted container SecureJarResource(annoyingvillagers)
[138月2026 18:52:01.802] [main/DEBUG] [mixin/]: Processing prepare() for PlatformAgent[MixinPlatformAgentDefault:SecureJarResource(annoyingvillagers)]
[138月2026 18:52:01.802] [main/DEBUG] [mixin/]: Registering mixin config: annoyingvillagers.mixins.json
[138月2026 18:52:01.804] [main/DEBUG] [mixin/]: Adding mixin platform agents for container SecureJarResource(efclash_blade)
[138月2026 18:52:01.804] [main/DEBUG] [mixin/]: Instancing new MixinPlatformAgentMinecraftForge for SecureJarResource(efclash_blade)
[138月2026 18:52:01.804] [main/DEBUG] [mixin/]: MixinPlatformAgentMinecraftForge rejected container SecureJarResource(efclash_blade)
[138月2026 18:52:01.804] [main/DEBUG] [mixin/]: Instancing new MixinPlatformAgentDefault for SecureJarResource(efclash_blade)
[138月2026 18:52:01.804] [main/DEBUG] [mixin/]: MixinPlatformAgentDefault accepted container SecureJarResource(efclash_blade)
[138月2026 18:52:01.805] [main/DEBUG] [mixin/]: Processing prepare() for PlatformAgent[MixinPlatformAgentDefault:SecureJarResource(efclash_blade)]
[138月2026 18:52:01.805] [main/DEBUG] [mixin/]: Adding mixin platform agents for container SecureJarResource(ywzj_vehicle)
[138月2026 18:52:01.805] [main/DEBUG] [mixin/]: Instancing new MixinPlatformAgentMinecraftForge for SecureJarResource(ywzj_vehicle)
[138月2026 18:52:01.805] [main/DEBUG] [mixin/]: MixinPlatformAgentMinecraftForge rejected container SecureJarResource(ywzj_vehicle)
[138月2026 18:52:01.805] [main/DEBUG] [mixin/]: Instancing new MixinPlatformAgentDefault for SecureJarResource(ywzj_vehicle)
[138月2026 18:52:01.805] [main/DEBUG] [mixin/]: MixinPlatformAgentDefault accepted container SecureJarResource(ywzj_vehicle)
[138月2026 18:52:01.805] [main/DEBUG] [mixin/]: Processing prepare() for PlatformAgent[MixinPlatformAgentDefault:SecureJarResource(ywzj_vehicle)]
[138月2026 18:52:01.805] [main/DEBUG] [mixin/]: Registering mixin config: mixins.ywzj_vehicle.json
[138月2026 18:52:01.809] [main/DEBUG] [mixin/]: Adding mixin platform agents for container SecureJarResource(ef_tlm)
[138月2026 18:52:01.809] [main/DEBUG] [mixin/]: Instancing new MixinPlatformAgentMinecraftForge for SecureJarResource(ef_tlm)
[138月2026 18:52:01.809] [main/DEBUG] [mixin/]: MixinPlatformAgentMinecraftForge rejected container SecureJarResource(ef_tlm)
[138月2026 18:52:01.810] [main/DEBUG] [mixin/]: Instancing new MixinPlatformAgentDefault for SecureJarResource(ef_tlm)
[138月2026 18:52:01.810] [main/DEBUG] [mixin/]: MixinPlatformAgentDefault accepted container SecureJarResource(ef_tlm)
[138月2026 18:52:01.810] [main/DEBUG] [mixin/]: Processing prepare() for PlatformAgent[MixinPlatformAgentDefault:SecureJarResource(ef_tlm)]
[138月2026 18:52:01.810] [main/DEBUG] [mixin/]: Registering mixin config: ef_tlm.mixins.json
[138月2026 18:52:01.812] [main/DEBUG] [mixin/]: Adding mixin platform agents for container SecureJarResource(ysm_geo_compat)
[138月2026 18:52:01.812] [main/DEBUG] [mixin/]: Instancing new MixinPlatformAgentMinecraftForge for SecureJarResource(ysm_geo_compat)
[138月2026 18:52:01.812] [main/DEBUG] [mixin/]: MixinPlatformAgentMinecraftForge rejected container SecureJarResource(ysm_geo_compat)
[138月2026 18:52:01.812] [main/DEBUG] [mixin/]: Instancing new MixinPlatformAgentDefault for SecureJarResource(ysm_geo_compat)
[138月2026 18:52:01.812] [main/DEBUG] [mixin/]: MixinPlatformAgentDefault accepted container SecureJarResource(ysm_geo_compat)
[138月2026 18:52:01.812] [main/DEBUG] [mixin/]: Processing prepare() for PlatformAgent[MixinPlatformAgentDefault:SecureJarResource(ysm_geo_compat)]
[138月2026 18:52:01.812] [main/DEBUG] [mixin/]: Registering mixin config: ysm_geo_compat.eftlm.mixins.json
[138月2026 18:52:01.816] [main/DEBUG] [mixin/]: Adding mixin platform agents for container SecureJarResource(forge)
[138月2026 18:52:01.816] [main/DEBUG] [mixin/]: Instancing new MixinPlatformAgentMinecraftForge for SecureJarResource(forge)
[138月2026 18:52:01.816] [main/DEBUG] [mixin/]: MixinPlatformAgentMinecraftForge rejected container SecureJarResource(forge)
[138月2026 18:52:01.816] [main/DEBUG] [mixin/]: Instancing new MixinPlatformAgentDefault for SecureJarResource(forge)
[138月2026 18:52:01.817] [main/DEBUG] [mixin/]: MixinPlatformAgentDefault accepted container SecureJarResource(forge)
[138月2026 18:52:01.817] [main/DEBUG] [mixin/]: Processing prepare() for PlatformAgent[MixinPlatformAgentDefault:SecureJarResource(forge)]
[138月2026 18:52:01.817] [main/DEBUG] [mixin/]: Adding mixin platform agents for container SecureJarResource(eftlm_stylish)
[138月2026 18:52:01.817] [main/DEBUG] [mixin/]: Instancing new MixinPlatformAgentMinecraftForge for SecureJarResource(eftlm_stylish)
[138月2026 18:52:01.817] [main/DEBUG] [mixin/]: MixinPlatformAgentMinecraftForge rejected container SecureJarResource(eftlm_stylish)
[138月2026 18:52:01.817] [main/DEBUG] [mixin/]: Instancing new MixinPlatformAgentDefault for SecureJarResource(eftlm_stylish)
[138月2026 18:52:01.817] [main/DEBUG] [mixin/]: MixinPlatformAgentDefault accepted container SecureJarResource(eftlm_stylish)
[138月2026 18:52:01.817] [main/DEBUG] [mixin/]: Processing prepare() for PlatformAgent[MixinPlatformAgentDefault:SecureJarResource(eftlm_stylish)]
[138月2026 18:52:01.817] [main/DEBUG] [mixin/]: Adding mixin platform agents for container SecureJarResource(mclib)
[138月2026 18:52:01.817] [main/DEBUG] [mixin/]: Instancing new MixinPlatformAgentMinecraftForge for SecureJarResource(mclib)
[138月2026 18:52:01.818] [main/DEBUG] [mixin/]: MixinPlatformAgentMinecraftForge rejected container SecureJarResource(mclib)
[138月2026 18:52:01.819] [main/DEBUG] [mixin/]: Instancing new MixinPlatformAgentDefault for SecureJarResource(mclib)
[138月2026 18:52:01.819] [main/DEBUG] [mixin/]: MixinPlatformAgentDefault accepted container SecureJarResource(mclib)
[138月2026 18:52:01.819] [main/DEBUG] [mixin/]: Processing prepare() for PlatformAgent[MixinPlatformAgentDefault:SecureJarResource(mclib)]
[138月2026 18:52:01.820] [main/DEBUG] [mixin/]: Adding mixin platform agents for container SecureJarResource(mae)
[138月2026 18:52:01.820] [main/DEBUG] [mixin/]: Instancing new MixinPlatformAgentMinecraftForge for SecureJarResource(mae)
[138月2026 18:52:01.820] [main/DEBUG] [mixin/]: MixinPlatformAgentMinecraftForge rejected container SecureJarResource(mae)
[138月2026 18:52:01.820] [main/DEBUG] [mixin/]: Instancing new MixinPlatformAgentDefault for SecureJarResource(mae)
[138月2026 18:52:01.820] [main/DEBUG] [mixin/]: MixinPlatformAgentDefault accepted container SecureJarResource(mae)
[138月2026 18:52:01.820] [main/DEBUG] [mixin/]: Processing prepare() for PlatformAgent[MixinPlatformAgentDefault:SecureJarResource(mae)]
[138月2026 18:52:01.820] [main/DEBUG] [mixin/]: Adding mixin platform agents for container SecureJarResource(org.mozillaa.rhino)
[138月2026 18:52:01.820] [main/DEBUG] [mixin/]: Instancing new MixinPlatformAgentMinecraftForge for SecureJarResource(org.mozillaa.rhino)
[138月2026 18:52:01.820] [main/DEBUG] [mixin/]: MixinPlatformAgentMinecraftForge rejected container SecureJarResource(org.mozillaa.rhino)
[138月2026 18:52:01.820] [main/DEBUG] [mixin/]: Instancing new MixinPlatformAgentDefault for SecureJarResource(org.mozillaa.rhino)
[138月2026 18:52:01.820] [main/DEBUG] [mixin/]: MixinPlatformAgentDefault accepted container SecureJarResource(org.mozillaa.rhino)
[138月2026 18:52:01.820] [main/DEBUG] [mixin/]: Processing prepare() for PlatformAgent[MixinPlatformAgentDefault:SecureJarResource(org.mozillaa.rhino)]
[138月2026 18:52:01.820] [main/DEBUG] [mixin/]: Adding mixin platform agents for container SecureJarResource(MixinSquared.beta._6)
[138月2026 18:52:01.820] [main/DEBUG] [mixin/]: Instancing new MixinPlatformAgentMinecraftForge for SecureJarResource(MixinSquared.beta._6)
[138月2026 18:52:01.820] [main/DEBUG] [mixin/]: MixinPlatformAgentMinecraftForge rejected container SecureJarResource(MixinSquared.beta._6)
[138月2026 18:52:01.820] [main/DEBUG] [mixin/]: Instancing new MixinPlatformAgentDefault for SecureJarResource(MixinSquared.beta._6)
[138月2026 18:52:01.820] [main/DEBUG] [mixin/]: MixinPlatformAgentDefault accepted container SecureJarResource(MixinSquared.beta._6)
[138月2026 18:52:01.820] [main/DEBUG] [mixin/]: Processing prepare() for PlatformAgent[MixinPlatformAgentDefault:SecureJarResource(MixinSquared.beta._6)]
[138月2026 18:52:01.821] [main/DEBUG] [mixin/]: Adding mixin platform agents for container SecureJarResource(Registrate.MC1._20)
[138月2026 18:52:01.821] [main/DEBUG] [mixin/]: Instancing new MixinPlatformAgentMinecraftForge for SecureJarResource(Registrate.MC1._20)
[138月2026 18:52:01.822] [main/DEBUG] [mixin/]: MixinPlatformAgentMinecraftForge rejected container SecureJarResource(Registrate.MC1._20)
[138月2026 18:52:01.822] [main/DEBUG] [mixin/]: Instancing new MixinPlatformAgentDefault for SecureJarResource(Registrate.MC1._20)
[138月2026 18:52:01.822] [main/DEBUG] [mixin/]: MixinPlatformAgentDefault accepted container SecureJarResource(Registrate.MC1._20)
[138月2026 18:52:01.822] [main/DEBUG] [mixin/]: Processing prepare() for PlatformAgent[MixinPlatformAgentDefault:SecureJarResource(Registrate.MC1._20)]
[138月2026 18:52:01.822] [main/DEBUG] [mixin/]: Adding mixin platform agents for container SecureJarResource(MixinExtras)
[138月2026 18:52:01.823] [main/DEBUG] [mixin/]: Instancing new MixinPlatformAgentMinecraftForge for SecureJarResource(MixinExtras)
[138月2026 18:52:01.823] [main/DEBUG] [mixin/]: MixinPlatformAgentMinecraftForge rejected container SecureJarResource(MixinExtras)
[138月2026 18:52:01.824] [main/DEBUG] [mixin/]: Instancing new MixinPlatformAgentDefault for SecureJarResource(MixinExtras)
[138月2026 18:52:01.824] [main/DEBUG] [mixin/]: MixinPlatformAgentDefault accepted container SecureJarResource(MixinExtras)
[138月2026 18:52:01.824] [main/DEBUG] [mixin/]: Processing prepare() for PlatformAgent[MixinPlatformAgentDefault:SecureJarResource(MixinExtras)]
[138月2026 18:52:01.824] [main/DEBUG] [mixin/]: inject() running with 29 agents
[138月2026 18:52:01.824] [main/DEBUG] [mixin/]: Processing inject() for PlatformAgent[MixinPlatformAgentDefault:ModLauncher Root Container(ModLauncher:4f56a0a2)]
[138月2026 18:52:01.824] [main/DEBUG] [mixin/]: Processing inject() for PlatformAgent[MixinPlatformAgentDefault:SecureJarResource(minecraft)]
[138月2026 18:52:01.824] [main/DEBUG] [mixin/]: Processing inject() for PlatformAgent[MixinPlatformAgentDefault:SecureJarResource(invincible)]
[138月2026 18:52:01.824] [main/DEBUG] [mixin/]: Processing inject() for PlatformAgent[MixinPlatformAgentDefault:SecureJarResource(mixinsquared)]
[138月2026 18:52:01.824] [main/DEBUG] [mixin/]: Processing inject() for PlatformAgent[MixinPlatformAgentDefault:SecureJarResource(geckolib)]
[138月2026 18:52:01.824] [main/DEBUG] [mixin/]: Processing inject() for PlatformAgent[MixinPlatformAgentDefault:SecureJarResource(combat_evolution)]
[138月2026 18:52:01.824] [main/DEBUG] [mixin/]: Processing inject() for PlatformAgent[MixinPlatformAgentDefault:SecureJarResource(touhou_little_maid)]
[138月2026 18:52:01.824] [main/DEBUG] [mixin/]: Processing inject() for PlatformAgent[MixinPlatformAgentDefault:SecureJarResource(simplebedrockmodel)]
[138月2026 18:52:01.824] [main/DEBUG] [mixin/]: Processing inject() for PlatformAgent[MixinPlatformAgentDefault:SecureJarResource(epicfight)]
[138月2026 18:52:01.824] [main/DEBUG] [mixin/]: Processing inject() for PlatformAgent[MixinPlatformAgentDefault:SecureJarResource(wom)]
[138月2026 18:52:01.824] [main/DEBUG] [mixin/]: Processing inject() for PlatformAgent[MixinPlatformAgentDefault:SecureJarResource(epic_fight_avalon)]
[138月2026 18:52:01.824] [main/DEBUG] [mixin/]: Processing inject() for PlatformAgent[MixinPlatformAgentDefault:SecureJarResource(player_mobs)]
[138月2026 18:52:01.824] [main/DEBUG] [mixin/]: Processing inject() for PlatformAgent[MixinPlatformAgentDefault:SecureJarResource(mixinextras)]
[138月2026 18:52:01.824] [main/DEBUG] [mixin/]: Processing inject() for PlatformAgent[MixinPlatformAgentDefault:SecureJarResource(vix)]
[138月2026 18:52:01.824] [main/DEBUG] [mixin/]: Processing inject() for PlatformAgent[MixinPlatformAgentDefault:SecureJarResource(architectury)]
[138月2026 18:52:01.825] [main/DEBUG] [mixin/]: Processing inject() for PlatformAgent[MixinPlatformAgentDefault:SecureJarResource(efn)]
[138月2026 18:52:01.825] [main/DEBUG] [mixin/]: Processing inject() for PlatformAgent[MixinPlatformAgentDefault:SecureJarResource(annoyingvillagers)]
[138月2026 18:52:01.825] [main/DEBUG] [mixin/]: Processing inject() for PlatformAgent[MixinPlatformAgentDefault:SecureJarResource(efclash_blade)]
[138月2026 18:52:01.825] [main/DEBUG] [mixin/]: Processing inject() for PlatformAgent[MixinPlatformAgentDefault:SecureJarResource(ywzj_vehicle)]
[138月2026 18:52:01.825] [main/DEBUG] [mixin/]: Processing inject() for PlatformAgent[MixinPlatformAgentDefault:SecureJarResource(ef_tlm)]
[138月2026 18:52:01.825] [main/DEBUG] [mixin/]: Processing inject() for PlatformAgent[MixinPlatformAgentDefault:SecureJarResource(ysm_geo_compat)]
[138月2026 18:52:01.825] [main/DEBUG] [mixin/]: Processing inject() for PlatformAgent[MixinPlatformAgentDefault:SecureJarResource(forge)]
[138月2026 18:52:01.825] [main/DEBUG] [mixin/]: Processing inject() for PlatformAgent[MixinPlatformAgentDefault:SecureJarResource(eftlm_stylish)]
[138月2026 18:52:01.825] [main/DEBUG] [mixin/]: Processing inject() for PlatformAgent[MixinPlatformAgentDefault:SecureJarResource(mclib)]
[138月2026 18:52:01.825] [main/DEBUG] [mixin/]: Processing inject() for PlatformAgent[MixinPlatformAgentDefault:SecureJarResource(mae)]
[138月2026 18:52:01.825] [main/DEBUG] [mixin/]: Processing inject() for PlatformAgent[MixinPlatformAgentDefault:SecureJarResource(org.mozillaa.rhino)]
[138月2026 18:52:01.825] [main/DEBUG] [mixin/]: Processing inject() for PlatformAgent[MixinPlatformAgentDefault:SecureJarResource(MixinSquared.beta._6)]
[138月2026 18:52:01.825] [main/DEBUG] [mixin/]: Processing inject() for PlatformAgent[MixinPlatformAgentDefault:SecureJarResource(Registrate.MC1._20)]
[138月2026 18:52:01.825] [main/DEBUG] [mixin/]: Processing inject() for PlatformAgent[MixinPlatformAgentDefault:SecureJarResource(MixinExtras)]
[138月2026 18:52:01.826] [main/INFO] [cpw.mods.modlauncher.LaunchServiceHandler/MODLAUNCHER]: Launching target 'forgeserver' with arguments [nogui]
[138月2026 18:52:02.060] [main/DEBUG] [mixin/]: Error cleaning class output directory: .mixin.out
[138月2026 18:52:02.066] [main/DEBUG] [mixin/]: Preparing mixins for MixinEnvironment[DEFAULT]
[138月2026 18:52:02.068] [main/DEBUG] [mixin/]: Selecting config invincible.mixins.json
[138月2026 18:52:02.081] [main/DEBUG] [mixin/]: Selecting config mixinsquared.init.mixins.json
[138月2026 18:52:02.185] [main/DEBUG] [mixin/]: Registering new target selector for @mixinsquared:handler with com.bawnorton.mixinsquared.selector.DynamicSelectorHandler
[138月2026 18:52:02.220] [main/DEBUG] [mixin/]: Selecting config geckolib.mixins.json
[138月2026 18:52:02.222] [main/DEBUG] [mixin/]: Selecting config combat_evolution.mixins.json
[138月2026 18:52:02.223] [main/DEBUG] [mixin/]: Selecting config touhou_little_maid.mixins.json
[138月2026 18:52:02.231] [main/DEBUG] [mixin/]: Selecting config simplebedrockmodel.mixins.json
[138月2026 18:52:02.232] [main/DEBUG] [mixin/]: Selecting config mixins.epicfight.json
[138月2026 18:52:02.236] [main/DEBUG] [mixin/]: Selecting config mixins.wom.json
[138月2026 18:52:02.237] [main/DEBUG] [mixin/]: Selecting config epic_fight_avalon.mixins.json
[138月2026 18:52:02.238] [main/DEBUG] [mixin/]: Selecting config mixinextras.init.mixins.json
[138月2026 18:52:02.337] [main/DEBUG] [MixinExtras|Service/]: com.llamalad7.mixinextras.service.MixinExtrasServiceImpl(version=0.4.1) is taking over from null
[138月2026 18:52:02.442] [main/DEBUG] [mixin/]: Registering new injector for @Inject with org.spongepowered.asm.mixin.injection.struct.CallbackInjectionInfo
[138月2026 18:52:02.447] [main/DEBUG] [mixin/]: Registering new injector for @ModifyArg with org.spongepowered.asm.mixin.injection.struct.ModifyArgInjectionInfo
[138月2026 18:52:02.449] [main/DEBUG] [mixin/]: Registering new injector for @ModifyArgs with org.spongepowered.asm.mixin.injection.struct.ModifyArgsInjectionInfo
[138月2026 18:52:02.453] [main/DEBUG] [mixin/]: Registering new injector for @Redirect with org.spongepowered.asm.mixin.injection.struct.RedirectInjectionInfo
[138月2026 18:52:02.458] [main/DEBUG] [mixin/]: Registering new injector for @ModifyVariable with org.spongepowered.asm.mixin.injection.struct.ModifyVariableInjectionInfo
[138月2026 18:52:02.464] [main/DEBUG] [mixin/]: Registering new injector for @ModifyConstant with org.spongepowered.asm.mixin.injection.struct.ModifyConstantInjectionInfo
[138月2026 18:52:02.503] [main/DEBUG] [mixin/]: Selecting config vix.mixins.json
[138月2026 18:52:02.518] [main/DEBUG] [mixin/]: Selecting config architectury.mixins.json
[138月2026 18:52:02.524] [main/DEBUG] [mixin/]: Selecting config architectury-common.mixins.json
[138月2026 18:52:02.527] [main/DEBUG] [mixin/]: Selecting config efn.mixins.json
[138月2026 18:52:02.564] [main/DEBUG] [mixin/]: Selecting config annoyingvillagers.mixins.json
[138月2026 18:52:02.569] [main/DEBUG] [mixin/]: Selecting config mixins.ywzj_vehicle.json
[138月2026 18:52:02.570] [main/DEBUG] [mixin/]: Selecting config ef_tlm.mixins.json
[138月2026 18:52:02.572] [main/DEBUG] [mixin/]: Selecting config ysm_geo_compat.eftlm.mixins.json
[138月2026 18:52:02.574] [main/DEBUG] [mixin/]: Preparing invincible.mixins.json (8)
[138月2026 18:52:02.722] [main/DEBUG] [mixin/]: Preparing mixinsquared.init.mixins.json (0)
[138月2026 18:52:02.723] [main/DEBUG] [mixin/]: Preparing geckolib.mixins.json (1)
[138月2026 18:52:02.723] [main/DEBUG] [mixin/]: Preparing combat_evolution.mixins.json (11)
[138月2026 18:52:02.790] [main/DEBUG] [mixin/]: Preparing touhou_little_maid.mixins.json (23)
[138月2026 18:52:02.962] [main/DEBUG] [net.minecraftforge.coremod.transformer.CoreModBaseTransformer/COREMOD]: Transforming net/minecraft/world/level/levelgen/structure/templatesystem/StructureTemplate
[138月2026 18:52:03.698] [main/DEBUG] [mixin/]: Preparing simplebedrockmodel.mixins.json (5)
[138月2026 18:52:03.719] [main/DEBUG] [mixin/]: Preparing mixins.epicfight.json (39)
[138月2026 18:52:03.767] [main/DEBUG] [mixin/]: Preparing mixins.wom.json (1)
[138月2026 18:52:03.771] [main/DEBUG] [mixin/]: Preparing epic_fight_avalon.mixins.json (3)
[138月2026 18:52:03.773] [main/DEBUG] [mixin/]: Preparing mixinextras.init.mixins.json (0)
[138月2026 18:52:03.774] [main/DEBUG] [mixin/]: Preparing vix.mixins.json (5)
[138月2026 18:52:03.774] [main/DEBUG] [mixin/]: Preparing architectury.mixins.json (9)
[138月2026 18:52:03.800] [main/DEBUG] [mixin/]: Preparing architectury-common.mixins.json (10)
[138月2026 18:52:03.819] [main/DEBUG] [net.minecraftforge.coremod.transformer.CoreModBaseTransformer/COREMOD]: Transforming net/minecraft/world/item/BucketItem
[138月2026 18:52:03.837] [main/DEBUG] [net.minecraftforge.coremod.transformer.CoreModBaseTransformer/COREMOD]: Transforming net/minecraft/world/entity/EntityType
[138月2026 18:52:03.938] [main/DEBUG] [net.minecraftforge.coremod.transformer.CoreModBaseTransformer/COREMOD]: Transforming net/minecraft/world/level/block/LiquidBlock
[138月2026 18:52:03.951] [main/DEBUG] [mixin/]: Preparing efn.mixins.json (27)
[138月2026 18:52:04.031] [main/DEBUG] [mixin/]: Preparing annoyingvillagers.mixins.json (64)
[138月2026 18:52:04.156] [main/DEBUG] [net.minecraftforge.coremod.transformer.CoreModBaseTransformer/COREMOD]: Transforming net/minecraft/world/entity/monster/Zombie
[138月2026 18:52:04.344] [main/WARN] [mixin/]: Error loading class: net/minecraft/client/renderer/RenderBuffers (java.lang.ClassNotFoundException: net.minecraft.client.renderer.RenderBuffers)
[138月2026 18:52:04.344] [main/WARN] [mixin/]: @Mixin target net.minecraft.client.renderer.RenderBuffers was not found annoyingvillagers.mixins.json:RenderBuffersMixin
[138月2026 18:52:04.415] [main/DEBUG] [mixin/]: Preparing mixins.ywzj_vehicle.json (18)
[138月2026 18:52:04.428] [main/WARN] [mixin/]: Error loading class: com/simibubi/create/content/contraptions/ContraptionCollider (java.lang.ClassNotFoundException: com.simibubi.create.content.contraptions.ContraptionCollider)
[138月2026 18:52:04.428] [main/WARN] [mixin/]: @Mixin target com.simibubi.create.content.contraptions.ContraptionCollider was not found mixins.ywzj_vehicle.json:create.ContraptionColliderMixin
[138月2026 18:52:04.430] [main/WARN] [mixin/]: Error loading class: com/tacz/guns/util/EntityUtil (java.lang.ClassNotFoundException: com.tacz.guns.util.EntityUtil)
[138月2026 18:52:04.430] [main/DEBUG] [mixin/]: Skipping virtual target com.tacz.guns.util.EntityUtil for mixins.ywzj_vehicle.json:tacz.EntityUtilMixin
[138月2026 18:52:04.430] [main/DEBUG] [mixin/]: Preparing ef_tlm.mixins.json (3)
[138月2026 18:52:04.436] [main/DEBUG] [mixin/]: Preparing ysm_geo_compat.eftlm.mixins.json (1)
[138月2026 18:52:04.525] [main/WARN] [mixin/]: Error loading class: com/mojang/blaze3d/platform/InputConstants$Key (java.lang.ClassNotFoundException: com.mojang.blaze3d.platform.InputConstants$Key)
[138月2026 18:52:04.533] [main/WARN] [mixin/]: Error loading class: net/minecraft/client/renderer/entity/EntityRendererProvider$Context (java.lang.ClassNotFoundException: net.minecraft.client.renderer.entity.EntityRendererProvider$Context)
[138月2026 18:52:04.551] [main/WARN] [mixin/]: Error loading class: net/minecraft/client/renderer/entity/EntityRendererProvider$Context (java.lang.ClassNotFoundException: net.minecraft.client.renderer.entity.EntityRendererProvider$Context)
[138月2026 18:52:04.560] [main/DEBUG] [mixin/]: Prepared 140 mixins in 2.489 sec (17.8ms avg) (0ms load, 0ms transform, 0ms plugin)
[138月2026 18:52:04.643] [main/DEBUG] [io.netty.util.internal.logging.InternalLoggerFactory/]: Using SLF4J as the default logging framework
[138月2026 18:52:04.653] [main/DEBUG] [io.netty.util.ResourceLeakDetector/]: -Dio.netty.leakDetection.level: simple
[138月2026 18:52:04.654] [main/DEBUG] [io.netty.util.ResourceLeakDetector/]: -Dio.netty.leakDetection.targetRecords: 4
[138月2026 18:52:05.126] [main/DEBUG] [oshi.util.FileUtil/]: No oshi.properties file found from ClassLoader cpw.mods.modlauncher.TransformingClassLoader@64920dc2
[138月2026 18:52:05.127] [main/DEBUG] [oshi.util.FileUtil/]: No oshi.properties file found from ClassLoader jdk.internal.loader.ClassLoaders$AppClassLoader@7291c18f
[138月2026 18:52:05.700] [main/DEBUG] [oshi.util.FileUtil/]: No oshi.architecture.properties file found from ClassLoader cpw.mods.modlauncher.TransformingClassLoader@64920dc2
[138月2026 18:52:05.700] [main/DEBUG] [oshi.util.FileUtil/]: No oshi.architecture.properties file found from ClassLoader jdk.internal.loader.ClassLoaders$AppClassLoader@7291c18f
[138月2026 18:52:05.945] [main/WARN] [oshi.driver.windows.perfmon.PerfmonDisabled/]: Invalid registry value type detected for PerfOS counters. Should be REG_DWORD. Ignoring: HKEY_LOCAL_MACHINE\SYSTEM\CurrentControlSet\Services\PerfOS\Performance\Disable Performance Counters.
[138月2026 18:52:08.140] [main/INFO] [MixinExtras|Service/]: Initializing MixinExtras via com.llamalad7.mixinextras.service.MixinExtrasServiceImpl(version=0.4.1).
[138月2026 18:52:08.142] [main/DEBUG] [mixin/]: Registering new injector for @SugarWrapper with com.llamalad7.mixinextras.sugar.impl.SugarWrapperInjectionInfo
[138月2026 18:52:08.143] [main/DEBUG] [mixin/]: Registering new injector for @FactoryRedirectWrapper with com.llamalad7.mixinextras.wrapper.factory.FactoryRedirectWrapperInjectionInfo
[138月2026 18:52:08.194] [main/DEBUG] [mixin/]: Mixing UtilMixin from efn.mixins.json into net.minecraft.Util
[138月2026 18:52:08.497] [main/DEBUG] [mixin/]: Mixing inject.MixinGameEvent from architectury-common.mixins.json into net.minecraft.world.level.gameevent.GameEvent
[138月2026 18:52:08.588] [main/DEBUG] [mixin/]: Mixing BlockBurningCache from touhou_little_maid.mixins.json into net.minecraft.world.level.block.Block
[138月2026 18:52:08.616] [main/DEBUG] [mixin/]: Mixing inject.MixinBlock from architectury-common.mixins.json into net.minecraft.world.level.block.Block
[138月2026 18:52:08.728] [main/DEBUG] [mixin/]: Mixing EntityMixin from touhou_little_maid.mixins.json into net.minecraft.world.entity.Entity
[138月2026 18:52:08.815] [main/DEBUG] [mixin/]: Mixing accessor.EntityAccessor from touhou_little_maid.mixins.json into net.minecraft.world.entity.Entity
[138月2026 18:52:08.832] [main/DEBUG] [mixin/]: Mixing common.MixinEntity from mixins.epicfight.json into net.minecraft.world.entity.Entity
[138月2026 18:52:08.836] [main/DEBUG] [mixin/]: Renaming synthetic method lambda$epicfight$setOnGroundWithKnownMovement$1(Lyesman/epicfight/world/capabilities/entitypatch/LivingEntityPatch;)V to mdbc8035$lambda$epicfight$setOnGroundWithKnownMovement$1$0 in mixins.epicfight.json:common.MixinEntity
[138月2026 18:52:08.837] [main/DEBUG] [mixin/]: Renaming synthetic method lambda$lerpMotion$0(Lorg/spongepowered/asm/mixin/injection/callback/CallbackInfo;Lyesman/epicfight/world/capabilities/entitypatch/LivingEntityPatch;)V to mdbc8035$lambda$lerpMotion$0$1 in mixins.epicfight.json:common.MixinEntity
[138月2026 18:52:08.866] [main/DEBUG] [mixin/]: Mixing common.EntityMixin from mixins.ywzj_vehicle.json into net.minecraft.world.entity.Entity
[138月2026 18:52:09.059] [main/DEBUG] [mixin/]: Mixing accessor.LivingEntityAccessor from touhou_little_maid.mixins.json into net.minecraft.world.entity.LivingEntity
[138月2026 18:52:09.068] [main/DEBUG] [mixin/]: Mixing common.MixinLivingEntity from mixins.epicfight.json into net.minecraft.world.entity.LivingEntity
[138月2026 18:52:09.074] [main/DEBUG] [mixin/]: Renaming synthetic method lambda$epicfight$constructor$0(Lnet/minecraft/world/entity/LivingEntity;Lyesman/epicfight/world/capabilities/entitypatch/HurtableEntityPatch;)V to mdbc8035$lambda$epicfight$constructor$0$0 in mixins.epicfight.json:common.MixinLivingEntity
[138月2026 18:52:09.130] [main/DEBUG] [mixin/]: Mixing common.LivingEntityMixin from mixins.ywzj_vehicle.json into net.minecraft.world.entity.LivingEntity
[138月2026 18:52:09.388] [main/DEBUG] [mixin/]: Mixing PlayerMixin from touhou_little_maid.mixins.json into net.minecraft.world.entity.player.Player
[138月2026 18:52:09.391] [main/DEBUG] [mixin/]: Mixing common.MixinPlayer from mixins.epicfight.json into net.minecraft.world.entity.player.Player
[138月2026 18:52:09.393] [main/DEBUG] [mixin/]: Mixing PlayerMixin from annoyingvillagers.mixins.json into net.minecraft.world.entity.player.Player
[138月2026 18:52:09.396] [main/DEBUG] [mixin/]: Mixing common.PlayerMixin from mixins.ywzj_vehicle.json into net.minecraft.world.entity.player.Player
[138月2026 18:52:09.520] [main/DEBUG] [mixin/]: Mixing inject.MixinFluid from architectury-common.mixins.json into net.minecraft.world.level.material.Fluid
[138月2026 18:52:09.544] [main/DEBUG] [mixin/]: Mixing inject.MixinItem from architectury-common.mixins.json into net.minecraft.world.item.Item
[138月2026 18:52:09.574] [main/DEBUG] [net.minecraftforge.coremod.transformer.CoreModBaseTransformer/COREMOD]: Transforming net/minecraft/world/entity/EntityType
[138月2026 18:52:09.643] [main/DEBUG] [mixin/]: Mixing inject.MixinEntityType from architectury-common.mixins.json into net.minecraft.world.entity.EntityType
[138月2026 18:52:10.173] [main/DEBUG] [net.minecraftforge.coremod.transformer.CoreModBaseTransformer/COREMOD]: Transforming net/minecraft/world/level/block/LiquidBlock
[138月2026 18:52:10.174] [main/DEBUG] [mixin/]: Mixing inject.MixinLiquidBlock from architectury-common.mixins.json into net.minecraft.world.level.block.LiquidBlock
[138月2026 18:52:10.254] [main/DEBUG] [net.minecraftforge.coremod.transformer.CoreModBaseTransformer/COREMOD]: Transforming net/minecraft/world/level/block/StairBlock
[138月2026 18:52:10.276] [main/DEBUG] [mixin/]: Mixing accessor.CropBlockAccessor from touhou_little_maid.mixins.json into net.minecraft.world.level.block.CropBlock
[138月2026 18:52:10.385] [main/DEBUG] [mixin/]: Mixing accessor.FenceGateBlockAccessor from touhou_little_maid.mixins.json into net.minecraft.world.level.block.FenceGateBlock
[138月2026 18:52:10.431] [main/DEBUG] [net.minecraftforge.coremod.transformer.CoreModBaseTransformer/COREMOD]: Transforming net/minecraft/world/level/block/FlowerPotBlock
[138月2026 18:52:10.593] [main/DEBUG] [mixin/]: Mixing SweetBerryBushBlockMixin from touhou_little_maid.mixins.json into net.minecraft.world.level.block.SweetBerryBushBlock
[138月2026 18:52:11.033] [main/DEBUG] [mixin/]: Mixing MixinFallingBlockEntity from architectury.mixins.json into net.minecraft.world.entity.item.FallingBlockEntity
[138月2026 18:52:11.655] [main/DEBUG] [mixin/]: Mixing ArrowMixin from touhou_little_maid.mixins.json into net.minecraft.world.entity.projectile.AbstractArrow
[138月2026 18:52:11.657] [main/DEBUG] [mixin/]: Mixing accessor.ArrowAccessor from touhou_little_maid.mixins.json into net.minecraft.world.entity.projectile.AbstractArrow
[138月2026 18:52:11.657] [main/DEBUG] [mixin/]: Mixing AbstractArrowMixin from annoyingvillagers.mixins.json into net.minecraft.world.entity.projectile.AbstractArrow
[138月2026 18:52:11.662] [main/DEBUG] [mixin/]: Mixing AbstractArrowBreakMixin from annoyingvillagers.mixins.json into net.minecraft.world.entity.projectile.AbstractArrow
[138月2026 18:52:11.682] [main/DEBUG] [mixin/]: Mixing common.MixinProjectile from mixins.epicfight.json into net.minecraft.world.entity.projectile.Projectile
[138月2026 18:52:11.720] [main/DEBUG] [mixin/]: Mixing MobInteractMixin from touhou_little_maid.mixins.json into net.minecraft.world.entity.Mob
[138月2026 18:52:11.725] [main/DEBUG] [mixin/]: Mixing common.MixinMob from mixins.epicfight.json into net.minecraft.world.entity.Mob
[138月2026 18:52:11.725] [main/DEBUG] [mixin/]: Mixing MixinMob from efn.mixins.json into net.minecraft.world.entity.Mob
[138月2026 18:52:11.734] [main/DEBUG] [mixin/]: Mixing MobMixin from annoyingvillagers.mixins.json into net.minecraft.world.entity.Mob
[138月2026 18:52:11.736] [main/DEBUG] [net.minecraftforge.coremod.transformer.CoreModBaseTransformer/COREMOD]: Transforming net/minecraft/world/item/ItemStack
[138月2026 18:52:11.754] [main/DEBUG] [net.minecraftforge.coremod.transformer.CoreModBaseTransformer/COREMOD]: Transforming net/minecraft/world/effect/MobEffectInstance
[138月2026 18:52:11.957] [main/DEBUG] [net.minecraftforge.coremod.transformer.CoreModBaseTransformer/COREMOD]: Transforming net/minecraft/world/item/ItemStack
[138月2026 18:52:12.063] [main/DEBUG] [mixin/]: Mixing common.MixinWitherBoss from mixins.epicfight.json into net.minecraft.world.entity.boss.wither.WitherBoss
[138月2026 18:52:12.067] [main/DEBUG] [mixin/]: Renaming @Unique method m_7515_()Lnet/minecraft/sounds/SoundEvent; to mdbc8035$m_7515_$0 in mixins.epicfight.json:common.MixinWitherBoss
[138月2026 18:52:12.146] [main/WARN] [mixin/]: @Final field f_31427_:[I in mixins.epicfight.json:common.MixinWitherBoss should be final
[138月2026 18:52:12.146] [main/WARN] [mixin/]: @Final field f_31428_:[I in mixins.epicfight.json:common.MixinWitherBoss should be final
[138月2026 18:52:12.316] [main/DEBUG] [mixin/]: Mixing ConduitBlockEntityMixin from touhou_little_maid.mixins.json into net.minecraft.world.level.block.entity.ConduitBlockEntity
[138月2026 18:52:12.690] [main/DEBUG] [mixin/]: Mixing MixinLightningBolt from architectury-common.mixins.json into net.minecraft.world.entity.LightningBolt
[138月2026 18:52:12.762] [main/DEBUG] [net.minecraftforge.coremod.transformer.CoreModBaseTransformer/COREMOD]: Transforming net/minecraft/world/entity/animal/frog/Tadpole
[138月2026 18:52:12.832] [main/DEBUG] [mixin/]: Mixing compat.efn.SwordItemMixin from annoyingvillagers.mixins.json into net.minecraft.world.item.SwordItem
[138月2026 18:52:12.833] [main/DEBUG] [mixin/]: Renaming synthetic method lambda$damageEfnWeapons$0(Lnet/minecraft/world/entity/LivingEntity;)V to mdbc8035$lambda$damageEfnWeapons$0$0 in annoyingvillagers.mixins.json:compat.efn.SwordItemMixin
[138月2026 18:52:12.864] [main/DEBUG] [net.minecraftforge.coremod.transformer.CoreModBaseTransformer/COREMOD]: Transforming net/minecraft/world/item/BucketItem
[138月2026 18:52:12.866] [main/DEBUG] [mixin/]: Mixing inject.MixinBucketItem from architectury-common.mixins.json into net.minecraft.world.item.BucketItem
[138月2026 18:52:12.981] [main/DEBUG] [mixin/]: Mixing inject.MixinItemProperties from architectury-common.mixins.json into net.minecraft.world.item.Item$Properties
[138月2026 18:52:13.075] [main/DEBUG] [mixin/]: Mixing EpicFightDamageSourceMixin from combat_evolution.mixins.json into yesman.epicfight.world.damagesource.EpicFightDamageSource
[138月2026 18:52:13.091] [main/DEBUG] [mixin/]: Mixing NavigationMixin from touhou_little_maid.mixins.json into net.minecraft.world.entity.ai.navigation.PathNavigation
[138月2026 18:52:14.161] [main/DEBUG] [mixin/]: Mixing NearestAttackableTargetGoalMixin from efn.mixins.json into net.minecraft.world.entity.ai.goal.target.NearestAttackableTargetGoal
[138月2026 18:52:14.181] [main/DEBUG] [mixin/]: Mixing BoatMixin from annoyingvillagers.mixins.json into net.minecraft.world.entity.vehicle.Boat
[138月2026 18:52:14.235] [main/DEBUG] [net.minecraftforge.coremod.transformer.CoreModBaseTransformer/COREMOD]: Transforming net/minecraft/world/entity/monster/Spider
[138月2026 18:52:14.248] [main/DEBUG] [mixin/]: Mixing SkeletonMixin from annoyingvillagers.mixins.json into net.minecraft.world.entity.monster.AbstractSkeleton
[138月2026 18:52:14.315] [main/DEBUG] [net.minecraftforge.coremod.transformer.CoreModBaseTransformer/COREMOD]: Transforming net/minecraft/world/entity/monster/Zombie
[138月2026 18:52:14.332] [main/DEBUG] [mixin/]: Mixing ZombieMixin from annoyingvillagers.mixins.json into net.minecraft.world.entity.monster.Zombie
[138月2026 18:52:14.358] [main/DEBUG] [net.minecraftforge.coremod.transformer.CoreModBaseTransformer/COREMOD]: Transforming net/minecraft/world/entity/monster/ZombieVillager
[138月2026 18:52:14.374] [main/DEBUG] [mixin/]: Mixing common.MixinRangedAttackGoal from mixins.epicfight.json into net.minecraft.world.entity.ai.goal.RangedAttackGoal
[138月2026 18:52:14.374] [main/DEBUG] [mixin/]: Renaming synthetic method lambda$epicfight$tick$0(Lyesman/epicfight/world/capabilities/entitypatch/LivingEntityPatch;)V to mdbc8035$lambda$epicfight$tick$0$0 in mixins.epicfight.json:common.MixinRangedAttackGoal
[138月2026 18:52:14.379] [main/DEBUG] [mixin/]: Mixing ThrownTridentMixin from touhou_little_maid.mixins.json into net.minecraft.world.entity.projectile.ThrownTrident
[138月2026 18:52:14.380] [main/DEBUG] [mixin/]: Mixing common.MixinThrownTrident from mixins.epicfight.json into net.minecraft.world.entity.projectile.ThrownTrident
[138月2026 18:52:14.435] [main/DEBUG] [mixin/]: Mixing IllagerMixin from annoyingvillagers.mixins.json into net.minecraft.world.entity.monster.AbstractIllager
[138月2026 18:52:14.439] [main/DEBUG] [mixin/]: Mixing RaiderMixin from annoyingvillagers.mixins.json into net.minecraft.world.entity.raid.Raider
[138月2026 18:52:14.456] [main/DEBUG] [net.minecraftforge.coremod.transformer.CoreModBaseTransformer/COREMOD]: Transforming net/minecraft/world/entity/monster/Evoker$EvokerSummonSpellGoal
[138月2026 18:52:14.581] [main/DEBUG] [mixin/]: Mixing common.MixinRangedBowAttackGoal from mixins.epicfight.json into net.minecraft.world.entity.ai.goal.RangedBowAttackGoal
[138月2026 18:52:14.582] [main/DEBUG] [mixin/]: Renaming synthetic method lambda$epicfight$tick$0(Lyesman/epicfight/world/capabilities/entitypatch/LivingEntityPatch;)V to mdbc8035$lambda$epicfight$tick$0$0 in mixins.epicfight.json:common.MixinRangedBowAttackGoal
[138月2026 18:52:14.696] [main/DEBUG] [mixin/]: Mixing common.MixinRangedCrossbowAttackGoal from mixins.epicfight.json into net.minecraft.world.entity.ai.goal.RangedCrossbowAttackGoal
[138月2026 18:52:14.697] [main/DEBUG] [mixin/]: Renaming synthetic method lambda$epicfight$tick$0(Lyesman/epicfight/world/capabilities/entitypatch/LivingEntityPatch;)V to mdbc8035$lambda$epicfight$tick$0$0 in mixins.epicfight.json:common.MixinRangedCrossbowAttackGoal
[138月2026 18:52:14.756] [main/DEBUG] [net.minecraftforge.coremod.transformer.CoreModBaseTransformer/COREMOD]: Transforming net/minecraft/world/entity/animal/horse/SkeletonTrapGoal
[138月2026 18:52:14.787] [main/DEBUG] [net.minecraftforge.coremod.transformer.CoreModBaseTransformer/COREMOD]: Transforming net/minecraft/world/entity/monster/Strider
[138月2026 18:52:14.873] [main/DEBUG] [mixin/]: Mixing EFLivingEntityPatchMixin from combat_evolution.mixins.json into yesman.epicfight.world.capabilities.entitypatch.LivingEntityPatch
[138月2026 18:52:14.884] [main/DEBUG] [mixin/]: Mixing LivingEntityPatchMixin from combat_evolution.mixins.json into yesman.epicfight.world.capabilities.entitypatch.LivingEntityPatch
[138月2026 18:52:14.888] [main/DEBUG] [mixin/]: Mixing LivingEntityPatchMixin from epic_fight_avalon.mixins.json into yesman.epicfight.world.capabilities.entitypatch.LivingEntityPatch
[138月2026 18:52:14.895] [main/DEBUG] [mixin/]: Mixing LivingEntityPatchMixin from annoyingvillagers.mixins.json into yesman.epicfight.world.capabilities.entitypatch.LivingEntityPatch
[138月2026 18:52:14.926] [main/WARN] [net.minecraft.network.syncher.SynchedEntityData/]: defineId called for: class net.minecraft.world.entity.LivingEntity from class yesman.epicfight.world.capabilities.entitypatch.LivingEntityPatch
[138月2026 18:52:14.926] [main/WARN] [net.minecraft.network.syncher.SynchedEntityData/]: defineId called for: class net.minecraft.world.entity.LivingEntity from class yesman.epicfight.world.capabilities.entitypatch.LivingEntityPatch
[138月2026 18:52:14.927] [main/WARN] [net.minecraft.network.syncher.SynchedEntityData/]: defineId called for: class net.minecraft.world.entity.LivingEntity from class yesman.epicfight.world.capabilities.entitypatch.LivingEntityPatch
[138月2026 18:52:14.927] [main/WARN] [net.minecraft.network.syncher.SynchedEntityData/]: defineId called for: class net.minecraft.world.entity.LivingEntity from class yesman.epicfight.world.capabilities.entitypatch.LivingEntityPatch
[138月2026 18:52:14.927] [main/WARN] [net.minecraft.network.syncher.SynchedEntityData/]: defineId called for: class net.minecraft.world.entity.LivingEntity from class yesman.epicfight.world.capabilities.entitypatch.LivingEntityPatch
[138月2026 18:52:14.927] [main/WARN] [net.minecraft.network.syncher.SynchedEntityData/]: defineId called for: class net.minecraft.world.entity.LivingEntity from class yesman.epicfight.world.capabilities.entitypatch.LivingEntityPatch
[138月2026 18:52:14.927] [main/WARN] [net.minecraft.network.syncher.SynchedEntityData/]: defineId called for: class net.minecraft.world.entity.LivingEntity from class yesman.epicfight.world.capabilities.entitypatch.LivingEntityPatch
[138月2026 18:52:14.928] [main/WARN] [net.minecraft.network.syncher.SynchedEntityData/]: defineId called for: class net.minecraft.world.entity.LivingEntity from class yesman.epicfight.world.capabilities.entitypatch.LivingEntityPatch
[138月2026 18:52:14.928] [main/WARN] [net.minecraft.network.syncher.SynchedEntityData/]: defineId called for: class net.minecraft.world.entity.LivingEntity from class yesman.epicfight.world.capabilities.entitypatch.LivingEntityPatch
[138月2026 18:52:14.928] [main/WARN] [net.minecraft.network.syncher.SynchedEntityData/]: defineId called for: class net.minecraft.world.entity.LivingEntity from class yesman.epicfight.world.capabilities.entitypatch.LivingEntityPatch
[138月2026 18:52:14.928] [main/WARN] [net.minecraft.network.syncher.SynchedEntityData/]: defineId called for: class net.minecraft.world.entity.LivingEntity from class yesman.epicfight.world.capabilities.entitypatch.LivingEntityPatch
[138月2026 18:52:14.928] [main/WARN] [net.minecraft.network.syncher.SynchedEntityData/]: defineId called for: class net.minecraft.world.entity.LivingEntity from class yesman.epicfight.world.capabilities.entitypatch.LivingEntityPatch
[138月2026 18:52:15.034] [main/DEBUG] [net.minecraftforge.coremod.transformer.CoreModBaseTransformer/COREMOD]: Transforming net/minecraft/world/entity/npc/Villager
[138月2026 18:52:15.087] [main/DEBUG] [mixin/]: Mixing VillagerMixin from annoyingvillagers.mixins.json into net.minecraft.world.entity.npc.AbstractVillager
[138月2026 18:52:15.107] [main/DEBUG] [mixin/]: Mixing VindicatorMixin from annoyingvillagers.mixins.json into net.minecraft.world.entity.monster.Vindicator
[138月2026 18:52:15.155] [main/DEBUG] [mixin/]: Mixing FishingHookAccessor from annoyingvillagers.mixins.json into net.minecraft.world.entity.projectile.FishingHook
[138月2026 18:52:15.155] [main/DEBUG] [mixin/]: Mixing FishingHookReturnMixin from annoyingvillagers.mixins.json into net.minecraft.world.entity.projectile.FishingHook
[138月2026 18:52:15.193] [main/DEBUG] [mixin/]: Mixing inject.MixinFoodPropertiesBuilder from architectury-common.mixins.json into net.minecraft.world.food.FoodProperties$Builder
[138月2026 18:52:15.198] [main/DEBUG] [net.minecraftforge.coremod.transformer.CoreModBaseTransformer/COREMOD]: Transforming net/minecraft/world/effect/MobEffectInstance
[138月2026 18:52:15.246] [main/DEBUG] [mixin/]: Mixing ServerPlayNetHandlerMixin from simplebedrockmodel.mixins.json into net.minecraft.server.network.ServerGamePacketListenerImpl
[138月2026 18:52:15.246] [main/DEBUG] [mixin/]: simplebedrockmodel.mixins.json:ServerPlayNetHandlerMixin: Class version 61 required is higher than the class version supported by the current version of Mixin (JAVA_8 supports class version 52)
[138月2026 18:52:15.259] [main/DEBUG] [mixin/]: Mixing common.MixinServerGamePacketListenerImpl from mixins.epicfight.json into net.minecraft.server.network.ServerGamePacketListenerImpl
[138月2026 18:52:15.260] [main/DEBUG] [mixin/]: Mixing EnsureSafeFlyingVehicleMixin from annoyingvillagers.mixins.json into net.minecraft.server.network.ServerGamePacketListenerImpl
[138月2026 18:52:15.938] [main/DEBUG] [net.minecraftforge.coremod.transformer.CoreModBaseTransformer/COREMOD]: Transforming net/minecraft/world/level/levelgen/structure/Structure
[138月2026 18:52:15.992] [main/DEBUG] [net.minecraftforge.coremod.transformer.CoreModBaseTransformer/COREMOD]: Transforming net/minecraft/world/level/levelgen/structure/structures/OceanRuinPieces$OceanRuinPiece
[138月2026 18:52:16.000] [main/DEBUG] [net.minecraftforge.coremod.transformer.CoreModBaseTransformer/COREMOD]: Transforming net/minecraft/world/level/levelgen/structure/structures/SwampHutPiece
[138月2026 18:52:16.007] [main/DEBUG] [net.minecraftforge.coremod.transformer.CoreModBaseTransformer/COREMOD]: Transforming net/minecraft/world/level/levelgen/structure/structures/OceanMonumentPieces$OceanMonumentPiece
[138月2026 18:52:16.022] [main/DEBUG] [net.minecraftforge.coremod.transformer.CoreModBaseTransformer/COREMOD]: Transforming net/minecraft/world/level/levelgen/structure/structures/WoodlandMansionPieces$WoodlandMansionPiece
[138月2026 18:52:16.164] [main/DEBUG] [net.minecraftforge.coremod.transformer.CoreModBaseTransformer/COREMOD]: Transforming net/minecraft/world/level/biome/Biome
[138月2026 18:52:16.445] [main/DEBUG] [io.netty.util.internal.PlatformDependent0/]: -Dio.netty.noUnsafe: false
[138月2026 18:52:16.445] [main/DEBUG] [io.netty.util.internal.PlatformDependent0/]: Java version: 17
[138月2026 18:52:16.447] [main/DEBUG] [io.netty.util.internal.PlatformDependent0/]: sun.misc.Unsafe.theUnsafe: available
[138月2026 18:52:16.449] [main/DEBUG] [io.netty.util.internal.PlatformDependent0/]: sun.misc.Unsafe.copyMemory: available
[138月2026 18:52:16.449] [main/DEBUG] [io.netty.util.internal.PlatformDependent0/]: sun.misc.Unsafe.storeFence: available
[138月2026 18:52:16.449] [main/DEBUG] [io.netty.util.internal.PlatformDependent0/]: java.nio.Buffer.address: available
[138月2026 18:52:16.450] [main/DEBUG] [io.netty.util.internal.PlatformDependent0/]: direct buffer constructor: unavailable
java.lang.UnsupportedOperationException: Reflective setAccessible(true) disabled
	at io.netty.util.internal.ReflectionUtil.trySetAccessible(ReflectionUtil.java:31) ~[netty-common-4.1.82.Final.jar%2382!/:4.1.82.Final]
	at io.netty.util.internal.PlatformDependent0$5.run(PlatformDependent0.java:288) ~[netty-common-4.1.82.Final.jar%2382!/:4.1.82.Final]
	at java.security.AccessController.doPrivileged(AccessController.java:318) ~[?:?]
	at io.netty.util.internal.PlatformDependent0.<clinit>(PlatformDependent0.java:282) ~[netty-common-4.1.82.Final.jar%2382!/:4.1.82.Final]
	at io.netty.util.internal.PlatformDependent.isAndroid(PlatformDependent.java:333) ~[netty-common-4.1.82.Final.jar%2382!/:4.1.82.Final]
	at io.netty.util.internal.PlatformDependent.<clinit>(PlatformDependent.java:88) ~[netty-common-4.1.82.Final.jar%2382!/:4.1.82.Final]
	at io.netty.util.ConstantPool.<init>(ConstantPool.java:34) ~[netty-common-4.1.82.Final.jar%2382!/:4.1.82.Final]
	at io.netty.util.AttributeKey$1.<init>(AttributeKey.java:27) ~[netty-common-4.1.82.Final.jar%2382!/:4.1.82.Final]
	at io.netty.util.AttributeKey.<clinit>(AttributeKey.java:27) ~[netty-common-4.1.82.Final.jar%2382!/:4.1.82.Final]
	at net.minecraftforge.network.NetworkConstants.<clinit>(NetworkConstants.java:34) ~[forge-1.20.1-47.4.13-universal.jar%23134!/:?]
	at net.minecraftforge.network.NetworkHooks.init(NetworkHooks.java:52) ~[forge-1.20.1-47.4.13-universal.jar%23134!/:?]
	at net.minecraft.server.Bootstrap.m_135870_(Bootstrap.java:62) ~[server-1.20.1-20230612.114412-srg.jar%23129!/:?]
	at net.minecraft.server.Main.main(Main.java:121) ~[server-1.20.1-20230612.114412-srg.jar%23129!/:?]
	at jdk.internal.reflect.NativeMethodAccessorImpl.invoke0(Native Method) ~[?:?]
	at jdk.internal.reflect.NativeMethodAccessorImpl.invoke(NativeMethodAccessorImpl.java:77) ~[?:?]
	at jdk.internal.reflect.DelegatingMethodAccessorImpl.invoke(DelegatingMethodAccessorImpl.java:43) ~[?:?]
	at java.lang.reflect.Method.invoke(Method.java:568) ~[?:?]
	at net.minecraftforge.fml.loading.targets.CommonLaunchHandler.runTarget(CommonLaunchHandler.java:111) ~[fmlloader-1.20.1-47.4.13.jar%2369!/:?]
	at net.minecraftforge.fml.loading.targets.CommonLaunchHandler.serverService(CommonLaunchHandler.java:103) ~[fmlloader-1.20.1-47.4.13.jar%2369!/:?]
	at net.minecraftforge.fml.loading.targets.CommonServerLaunchHandler.lambda$makeService$0(CommonServerLaunchHandler.java:27) ~[fmlloader-1.20.1-47.4.13.jar%2369!/:?]
	at cpw.mods.modlauncher.LaunchServiceHandlerDecorator.launch(LaunchServiceHandlerDecorator.java:30) ~[modlauncher-10.0.9.jar%2355!/:?]
	at cpw.mods.modlauncher.LaunchServiceHandler.launch(LaunchServiceHandler.java:53) ~[modlauncher-10.0.9.jar%2355!/:?]
	at cpw.mods.modlauncher.LaunchServiceHandler.launch(LaunchServiceHandler.java:71) ~[modlauncher-10.0.9.jar%2355!/:?]
	at cpw.mods.modlauncher.Launcher.run(Launcher.java:108) ~[modlauncher-10.0.9.jar%2355!/:?]
	at cpw.mods.modlauncher.Launcher.main(Launcher.java:78) ~[modlauncher-10.0.9.jar%2355!/:?]
	at cpw.mods.modlauncher.BootstrapLaunchConsumer.accept(BootstrapLaunchConsumer.java:26) ~[modlauncher-10.0.9.jar%2355!/:?]
	at cpw.mods.modlauncher.BootstrapLaunchConsumer.accept(BootstrapLaunchConsumer.java:23) ~[modlauncher-10.0.9.jar%2355!/:?]
	at cpw.mods.bootstraplauncher.BootstrapLauncher.main(BootstrapLauncher.java:141) ~[bootstraplauncher-1.1.2.jar:?]
[138月2026 18:52:16.452] [main/DEBUG] [io.netty.util.internal.PlatformDependent0/]: java.nio.Bits.unaligned: available, true
[138月2026 18:52:16.453] [main/DEBUG] [io.netty.util.internal.PlatformDependent0/]: jdk.internal.misc.Unsafe.allocateUninitializedArray(int): unavailable
java.lang.IllegalAccessException: class io.netty.util.internal.PlatformDependent0$7 (in module io.netty.common) cannot access class jdk.internal.misc.Unsafe (in module java.base) because module java.base does not export jdk.internal.misc to module io.netty.common
	at jdk.internal.reflect.Reflection.newIllegalAccessException(Reflection.java:392) ~[?:?]
	at java.lang.reflect.AccessibleObject.checkAccess(AccessibleObject.java:674) ~[?:?]
	at java.lang.reflect.Method.invoke(Method.java:560) ~[?:?]
	at io.netty.util.internal.PlatformDependent0$7.run(PlatformDependent0.java:410) ~[netty-common-4.1.82.Final.jar%2382!/:4.1.82.Final]
	at java.security.AccessController.doPrivileged(AccessController.java:318) ~[?:?]
	at io.netty.util.internal.PlatformDependent0.<clinit>(PlatformDependent0.java:401) ~[netty-common-4.1.82.Final.jar%2382!/:4.1.82.Final]
	at io.netty.util.internal.PlatformDependent.isAndroid(PlatformDependent.java:333) ~[netty-common-4.1.82.Final.jar%2382!/:4.1.82.Final]
	at io.netty.util.internal.PlatformDependent.<clinit>(PlatformDependent.java:88) ~[netty-common-4.1.82.Final.jar%2382!/:4.1.82.Final]
	at io.netty.util.ConstantPool.<init>(ConstantPool.java:34) ~[netty-common-4.1.82.Final.jar%2382!/:4.1.82.Final]
	at io.netty.util.AttributeKey$1.<init>(AttributeKey.java:27) ~[netty-common-4.1.82.Final.jar%2382!/:4.1.82.Final]
	at io.netty.util.AttributeKey.<clinit>(AttributeKey.java:27) ~[netty-common-4.1.82.Final.jar%2382!/:4.1.82.Final]
	at net.minecraftforge.network.NetworkConstants.<clinit>(NetworkConstants.java:34) ~[forge-1.20.1-47.4.13-universal.jar%23134!/:?]
	at net.minecraftforge.network.NetworkHooks.init(NetworkHooks.java:52) ~[forge-1.20.1-47.4.13-universal.jar%23134!/:?]
	at net.minecraft.server.Bootstrap.m_135870_(Bootstrap.java:62) ~[server-1.20.1-20230612.114412-srg.jar%23129!/:?]
	at net.minecraft.server.Main.main(Main.java:121) ~[server-1.20.1-20230612.114412-srg.jar%23129!/:?]
	at jdk.internal.reflect.NativeMethodAccessorImpl.invoke0(Native Method) ~[?:?]
	at jdk.internal.reflect.NativeMethodAccessorImpl.invoke(NativeMethodAccessorImpl.java:77) ~[?:?]
	at jdk.internal.reflect.DelegatingMethodAccessorImpl.invoke(DelegatingMethodAccessorImpl.java:43) ~[?:?]
	at java.lang.reflect.Method.invoke(Method.java:568) ~[?:?]
	at net.minecraftforge.fml.loading.targets.CommonLaunchHandler.runTarget(CommonLaunchHandler.java:111) ~[fmlloader-1.20.1-47.4.13.jar%2369!/:?]
	at net.minecraftforge.fml.loading.targets.CommonLaunchHandler.serverService(CommonLaunchHandler.java:103) ~[fmlloader-1.20.1-47.4.13.jar%2369!/:?]
	at net.minecraftforge.fml.loading.targets.CommonServerLaunchHandler.lambda$makeService$0(CommonServerLaunchHandler.java:27) ~[fmlloader-1.20.1-47.4.13.jar%2369!/:?]
	at cpw.mods.modlauncher.LaunchServiceHandlerDecorator.launch(LaunchServiceHandlerDecorator.java:30) ~[modlauncher-10.0.9.jar%2355!/:?]
	at cpw.mods.modlauncher.LaunchServiceHandler.launch(LaunchServiceHandler.java:53) ~[modlauncher-10.0.9.jar%2355!/:?]
	at cpw.mods.modlauncher.LaunchServiceHandler.launch(LaunchServiceHandler.java:71) ~[modlauncher-10.0.9.jar%2355!/:?]
	at cpw.mods.modlauncher.Launcher.run(Launcher.java:108) ~[modlauncher-10.0.9.jar%2355!/:?]
	at cpw.mods.modlauncher.Launcher.main(Launcher.java:78) ~[modlauncher-10.0.9.jar%2355!/:?]
	at cpw.mods.modlauncher.BootstrapLaunchConsumer.accept(BootstrapLaunchConsumer.java:26) ~[modlauncher-10.0.9.jar%2355!/:?]
	at cpw.mods.modlauncher.BootstrapLaunchConsumer.accept(BootstrapLaunchConsumer.java:23) ~[modlauncher-10.0.9.jar%2355!/:?]
	at cpw.mods.bootstraplauncher.BootstrapLauncher.main(BootstrapLauncher.java:141) ~[bootstraplauncher-1.1.2.jar:?]
[138月2026 18:52:16.455] [main/DEBUG] [io.netty.util.internal.PlatformDependent0/]: java.nio.DirectByteBuffer.<init>(long, int): unavailable
[138月2026 18:52:16.455] [main/DEBUG] [io.netty.util.internal.PlatformDependent/]: sun.misc.Unsafe: available
[138月2026 18:52:16.455] [main/DEBUG] [io.netty.util.internal.PlatformDependent/]: maxDirectMemory: 8434745344 bytes (maybe)
[138月2026 18:52:16.457] [main/DEBUG] [io.netty.util.internal.PlatformDependent/]: -Dio.netty.tmpdir: C:\Users\ASUS\AppData\Local\Temp (java.io.tmpdir)
[138月2026 18:52:16.458] [main/DEBUG] [io.netty.util.internal.PlatformDependent/]: -Dio.netty.bitMode: 64 (sun.arch.data.model)
[138月2026 18:52:16.458] [main/DEBUG] [io.netty.util.internal.PlatformDependent/]: Platform: Windows
[138月2026 18:52:16.458] [main/DEBUG] [io.netty.util.internal.PlatformDependent/]: -Dio.netty.maxDirectMemory: -1 bytes
[138月2026 18:52:16.458] [main/DEBUG] [io.netty.util.internal.PlatformDependent/]: -Dio.netty.uninitializedArrayAllocationThreshold: -1
[138月2026 18:52:16.459] [main/DEBUG] [io.netty.util.internal.CleanerJava9/]: java.nio.ByteBuffer.cleaner(): available
[138月2026 18:52:16.459] [main/DEBUG] [io.netty.util.internal.PlatformDependent/]: -Dio.netty.noPreferDirect: false
[138月2026 18:52:16.535] [main/DEBUG] [net.minecraftforge.network.NetworkHooks/]: Loading Network data for FML net version: FML3
[138月2026 18:52:16.567] [main/DEBUG] [net.minecraftforge.common.ForgeI18n/CORE]: Loading I18N data entries: 6434
[138月2026 18:52:16.595] [main/DEBUG] [net.minecraftforge.fml.ModWorkManager/LOADING]: Using 16 threads for parallel mod-loading
[138月2026 18:52:16.603] [main/DEBUG] [net.minecraftforge.fml.javafmlmod.FMLJavaModLanguageProvider/LOADING]: Loading FMLModContainer from classloader cpw.mods.modlauncher.TransformingClassLoader@64920dc2 - got cpw.mods.cl.ModuleClassLoader@1b9c1b51
[138月2026 18:52:16.605] [main/DEBUG] [net.minecraftforge.fml.javafmlmod.FMLModContainer/LOADING]: Creating FMLModContainer instance for com.p1nero.invincible.InvincibleMod
[138月2026 18:52:16.607] [main/DEBUG] [net.minecraftforge.fml.javafmlmod.FMLJavaModLanguageProvider/LOADING]: Loading FMLModContainer from classloader cpw.mods.modlauncher.TransformingClassLoader@64920dc2 - got cpw.mods.cl.ModuleClassLoader@1b9c1b51
[138月2026 18:52:16.608] [main/DEBUG] [net.minecraftforge.fml.javafmlmod.FMLModContainer/LOADING]: Creating FMLModContainer instance for com.bawnorton.mixinsquared.platform.forge.MixinSquaredMod
[138月2026 18:52:16.609] [main/DEBUG] [net.minecraftforge.fml.javafmlmod.FMLJavaModLanguageProvider/LOADING]: Loading FMLModContainer from classloader cpw.mods.modlauncher.TransformingClassLoader@64920dc2 - got cpw.mods.cl.ModuleClassLoader@1b9c1b51
[138月2026 18:52:16.609] [main/DEBUG] [net.minecraftforge.fml.javafmlmod.FMLModContainer/LOADING]: Creating FMLModContainer instance for software.bernie.example.GeckoLibMod
[138月2026 18:52:16.610] [main/DEBUG] [net.minecraftforge.fml.javafmlmod.FMLJavaModLanguageProvider/LOADING]: Loading FMLModContainer from classloader cpw.mods.modlauncher.TransformingClassLoader@64920dc2 - got cpw.mods.cl.ModuleClassLoader@1b9c1b51
[138月2026 18:52:16.610] [main/DEBUG] [net.minecraftforge.fml.javafmlmod.FMLModContainer/LOADING]: Creating FMLModContainer instance for net.shelmarow.combat_evolution.CombatEvolution
[138月2026 18:52:16.611] [main/DEBUG] [net.minecraftforge.fml.javafmlmod.FMLJavaModLanguageProvider/LOADING]: Loading FMLModContainer from classloader cpw.mods.modlauncher.TransformingClassLoader@64920dc2 - got cpw.mods.cl.ModuleClassLoader@1b9c1b51
[138月2026 18:52:16.611] [main/DEBUG] [net.minecraftforge.fml.javafmlmod.FMLModContainer/LOADING]: Creating FMLModContainer instance for com.github.tartaricacid.touhoulittlemaid.TouhouLittleMaid
[138月2026 18:52:16.612] [main/DEBUG] [net.minecraftforge.fml.javafmlmod.FMLJavaModLanguageProvider/LOADING]: Loading FMLModContainer from classloader cpw.mods.modlauncher.TransformingClassLoader@64920dc2 - got cpw.mods.cl.ModuleClassLoader@1b9c1b51
[138月2026 18:52:16.612] [main/DEBUG] [net.minecraftforge.fml.javafmlmod.FMLModContainer/LOADING]: Creating FMLModContainer instance for com.github.mcmodderanchor.simplebedrockmodel.SimpleBedrockModel
[138月2026 18:52:16.614] [main/DEBUG] [net.minecraftforge.fml.javafmlmod.FMLJavaModLanguageProvider/LOADING]: Loading FMLModContainer from classloader cpw.mods.modlauncher.TransformingClassLoader@64920dc2 - got cpw.mods.cl.ModuleClassLoader@1b9c1b51
[138月2026 18:52:16.614] [main/DEBUG] [net.minecraftforge.fml.javafmlmod.FMLModContainer/LOADING]: Creating FMLModContainer instance for yesman.epicfight.main.EpicFightMod
[138月2026 18:52:16.616] [main/DEBUG] [mixin/]: Mixing EpicFightModMixin from invincible.mixins.json into yesman.epicfight.main.EpicFightMod
[138月2026 18:52:16.616] [main/DEBUG] [mixin/]: Renaming synthetic method lambda$invincible$constructMod$1()V to mdbc8035$lambda$invincible$constructMod$1$0 in invincible.mixins.json:EpicFightModMixin
[138月2026 18:52:16.616] [main/DEBUG] [mixin/]: Renaming synthetic method lambda$invincible$constructMod$0(Lcom/p1nero/invincible/api/forgeevent/DuplicateAnimationRegistryEvent$DuplicateAnimationBuilder;)V to mdbc8035$lambda$invincible$constructMod$0$1 in invincible.mixins.json:EpicFightModMixin
[138月2026 18:52:16.624] [main/DEBUG] [net.minecraftforge.fml.javafmlmod.FMLJavaModLanguageProvider/LOADING]: Loading FMLModContainer from classloader cpw.mods.modlauncher.TransformingClassLoader@64920dc2 - got cpw.mods.cl.ModuleClassLoader@1b9c1b51
[138月2026 18:52:16.624] [main/DEBUG] [net.minecraftforge.fml.javafmlmod.FMLModContainer/LOADING]: Creating FMLModContainer instance for reascer.wom.main.WeaponsOfMinecraft
[138月2026 18:52:16.626] [main/DEBUG] [net.minecraftforge.fml.javafmlmod.FMLJavaModLanguageProvider/LOADING]: Loading FMLModContainer from classloader cpw.mods.modlauncher.TransformingClassLoader@64920dc2 - got cpw.mods.cl.ModuleClassLoader@1b9c1b51
[138月2026 18:52:16.626] [main/DEBUG] [net.minecraftforge.fml.javafmlmod.FMLModContainer/LOADING]: Creating FMLModContainer instance for com.merlin204.avalon.main.AvalonMOD
[138月2026 18:52:16.628] [main/DEBUG] [net.minecraftforge.fml.javafmlmod.FMLJavaModLanguageProvider/LOADING]: Loading FMLModContainer from classloader cpw.mods.modlauncher.TransformingClassLoader@64920dc2 - got cpw.mods.cl.ModuleClassLoader@1b9c1b51
[138月2026 18:52:16.628] [main/DEBUG] [net.minecraftforge.fml.javafmlmod.FMLModContainer/LOADING]: Creating FMLModContainer instance for se.gory_moon.player_mobs.PlayerMobs
[138月2026 18:52:16.630] [main/DEBUG] [net.minecraftforge.fml.javafmlmod.FMLJavaModLanguageProvider/LOADING]: Loading FMLModContainer from classloader cpw.mods.modlauncher.TransformingClassLoader@64920dc2 - got cpw.mods.cl.ModuleClassLoader@1b9c1b51
[138月2026 18:52:16.630] [main/DEBUG] [net.minecraftforge.fml.javafmlmod.FMLModContainer/LOADING]: Creating FMLModContainer instance for com.llamalad7.mixinextras.platform.forge.MixinExtrasMod
[138月2026 18:52:16.631] [main/DEBUG] [net.minecraftforge.fml.javafmlmod.FMLJavaModLanguageProvider/LOADING]: Loading FMLModContainer from classloader cpw.mods.modlauncher.TransformingClassLoader@64920dc2 - got cpw.mods.cl.ModuleClassLoader@1b9c1b51
[138月2026 18:52:16.631] [main/DEBUG] [net.minecraftforge.fml.javafmlmod.FMLModContainer/LOADING]: Creating FMLModContainer instance for com.guhao.vix.VIX
[138月2026 18:52:16.632] [main/DEBUG] [net.minecraftforge.fml.javafmlmod.FMLJavaModLanguageProvider/LOADING]: Loading FMLModContainer from classloader cpw.mods.modlauncher.TransformingClassLoader@64920dc2 - got cpw.mods.cl.ModuleClassLoader@1b9c1b51
[138月2026 18:52:16.632] [main/DEBUG] [net.minecraftforge.fml.javafmlmod.FMLModContainer/LOADING]: Creating FMLModContainer instance for dev.architectury.forge.ArchitecturyForge
[138月2026 18:52:16.633] [main/DEBUG] [net.minecraftforge.fml.javafmlmod.FMLJavaModLanguageProvider/LOADING]: Loading FMLModContainer from classloader cpw.mods.modlauncher.TransformingClassLoader@64920dc2 - got cpw.mods.cl.ModuleClassLoader@1b9c1b51
[138月2026 18:52:16.634] [main/DEBUG] [net.minecraftforge.fml.javafmlmod.FMLModContainer/LOADING]: Creating FMLModContainer instance for com.hm.efn.EFN
[138月2026 18:52:16.636] [main/DEBUG] [net.minecraftforge.fml.javafmlmod.FMLJavaModLanguageProvider/LOADING]: Loading FMLModContainer from classloader cpw.mods.modlauncher.TransformingClassLoader@64920dc2 - got cpw.mods.cl.ModuleClassLoader@1b9c1b51
[138月2026 18:52:16.637] [main/DEBUG] [net.minecraftforge.fml.javafmlmod.FMLModContainer/LOADING]: Creating FMLModContainer instance for com.pla.annoyingvillagers.AnnoyingVillagers
[138月2026 18:52:16.638] [main/DEBUG] [net.minecraftforge.fml.javafmlmod.FMLJavaModLanguageProvider/LOADING]: Loading FMLModContainer from classloader cpw.mods.modlauncher.TransformingClassLoader@64920dc2 - got cpw.mods.cl.ModuleClassLoader@1b9c1b51
[138月2026 18:52:16.638] [main/DEBUG] [net.minecraftforge.fml.javafmlmod.FMLModContainer/LOADING]: Creating FMLModContainer instance for com.pla.efclash_blade.EFClashBlade
[138月2026 18:52:16.638] [main/DEBUG] [net.minecraftforge.fml.javafmlmod.FMLJavaModLanguageProvider/LOADING]: Loading FMLModContainer from classloader cpw.mods.modlauncher.TransformingClassLoader@64920dc2 - got cpw.mods.cl.ModuleClassLoader@1b9c1b51
[138月2026 18:52:16.638] [main/DEBUG] [net.minecraftforge.fml.javafmlmod.FMLModContainer/LOADING]: Creating FMLModContainer instance for org.ywzj.vehicle.YwzjVehicle
[138月2026 18:52:16.640] [main/DEBUG] [net.minecraftforge.fml.javafmlmod.FMLJavaModLanguageProvider/LOADING]: Loading FMLModContainer from classloader cpw.mods.modlauncher.TransformingClassLoader@64920dc2 - got cpw.mods.cl.ModuleClassLoader@1b9c1b51
[138月2026 18:52:16.641] [main/DEBUG] [net.minecraftforge.fml.javafmlmod.FMLModContainer/LOADING]: Creating FMLModContainer instance for net.EFTLM.EFTLM
[138月2026 18:52:16.642] [main/DEBUG] [net.minecraftforge.fml.javafmlmod.FMLJavaModLanguageProvider/LOADING]: Loading FMLModContainer from classloader cpw.mods.modlauncher.TransformingClassLoader@64920dc2 - got cpw.mods.cl.ModuleClassLoader@1b9c1b51
[138月2026 18:52:16.642] [main/DEBUG] [net.minecraftforge.fml.javafmlmod.FMLModContainer/LOADING]: Creating FMLModContainer instance for com.ysmef.geomodel.YSMGeoCompat
[138月2026 18:52:16.643] [main/DEBUG] [net.minecraftforge.fml.javafmlmod.FMLJavaModLanguageProvider/LOADING]: Loading FMLModContainer from classloader cpw.mods.modlauncher.TransformingClassLoader@64920dc2 - got cpw.mods.cl.ModuleClassLoader@1b9c1b51
[138月2026 18:52:16.643] [main/DEBUG] [net.minecraftforge.fml.javafmlmod.FMLModContainer/LOADING]: Creating FMLModContainer instance for net.minecraftforge.common.ForgeMod
[138月2026 18:52:16.645] [main/DEBUG] [net.minecraftforge.fml.javafmlmod.FMLJavaModLanguageProvider/LOADING]: Loading FMLModContainer from classloader cpw.mods.modlauncher.TransformingClassLoader@64920dc2 - got cpw.mods.cl.ModuleClassLoader@1b9c1b51
[138月2026 18:52:16.645] [main/DEBUG] [net.minecraftforge.fml.javafmlmod.FMLModContainer/LOADING]: Creating FMLModContainer instance for org.eftlm.stylish.EFTLMStylish
[138月2026 18:52:16.665] [modloading-worker-0/DEBUG] [net.minecraftforge.fml.javafmlmod.AutomaticEventSubscriber/LOADING]: Attempting to inject @EventBusSubscriber classes into the eventbus for mixinsquared
[138月2026 18:52:16.673] [modloading-worker-0/DEBUG] [net.minecraftforge.fml.javafmlmod.AutomaticEventSubscriber/LOADING]: Attempting to inject @EventBusSubscriber classes into the eventbus for mixinextras
[138月2026 18:52:16.685] [modloading-worker-0/DEBUG] [net.minecraftforge.fml.javafmlmod.AutomaticEventSubscriber/LOADING]: Attempting to inject @EventBusSubscriber classes into the eventbus for simplebedrockmodel
[138月2026 18:52:16.686] [modloading-worker-0/DEBUG] [mixin/]: Mixing common.PathPackResourcesMixin from mixins.ywzj_vehicle.json into net.minecraftforge.resource.PathPackResources
[138月2026 18:52:16.687] [modloading-worker-0/DEBUG] [mixin/]: Renaming synthetic method lambda$ywzj_vehicle$getNamespacesFromCommon$6(Ljava/lang/String;)Z to mdbc8035$lambda$ywzj_vehicle$getNamespacesFromCommon$6$0 in mixins.ywzj_vehicle.json:common.PathPackResourcesMixin
[138月2026 18:52:16.687] [modloading-worker-0/DEBUG] [mixin/]: Renaming synthetic method lambda$ywzj_vehicle$getNamespacesFromCommon$5(Ljava/nio/file/Path;)Ljava/lang/String; to mdbc8035$lambda$ywzj_vehicle$getNamespacesFromCommon$5$1 in mixins.ywzj_vehicle.json:common.PathPackResourcesMixin
[138月2026 18:52:16.687] [modloading-worker-0/DEBUG] [mixin/]: Renaming synthetic method lambda$ywzj_vehicle$getNamespacesFromCommon$4(Ljava/nio/file/Path;)Z to mdbc8035$lambda$ywzj_vehicle$getNamespacesFromCommon$4$2 in mixins.ywzj_vehicle.json:common.PathPackResourcesMixin
[138月2026 18:52:16.687] [modloading-worker-0/DEBUG] [mixin/]: Renaming synthetic method lambda$ywzj_vehicle$getNamespacesFromCommon$3(Ljava/nio/file/Path;)Z to mdbc8035$lambda$ywzj_vehicle$getNamespacesFromCommon$3$3 in mixins.ywzj_vehicle.json:common.PathPackResourcesMixin
[138月2026 18:52:16.687] [modloading-worker-0/DEBUG] [mixin/]: Renaming synthetic method lambda$listResourcesMerged$2(Ljava/lang/String;Lcom/mojang/serialization/DataResult$PartialResult;)V to mdbc8035$lambda$listResourcesMerged$2$4 in mixins.ywzj_vehicle.json:common.PathPackResourcesMixin
[138月2026 18:52:16.687] [modloading-worker-0/DEBUG] [mixin/]: Renaming synthetic method lambda$listResourcesMerged$1(Lnet/minecraft/server/packs/PackType;Ljava/lang/String;Lnet/minecraft/server/packs/PackResources$ResourceOutput;Ljava/util/List;)V to mdbc8035$lambda$listResourcesMerged$1$5 in mixins.ywzj_vehicle.json:common.PathPackResourcesMixin
[138月2026 18:52:16.687] [modloading-worker-0/DEBUG] [mixin/]: Renaming synthetic method lambda$listResourcesMerged$0(Ljava/nio/file/Path;Lnet/minecraft/server/packs/PackResources$ResourceOutput;Lnet/minecraft/resources/ResourceLocation;Lnet/minecraft/server/packs/resources/IoSupplier;)V to mdbc8035$lambda$listResourcesMerged$0$6 in mixins.ywzj_vehicle.json:common.PathPackResourcesMixin
[138月2026 18:52:16.688] [modloading-worker-0/DEBUG] [net.minecraftforge.fml.javafmlmod.AutomaticEventSubscriber/LOADING]: Attempting to inject @EventBusSubscriber classes into the eventbus for vix
[138月2026 18:52:16.726] [modloading-worker-0/DEBUG] [net.minecraftforge.fml.javafmlmod.AutomaticEventSubscriber/LOADING]: Auto-subscribing com.github.mcmodderanchor.simplebedrockmodel.v1.resource.ReloadListenersRegister$BedrockModelServerRegister to FORGE
[138月2026 18:52:16.764] [modloading-worker-0/INFO] [com.merlin204.avalon.main.AvalonMOD/]: 自动注册实体: SHAKE_WAVE -> shake_wave
[138月2026 18:52:16.764] [modloading-worker-0/INFO] [com.merlin204.avalon.main.AvalonMOD/]: 自动注册实体: VFX -> vfx
[138月2026 18:52:16.765] [modloading-worker-0/DEBUG] [mixin/]: Mixing SkillMixin from efn.mixins.json into yesman.epicfight.skill.Skill
[138月2026 18:52:16.765] [modloading-worker-0/INFO] [com.merlin204.avalon.main.AvalonMOD/]: 自动注册实体: ANIMATION_TEXTURE_VFX -> animation_texture_vfx
[138月2026 18:52:16.771] [modloading-worker-0/DEBUG] [net.minecraftforge.fml.config.ConfigTracker/CONFIG]: Config file efclash_blade-server.toml for efclash_blade tracking
[138月2026 18:52:16.771] [modloading-worker-0/DEBUG] [net.minecraftforge.fml.config.ConfigTracker/CONFIG]: Config file ysm_geo_compat-client.toml for ysm_geo_compat tracking
[138月2026 18:52:16.771] [modloading-worker-0/DEBUG] [net.minecraftforge.fml.config.ConfigTracker/CONFIG]: Config file epicfight-server.toml for epicfight tracking
[138月2026 18:52:16.771] [modloading-worker-0/INFO] [YSM-GEO Compat/]: YSM-GEO Compat: Initialized successfully
[138月2026 18:52:16.772] [modloading-worker-0/DEBUG] [net.minecraftforge.fml.javafmlmod.AutomaticEventSubscriber/LOADING]: Attempting to inject @EventBusSubscriber classes into the eventbus for ysm_geo_compat
[138月2026 18:52:16.774] [modloading-worker-0/INFO] [org.eftlm.stylish.EFTLMStylish/]: EFTLM Stylish Combat loaded!
[138月2026 18:52:16.776] [modloading-worker-0/DEBUG] [epicfight/]: Registered Extendable Enum class com.pla.efclash_blade.gameasset.EFClashBladeSkillSlots in skill_slot
[138月2026 18:52:16.778] [modloading-worker-0/DEBUG] [epicfight/]: Registered Extendable Enum class net.EFTLM.EF.Animation.EFTLM_LivingMotions in living_motion
[138月2026 18:52:16.779] [modloading-worker-0/INFO] [eftlm_stylish/]: [DIAG] ===== EFTLM Stylish environment =====
[138月2026 18:52:16.782] [modloading-worker-0/INFO] [eftlm_stylish/]: [DIAG] ef_tlm version: 1.3.2
[138月2026 18:52:16.783] [modloading-worker-0/INFO] [eftlm_stylish/]: [DIAG] epicfight version: 20.14.17
[138月2026 18:52:16.783] [modloading-worker-0/INFO] [eftlm_stylish/]: [DIAG] touhou_little_maid version: 1.5.3-forge+mc1.20.1
[138月2026 18:52:16.783] [modloading-worker-0/INFO] [eftlm_stylish/]: [DIAG] wom loaded: true version: 2.0.164
[138月2026 18:52:16.783] [modloading-worker-0/INFO] [eftlm_stylish/]: [DIAG] =======================================
[138月2026 18:52:16.783] [modloading-worker-0/DEBUG] [net.minecraftforge.fml.javafmlmod.AutomaticEventSubscriber/LOADING]: Attempting to inject @EventBusSubscriber classes into the eventbus for eftlm_stylish
[138月2026 18:52:16.783] [modloading-worker-0/DEBUG] [net.minecraftforge.fml.javafmlmod.AutomaticEventSubscriber/LOADING]: Auto-subscribing org.eftlm.stylish.rl.RlMemoryCleanup to FORGE
[138月2026 18:52:16.783] [modloading-worker-0/DEBUG] [mixin/]: Mixing MixinLevelEvent from architectury.mixins.json into net.minecraftforge.event.level.LevelEvent
[138月2026 18:52:16.783] [modloading-worker-0/DEBUG] [epicfight/]: Registered Extendable Enum class com.pla.efclash_blade.gameasset.EFClashBladeSkillCategories in skill_category
[138月2026 18:52:16.783] [modloading-worker-0/DEBUG] [net.minecraftforge.fml.javafmlmod.AutomaticEventSubscriber/LOADING]: Attempting to inject @EventBusSubscriber classes into the eventbus for efclash_blade
[138月2026 18:52:16.783] [modloading-worker-0/DEBUG] [net.minecraftforge.fml.javafmlmod.AutomaticEventSubscriber/LOADING]: Auto-subscribing com.pla.efclash_blade.gameasset.EFClashBladeSkills to MOD
[138月2026 18:52:16.790] [modloading-worker-0/DEBUG] [mixin/]: Mixing compat.efn.CrescentMoonItemMixin from annoyingvillagers.mixins.json into com.hm.efn.item.custom.CrescentMoonItem
[138月2026 18:52:16.796] [modloading-worker-0/DEBUG] [net.minecraftforge.fml.javafmlmod.AutomaticEventSubscriber/LOADING]: Auto-subscribing com.pla.efclash_blade.event.MobClashBladeEvent to FORGE
[138月2026 18:52:16.796] [modloading-worker-0/DEBUG] [mixin/]: Mixing compat.efn.ExcaliburItemMixin from annoyingvillagers.mixins.json into com.hm.efn.item.geo.ExcaliburItem
[138月2026 18:52:16.800] [modloading-worker-0/DEBUG] [mixin/]: Mixing MobClashBladeMixin from annoyingvillagers.mixins.json into com.pla.efclash_blade.event.MobClashBladeEvent
[138月2026 18:52:16.801] [modloading-worker-0/DEBUG] [net.minecraftforge.fml.javafmlmod.AutomaticEventSubscriber/LOADING]: Auto-subscribing org.eftlm.stylish.rl.RlFeedback to FORGE
[138月2026 18:52:16.801] [modloading-worker-0/DEBUG] [mixin/]: Renaming synthetic method lambda$moreLogicAfterClashing$1(Lnet/minecraft/server/level/ServerPlayer;)V to mdbc8035$lambda$moreLogicAfterClashing$1$0 in annoyingvillagers.mixins.json:MobClashBladeMixin
[138月2026 18:52:16.801] [modloading-worker-0/DEBUG] [mixin/]: Renaming synthetic method lambda$moreLogicAfterClashing$0(Lnet/minecraft/server/level/ServerPlayer;)V to mdbc8035$lambda$moreLogicAfterClashing$0$1 in annoyingvillagers.mixins.json:MobClashBladeMixin
[138月2026 18:52:16.803] [modloading-worker-0/DEBUG] [net.minecraftforge.fml.javafmlmod.AutomaticEventSubscriber/LOADING]: Attempting to inject @EventBusSubscriber classes into the eventbus for ef_tlm
[138月2026 18:52:16.803] [modloading-worker-0/DEBUG] [net.minecraftforge.fml.javafmlmod.AutomaticEventSubscriber/LOADING]: Auto-subscribing net.EFTLM.EF.Event.EventBus$ModEvents to MOD
[138月2026 18:52:16.803] [modloading-worker-0/DEBUG] [net.minecraftforge.fml.config.ConfigTracker/CONFIG]: Config file wom-client.toml for wom tracking
[138月2026 18:52:16.832] [modloading-worker-0/DEBUG] [epicfight/]: Registered Extendable Enum class com.merlin204.avalon.epicfight.gameassets.AvalonCategories in weapon_category
[138月2026 18:52:16.832] [modloading-worker-0/DEBUG] [mixin/]: Mixing compat.efn.AirTachiItemMixin from annoyingvillagers.mixins.json into com.hm.efn.item.custom.AirTachiItem
[138月2026 18:52:16.836] [modloading-worker-0/DEBUG] [mixin/]: Mixing compat.efn.NfClawItemMixin from annoyingvillagers.mixins.json into com.hm.efn.item.custom.NfClawItem
[138月2026 18:52:16.838] [modloading-worker-0/DEBUG] [net.minecraftforge.fml.config.ConfigTracker/CONFIG]: Config file player_mobs-common.toml for player_mobs tracking
[138月2026 18:52:16.841] [modloading-worker-0/DEBUG] [net.minecraftforge.fml.javafmlmod.AutomaticEventSubscriber/LOADING]: Auto-subscribing com.pla.efclash_blade.event.AddStarterSkillEvent to FORGE
[138月2026 18:52:16.841] [modloading-worker-0/DEBUG] [mixin/]: Mixing compat.efn.YamatoItemMixin from annoyingvillagers.mixins.json into com.hm.efn.item.custom.YamatoItem
[138月2026 18:52:16.843] [modloading-worker-0/DEBUG] [net.minecraftforge.fml.javafmlmod.AutomaticEventSubscriber/LOADING]: Attempting to inject @EventBusSubscriber classes into the eventbus for geckolib
[138月2026 18:52:16.843] [modloading-worker-0/DEBUG] [net.minecraftforge.fml.javafmlmod.AutomaticEventSubscriber/LOADING]: Auto-subscribing software.bernie.example.GeckoLibMod to FORGE
[138月2026 18:52:16.843] [modloading-worker-0/DEBUG] [net.minecraftforge.fml.javafmlmod.AutomaticEventSubscriber/LOADING]: Auto-subscribing software.bernie.example.CommonListener to MOD
[138月2026 18:52:16.846] [modloading-worker-0/DEBUG] [mixin/]: Mixing compat.efn.ScytheItemMixin from annoyingvillagers.mixins.json into com.hm.efn.item.custom.ScytheItem
[138月2026 18:52:16.847] [modloading-worker-0/DEBUG] [net.minecraftforge.fml.javafmlmod.AutomaticEventSubscriber/LOADING]: Auto-subscribing org.eftlm.stylish.rl.RlCommand to FORGE
[138月2026 18:52:16.847] [modloading-worker-0/DEBUG] [net.minecraftforge.versions.forge.ForgeVersion/CORE]: Forge Version package package net.minecraftforge.versions.forge, Forge, version 47.4 from cpw.mods.modlauncher.TransformingClassLoader@64920dc2
[138月2026 18:52:16.847] [modloading-worker-0/DEBUG] [net.minecraftforge.versions.forge.ForgeVersion/CORE]: Found Forge version 47.4.13
[138月2026 18:52:16.847] [modloading-worker-0/DEBUG] [net.minecraftforge.versions.forge.ForgeVersion/CORE]: Found Forge spec 47.4
[138月2026 18:52:16.847] [modloading-worker-0/DEBUG] [net.minecraftforge.versions.forge.ForgeVersion/CORE]: Found Forge group net.minecraftforge
[138月2026 18:52:16.848] [modloading-worker-0/DEBUG] [mixin/]: Mixing compat.efn.AetherialDuskDualSword_MainHandItemMixin from annoyingvillagers.mixins.json into com.hm.efn.item.custom.AetherialDuskDualSword_MainHandItem
[138月2026 18:52:16.850] [modloading-worker-0/DEBUG] [net.minecraftforge.versions.mcp.MCPVersion/CORE]: MCP Version package package net.minecraftforge.versions.mcp, Minecraft, version 1.20.1 from cpw.mods.modlauncher.TransformingClassLoader@64920dc2
[138月2026 18:52:16.850] [modloading-worker-0/DEBUG] [net.minecraftforge.versions.mcp.MCPVersion/CORE]: Found MC version information 1.20.1
[138月2026 18:52:16.850] [modloading-worker-0/DEBUG] [net.minecraftforge.versions.mcp.MCPVersion/CORE]: Found MCP version information 20230612.114412
[138月2026 18:52:16.850] [modloading-worker-0/DEBUG] [net.minecraftforge.fml.javafmlmod.AutomaticEventSubscriber/LOADING]: Attempting to inject @EventBusSubscriber classes into the eventbus for epic_fight_avalon
[138月2026 18:52:16.850] [modloading-worker-0/DEBUG] [net.minecraftforge.fml.javafmlmod.AutomaticEventSubscriber/LOADING]: Auto-subscribing com.merlin204.avalon.event.ForgeEvents to FORGE
[138月2026 18:52:16.850] [modloading-worker-0/INFO] [net.minecraftforge.common.ForgeMod/FORGEMOD]: Forge mod loading, version 47.4.13, for MC 1.20.1 with MCP 20230612.114412
[138月2026 18:52:16.850] [modloading-worker-0/INFO] [net.minecraftforge.common.MinecraftForge/FORGE]: MinecraftForge v47.4.13 Initialized
[138月2026 18:52:16.851] [modloading-worker-0/DEBUG] [mixin/]: Mixing compat.efn.ExsiliumgladiusItemMixin from annoyingvillagers.mixins.json into com.hm.efn.item.custom.ExsiliumgladiusItem
[138月2026 18:52:16.851] [modloading-worker-0/INFO] [org.ywzj.vehicle.YwzjVehicle/VehiclePackFinder]: Start scanning for vehicle packs in E:\program\JAVA\touhou little maid - unknow sky area\prod_server\limitless_vehicle
[138月2026 18:52:16.852] [modloading-worker-0/DEBUG] [net.minecraftforge.fml.config.ConfigTracker/CONFIG]: Config file combat_evolution-common.toml for combat_evolution tracking
[138月2026 18:52:16.859] [modloading-worker-0/DEBUG] [net.minecraftforge.fml.javafmlmod.AutomaticEventSubscriber/LOADING]: Auto-subscribing org.eftlm.stylish.rl.RlActHandler to FORGE
[138月2026 18:52:16.859] [modloading-worker-0/DEBUG] [mixin/]: Mixing compat.efn.PioneerItemMixin from annoyingvillagers.mixins.json into com.hm.efn.item.custom.PioneerItem
[138月2026 18:52:16.859] [modloading-worker-0/INFO] [org.ywzj.vehicle.YwzjVehicle/VehiclePackFinder]: - default_vehicle, Main namespace: ywzj_vehicle
[138月2026 18:52:16.860] [modloading-worker-0/INFO] [org.ywzj.vehicle.YwzjVehicle/VehiclePackFinder]: Found 1 possible vehicle pack(s)
[138月2026 18:52:16.862] [modloading-worker-0/DEBUG] [net.minecraftforge.fml.javafmlmod.AutomaticEventSubscriber/LOADING]: Auto-subscribing com.merlin204.avalon.event.AvalonEntityEventHandler to MOD
[138月2026 18:52:16.862] [modloading-worker-0/DEBUG] [mixin/]: Mixing compat.efn.FireExsiliumgladiusItemMixin from annoyingvillagers.mixins.json into com.hm.efn.item.custom.FireExsiliumgladiusItem
[138月2026 18:52:16.862] [modloading-worker-0/DEBUG] [net.minecraftforge.fml.javafmlmod.AutomaticEventSubscriber/LOADING]: Auto-subscribing com.pla.efclash_blade.EFClashBlade$initer to MOD
[138月2026 18:52:16.866] [modloading-worker-0/DEBUG] [net.minecraftforge.fml.javafmlmod.AutomaticEventSubscriber/LOADING]: Auto-subscribing com.merlin204.avalon.epicfight.AvalonAnimations to MOD
[138月2026 18:52:16.866] [modloading-worker-0/DEBUG] [mixin/]: Mixing compat.efn.NFShortSwordItemMixin from annoyingvillagers.mixins.json into com.hm.efn.item.custom.NFShortSwordItem
[138月2026 18:52:16.869] [modloading-worker-0/DEBUG] [mixin/]: Mixing compat.efn.NFShortSwordTwoItemMixin from annoyingvillagers.mixins.json into com.hm.efn.item.custom.NFShortSwordTwoItem
[138月2026 18:52:16.872] [modloading-worker-0/DEBUG] [net.minecraftforge.fml.javafmlmod.AutomaticEventSubscriber/LOADING]: Auto-subscribing net.EFTLM.EF.Event.EventBus$ForgeEvents to FORGE
[138月2026 18:52:16.872] [modloading-worker-0/DEBUG] [net.minecraftforge.fml.config.ConfigTracker/CONFIG]: Config file ywzj_vehicle-common.toml for ywzj_vehicle tracking
[138月2026 18:52:16.873] [modloading-worker-0/DEBUG] [net.minecraftforge.fml.javafmlmod.AutomaticEventSubscriber/LOADING]: Auto-subscribing org.eftlm.stylish.compat.wom.SolarModelHandler to FORGE
[138月2026 18:52:16.874] [modloading-worker-0/DEBUG] [mixin/]: Mixing compat.efn.Meen_SpearItemMixin from annoyingvillagers.mixins.json into com.hm.efn.item.custom.Meen_SpearItem
[138月2026 18:52:16.875] [modloading-worker-0/DEBUG] [net.minecraftforge.fml.config.ConfigTracker/CONFIG]: Config file ywzj_vehicle-server.toml for ywzj_vehicle tracking
[138月2026 18:52:16.876] [modloading-worker-0/DEBUG] [mixin/]: Mixing AnimationManagerAccessor from invincible.mixins.json into yesman.epicfight.api.animation.AnimationManager
[138月2026 18:52:16.878] [modloading-worker-0/DEBUG] [mixin/]: Mixing compat.efn.BroadBladeItemMixin from annoyingvillagers.mixins.json into com.hm.efn.item.custom.BroadBladeItem
[138月2026 18:52:16.878] [modloading-worker-0/DEBUG] [net.minecraftforge.fml.javafmlmod.AutomaticEventSubscriber/LOADING]: Auto-subscribing org.eftlm.stylish.compat.efn.EfnSkillCommand to FORGE
[138月2026 18:52:16.882] [modloading-worker-0/DEBUG] [mixin/]: Mixing compat.efn.KusabimaruItemMixin from annoyingvillagers.mixins.json into com.hm.efn.item.custom.KusabimaruItem
[138月2026 18:52:16.885] [modloading-worker-0/DEBUG] [net.minecraftforge.fml.javafmlmod.AutomaticEventSubscriber/LOADING]: Auto-subscribing org.eftlm.stylish.arena.AutoArena to FORGE
[138月2026 18:52:16.887] [modloading-worker-0/DEBUG] [mixin/]: Mixing compat.efn.CoTachiItemMixin from annoyingvillagers.mixins.json into com.hm.efn.item.custom.CoTachiItem
[138月2026 18:52:16.891] [modloading-worker-0/DEBUG] [mixin/]: Mixing compat.efn.HfMuramasaItemMixin from annoyingvillagers.mixins.json into com.hm.efn.item.custom.HfMurasamaItem
[138月2026 18:52:16.894] [modloading-worker-0/DEBUG] [mixin/]: Mixing compat.efn.ThornWheelItemMixin from annoyingvillagers.mixins.json into com.hm.efn.item.custom.ThornWheelItem
[138月2026 18:52:16.899] [modloading-worker-0/DEBUG] [net.minecraftforge.fml.javafmlmod.AutomaticEventSubscriber/LOADING]: Auto-subscribing com.merlin204.avalon.api.AvalonEntityRegistryManager to MOD
[138月2026 18:52:16.899] [modloading-worker-0/DEBUG] [epicfight/]: Registered Extendable Enum class com.p1nero.invincible.api.skill.ComboNode$ComboTypes in combo_type
[138月2026 18:52:16.903] [modloading-worker-0/DEBUG] [net.minecraftforge.fml.config.ConfigTracker/CONFIG]: Config file invincible-common.toml for invincible tracking
[138月2026 18:52:16.904] [modloading-worker-0/DEBUG] [net.minecraftforge.fml.javafmlmod.AutomaticEventSubscriber/LOADING]: Attempting to inject @EventBusSubscriber classes into the eventbus for invincible
[138月2026 18:52:16.904] [modloading-worker-0/DEBUG] [net.minecraftforge.fml.javafmlmod.AutomaticEventSubscriber/LOADING]: Auto-subscribing com.p1nero.invincible.gameassets.InvincibleDuplicateDemoAnimations to MOD
[138月2026 18:52:16.906] [modloading-worker-0/DEBUG] [net.minecraftforge.fml.javafmlmod.AutomaticEventSubscriber/LOADING]: Auto-subscribing org.eftlm.stylish.EF.Event.StylishBehaviorRegister to FORGE
[138月2026 18:52:16.912] [modloading-worker-0/DEBUG] [net.minecraftforge.fml.javafmlmod.AutomaticEventSubscriber/LOADING]: Auto-subscribing com.p1nero.invincible.gameassets.InvincibleDemoWeaponCapabilityPresets to MOD
[138月2026 18:52:16.913] [modloading-worker-0/DEBUG] [net.minecraftforge.fml.config.ConfigTracker/CONFIG]: Config file epicfight-common.toml for epicfight tracking
[138月2026 18:52:16.917] [modloading-worker-0/DEBUG] [net.minecraftforge.fml.javafmlmod.AutomaticEventSubscriber/LOADING]: Auto-subscribing org.eftlm.stylish.EF.Event.ModEventBus to MOD
[138月2026 18:52:16.921] [modloading-worker-0/DEBUG] [net.minecraftforge.fml.javafmlmod.AutomaticEventSubscriber/LOADING]: Auto-subscribing org.eftlm.stylish.EF.Event.Diagnose to FORGE
[138月2026 18:52:16.922] [modloading-worker-0/DEBUG] [net.minecraftforge.fml.javafmlmod.AutomaticEventSubscriber/LOADING]: Auto-subscribing com.p1nero.invincible.gameassets.InvincibleDemoSkills to MOD
[138月2026 18:52:16.925] [modloading-worker-0/DEBUG] [net.minecraftforge.fml.javafmlmod.AutomaticEventSubscriber/LOADING]: Auto-subscribing org.eftlm.stylish.EF.Event.ChaseBoost to FORGE
[138月2026 18:52:16.931] [modloading-worker-0/DEBUG] [net.minecraftforge.fml.javafmlmod.AutomaticEventSubscriber/LOADING]: Auto-subscribing com.p1nero.invincible.command.InvincibleCommands to FORGE
[138月2026 18:52:16.935] [modloading-worker-0/DEBUG] [net.minecraftforge.fml.javafmlmod.AutomaticEventSubscriber/LOADING]: Attempting to inject @EventBusSubscriber classes into the eventbus for combat_evolution
[138月2026 18:52:16.935] [modloading-worker-0/DEBUG] [net.minecraftforge.fml.javafmlmod.AutomaticEventSubscriber/LOADING]: Auto-subscribing net.shelmarow.combat_evolution.tickTask.TickTaskHandler to FORGE
[138月2026 18:52:16.936] [modloading-worker-0/DEBUG] [net.minecraftforge.fml.javafmlmod.AutomaticEventSubscriber/LOADING]: Auto-subscribing com.p1nero.invincible.capability.InvinciblePlayerCapabilityProvider to FORGE
[138月2026 18:52:16.939] [modloading-worker-0/DEBUG] [net.minecraftforge.fml.javafmlmod.AutomaticEventSubscriber/LOADING]: Auto-subscribing net.shelmarow.combat_evolution.skill.CESkills to MOD
[138月2026 18:52:16.941] [modloading-worker-0/DEBUG] [net.minecraftforge.fml.javafmlmod.AutomaticEventSubscriber/LOADING]: Auto-subscribing net.shelmarow.combat_evolution.gameassets.CEAnimationBuilder to MOD
[138月2026 18:52:16.946] [modloading-worker-0/DEBUG] [net.minecraftforge.fml.javafmlmod.AutomaticEventSubscriber/LOADING]: Auto-subscribing net.shelmarow.combat_evolution.execution.ExecutionHandler to FORGE
[138月2026 18:52:16.946] [modloading-worker-0/DEBUG] [mixin/]: Mixing ExecutionHandlerMixin from annoyingvillagers.mixins.json into net.shelmarow.combat_evolution.execution.ExecutionHandler
[138月2026 18:52:16.951] [modloading-worker-0/DEBUG] [net.minecraftforge.fml.config.ConfigTracker/CONFIG]: Config file forge-client.toml for forge tracking
[138月2026 18:52:16.951] [modloading-worker-0/DEBUG] [net.minecraftforge.fml.config.ConfigTracker/CONFIG]: Config file forge-server.toml for forge tracking
[138月2026 18:52:16.951] [modloading-worker-0/DEBUG] [net.minecraftforge.fml.ModLoadingContext/]: Attempted to register an empty config for type COMMON on mod forge
[138月2026 18:52:16.951] [modloading-worker-0/DEBUG] [mixin/]: Mixing ExplosionMixin from annoyingvillagers.mixins.json into net.minecraft.world.level.Explosion
[138月2026 18:52:16.956] [modloading-worker-0/DEBUG] [mixin/]: Mixing common.ExplosionAccessor from mixins.ywzj_vehicle.json into net.minecraft.world.level.Explosion
[138月2026 18:52:16.966] [modloading-worker-0/DEBUG] [mixin/]: Mixing ServerPlayerPatchMixin from invincible.mixins.json into yesman.epicfight.world.capabilities.entitypatch.player.ServerPlayerPatch
[138月2026 18:52:16.976] [modloading-worker-0/DEBUG] [mixin/]: Mixing ServerPlayerPatchMixin from efn.mixins.json into yesman.epicfight.world.capabilities.entitypatch.player.ServerPlayerPatch
[138月2026 18:52:16.987] [modloading-worker-0/DEBUG] [mixin/]: Mixing ServerPlayerPatchMixin from ef_tlm.mixins.json into yesman.epicfight.world.capabilities.entitypatch.player.ServerPlayerPatch
[138月2026 18:52:17.010] [modloading-worker-0/DEBUG] [net.minecraftforge.fml.javafmlmod.AutomaticEventSubscriber/LOADING]: Auto-subscribing net.EFTLM.EF.Animation.EFTLM_Animations to MOD
[138月2026 18:52:17.020] [modloading-worker-0/DEBUG] [mixin/]: Mixing ExecutionTaskMixin from annoyingvillagers.mixins.json into net.shelmarow.combat_evolution.execution.ExecutionTask
[138月2026 18:52:17.020] [modloading-worker-0/DEBUG] [epicfight/]: Registered Extendable Enum class yesman.epicfight.api.animation.LivingMotions in living_motion
[138月2026 18:52:17.040] [modloading-worker-0/DEBUG] [net.minecraftforge.fml.javafmlmod.AutomaticEventSubscriber/LOADING]: Auto-subscribing com.p1nero.invincible.capability.InvincibleEntityCapabilityProvider to FORGE
[138月2026 18:52:17.041] [modloading-worker-0/DEBUG] [epicfight/]: Registered Extendable Enum class yesman.epicfight.skill.SkillCategories in skill_category
[138月2026 18:52:17.044] [modloading-worker-0/DEBUG] [epicfight/]: Registered Extendable Enum class yesman.epicfight.skill.SkillSlots in skill_slot
[138月2026 18:52:17.046] [modloading-worker-0/DEBUG] [epicfight/]: Registered Extendable Enum class yesman.epicfight.world.capabilities.item.CapabilityItem$Styles in style
[138月2026 18:52:17.047] [modloading-worker-0/DEBUG] [epicfight/]: Registered Extendable Enum class yesman.epicfight.world.capabilities.item.CapabilityItem$WeaponCategories in weapon_category
[138月2026 18:52:17.048] [modloading-worker-0/DEBUG] [net.minecraftforge.fml.javafmlmod.AutomaticEventSubscriber/LOADING]: Auto-subscribing com.p1nero.invincible.capability.InvincibleCapabilities to FORGE
[138月2026 18:52:17.051] [modloading-worker-0/DEBUG] [epicfight/]: Registered Extendable Enum class yesman.epicfight.world.capabilities.entitypatch.Factions in faction
[138月2026 18:52:17.055] [modloading-worker-0/DEBUG] [epicfight/]: Registered Extendable Enum class yesman.epicfight.network.EntityPairingPacketTypes in entity_pairing_packet_type
[138月2026 18:52:17.061] [modloading-worker-0/DEBUG] [net.minecraftforge.fml.javafmlmod.AutomaticEventSubscriber/LOADING]: Auto-subscribing com.p1nero.invincible.InvincibleConfig to MOD
[138月2026 18:52:17.067] [modloading-worker-0/DEBUG] [net.minecraftforge.fml.javafmlmod.AutomaticEventSubscriber/LOADING]: Auto-subscribing net.shelmarow.combat_evolution.example.event.ModEvent to MOD
[138月2026 18:52:17.074] [modloading-worker-0/DEBUG] [net.minecraftforge.fml.javafmlmod.AutomaticEventSubscriber/LOADING]: Attempting to inject @EventBusSubscriber classes into the eventbus for forge
[138月2026 18:52:17.074] [modloading-worker-0/DEBUG] [net.minecraftforge.fml.javafmlmod.AutomaticEventSubscriber/LOADING]: Auto-subscribing net.shelmarow.combat_evolution.event.ModEvent to MOD
[138月2026 18:52:17.075] [modloading-worker-0/DEBUG] [net.minecraftforge.fml.javafmlmod.AutomaticEventSubscriber/LOADING]: Auto-subscribing net.minecraftforge.common.ForgeSpawnEggItem$CommonHandler to MOD
[138月2026 18:52:17.075] [modloading-worker-0/DEBUG] [net.minecraftforge.fml.javafmlmod.AutomaticEventSubscriber/LOADING]: Auto-subscribing net.shelmarow.combat_evolution.event.ForgeEvent to FORGE
[138月2026 18:52:17.106] [modloading-worker-0/DEBUG] [net.minecraftforge.fml.javafmlmod.AutomaticEventSubscriber/LOADING]: Auto-subscribing net.shelmarow.combat_evolution.ai.attribute.CEAttributes to MOD
[138月2026 18:52:17.122] [modloading-worker-0/DEBUG] [net.minecraftforge.fml.javafmlmod.AutomaticEventSubscriber/LOADING]: Attempting to inject @EventBusSubscriber classes into the eventbus for architectury
[138月2026 18:52:17.124] [modloading-worker-0/DEBUG] [net.minecraftforge.fml.javafmlmod.AutomaticEventSubscriber/LOADING]: Auto-subscribing dev.architectury.registry.level.entity.trade.forge.TradeRegistryImpl to FORGE
[138月2026 18:52:17.131] [modloading-worker-0/DEBUG] [net.minecraftforge.fml.javafmlmod.AutomaticEventSubscriber/LOADING]: Auto-subscribing dev.architectury.registry.forge.ReloadListenerRegistryImpl to FORGE
[138月2026 18:52:17.135] [modloading-worker-0/DEBUG] [net.minecraftforge.fml.javafmlmod.AutomaticEventSubscriber/LOADING]: Auto-subscribing dev.architectury.networking.forge.NetworkManagerImpl to FORGE
[138月2026 18:52:17.146] [modloading-worker-0/DEBUG] [mixin/]: Mixing PlayerMobMixin from annoyingvillagers.mixins.json into se.gory_moon.player_mobs.entity.PlayerMobEntity
[138月2026 18:52:17.148] [modloading-worker-0/DEBUG] [mixin/]: Mixing PlayerMobMixin2 from annoyingvillagers.mixins.json into se.gory_moon.player_mobs.entity.PlayerMobEntity
[138月2026 18:52:17.152] [modloading-worker-0/INFO] [dev.architectury.networking.forge.NetworkManagerImpl/]: Registering C2S receiver with id architectury:sync_ids
[138月2026 18:52:17.182] [modloading-worker-0/DEBUG] [net.minecraftforge.fml.javafmlmod.AutomaticEventSubscriber/LOADING]: Attempting to inject @EventBusSubscriber classes into the eventbus for wom
[138月2026 18:52:17.183] [modloading-worker-0/DEBUG] [net.minecraftforge.fml.javafmlmod.AutomaticEventSubscriber/LOADING]: Auto-subscribing reascer.wom.world.loot.WOMLootDropTables to MOD
[138月2026 18:52:17.185] [modloading-worker-0/DEBUG] [net.minecraftforge.fml.javafmlmod.AutomaticEventSubscriber/LOADING]: Auto-subscribing reascer.wom.world.loot.WOMChestLootTables to FORGE
[138月2026 18:52:17.190] [modloading-worker-0/DEBUG] [net.minecraftforge.fml.javafmlmod.AutomaticEventSubscriber/LOADING]: Auto-subscribing reascer.wom.world.capabilities.item.WOMWeaponCapabilityPresets to MOD
[138月2026 18:52:17.218] [modloading-worker-0/DEBUG] [net.minecraftforge.fml.javafmlmod.AutomaticEventSubscriber/LOADING]: Auto-subscribing reascer.wom.gameasset.animations.weapons.AnimsSolar to MOD
[138月2026 18:52:17.220] [modloading-worker-0/DEBUG] [com.tterrag.registrate.AbstractRegistrate/REGISTRATE.REGISTER]: Captured registration for entry player_mobs:player_mob of type minecraft:entity_type
[138月2026 18:52:17.226] [modloading-worker-0/INFO] [epicfight/]: Loaded mod compat: GeckolibCompat
[138月2026 18:52:17.226] [modloading-worker-0/DEBUG] [net.minecraftforge.fml.javafmlmod.AutomaticEventSubscriber/LOADING]: Attempting to inject @EventBusSubscriber classes into the eventbus for epicfight
[138月2026 18:52:17.226] [modloading-worker-0/DEBUG] [net.minecraftforge.fml.javafmlmod.AutomaticEventSubscriber/LOADING]: Auto-subscribing yesman.epicfight.world.entity.ai.attribute.EpicFightAttributes to MOD
[138月2026 18:52:17.229] [modloading-worker-0/DEBUG] [net.minecraftforge.fml.javafmlmod.AutomaticEventSubscriber/LOADING]: Auto-subscribing yesman.epicfight.main.EpicFightMod$ServerForgeEvents to FORGE
[138月2026 18:52:17.232] [modloading-worker-0/DEBUG] [net.minecraftforge.fml.javafmlmod.AutomaticEventSubscriber/LOADING]: Auto-subscribing yesman.epicfight.gameasset.EpicFightSkills to MOD
[138月2026 18:52:17.232] [modloading-worker-0/DEBUG] [net.minecraftforge.fml.javafmlmod.AutomaticEventSubscriber/LOADING]: Auto-subscribing reascer.wom.gameasset.animations.weapons.AnimsSatsujin to MOD
[138月2026 18:52:17.236] [modloading-worker-0/DEBUG] [com.tterrag.registrate.AbstractRegistrate/REGISTRATE.REGISTER]: Captured registration for entry player_mobs:player_mob_spawn_egg of type minecraft:item
[138月2026 18:52:17.242] [modloading-worker-0/DEBUG] [net.minecraftforge.fml.javafmlmod.AutomaticEventSubscriber/LOADING]: Auto-subscribing reascer.wom.gameasset.animations.weapons.AnimsRuine to MOD
[138月2026 18:52:17.245] [modloading-worker-0/DEBUG] [net.minecraftforge.fml.javafmlmod.AutomaticEventSubscriber/LOADING]: Auto-subscribing yesman.epicfight.gameasset.Animations to MOD
[138月2026 18:52:17.247] [modloading-worker-0/DEBUG] [com.tterrag.registrate.AbstractRegistrate/REGISTRATE.REGISTER]: Captured registration for entry player_mobs:player_mob.ambient of type minecraft:sound_event
[138月2026 18:52:17.250] [modloading-worker-0/DEBUG] [com.tterrag.registrate.AbstractRegistrate/REGISTRATE.REGISTER]: Captured registration for entry player_mobs:player_mob.hurt of type minecraft:sound_event
[138月2026 18:52:17.250] [modloading-worker-0/DEBUG] [mixin/]: Mixing EnderHandMixin from annoyingvillagers.mixins.json into reascer.wom.world.entity.mob.EnderHand
[138月2026 18:52:17.250] [modloading-worker-0/DEBUG] [com.tterrag.registrate.AbstractRegistrate/REGISTRATE.REGISTER]: Captured registration for entry player_mobs:player_mob.death of type minecraft:sound_event
[138月2026 18:52:17.277] [modloading-worker-0/DEBUG] [net.minecraftforge.fml.javafmlmod.AutomaticEventSubscriber/LOADING]: Attempting to inject @EventBusSubscriber classes into the eventbus for player_mobs
[138月2026 18:52:17.277] [modloading-worker-0/DEBUG] [net.minecraftforge.fml.javafmlmod.AutomaticEventSubscriber/LOADING]: Auto-subscribing se.gory_moon.player_mobs.utils.SpawnHandler to FORGE
[138月2026 18:52:17.278] [modloading-worker-0/DEBUG] [net.minecraftforge.fml.javafmlmod.AutomaticEventSubscriber/LOADING]: Auto-subscribing reascer.wom.gameasset.animations.weapons.AnimsOrbit to MOD
[138月2026 18:52:17.281] [modloading-worker-0/DEBUG] [net.minecraftforge.fml.javafmlmod.AutomaticEventSubscriber/LOADING]: Auto-subscribing se.gory_moon.player_mobs.utils.DeathHandler to FORGE
[138月2026 18:52:17.284] [modloading-worker-0/DEBUG] [net.minecraftforge.fml.javafmlmod.AutomaticEventSubscriber/LOADING]: Auto-subscribing reascer.wom.gameasset.animations.weapons.AnimsNova to MOD
[138月2026 18:52:17.291] [modloading-worker-0/DEBUG] [net.minecraftforge.fml.javafmlmod.AutomaticEventSubscriber/LOADING]: Auto-subscribing reascer.wom.gameasset.animations.weapons.AnimsNapoleon to MOD
[138月2026 18:52:17.294] [modloading-worker-0/DEBUG] [mixin/]: Mixing compat.efn.StopEffectMixin from annoyingvillagers.mixins.json into com.hm.efn.mobeffects.StopEffect
[138月2026 18:52:17.298] [modloading-worker-0/DEBUG] [mixin/]: Mixing StaticAnimationMixin from invincible.mixins.json into yesman.epicfight.api.animation.types.StaticAnimation
[138月2026 18:52:17.299] [modloading-worker-0/DEBUG] [net.minecraftforge.fml.javafmlmod.AutomaticEventSubscriber/LOADING]: Auto-subscribing reascer.wom.gameasset.animations.weapons.AnimsMoonless to MOD
[138月2026 18:52:17.302] [modloading-worker-0/DEBUG] [mixin/]: Mixing StaticAnimationsMixin from combat_evolution.mixins.json into yesman.epicfight.api.animation.types.StaticAnimation
[138月2026 18:52:17.310] [modloading-worker-0/DEBUG] [net.minecraftforge.fml.javafmlmod.AutomaticEventSubscriber/LOADING]: Auto-subscribing reascer.wom.gameasset.animations.weapons.AnimsHerrscher to MOD
[138月2026 18:52:17.316] [modloading-worker-0/DEBUG] [net.minecraftforge.fml.javafmlmod.AutomaticEventSubscriber/LOADING]: Auto-subscribing reascer.wom.gameasset.animations.weapons.AnimsEnderblaster to MOD
[138月2026 18:52:17.324] [modloading-worker-0/DEBUG] [net.minecraftforge.fml.javafmlmod.AutomaticEventSubscriber/LOADING]: Auto-subscribing reascer.wom.gameasset.animations.weapons.AnimsAgony to MOD
[138月2026 18:52:17.330] [modloading-worker-0/DEBUG] [net.minecraftforge.fml.javafmlmod.AutomaticEventSubscriber/LOADING]: Auto-subscribing reascer.wom.gameasset.WOMSkills to MOD
[138月2026 18:52:17.335] [modloading-worker-0/DEBUG] [net.minecraftforge.fml.javafmlmod.AutomaticEventSubscriber/LOADING]: Auto-subscribing reascer.wom.gameasset.WOMAnimations to MOD
[138月2026 18:52:17.351] [modloading-worker-0/DEBUG] [net.minecraftforge.fml.javafmlmod.AutomaticEventSubscriber/LOADING]: Auto-subscribing yesman.epicfight.events.WorldEvents to FORGE
[138月2026 18:52:17.356] [modloading-worker-0/DEBUG] [net.minecraftforge.fml.javafmlmod.AutomaticEventSubscriber/LOADING]: Auto-subscribing yesman.epicfight.events.PlayerEvents to FORGE
[138月2026 18:52:17.373] [modloading-worker-0/DEBUG] [net.minecraftforge.fml.javafmlmod.AutomaticEventSubscriber/LOADING]: Auto-subscribing reascer.wom.events.WOMLivingEntityEvents to FORGE
[138月2026 18:52:17.381] [modloading-worker-0/DEBUG] [net.minecraftforge.fml.javafmlmod.AutomaticEventSubscriber/LOADING]: Auto-subscribing yesman.epicfight.events.EntityEvents to FORGE
[138月2026 18:52:17.420] [modloading-worker-0/DEBUG] [net.minecraftforge.fml.javafmlmod.AutomaticEventSubscriber/LOADING]: Auto-subscribing reascer.wom.events.PatchedRegisterModBusEvents to MOD
[138月2026 18:52:17.449] [modloading-worker-0/DEBUG] [net.minecraftforge.fml.javafmlmod.AutomaticEventSubscriber/LOADING]: Auto-subscribing yesman.epicfight.events.CapabilityEvents to FORGE
[138月2026 18:52:17.452] [modloading-worker-0/DEBUG] [net.minecraftforge.fml.javafmlmod.AutomaticEventSubscriber/LOADING]: Auto-subscribing yesman.epicfight.data.loot.EpicFightLootTables to FORGE
[138月2026 18:52:17.454] [modloading-worker-0/DEBUG] [net.minecraftforge.fml.javafmlmod.AutomaticEventSubscriber/LOADING]: Auto-subscribing yesman.epicfight.config.ServerConfig to MOD
[138月2026 18:52:17.455] [modloading-worker-0/DEBUG] [net.minecraftforge.fml.javafmlmod.AutomaticEventSubscriber/LOADING]: Attempting to inject @EventBusSubscriber classes into the eventbus for ywzj_vehicle
[138月2026 18:52:17.456] [modloading-worker-0/DEBUG] [net.minecraftforge.fml.javafmlmod.AutomaticEventSubscriber/LOADING]: Auto-subscribing yesman.epicfight.config.CommonConfig to MOD
[138月2026 18:52:17.456] [modloading-worker-0/DEBUG] [net.minecraftforge.fml.javafmlmod.AutomaticEventSubscriber/LOADING]: Auto-subscribing org.ywzj.vehicle.resource.BedrockModelLoader to MOD
[138月2026 18:52:17.460] [modloading-worker-0/DEBUG] [epicfight/]: Registered Extendable Enum class com.hm.efn.gameasset.EFNSkillSlots in skill_slot
[138月2026 18:52:17.462] [modloading-worker-0/DEBUG] [epicfight/]: Registered Extendable Enum class com.hm.efn.gameasset.EFNSkillCategories in skill_category
[138月2026 18:52:17.467] [modloading-worker-0/DEBUG] [net.minecraftforge.fml.javafmlmod.AutomaticEventSubscriber/LOADING]: Auto-subscribing org.ywzj.vehicle.handler.HitboxHelperEvent to FORGE
[138月2026 18:52:17.472] [modloading-worker-0/DEBUG] [net.minecraftforge.fml.javafmlmod.AutomaticEventSubscriber/LOADING]: Auto-subscribing org.ywzj.vehicle.custom.sync.SyncDataManager to FORGE
[138月2026 18:52:17.486] [modloading-worker-0/DEBUG] [net.minecraftforge.fml.javafmlmod.AutomaticEventSubscriber/LOADING]: Auto-subscribing org.ywzj.vehicle.custom.sync.SyncDataManager$Setup to MOD
[138月2026 18:52:17.487] [modloading-worker-0/DEBUG] [net.minecraftforge.fml.javafmlmod.AutomaticEventSubscriber/LOADING]: Auto-subscribing org.ywzj.vehicle.custom.VehicleWeaponManager to FORGE
[138月2026 18:52:17.497] [modloading-worker-0/DEBUG] [net.minecraftforge.fml.config.ConfigTracker/CONFIG]: Config file efn-common.toml for efn tracking
[138月2026 18:52:17.501] [modloading-worker-0/DEBUG] [net.minecraftforge.fml.javafmlmod.AutomaticEventSubscriber/LOADING]: Auto-subscribing org.ywzj.vehicle.custom.VehicleDataManager to FORGE
[138月2026 18:52:17.504] [modloading-worker-0/DEBUG] [net.minecraftforge.fml.javafmlmod.AutomaticEventSubscriber/LOADING]: Auto-subscribing org.ywzj.vehicle.custom.CommonAssetsManager to FORGE
[138月2026 18:52:17.513] [modloading-worker-0/DEBUG] [net.minecraftforge.fml.javafmlmod.AutomaticEventSubscriber/LOADING]: Auto-subscribing org.ywzj.vehicle.compat.ValkyrienSkiesCompat to FORGE
[138月2026 18:52:17.513] [modloading-worker-0/DEBUG] [net.minecraftforge.fml.config.ConfigTracker/CONFIG]: Config file efn-client.toml for efn tracking
[138月2026 18:52:17.513] [modloading-worker-0/DEBUG] [net.minecraftforge.fml.javafmlmod.AutomaticEventSubscriber/LOADING]: Attempting to inject @EventBusSubscriber classes into the eventbus for efn
[138月2026 18:52:17.513] [modloading-worker-0/DEBUG] [net.minecraftforge.fml.javafmlmod.AutomaticEventSubscriber/LOADING]: Auto-subscribing com.hm.efn.skill.weapon_passive.YamatoPassive to FORGE
[138月2026 18:52:17.515] [modloading-worker-0/DEBUG] [net.minecraftforge.fml.javafmlmod.AutomaticEventSubscriber/LOADING]: Auto-subscribing org.ywzj.vehicle.compat.CreateCompat to FORGE
[138月2026 18:52:17.517] [modloading-worker-0/DEBUG] [net.minecraftforge.fml.javafmlmod.AutomaticEventSubscriber/LOADING]: Auto-subscribing org.ywzj.vehicle.all.ModRegistries to MOD
[138月2026 18:52:17.518] [modloading-worker-0/DEBUG] [net.minecraftforge.fml.javafmlmod.AutomaticEventSubscriber/LOADING]: Auto-subscribing org.ywzj.vehicle.all.AllEvents$AllModEvents to MOD
[138月2026 18:52:17.522] [modloading-worker-0/DEBUG] [net.minecraftforge.fml.javafmlmod.AutomaticEventSubscriber/LOADING]: Auto-subscribing org.ywzj.vehicle.all.AllEvents$AllForgeEvents to FORGE
[138月2026 18:52:17.526] [modloading-worker-0/DEBUG] [mixin/]: Mixing SkillContainerMixin from invincible.mixins.json into yesman.epicfight.skill.SkillContainer
[138月2026 18:52:17.549] [modloading-worker-0/DEBUG] [net.minecraftforge.fml.javafmlmod.AutomaticEventSubscriber/LOADING]: Auto-subscribing org.ywzj.vehicle.all.AllConfigs to MOD
[138月2026 18:52:17.555] [modloading-worker-0/DEBUG] [net.minecraftforge.fml.javafmlmod.AutomaticEventSubscriber/LOADING]: Auto-subscribing com.hm.efn.skill.passive.ParryMasterPassive$AnimationHandler to FORGE
[138月2026 18:52:17.561] [modloading-worker-0/DEBUG] [net.minecraftforge.fml.javafmlmod.AutomaticEventSubscriber/LOADING]: Auto-subscribing com.hm.efn.skill.ExclusiveSkillHandler to FORGE
[138月2026 18:52:17.565] [modloading-worker-0/DEBUG] [net.minecraftforge.fml.javafmlmod.AutomaticEventSubscriber/LOADING]: Auto-subscribing com.hm.efn.registries.EFNLootModifier to MOD
[138月2026 18:52:17.565] [modloading-worker-0/DEBUG] [net.minecraftforge.fml.javafmlmod.AutomaticEventSubscriber/LOADING]: Auto-subscribing com.hm.efn.mobeffects.Yamato to FORGE
[138月2026 18:52:17.574] [modloading-worker-0/DEBUG] [net.minecraftforge.fml.javafmlmod.AutomaticEventSubscriber/LOADING]: Auto-subscribing com.hm.efn.mobeffects.VulnerabilityEffect to FORGE
[138月2026 18:52:17.577] [modloading-worker-0/DEBUG] [net.minecraftforge.fml.config.ConfigTracker/CONFIG]: Config file touhou_little_maid-common.toml for touhou_little_maid tracking
[138月2026 18:52:17.579] [modloading-worker-0/DEBUG] [net.minecraftforge.fml.config.ConfigTracker/CONFIG]: Config file touhou_little_maid-server.toml for touhou_little_maid tracking
[138月2026 18:52:17.581] [modloading-worker-0/INFO] [touhou_little_maid/]: common default pack init start...
[138月2026 18:52:17.581] [modloading-worker-0/DEBUG] [net.minecraftforge.fml.javafmlmod.AutomaticEventSubscriber/LOADING]: Auto-subscribing com.hm.efn.mobeffects.StaminaEnhance to FORGE
[138月2026 18:52:17.585] [modloading-worker-0/DEBUG] [net.minecraftforge.fml.javafmlmod.AutomaticEventSubscriber/LOADING]: Auto-subscribing com.hm.efn.mobeffects.SinStunImmunity to FORGE
[138月2026 18:52:17.590] [modloading-worker-0/DEBUG] [net.minecraftforge.fml.javafmlmod.AutomaticEventSubscriber/LOADING]: Auto-subscribing com.hm.efn.mobeffects.MeenLance to FORGE
[138月2026 18:52:17.598] [modloading-worker-0/DEBUG] [net.minecraftforge.fml.javafmlmod.AutomaticEventSubscriber/LOADING]: Auto-subscribing com.hm.efn.mobeffects.KnockBackResistanceEffect to FORGE
[138月2026 18:52:17.602] [modloading-worker-0/DEBUG] [net.minecraftforge.fml.javafmlmod.AutomaticEventSubscriber/LOADING]: Auto-subscribing com.hm.efn.mobeffects.InvincibilityEffect to FORGE
[138月2026 18:52:17.614] [modloading-worker-0/DEBUG] [net.minecraftforge.fml.javafmlmod.AutomaticEventSubscriber/LOADING]: Auto-subscribing com.hm.efn.mobeffects.HeavyRainStunEffect to FORGE
[138月2026 18:52:17.617] [modloading-worker-0/DEBUG] [net.minecraftforge.fml.javafmlmod.AutomaticEventSubscriber/LOADING]: Auto-subscribing com.hm.efn.mobeffects.GradualHeal$EffectEvents to FORGE
[138月2026 18:52:17.625] [modloading-worker-0/DEBUG] [net.minecraftforge.fml.javafmlmod.AutomaticEventSubscriber/LOADING]: Auto-subscribing com.hm.efn.mobeffects.FalchionBless to FORGE
[138月2026 18:52:17.629] [modloading-worker-0/DEBUG] [net.minecraftforge.fml.javafmlmod.AutomaticEventSubscriber/LOADING]: Auto-subscribing com.hm.efn.mobeffects.ClawEnhance to FORGE
[138月2026 18:52:17.637] [modloading-worker-0/DEBUG] [net.minecraftforge.fml.javafmlmod.AutomaticEventSubscriber/LOADING]: Auto-subscribing com.hm.efn.mobeffects.BloodlustEnhance to FORGE
[138月2026 18:52:17.645] [modloading-worker-0/DEBUG] [net.minecraftforge.fml.javafmlmod.AutomaticEventSubscriber/LOADING]: Auto-subscribing com.hm.efn.mobeffects.BattleContinuationEffect to FORGE
[138月2026 18:52:17.663] [modloading-worker-0/DEBUG] [net.minecraftforge.fml.javafmlmod.AutomaticEventSubscriber/LOADING]: Auto-subscribing com.hm.efn.item.custom.YamatoItem to FORGE
[138月2026 18:52:17.679] [modloading-worker-0/DEBUG] [net.minecraftforge.fml.javafmlmod.AutomaticEventSubscriber/LOADING]: Auto-subscribing com.hm.efn.item.custom.Meen_SpearItem to FORGE
[138月2026 18:52:17.681] [modloading-worker-0/DEBUG] [net.minecraftforge.fml.javafmlmod.AutomaticEventSubscriber/LOADING]: Auto-subscribing com.hm.efn.item.custom.HfMurasamaItem to FORGE
[138月2026 18:52:17.689] [modloading-worker-0/DEBUG] [net.minecraftforge.fml.javafmlmod.AutomaticEventSubscriber/LOADING]: Auto-subscribing com.hm.efn.item.custom.HfBladeItem to FORGE
[138月2026 18:52:17.696] [modloading-worker-0/DEBUG] [net.minecraftforge.fml.javafmlmod.AutomaticEventSubscriber/LOADING]: Auto-subscribing com.hm.efn.item.custom.BroadBladeItem to FORGE
[138月2026 18:52:17.698] [modloading-worker-0/DEBUG] [mixin/]: Mixing ArmaturesAccessor from efn.mixins.json into yesman.epicfight.gameasset.Armatures
[138月2026 18:52:17.699] [modloading-worker-0/DEBUG] [mixin/]: Renaming @Accessor method getEntityTypeArmatureMapper()Ljava/util/Map; to getEntityTypeArmatureMapper_$md$bc8035$0 in efn.mixins.json:ArmaturesAccessor
[138月2026 18:52:17.746] [modloading-worker-0/DEBUG] [net.minecraftforge.fml.javafmlmod.AutomaticEventSubscriber/LOADING]: Auto-subscribing com.hm.efn.gameasset.combos.Yamato to MOD
[138月2026 18:52:17.749] [modloading-worker-0/DEBUG] [net.minecraftforge.fml.javafmlmod.AutomaticEventSubscriber/LOADING]: Auto-subscribing com.hm.efn.gameasset.combos.Shortsword to MOD
[138月2026 18:52:17.751] [modloading-worker-0/DEBUG] [net.minecraftforge.fml.javafmlmod.AutomaticEventSubscriber/LOADING]: Auto-subscribing com.hm.efn.gameasset.combos.Ruinsgreatsword to MOD
[138月2026 18:52:17.754] [modloading-worker-0/DEBUG] [net.minecraftforge.fml.javafmlmod.AutomaticEventSubscriber/LOADING]: Auto-subscribing com.hm.efn.gameasset.combos.Pioneer to MOD
[138月2026 18:52:17.757] [modloading-worker-0/DEBUG] [net.minecraftforge.fml.javafmlmod.AutomaticEventSubscriber/LOADING]: Auto-subscribing com.hm.efn.gameasset.combos.Murasama to MOD
[138月2026 18:52:17.760] [modloading-worker-0/DEBUG] [net.minecraftforge.fml.javafmlmod.AutomaticEventSubscriber/LOADING]: Auto-subscribing com.hm.efn.gameasset.combos.Meenlance to MOD
[138月2026 18:52:17.764] [modloading-worker-0/DEBUG] [net.minecraftforge.fml.javafmlmod.AutomaticEventSubscriber/LOADING]: Auto-subscribing com.hm.efn.gameasset.combos.Kusabimaru_Enhance to MOD
[138月2026 18:52:17.767] [modloading-worker-0/DEBUG] [net.minecraftforge.fml.javafmlmod.AutomaticEventSubscriber/LOADING]: Auto-subscribing com.hm.efn.gameasset.combos.Kusabimaru to MOD
[138月2026 18:52:17.770] [modloading-worker-0/DEBUG] [net.minecraftforge.fml.javafmlmod.AutomaticEventSubscriber/LOADING]: Auto-subscribing com.hm.efn.gameasset.combos.HfBlade to MOD
[138月2026 18:52:17.773] [modloading-worker-0/DEBUG] [net.minecraftforge.fml.javafmlmod.AutomaticEventSubscriber/LOADING]: Auto-subscribing com.hm.efn.gameasset.combos.Exsiliumgladius to MOD
[138月2026 18:52:17.775] [modloading-worker-0/DEBUG] [net.minecraftforge.fml.javafmlmod.AutomaticEventSubscriber/LOADING]: Auto-subscribing com.hm.efn.gameasset.combos.ExampleCombo to MOD
[138月2026 18:52:17.779] [modloading-worker-0/DEBUG] [net.minecraftforge.fml.javafmlmod.AutomaticEventSubscriber/LOADING]: Auto-subscribing com.hm.efn.gameasset.combos.CrescentMoon to MOD
[138月2026 18:52:17.783] [modloading-worker-0/DEBUG] [net.minecraftforge.fml.javafmlmod.AutomaticEventSubscriber/LOADING]: Auto-subscribing com.hm.efn.gameasset.combos.BroadBlade to MOD
[138月2026 18:52:17.786] [modloading-worker-0/DEBUG] [net.minecraftforge.fml.javafmlmod.AutomaticEventSubscriber/LOADING]: Auto-subscribing com.hm.efn.gameasset.combos.Bloodlust to MOD
[138月2026 18:52:17.790] [modloading-worker-0/DEBUG] [net.minecraftforge.fml.javafmlmod.AutomaticEventSubscriber/LOADING]: Auto-subscribing com.hm.efn.gameasset.combos.Beastclaw to MOD
[138月2026 18:52:17.794] [modloading-worker-0/DEBUG] [net.minecraftforge.fml.javafmlmod.AutomaticEventSubscriber/LOADING]: Auto-subscribing com.hm.efn.gameasset.combos.Aetherialdusk to MOD
[138月2026 18:52:17.796] [modloading-worker-0/DEBUG] [net.minecraftforge.fml.javafmlmod.AutomaticEventSubscriber/LOADING]: Auto-subscribing com.hm.efn.gameasset.animations.EFNZansetsuAnimations_B to MOD
[138月2026 18:52:17.819] [modloading-worker-0/DEBUG] [mixin/]: Mixing EFAttackAnimationMixin from combat_evolution.mixins.json into yesman.epicfight.api.animation.types.AttackAnimation
[138月2026 18:52:17.836] [modloading-worker-0/DEBUG] [mixin/]: Mixing AttackAnimationMixin from annoyingvillagers.mixins.json into yesman.epicfight.api.animation.types.AttackAnimation
[138月2026 18:52:17.893] [modloading-worker-0/DEBUG] [mixin/]: Mixing ActionAnimationMixin from efn.mixins.json into yesman.epicfight.api.animation.types.ActionAnimation
[138月2026 18:52:17.915] [modloading-worker-0/DEBUG] [net.minecraftforge.fml.javafmlmod.AutomaticEventSubscriber/LOADING]: Auto-subscribing com.hm.efn.gameasset.animations.EFNZansetsuAnimations to MOD
[138月2026 18:52:17.920] [modloading-worker-0/DEBUG] [net.minecraftforge.fml.javafmlmod.AutomaticEventSubscriber/LOADING]: Auto-subscribing com.hm.efn.gameasset.animations.EFNYamatoAnimations to MOD
[138月2026 18:52:17.950] [modloading-worker-0/DEBUG] [net.minecraftforge.fml.javafmlmod.AutomaticEventSubscriber/LOADING]: Auto-subscribing com.hm.efn.gameasset.animations.EFNThornWheelAnimations to MOD
[138月2026 18:52:17.960] [modloading-worker-0/DEBUG] [mixin/]: Mixing OpenMatrix4fInvertFixMixin from annoyingvillagers.mixins.json into yesman.epicfight.api.utils.math.OpenMatrix4f
[138月2026 18:52:18.087] [modloading-worker-0/DEBUG] [net.minecraftforge.fml.javafmlmod.AutomaticEventSubscriber/LOADING]: Auto-subscribing com.hm.efn.gameasset.animations.EFNTachiAnimations to MOD
[138月2026 18:52:18.090] [modloading-worker-0/DEBUG] [net.minecraftforge.fml.javafmlmod.AutomaticEventSubscriber/LOADING]: Auto-subscribing com.hm.efn.gameasset.animations.EFNSwordAnimations to MOD
[138月2026 18:52:18.093] [modloading-worker-0/DEBUG] [net.minecraftforge.fml.javafmlmod.AutomaticEventSubscriber/LOADING]: Auto-subscribing com.hm.efn.gameasset.animations.EFNStunAnimations to MOD
[138月2026 18:52:18.095] [modloading-worker-0/DEBUG] [net.minecraftforge.fml.javafmlmod.AutomaticEventSubscriber/LOADING]: Auto-subscribing com.hm.efn.gameasset.animations.EFNSkillAnimations to MOD
[138月2026 18:52:18.101] [modloading-worker-0/DEBUG] [net.minecraftforge.fml.javafmlmod.AutomaticEventSubscriber/LOADING]: Auto-subscribing com.hm.efn.gameasset.animations.EFNShortSwordAnimations to MOD
[138月2026 18:52:18.104] [modloading-worker-0/DEBUG] [net.minecraftforge.fml.javafmlmod.AutomaticEventSubscriber/LOADING]: Auto-subscribing com.hm.efn.gameasset.animations.EFNSekiroAnimations to MOD
[138月2026 18:52:18.128] [modloading-worker-0/DEBUG] [net.minecraftforge.fml.config.ConfigTracker/CONFIG]: Config file annoyingvillagers-server.toml for annoyingvillagers tracking
[138月2026 18:52:18.133] [modloading-worker-0/DEBUG] [net.minecraftforge.fml.javafmlmod.AutomaticEventSubscriber/LOADING]: Auto-subscribing com.hm.efn.gameasset.animations.EFNScytheAnimations to MOD
[138月2026 18:52:18.137] [modloading-worker-0/DEBUG] [net.minecraftforge.fml.config.ConfigTracker/CONFIG]: Config file annoyingvillagers-spawns.toml for annoyingvillagers tracking
[138月2026 18:52:18.140] [modloading-worker-0/DEBUG] [net.minecraftforge.fml.javafmlmod.AutomaticEventSubscriber/LOADING]: Auto-subscribing com.hm.efn.gameasset.animations.EFNMurasamaAnimations to MOD
[138月2026 18:52:18.140] [modloading-worker-0/DEBUG] [net.minecraftforge.fml.javafmlmod.AutomaticEventSubscriber/LOADING]: Attempting to inject @EventBusSubscriber classes into the eventbus for annoyingvillagers
[138月2026 18:52:18.141] [modloading-worker-0/DEBUG] [net.minecraftforge.fml.javafmlmod.AutomaticEventSubscriber/LOADING]: Auto-subscribing com.pla.annoyingvillagers.task.TaskScheduler to FORGE
[138月2026 18:52:18.144] [modloading-worker-0/DEBUG] [net.minecraftforge.fml.javafmlmod.AutomaticEventSubscriber/LOADING]: Auto-subscribing com.pla.annoyingvillagers.network.ThrowingEnderPearlMessage to MOD
[138月2026 18:52:18.146] [modloading-worker-0/DEBUG] [net.minecraftforge.fml.javafmlmod.AutomaticEventSubscriber/LOADING]: Auto-subscribing com.pla.annoyingvillagers.network.SpecialAttackMessage to MOD
[138月2026 18:52:18.151] [modloading-worker-0/DEBUG] [net.minecraftforge.fml.javafmlmod.AutomaticEventSubscriber/LOADING]: Auto-subscribing com.pla.annoyingvillagers.item.HookGunItem$Events to FORGE
[138月2026 18:52:18.153] [modloading-worker-0/DEBUG] [net.minecraftforge.fml.javafmlmod.AutomaticEventSubscriber/LOADING]: Auto-subscribing com.pla.annoyingvillagers.init.AnnoyingVillagersModTrades to FORGE
[138月2026 18:52:18.156] [modloading-worker-0/DEBUG] [net.minecraftforge.fml.javafmlmod.AutomaticEventSubscriber/LOADING]: Auto-subscribing com.pla.annoyingvillagers.init.AnnoyingVillagersModEntities to MOD
[138月2026 18:52:18.159] [modloading-worker-0/DEBUG] [net.minecraftforge.fml.javafmlmod.AutomaticEventSubscriber/LOADING]: Auto-subscribing com.pla.annoyingvillagers.gameasset.AnimsYonchiChikito to MOD
[138月2026 18:52:18.163] [modloading-worker-0/DEBUG] [net.minecraftforge.fml.javafmlmod.AutomaticEventSubscriber/LOADING]: Auto-subscribing com.pla.annoyingvillagers.gameasset.AnimsWom to MOD
[138月2026 18:52:18.168] [modloading-worker-0/DEBUG] [net.minecraftforge.fml.javafmlmod.AutomaticEventSubscriber/LOADING]: Auto-subscribing com.hm.efn.gameasset.animations.EFNLanceAnimations to MOD
[138月2026 18:52:18.179] [modloading-worker-0/DEBUG] [net.minecraftforge.fml.javafmlmod.AutomaticEventSubscriber/LOADING]: Auto-subscribing com.pla.annoyingvillagers.gameasset.AnimsTacticalImbuements to MOD
[138月2026 18:52:18.180] [modloading-worker-0/DEBUG] [net.minecraftforge.fml.javafmlmod.AutomaticEventSubscriber/LOADING]: Auto-subscribing com.pla.annoyingvillagers.gameasset.AnimsSculkSteve to MOD
[138月2026 18:52:18.180] [modloading-worker-0/DEBUG] [net.minecraftforge.fml.javafmlmod.AutomaticEventSubscriber/LOADING]: Auto-subscribing com.hm.efn.gameasset.animations.EFNHfBladeAnimations to MOD
[138月2026 18:52:18.181] [modloading-worker-0/DEBUG] [net.minecraftforge.fml.javafmlmod.AutomaticEventSubscriber/LOADING]: Auto-subscribing com.pla.annoyingvillagers.gameasset.AnimsPugilistSteve to MOD
[138月2026 18:52:18.190] [modloading-worker-0/DEBUG] [net.minecraftforge.fml.javafmlmod.AutomaticEventSubscriber/LOADING]: Auto-subscribing com.pla.annoyingvillagers.gameasset.AnimsEpicFightValourGuard to MOD
[138月2026 18:52:18.191] [modloading-worker-0/DEBUG] [net.minecraftforge.fml.javafmlmod.AutomaticEventSubscriber/LOADING]: Auto-subscribing com.pla.annoyingvillagers.gameasset.AnimsEpicFightSanji to MOD
[138月2026 18:52:18.192] [modloading-worker-0/DEBUG] [net.minecraftforge.fml.javafmlmod.AutomaticEventSubscriber/LOADING]: Auto-subscribing com.pla.annoyingvillagers.gameasset.AnimsEpicFightIronSpell to MOD
[138月2026 18:52:18.194] [modloading-worker-0/DEBUG] [net.minecraftforge.fml.javafmlmod.AutomaticEventSubscriber/LOADING]: Auto-subscribing com.pla.annoyingvillagers.gameasset.AnimsEpicFightInfernalGainer to MOD
[138月2026 18:52:18.194] [modloading-worker-0/DEBUG] [net.minecraftforge.fml.javafmlmod.AutomaticEventSubscriber/LOADING]: Auto-subscribing com.hm.efn.gameasset.animations.EFNGreatSwordAnimations to MOD
[138月2026 18:52:18.195] [modloading-worker-0/DEBUG] [net.minecraftforge.fml.javafmlmod.AutomaticEventSubscriber/LOADING]: Auto-subscribing com.pla.annoyingvillagers.gameasset.AnimsEpicFightGuandao to MOD
[138月2026 18:52:18.196] [modloading-worker-0/DEBUG] [net.minecraftforge.fml.javafmlmod.AutomaticEventSubscriber/LOADING]: Auto-subscribing com.pla.annoyingvillagers.gameasset.AnimsEpicFightDualGreatsword to MOD
[138月2026 18:52:18.198] [modloading-worker-0/DEBUG] [net.minecraftforge.fml.javafmlmod.AutomaticEventSubscriber/LOADING]: Auto-subscribing com.hm.efn.gameasset.animations.EFNFalchionAnimations to MOD
[138月2026 18:52:18.198] [modloading-worker-0/DEBUG] [net.minecraftforge.fml.javafmlmod.AutomaticEventSubscriber/LOADING]: Auto-subscribing com.pla.annoyingvillagers.gameasset.AnimsEpicFightBattleArts to MOD
[138月2026 18:52:18.202] [modloading-worker-0/DEBUG] [net.minecraftforge.fml.javafmlmod.AutomaticEventSubscriber/LOADING]: Auto-subscribing com.pla.annoyingvillagers.gameasset.AnimsEpicFightAwaken to MOD
[138月2026 18:52:18.202] [modloading-worker-0/DEBUG] [net.minecraftforge.fml.javafmlmod.AutomaticEventSubscriber/LOADING]: Auto-subscribing com.hm.efn.gameasset.animations.EFNExsiliumgladiusAnimations to MOD
[138月2026 18:52:18.204] [modloading-worker-0/DEBUG] [net.minecraftforge.fml.javafmlmod.AutomaticEventSubscriber/LOADING]: Auto-subscribing com.hm.efn.gameasset.animations.EFNDualSwordAnimations to MOD
[138月2026 18:52:18.205] [modloading-worker-0/DEBUG] [net.minecraftforge.fml.javafmlmod.AutomaticEventSubscriber/LOADING]: Auto-subscribing com.pla.annoyingvillagers.gameasset.AnimsEpicFightACG to MOD
[138月2026 18:52:18.207] [modloading-worker-0/DEBUG] [net.minecraftforge.fml.javafmlmod.AutomaticEventSubscriber/LOADING]: Auto-subscribing com.hm.efn.gameasset.animations.EFNDodgeAnimations to MOD
[138月2026 18:52:18.208] [modloading-worker-0/DEBUG] [net.minecraftforge.fml.javafmlmod.AutomaticEventSubscriber/LOADING]: Auto-subscribing com.pla.annoyingvillagers.gameasset.AnimsEpicFight to MOD
[138月2026 18:52:18.209] [modloading-worker-0/DEBUG] [net.minecraftforge.fml.javafmlmod.AutomaticEventSubscriber/LOADING]: Auto-subscribing com.hm.efn.gameasset.animations.EFNClawAnimations_N to MOD
[138月2026 18:52:18.210] [modloading-worker-0/DEBUG] [net.minecraftforge.fml.javafmlmod.AutomaticEventSubscriber/LOADING]: Auto-subscribing com.pla.annoyingvillagers.gameasset.AVSkills to MOD
[138月2026 18:52:18.211] [modloading-worker-0/DEBUG] [net.minecraftforge.fml.javafmlmod.AutomaticEventSubscriber/LOADING]: Auto-subscribing com.hm.efn.gameasset.animations.EFNClawAnimations to MOD
[138月2026 18:52:18.212] [modloading-worker-0/DEBUG] [net.minecraftforge.fml.javafmlmod.AutomaticEventSubscriber/LOADING]: Auto-subscribing com.pla.annoyingvillagers.gameasset.AVAnimations to MOD
[138月2026 18:52:18.213] [modloading-worker-0/DEBUG] [net.minecraftforge.fml.javafmlmod.AutomaticEventSubscriber/LOADING]: Auto-subscribing com.hm.efn.gameasset.animations.EFNBroadBladeAnimations to MOD
[138月2026 18:52:18.215] [modloading-worker-0/DEBUG] [net.minecraftforge.fml.javafmlmod.AutomaticEventSubscriber/LOADING]: Auto-subscribing com.hm.efn.gameasset.ExampleWeaponCapabilityPresets to MOD
[138月2026 18:52:18.215] [modloading-worker-0/DEBUG] [net.minecraftforge.fml.javafmlmod.AutomaticEventSubscriber/LOADING]: Auto-subscribing com.pla.annoyingvillagers.event.WomFixEvent to FORGE
[138月2026 18:52:18.216] [modloading-worker-0/DEBUG] [net.minecraftforge.fml.javafmlmod.AutomaticEventSubscriber/LOADING]: Auto-subscribing com.pla.annoyingvillagers.event.VillagerHeadSetEvent to FORGE
[138月2026 18:52:18.216] [modloading-worker-0/DEBUG] [net.minecraftforge.fml.javafmlmod.AutomaticEventSubscriber/LOADING]: Auto-subscribing com.hm.efn.gameasset.EFNWeaponsGuardSkillCompat to MOD
[138月2026 18:52:18.219] [modloading-worker-0/DEBUG] [net.minecraftforge.fml.javafmlmod.AutomaticEventSubscriber/LOADING]: Auto-subscribing com.pla.annoyingvillagers.event.TotemUsingEvent to FORGE
[138月2026 18:52:18.221] [modloading-worker-0/DEBUG] [net.minecraftforge.fml.javafmlmod.AutomaticEventSubscriber/LOADING]: Auto-subscribing com.hm.efn.gameasset.EFNWeaponCapabilityPresets to MOD
[138月2026 18:52:18.222] [modloading-worker-0/DEBUG] [net.minecraftforge.fml.javafmlmod.AutomaticEventSubscriber/LOADING]: Auto-subscribing com.pla.annoyingvillagers.event.SnakeBladeCleanupEvent to FORGE
[138月2026 18:52:18.224] [modloading-worker-0/DEBUG] [net.minecraftforge.fml.javafmlmod.AutomaticEventSubscriber/LOADING]: Auto-subscribing com.pla.annoyingvillagers.event.SleepPreventEvent to FORGE
[138月2026 18:52:18.226] [modloading-worker-0/DEBUG] [net.minecraftforge.fml.javafmlmod.AutomaticEventSubscriber/LOADING]: Auto-subscribing com.pla.annoyingvillagers.event.RiseFromGroundEvent to FORGE
[138月2026 18:52:18.229] [modloading-worker-0/DEBUG] [net.minecraftforge.fml.javafmlmod.AutomaticEventSubscriber/LOADING]: Auto-subscribing com.pla.annoyingvillagers.event.PlayerNpcDeadEvent to FORGE
[138月2026 18:52:18.229] [modloading-worker-0/DEBUG] [net.minecraftforge.fml.javafmlmod.AutomaticEventSubscriber/LOADING]: Auto-subscribing com.hm.efn.gameasset.EFNSkills to MOD
[138月2026 18:52:18.230] [modloading-worker-0/DEBUG] [net.minecraftforge.fml.javafmlmod.AutomaticEventSubscriber/LOADING]: Auto-subscribing com.pla.annoyingvillagers.event.NullWeaponCleanupEvent to FORGE
[138月2026 18:52:18.232] [modloading-worker-0/DEBUG] [net.minecraftforge.fml.javafmlmod.AutomaticEventSubscriber/LOADING]: Auto-subscribing com.pla.annoyingvillagers.event.NpcGearLoadEvent to FORGE
[138月2026 18:52:18.232] [modloading-worker-0/DEBUG] [net.minecraftforge.fml.javafmlmod.AutomaticEventSubscriber/LOADING]: Auto-subscribing com.pla.annoyingvillagers.event.MonsterHealingEvent to FORGE
[138月2026 18:52:18.235] [modloading-worker-0/DEBUG] [net.minecraftforge.fml.javafmlmod.AutomaticEventSubscriber/LOADING]: Auto-subscribing com.pla.annoyingvillagers.event.MobTargetRedirectEvent to FORGE
[138月2026 18:52:18.236] [modloading-worker-0/DEBUG] [net.minecraftforge.fml.javafmlmod.AutomaticEventSubscriber/LOADING]: Auto-subscribing com.hm.efn.gameasset.EFNAnimations to MOD
[138月2026 18:52:18.238] [modloading-worker-0/DEBUG] [net.minecraftforge.fml.javafmlmod.AutomaticEventSubscriber/LOADING]: Auto-subscribing com.pla.annoyingvillagers.event.MobPlaceBlockEvent to FORGE
[138月2026 18:52:18.241] [modloading-worker-0/DEBUG] [net.minecraftforge.fml.javafmlmod.AutomaticEventSubscriber/LOADING]: Auto-subscribing com.pla.annoyingvillagers.event.KnockdownEvent to FORGE
[138月2026 18:52:18.243] [modloading-worker-0/DEBUG] [net.minecraftforge.fml.javafmlmod.AutomaticEventSubscriber/LOADING]: Auto-subscribing com.pla.annoyingvillagers.event.HookSwordEvent to FORGE
[138月2026 18:52:18.245] [modloading-worker-0/DEBUG] [net.minecraftforge.fml.javafmlmod.AutomaticEventSubscriber/LOADING]: Auto-subscribing com.pla.annoyingvillagers.event.HerobrineDragonDismountEvent to FORGE
[138月2026 18:52:18.245] [modloading-worker-0/DEBUG] [net.minecraftforge.fml.javafmlmod.AutomaticEventSubscriber/LOADING]: Auto-subscribing com.hm.efn.event.PlayerRandomFireworksServerEvent to FORGE
[138月2026 18:52:18.247] [modloading-worker-0/DEBUG] [net.minecraftforge.fml.javafmlmod.AutomaticEventSubscriber/LOADING]: Auto-subscribing com.pla.annoyingvillagers.event.FireworkUseEvent to FORGE
[138月2026 18:52:18.248] [modloading-worker-0/DEBUG] [net.minecraftforge.fml.javafmlmod.AutomaticEventSubscriber/LOADING]: Auto-subscribing com.pla.annoyingvillagers.event.ExplosionDamageEvent to FORGE
[138月2026 18:52:18.249] [modloading-worker-0/DEBUG] [net.minecraftforge.fml.javafmlmod.AutomaticEventSubscriber/LOADING]: Auto-subscribing com.hm.efn.event.EntityEvent to FORGE
[138月2026 18:52:18.250] [modloading-worker-0/DEBUG] [net.minecraftforge.fml.javafmlmod.AutomaticEventSubscriber/LOADING]: Auto-subscribing com.pla.annoyingvillagers.event.ExecuteEvent to MOD
[138月2026 18:52:18.252] [modloading-worker-0/DEBUG] [net.minecraftforge.fml.javafmlmod.AutomaticEventSubscriber/LOADING]: Auto-subscribing com.hm.efn.event.DuskFireArmorEffectListener to FORGE
[138月2026 18:52:18.253] [modloading-worker-0/DEBUG] [net.minecraftforge.fml.javafmlmod.AutomaticEventSubscriber/LOADING]: Auto-subscribing com.pla.annoyingvillagers.event.EnchantBedDeathEvent to FORGE
[138月2026 18:52:18.256] [modloading-worker-0/DEBUG] [net.minecraftforge.fml.javafmlmod.AutomaticEventSubscriber/LOADING]: Auto-subscribing com.hm.efn.event.BroadBladeEffectManager$CleanupHandler to FORGE
[138月2026 18:52:18.256] [modloading-worker-0/DEBUG] [net.minecraftforge.fml.javafmlmod.AutomaticEventSubscriber/LOADING]: Auto-subscribing com.pla.annoyingvillagers.event.BlueDemonTridentOnPlayerHandEvent to FORGE
[138月2026 18:52:18.258] [modloading-worker-0/DEBUG] [net.minecraftforge.fml.javafmlmod.AutomaticEventSubscriber/LOADING]: Auto-subscribing com.hm.efn.entity.EFNEntityHandler to MOD
[138月2026 18:52:18.260] [modloading-worker-0/DEBUG] [net.minecraftforge.fml.javafmlmod.AutomaticEventSubscriber/LOADING]: Auto-subscribing com.pla.annoyingvillagers.event.BlueDemonChestplateEvent to FORGE
[138月2026 18:52:18.262] [modloading-worker-0/DEBUG] [net.minecraftforge.fml.javafmlmod.AutomaticEventSubscriber/LOADING]: Auto-subscribing com.hm.efn.datagen.loot.EFNLootTables to FORGE
[138月2026 18:52:18.263] [modloading-worker-0/DEBUG] [net.minecraftforge.fml.javafmlmod.AutomaticEventSubscriber/LOADING]: Auto-subscribing com.pla.annoyingvillagers.event.AnimationDamageEvent to FORGE
[138月2026 18:52:18.264] [modloading-worker-0/DEBUG] [net.minecraftforge.fml.javafmlmod.AutomaticEventSubscriber/LOADING]: Auto-subscribing com.hm.efn.datagen.EFNDataGenerators to MOD
[138月2026 18:52:18.264] [modloading-worker-0/DEBUG] [net.minecraftforge.fml.javafmlmod.AutomaticEventSubscriber/LOADING]: Auto-subscribing com.pla.annoyingvillagers.event.AddStarterSkillEvent to FORGE
[138月2026 18:52:18.265] [modloading-worker-0/DEBUG] [net.minecraftforge.fml.javafmlmod.AutomaticEventSubscriber/LOADING]: Auto-subscribing com.hm.efn.data.DataEvents to MOD
[138月2026 18:52:18.267] [modloading-worker-0/DEBUG] [net.minecraftforge.fml.javafmlmod.AutomaticEventSubscriber/LOADING]: Auto-subscribing com.pla.annoyingvillagers.compat.p1nero_bow.AnimsP1neroEpicBow to MOD
[138月2026 18:52:18.267] [modloading-worker-0/DEBUG] [net.minecraftforge.fml.javafmlmod.AutomaticEventSubscriber/LOADING]: Auto-subscribing com.hm.efn.client.events.AddTriggerEvent to FORGE
[138月2026 18:52:18.270] [modloading-worker-0/DEBUG] [net.minecraftforge.fml.javafmlmod.AutomaticEventSubscriber/LOADING]: Auto-subscribing com.pla.annoyingvillagers.AnnoyingVillagers$initer to MOD
[138月2026 18:52:18.278] [modloading-worker-0/DEBUG] [net.minecraftforge.fml.javafmlmod.AutomaticEventSubscriber/LOADING]: Auto-subscribing com.hm.efn.client.command.EFNCommands to FORGE
[138月2026 18:52:18.279] [modloading-worker-0/DEBUG] [net.minecraftforge.fml.javafmlmod.AutomaticEventSubscriber/LOADING]: Auto-subscribing com.hm.efn.capability.OriginalSkillEvents to FORGE
[138月2026 18:52:18.283] [modloading-worker-0/DEBUG] [net.minecraftforge.fml.javafmlmod.AutomaticEventSubscriber/LOADING]: Auto-subscribing com.hm.efn.capability.OriginalSkillEvents$ModBusEvents to MOD
[138月2026 18:52:18.283] [modloading-worker-0/DEBUG] [net.minecraftforge.fml.javafmlmod.AutomaticEventSubscriber/LOADING]: Auto-subscribing com.hm.efn.EFNCommonConfig$EFNModLoadingContext to MOD
[138月2026 18:52:18.285] [modloading-worker-0/DEBUG] [net.minecraftforge.fml.javafmlmod.AutomaticEventSubscriber/LOADING]: Auto-subscribing com.hm.efn.EFNClientConfig$EFNClientModLoadingContext to MOD
[138月2026 18:52:21.182] [modloading-worker-0/INFO] [touhou_little_maid/]: common default pack init finished, cost time: 3598.018 ms
[138月2026 18:52:21.183] [modloading-worker-0/DEBUG] [net.minecraftforge.fml.javafmlmod.AutomaticEventSubscriber/LOADING]: Attempting to inject @EventBusSubscriber classes into the eventbus for touhou_little_maid
[138月2026 18:52:21.183] [modloading-worker-0/DEBUG] [net.minecraftforge.fml.javafmlmod.AutomaticEventSubscriber/LOADING]: Auto-subscribing com.github.tartaricacid.touhoulittlemaid.item.ItemSubstituteJizo to FORGE
[138月2026 18:52:21.184] [modloading-worker-0/DEBUG] [net.minecraftforge.fml.javafmlmod.AutomaticEventSubscriber/LOADING]: Auto-subscribing com.github.tartaricacid.touhoulittlemaid.init.registry.MobSpawnInfoRegistry to FORGE
[138月2026 18:52:21.186] [modloading-worker-0/DEBUG] [net.minecraftforge.fml.javafmlmod.AutomaticEventSubscriber/LOADING]: Auto-subscribing com.github.tartaricacid.touhoulittlemaid.init.registry.DatapackRegistry to FORGE
[138月2026 18:52:21.186] [modloading-worker-0/DEBUG] [net.minecraftforge.fml.javafmlmod.AutomaticEventSubscriber/LOADING]: Auto-subscribing com.github.tartaricacid.touhoulittlemaid.init.registry.CompatRegistry to MOD
[138月2026 18:52:21.187] [modloading-worker-0/DEBUG] [net.minecraftforge.fml.javafmlmod.AutomaticEventSubscriber/LOADING]: Auto-subscribing com.github.tartaricacid.touhoulittlemaid.init.registry.CommonRegistry to MOD
[138月2026 18:52:21.189] [modloading-worker-0/DEBUG] [net.minecraftforge.fml.javafmlmod.AutomaticEventSubscriber/LOADING]: Auto-subscribing com.github.tartaricacid.touhoulittlemaid.init.registry.CommandRegistry to FORGE
[138月2026 18:52:21.189] [modloading-worker-0/DEBUG] [net.minecraftforge.fml.javafmlmod.AutomaticEventSubscriber/LOADING]: Auto-subscribing com.github.tartaricacid.touhoulittlemaid.init.registry.CapabilityRegistry to MOD
[138月2026 18:52:21.192] [modloading-worker-0/DEBUG] [net.minecraftforge.fml.javafmlmod.AutomaticEventSubscriber/LOADING]: Auto-subscribing com.github.tartaricacid.touhoulittlemaid.init.InitRecipes to MOD
[138月2026 18:52:21.192] [modloading-worker-0/DEBUG] [net.minecraftforge.fml.javafmlmod.AutomaticEventSubscriber/LOADING]: Auto-subscribing com.github.tartaricacid.touhoulittlemaid.init.InitLootModifier to MOD
[138月2026 18:52:21.194] [modloading-worker-0/DEBUG] [net.minecraftforge.fml.javafmlmod.AutomaticEventSubscriber/LOADING]: Auto-subscribing com.github.tartaricacid.touhoulittlemaid.init.InitEntities to MOD
[138月2026 18:52:21.194] [modloading-worker-0/DEBUG] [net.minecraftforge.fml.javafmlmod.AutomaticEventSubscriber/LOADING]: Auto-subscribing com.github.tartaricacid.touhoulittlemaid.event.maid.UseNameTagEvent to FORGE
[138月2026 18:52:21.197] [modloading-worker-0/DEBUG] [net.minecraftforge.fml.javafmlmod.AutomaticEventSubscriber/LOADING]: Auto-subscribing com.github.tartaricacid.touhoulittlemaid.event.maid.UseFavorabilityToolEvent to FORGE
[138月2026 18:52:21.197] [modloading-worker-0/DEBUG] [net.minecraftforge.fml.javafmlmod.AutomaticEventSubscriber/LOADING]: Auto-subscribing com.github.tartaricacid.touhoulittlemaid.event.maid.SwitchSittingEvent to FORGE
[138月2026 18:52:21.198] [modloading-worker-0/DEBUG] [net.minecraftforge.fml.javafmlmod.AutomaticEventSubscriber/LOADING]: Auto-subscribing com.github.tartaricacid.touhoulittlemaid.event.maid.SlabClickEvent to FORGE
[138月2026 18:52:21.199] [modloading-worker-0/DEBUG] [net.minecraftforge.fml.javafmlmod.AutomaticEventSubscriber/LOADING]: Auto-subscribing com.github.tartaricacid.touhoulittlemaid.event.maid.SaddleMaidEvent to FORGE
[138月2026 18:52:21.200] [modloading-worker-0/DEBUG] [net.minecraftforge.fml.javafmlmod.AutomaticEventSubscriber/LOADING]: Auto-subscribing com.github.tartaricacid.touhoulittlemaid.event.maid.PotionItemUse to FORGE
[138月2026 18:52:21.202] [modloading-worker-0/DEBUG] [net.minecraftforge.fml.javafmlmod.AutomaticEventSubscriber/LOADING]: Auto-subscribing com.github.tartaricacid.touhoulittlemaid.event.maid.MaidMountEvent to FORGE
[138月2026 18:52:21.203] [modloading-worker-0/DEBUG] [net.minecraftforge.fml.javafmlmod.AutomaticEventSubscriber/LOADING]: Auto-subscribing com.github.tartaricacid.touhoulittlemaid.event.maid.MaidFarmlandTrample to FORGE
[138月2026 18:52:21.204] [modloading-worker-0/DEBUG] [net.minecraftforge.fml.javafmlmod.AutomaticEventSubscriber/LOADING]: Auto-subscribing com.github.tartaricacid.touhoulittlemaid.event.maid.MaidDropBaubleEvent to FORGE
[138月2026 18:52:21.207] [modloading-worker-0/DEBUG] [net.minecraftforge.fml.javafmlmod.AutomaticEventSubscriber/LOADING]: Auto-subscribing com.github.tartaricacid.touhoulittlemaid.event.maid.MaidDeathFavorability to FORGE
[138月2026 18:52:21.208] [modloading-worker-0/DEBUG] [net.minecraftforge.fml.javafmlmod.AutomaticEventSubscriber/LOADING]: Auto-subscribing com.github.tartaricacid.touhoulittlemaid.event.maid.MaidAreaClickEvent to FORGE
[138月2026 18:52:21.209] [modloading-worker-0/DEBUG] [net.minecraftforge.fml.javafmlmod.AutomaticEventSubscriber/LOADING]: Auto-subscribing com.github.tartaricacid.touhoulittlemaid.event.maid.HandleBackpackEvent to FORGE
[138月2026 18:52:21.212] [modloading-worker-0/DEBUG] [net.minecraftforge.fml.javafmlmod.AutomaticEventSubscriber/LOADING]: Auto-subscribing com.github.tartaricacid.touhoulittlemaid.event.maid.GetExpBottleEvent to FORGE
[138月2026 18:52:21.212] [modloading-worker-0/DEBUG] [net.minecraftforge.fml.javafmlmod.AutomaticEventSubscriber/LOADING]: Auto-subscribing com.github.tartaricacid.touhoulittlemaid.event.maid.DismountMaidEvent to FORGE
[138月2026 18:52:21.213] [modloading-worker-0/DEBUG] [net.minecraftforge.fml.javafmlmod.AutomaticEventSubscriber/LOADING]: Auto-subscribing com.github.tartaricacid.touhoulittlemaid.event.maid.ApplyPotionEffectEvent to FORGE
[138月2026 18:52:21.213] [modloading-worker-0/DEBUG] [net.minecraftforge.fml.javafmlmod.AutomaticEventSubscriber/LOADING]: Auto-subscribing com.github.tartaricacid.touhoulittlemaid.event.maid.ApplyGoldenAppleEvent to FORGE
[138月2026 18:52:21.215] [modloading-worker-0/DEBUG] [net.minecraftforge.fml.javafmlmod.AutomaticEventSubscriber/LOADING]: Auto-subscribing com.github.tartaricacid.touhoulittlemaid.event.food.DefaultEatenEvent to FORGE
[138月2026 18:52:21.218] [modloading-worker-0/DEBUG] [net.minecraftforge.fml.javafmlmod.AutomaticEventSubscriber/LOADING]: Auto-subscribing com.github.tartaricacid.touhoulittlemaid.event.food.BowlFoodEvent to FORGE
[138月2026 18:52:21.219] [modloading-worker-0/DEBUG] [net.minecraftforge.fml.javafmlmod.AutomaticEventSubscriber/LOADING]: Auto-subscribing com.github.tartaricacid.touhoulittlemaid.event.MaidTrackEvent to FORGE
[138月2026 18:52:21.220] [modloading-worker-0/DEBUG] [net.minecraftforge.fml.javafmlmod.AutomaticEventSubscriber/LOADING]: Auto-subscribing com.github.tartaricacid.touhoulittlemaid.event.MaidMealRegConfigEvent to MOD
[138月2026 18:52:21.222] [modloading-worker-0/DEBUG] [net.minecraftforge.fml.javafmlmod.AutomaticEventSubscriber/LOADING]: Auto-subscribing com.github.tartaricacid.touhoulittlemaid.event.MaidLivingEntityEvent to FORGE
[138月2026 18:52:21.223] [modloading-worker-0/DEBUG] [net.minecraftforge.fml.javafmlmod.AutomaticEventSubscriber/LOADING]: Auto-subscribing com.github.tartaricacid.touhoulittlemaid.event.InstallChairEvent to FORGE
[138月2026 18:52:21.226] [modloading-worker-0/DEBUG] [net.minecraftforge.fml.javafmlmod.AutomaticEventSubscriber/LOADING]: Auto-subscribing com.github.tartaricacid.touhoulittlemaid.event.EntityJoinWorldEvent to FORGE
[138月2026 18:52:21.228] [modloading-worker-0/DEBUG] [net.minecraftforge.fml.javafmlmod.AutomaticEventSubscriber/LOADING]: Auto-subscribing com.github.tartaricacid.touhoulittlemaid.event.EntityHurtEvent to FORGE
[138月2026 18:52:21.228] [modloading-worker-0/DEBUG] [net.minecraftforge.fml.javafmlmod.AutomaticEventSubscriber/LOADING]: Auto-subscribing com.github.tartaricacid.touhoulittlemaid.event.EntityDeathEvent to FORGE
[138月2026 18:52:21.229] [modloading-worker-0/DEBUG] [net.minecraftforge.fml.javafmlmod.AutomaticEventSubscriber/LOADING]: Auto-subscribing com.github.tartaricacid.touhoulittlemaid.event.EnterServerEvent to FORGE
[138月2026 18:52:21.232] [modloading-worker-0/DEBUG] [net.minecraftforge.fml.javafmlmod.AutomaticEventSubscriber/LOADING]: Auto-subscribing com.github.tartaricacid.touhoulittlemaid.event.CopyEntityIdEvent to FORGE
[138月2026 18:52:21.235] [modloading-worker-0/DEBUG] [net.minecraftforge.fml.javafmlmod.AutomaticEventSubscriber/LOADING]: Auto-subscribing com.github.tartaricacid.touhoulittlemaid.event.CapabilityEvent to FORGE
[138月2026 18:52:21.236] [modloading-worker-0/DEBUG] [net.minecraftforge.fml.javafmlmod.AutomaticEventSubscriber/LOADING]: Auto-subscribing com.github.tartaricacid.touhoulittlemaid.event.CancelSaddleMaidEvent to FORGE
[138月2026 18:52:21.238] [modloading-worker-0/DEBUG] [net.minecraftforge.fml.javafmlmod.AutomaticEventSubscriber/LOADING]: Auto-subscribing com.github.tartaricacid.touhoulittlemaid.entity.chatbubble.RandomEmoji to FORGE
[138月2026 18:52:21.239] [modloading-worker-0/DEBUG] [net.minecraftforge.fml.javafmlmod.AutomaticEventSubscriber/LOADING]: Auto-subscribing com.github.tartaricacid.touhoulittlemaid.debug.target.SendMaidDebugDataEvent to FORGE
[138月2026 18:52:21.241] [modloading-worker-0/DEBUG] [net.minecraftforge.fml.javafmlmod.AutomaticEventSubscriber/LOADING]: Auto-subscribing com.github.tartaricacid.touhoulittlemaid.debug.event.DebugStickClickEvent to FORGE
[138月2026 18:52:21.242] [modloading-worker-0/DEBUG] [net.minecraftforge.fml.javafmlmod.AutomaticEventSubscriber/LOADING]: Auto-subscribing com.github.tartaricacid.touhoulittlemaid.datagen.MaidDataGenerator to MOD
[138月2026 18:52:21.244] [modloading-worker-0/DEBUG] [net.minecraftforge.fml.javafmlmod.AutomaticEventSubscriber/LOADING]: Auto-subscribing com.github.tartaricacid.touhoulittlemaid.compat.domesticationinnovation.EnchantmentRefuse to FORGE
[138月2026 18:52:21.247] [main/DEBUG] [net.minecraftforge.fml.DeferredWorkQueue/LOADING]: Dispatching synchronous work for work queue CONSTRUCT: 10 jobs
[138月2026 18:52:21.249] [main/DEBUG] [epicfight/]: Loaded enums in class net.EFTLM.EF.Animation.EFTLM_LivingMotions
[138月2026 18:52:21.249] [main/DEBUG] [epicfight/]: Loaded enums in class yesman.epicfight.api.animation.LivingMotions
[138月2026 18:52:21.249] [main/DEBUG] [epicfight/]: All enums are loaded: living_motion [HUG, HUG_WALK, HUG_RUN, HUG_KNEEL, HUG_SNEAK, ALL, INACTION, IDLE, CONFRONT, ANGRY, FLOAT, WALK, RUN, SWIM, FLY, SNEAK, KNEEL, FALL, SIT, MOUNT, DEATH, CHASE, SPELLCAST, JUMP, CELEBRATE, LANDING_RECOVERY, CREATIVE_FLY, CREATIVE_IDLE, SLEEP, DIGGING, ADMIRE, CLIMB, DRINK, EAT, NONE, AIM, BLOCK, BLOCK_SHIELD, RELOAD, SHOT, SPECTATE]
[138月2026 18:52:21.250] [main/DEBUG] [epicfight/]: Loaded enums in class com.pla.efclash_blade.gameasset.EFClashBladeSkillCategories
[138月2026 18:52:21.250] [main/DEBUG] [epicfight/]: Loaded enums in class com.hm.efn.gameasset.EFNSkillCategories
[138月2026 18:52:21.250] [main/DEBUG] [epicfight/]: Loaded enums in class yesman.epicfight.skill.SkillCategories
[138月2026 18:52:21.250] [main/DEBUG] [epicfight/]: All enums are loaded: skill_category [CLASH_BLADE, EFN_ARTS, EFN_SEKIRO, EFN_ZANSETSU, JUDGMENTCUT_END, BASIC_ATTACK, DODGE, PASSIVE, WEAPON_PASSIVE, WEAPON_INNATE, GUARD, KNOCKDOWN_WAKEUP, MOVER, IDENTITY]
[138月2026 18:52:21.250] [main/DEBUG] [epicfight/]: Loaded enums in class com.pla.efclash_blade.gameasset.EFClashBladeSkillSlots
[138月2026 18:52:21.250] [main/DEBUG] [epicfight/]: Loaded enums in class com.hm.efn.gameasset.EFNSkillSlots
[138月2026 18:52:21.250] [main/DEBUG] [epicfight/]: Loaded enums in class yesman.epicfight.skill.SkillSlots
[138月2026 18:52:21.250] [main/DEBUG] [epicfight/]: All enums are loaded: skill_slot [CLASH_BLADE, EFN_ARTS, EFN_SEKIRO, EFN_ZANSETSU, JUDGMENTCUT_END, BASIC_ATTACK, DODGE, PASSIVE1, PASSIVE2, PASSIVE3, WEAPON_PASSIVE, WEAPON_INNATE, GUARD, KNOCKDOWN_WAKEUP, MOVER, IDENTITY]
[138月2026 18:52:21.251] [main/DEBUG] [epicfight/]: Loaded enums in class yesman.epicfight.world.capabilities.item.CapabilityItem$Styles
[138月2026 18:52:21.251] [main/DEBUG] [epicfight/]: All enums are loaded: style [COMMON, ONE_HAND, TWO_HAND, MOUNT, RANGED, SHEATH, OCHS]
[138月2026 18:52:21.251] [main/DEBUG] [epicfight/]: Loaded enums in class com.merlin204.avalon.epicfight.gameassets.AvalonCategories
[138月2026 18:52:21.251] [main/DEBUG] [epicfight/]: Loaded enums in class yesman.epicfight.world.capabilities.item.CapabilityItem$WeaponCategories
[138月2026 18:52:21.251] [main/DEBUG] [epicfight/]: All enums are loaded: weapon_category [ANIMATION_ITEM, NOT_WEAPON, AXE, FIST, GREATSWORD, HOE, PICKAXE, SHOVEL, SWORD, UCHIGATANA, SPEAR, TACHI, TRIDENT, LONGSWORD, DAGGER, SHIELD, CROSSBOW, BOW]
[138月2026 18:52:21.275] [main/DEBUG] [epicfight/]: Loaded enums in class yesman.epicfight.world.capabilities.entitypatch.Factions
[138月2026 18:52:21.275] [main/DEBUG] [epicfight/]: All enums are loaded: faction [NEUTRAL, UNDEAD, BLAZE, ENDERMAN, ILLAGER, PIGLINS, WITHER, VILLAGER, ZOMBIFIED_PIGLIN]
[138月2026 18:52:21.276] [main/DEBUG] [epicfight/]: Loaded enums in class yesman.epicfight.network.EntityPairingPacketTypes
[138月2026 18:52:21.276] [main/DEBUG] [epicfight/]: All enums are loaded: entity_pairing_packet_type [ADRENALINE_ACTIVATED, BONEBREAKER_BEGIN, BONEBREAKER_MAX_STACK, BONEBREAKER_CLEAR, STAMINA_PILLAGER_BODY_ASHES, EMERGENCY_ESCAPE_ACTIVATED, ENDERMAN_RAGE, FLASH_WHITE, PIGLIN_BABY_SPAWN, SET_BOSS_EVENT_OWNER, TECHNICIAN_ACTIVATED, TRIDENT_THROWN, VENGEANCE_OVERLAY, VENGEANCE_TARGET_CANCEL, ZOMBIE_SPAWN]
[138月2026 18:52:21.712] [main/DEBUG] [net.minecraftforge.fml.DeferredWorkQueue/LOADING]: Synchronous work queue completed in 462.7 ms
[138月2026 18:52:21.810] [main/DEBUG] [net.minecraftforge.common.capabilities.CapabilityManager/CAPABILITIES]: Attempting to automatically register: Lnet/minecraftforge/energy/IEnergyStorage;
[138月2026 18:52:21.811] [main/DEBUG] [net.minecraftforge.common.capabilities.CapabilityManager/CAPABILITIES]: Attempting to automatically register: Lnet/minecraftforge/fluids/capability/IFluidHandler;
[138月2026 18:52:21.811] [main/DEBUG] [net.minecraftforge.common.capabilities.CapabilityManager/CAPABILITIES]: Attempting to automatically register: Lnet/minecraftforge/fluids/capability/IFluidHandlerItem;
[138月2026 18:52:21.811] [main/DEBUG] [net.minecraftforge.common.capabilities.CapabilityManager/CAPABILITIES]: Attempting to automatically register: Lnet/minecraftforge/items/IItemHandler;
[138月2026 18:52:21.831] [main/DEBUG] [com.tterrag.registrate.AbstractRegistrate/REGISTRATE.REGISTER]: (player_mobs) Registering 3 known objects of type minecraft:sound_event
[138月2026 18:52:21.836] [main/DEBUG] [com.tterrag.registrate.AbstractRegistrate/REGISTRATE.REGISTER]: Registered player_mobs:player_mob.ambient to registry minecraft:sound_event
[138月2026 18:52:21.836] [main/DEBUG] [com.tterrag.registrate.AbstractRegistrate/REGISTRATE.REGISTER]: Registered player_mobs:player_mob.hurt to registry minecraft:sound_event
[138月2026 18:52:21.836] [main/DEBUG] [com.tterrag.registrate.AbstractRegistrate/REGISTRATE.REGISTER]: Registered player_mobs:player_mob.death to registry minecraft:sound_event
[138月2026 18:52:22.074] [main/DEBUG] [com.tterrag.registrate.AbstractRegistrate/REGISTRATE.REGISTER]: (player_mobs) Registering 1 known objects of type minecraft:item
[138月2026 18:52:22.076] [main/DEBUG] [com.tterrag.registrate.AbstractRegistrate/REGISTRATE.REGISTER]: Registered player_mobs:player_mob_spawn_egg to registry minecraft:item
[138月2026 18:52:22.099] [main/DEBUG] [software.bernie.geckolib.GeckoLib/]: Registered SyncedAnimatable for class com.hm.efn.item.geo.ExcaliburItem
[138月2026 18:52:22.330] [main/DEBUG] [com.tterrag.registrate.AbstractRegistrate/REGISTRATE.REGISTER]: (player_mobs) Registering 1 known objects of type minecraft:entity_type
[138月2026 18:52:22.338] [main/DEBUG] [com.tterrag.registrate.AbstractRegistrate/REGISTRATE.REGISTER]: Registered player_mobs:player_mob to registry minecraft:entity_type
[138月2026 18:52:22.586] [main/DEBUG] [mixin/]: Mixing BasicAttackMixin from annoyingvillagers.mixins.json into yesman.epicfight.skill.BasicAttack
[138月2026 18:52:22.596] [main/DEBUG] [mixin/]: Mixing GuardSkillInvoker from combat_evolution.mixins.json into yesman.epicfight.skill.guard.GuardSkill
[138月2026 18:52:22.596] [main/DEBUG] [mixin/]: Mixing GuardSkillMixin from combat_evolution.mixins.json into yesman.epicfight.skill.guard.GuardSkill
[138月2026 18:52:22.597] [main/DEBUG] [mixin/]: Mixing GuardSkillMixin from efn.mixins.json into yesman.epicfight.skill.guard.GuardSkill
[138月2026 18:52:22.597] [main/DEBUG] [mixin/]: Mixing GuardSkillMixin from annoyingvillagers.mixins.json into yesman.epicfight.skill.guard.GuardSkill
[138月2026 18:52:22.622] [main/DEBUG] [mixin/]: Mixing ImpactGuardSkillMixin from annoyingvillagers.mixins.json into yesman.epicfight.skill.guard.ImpactGuardSkill
[138月2026 18:52:23.144] [main/DEBUG] [mixin/]: Mixing ClashBladeMixin from annoyingvillagers.mixins.json into com.pla.efclash_blade.skill.ClashBladeSkill
[138月2026 18:52:23.292] [main/DEBUG] [mixin/]: Mixing AttributeInstanceMixin from ef_tlm.mixins.json into net.minecraft.world.entity.ai.attributes.AttributeInstance
[138月2026 18:52:23.336] [main/WARN] [net.minecraft.network.syncher.SynchedEntityData/]: defineId called for: class net.minecraft.world.entity.player.Player from class yesman.epicfight.world.capabilities.entitypatch.player.PlayerPatch
[138月2026 18:52:23.347] [main/WARN] [net.minecraft.network.syncher.SynchedEntityData/]: defineId called for: class net.minecraft.world.entity.TamableAnimal from class reascer.wom.world.entity.mob.EnderHand
[138月2026 18:52:23.347] [main/WARN] [net.minecraft.network.syncher.SynchedEntityData/]: defineId called for: class net.minecraft.world.entity.TamableAnimal from class reascer.wom.world.entity.mob.TargetingHelper
[138月2026 18:52:23.349] [main/DEBUG] [mixin/]: Mixing common.MixinDamageSources from mixins.epicfight.json into net.minecraft.world.damagesource.DamageSources
[138月2026 18:52:23.375] [main/DEBUG] [com.merlin204.avalon.main.AvalonMOD/]: 成功注册实体属性: epic_fight_avalon:animation_texture_vfx
[138月2026 18:52:23.375] [main/DEBUG] [com.merlin204.avalon.main.AvalonMOD/]: 成功注册实体属性: epic_fight_avalon:shake_wave
[138月2026 18:52:23.375] [main/DEBUG] [com.merlin204.avalon.main.AvalonMOD/]: 成功注册实体属性: epic_fight_avalon:vfx
[138月2026 18:52:23.412] [main/WARN] [net.minecraft.network.syncher.SynchedEntityData/]: defineId called for: class net.minecraft.world.entity.boss.wither.WitherBoss from class yesman.epicfight.world.capabilities.entitypatch.boss.WitherPatch
[138月2026 18:52:23.412] [main/WARN] [net.minecraft.network.syncher.SynchedEntityData/]: defineId called for: class net.minecraft.world.entity.boss.wither.WitherBoss from class yesman.epicfight.world.capabilities.entitypatch.boss.WitherPatch
[138月2026 18:52:23.413] [main/WARN] [net.minecraft.network.syncher.SynchedEntityData/]: defineId called for: class net.minecraft.world.entity.boss.wither.WitherBoss from class yesman.epicfight.world.capabilities.entitypatch.boss.WitherPatch
[138月2026 18:52:23.413] [main/WARN] [net.minecraft.network.syncher.SynchedEntityData/]: defineId called for: class net.minecraft.world.entity.boss.wither.WitherBoss from class yesman.epicfight.world.capabilities.entitypatch.boss.WitherPatch
[138月2026 18:52:23.413] [main/WARN] [net.minecraft.network.syncher.SynchedEntityData/]: defineId called for: class net.minecraft.world.entity.boss.wither.WitherBoss from class yesman.epicfight.world.capabilities.entitypatch.boss.WitherPatch
[138月2026 18:52:23.413] [main/WARN] [net.minecraft.network.syncher.SynchedEntityData/]: defineId called for: class net.minecraft.world.entity.boss.wither.WitherBoss from class yesman.epicfight.world.capabilities.entitypatch.boss.WitherPatch
[138月2026 18:52:23.413] [main/WARN] [net.minecraft.network.syncher.SynchedEntityData/]: defineId called for: class net.minecraft.world.entity.boss.wither.WitherBoss from class yesman.epicfight.world.capabilities.entitypatch.boss.WitherPatch
[138月2026 18:52:23.413] [main/WARN] [net.minecraft.network.syncher.SynchedEntityData/]: defineId called for: class net.minecraft.world.entity.boss.wither.WitherBoss from class yesman.epicfight.world.capabilities.entitypatch.boss.WitherPatch
[138月2026 18:52:23.413] [main/WARN] [net.minecraft.network.syncher.SynchedEntityData/]: defineId called for: class net.minecraft.world.entity.boss.wither.WitherBoss from class yesman.epicfight.world.capabilities.entitypatch.boss.WitherPatch
[138月2026 18:52:23.417] [main/WARN] [net.minecraft.network.syncher.SynchedEntityData/]: defineId called for: class com.github.tartaricacid.touhoulittlemaid.entity.passive.EntityMaid from class net.EFTLM.EF.Capability.MaidPatch
[138月2026 18:52:23.434] [main/DEBUG] [net.minecraftforge.fml.config.ConfigTracker/CONFIG]: Loading configs type COMMON
[138月2026 18:52:23.435] [main/DEBUG] [net.minecraftforge.fml.config.ConfigFileTypeHandler/CONFIG]: Built TOML config for E:\program\JAVA\touhou little maid - unknow sky area\prod_server\config\efclash_blade-server.toml
[138月2026 18:52:23.436] [main/DEBUG] [net.minecraftforge.fml.config.ConfigFileTypeHandler/CONFIG]: Loaded TOML config file E:\program\JAVA\touhou little maid - unknow sky area\prod_server\config\efclash_blade-server.toml
[138月2026 18:52:23.443] [main/DEBUG] [net.minecraftforge.fml.config.ConfigFileTypeHandler/CONFIG]: Watching TOML config file E:\program\JAVA\touhou little maid - unknow sky area\prod_server\config\efclash_blade-server.toml for changes
[138月2026 18:52:23.444] [main/DEBUG] [net.minecraftforge.fml.config.ConfigFileTypeHandler/CONFIG]: Built TOML config for E:\program\JAVA\touhou little maid - unknow sky area\prod_server\config\player_mobs-common.toml
[138月2026 18:52:23.445] [main/DEBUG] [net.minecraftforge.fml.config.ConfigFileTypeHandler/CONFIG]: Loaded TOML config file E:\program\JAVA\touhou little maid - unknow sky area\prod_server\config\player_mobs-common.toml
[138月2026 18:52:23.447] [main/DEBUG] [net.minecraftforge.fml.config.ConfigFileTypeHandler/CONFIG]: Watching TOML config file E:\program\JAVA\touhou little maid - unknow sky area\prod_server\config\player_mobs-common.toml for changes
[138月2026 18:52:23.452] [main/DEBUG] [net.minecraftforge.fml.config.ConfigFileTypeHandler/CONFIG]: Built TOML config for E:\program\JAVA\touhou little maid - unknow sky area\prod_server\config\combat_evolution-common.toml
[138月2026 18:52:23.454] [main/DEBUG] [net.minecraftforge.fml.config.ConfigFileTypeHandler/CONFIG]: Loaded TOML config file E:\program\JAVA\touhou little maid - unknow sky area\prod_server\config\combat_evolution-common.toml
[138月2026 18:52:23.455] [main/DEBUG] [net.minecraftforge.fml.config.ConfigFileTypeHandler/CONFIG]: Watching TOML config file E:\program\JAVA\touhou little maid - unknow sky area\prod_server\config\combat_evolution-common.toml for changes
[138月2026 18:52:23.455] [Thread-1/DEBUG] [net.minecraftforge.fml.config.ConfigFileTypeHandler/CONFIG]: Config file player_mobs-common.toml changed, sending notifies
[138月2026 18:52:23.457] [main/DEBUG] [net.minecraftforge.fml.config.ConfigFileTypeHandler/CONFIG]: Built TOML config for E:\program\JAVA\touhou little maid - unknow sky area\prod_server\config\ywzj_vehicle-common.toml
[138月2026 18:52:23.459] [main/DEBUG] [net.minecraftforge.fml.config.ConfigFileTypeHandler/CONFIG]: Loaded TOML config file E:\program\JAVA\touhou little maid - unknow sky area\prod_server\config\ywzj_vehicle-common.toml
[138月2026 18:52:23.459] [main/DEBUG] [net.minecraftforge.fml.config.ConfigFileTypeHandler/CONFIG]: Watching TOML config file E:\program\JAVA\touhou little maid - unknow sky area\prod_server\config\ywzj_vehicle-common.toml for changes
[138月2026 18:52:23.461] [main/DEBUG] [net.minecraftforge.fml.config.ConfigFileTypeHandler/CONFIG]: Built TOML config for E:\program\JAVA\touhou little maid - unknow sky area\prod_server\config\invincible-common.toml
[138月2026 18:52:23.463] [main/DEBUG] [net.minecraftforge.fml.config.ConfigFileTypeHandler/CONFIG]: Loaded TOML config file E:\program\JAVA\touhou little maid - unknow sky area\prod_server\config\invincible-common.toml
[138月2026 18:52:23.463] [main/DEBUG] [net.minecraftforge.fml.config.ConfigFileTypeHandler/CONFIG]: Watching TOML config file E:\program\JAVA\touhou little maid - unknow sky area\prod_server\config\invincible-common.toml for changes
[138月2026 18:52:23.465] [main/DEBUG] [net.minecraftforge.fml.config.ConfigFileTypeHandler/CONFIG]: Built TOML config for E:\program\JAVA\touhou little maid - unknow sky area\prod_server\config\epicfight-common.toml
[138月2026 18:52:23.467] [main/DEBUG] [net.minecraftforge.fml.config.ConfigFileTypeHandler/CONFIG]: Loaded TOML config file E:\program\JAVA\touhou little maid - unknow sky area\prod_server\config\epicfight-common.toml
[138月2026 18:52:23.468] [main/DEBUG] [net.minecraftforge.fml.config.ConfigFileTypeHandler/CONFIG]: Watching TOML config file E:\program\JAVA\touhou little maid - unknow sky area\prod_server\config\epicfight-common.toml for changes
[138月2026 18:52:23.470] [main/DEBUG] [net.minecraftforge.fml.config.ConfigFileTypeHandler/CONFIG]: Built TOML config for E:\program\JAVA\touhou little maid - unknow sky area\prod_server\config\efn-common.toml
[138月2026 18:52:23.471] [main/DEBUG] [net.minecraftforge.fml.config.ConfigFileTypeHandler/CONFIG]: Loaded TOML config file E:\program\JAVA\touhou little maid - unknow sky area\prod_server\config\efn-common.toml
[138月2026 18:52:23.472] [main/DEBUG] [net.minecraftforge.fml.config.ConfigFileTypeHandler/CONFIG]: Watching TOML config file E:\program\JAVA\touhou little maid - unknow sky area\prod_server\config\efn-common.toml for changes
[138月2026 18:52:23.476] [main/DEBUG] [net.minecraftforge.fml.config.ConfigFileTypeHandler/CONFIG]: Built TOML config for E:\program\JAVA\touhou little maid - unknow sky area\prod_server\config\touhou_little_maid-common.toml
[138月2026 18:52:23.478] [main/DEBUG] [net.minecraftforge.fml.config.ConfigFileTypeHandler/CONFIG]: Loaded TOML config file E:\program\JAVA\touhou little maid - unknow sky area\prod_server\config\touhou_little_maid-common.toml
[138月2026 18:52:23.478] [main/DEBUG] [net.minecraftforge.fml.config.ConfigFileTypeHandler/CONFIG]: Watching TOML config file E:\program\JAVA\touhou little maid - unknow sky area\prod_server\config\touhou_little_maid-common.toml for changes
[138月2026 18:52:23.480] [Thread-1/DEBUG] [net.minecraftforge.fml.config.ConfigFileTypeHandler/CONFIG]: Config file efn-common.toml changed, sending notifies
[138月2026 18:52:23.481] [main/DEBUG] [net.minecraftforge.fml.config.ConfigFileTypeHandler/CONFIG]: Built TOML config for E:\program\JAVA\touhou little maid - unknow sky area\prod_server\config\annoyingvillagers-server.toml
[138月2026 18:52:23.484] [main/DEBUG] [net.minecraftforge.fml.config.ConfigFileTypeHandler/CONFIG]: Loaded TOML config file E:\program\JAVA\touhou little maid - unknow sky area\prod_server\config\annoyingvillagers-server.toml
[138月2026 18:52:23.484] [Thread-1/DEBUG] [net.minecraftforge.fml.config.ConfigFileTypeHandler/CONFIG]: Config file touhou_little_maid-common.toml changed, sending notifies
[138月2026 18:52:23.485] [main/DEBUG] [net.minecraftforge.fml.config.ConfigFileTypeHandler/CONFIG]: Watching TOML config file E:\program\JAVA\touhou little maid - unknow sky area\prod_server\config\annoyingvillagers-server.toml for changes
[138月2026 18:52:23.487] [main/DEBUG] [net.minecraftforge.fml.config.ConfigFileTypeHandler/CONFIG]: Built TOML config for E:\program\JAVA\touhou little maid - unknow sky area\prod_server\config\annoyingvillagers-spawns.toml
[138月2026 18:52:23.489] [main/DEBUG] [net.minecraftforge.fml.config.ConfigFileTypeHandler/CONFIG]: Loaded TOML config file E:\program\JAVA\touhou little maid - unknow sky area\prod_server\config\annoyingvillagers-spawns.toml
[138月2026 18:52:23.489] [main/DEBUG] [net.minecraftforge.fml.config.ConfigFileTypeHandler/CONFIG]: Watching TOML config file E:\program\JAVA\touhou little maid - unknow sky area\prod_server\config\annoyingvillagers-spawns.toml for changes
[138月2026 18:52:23.490] [Thread-1/DEBUG] [net.minecraftforge.fml.config.ConfigFileTypeHandler/CONFIG]: Config file annoyingvillagers-server.toml changed, sending notifies
[138月2026 18:52:23.494] [Thread-1/DEBUG] [net.minecraftforge.fml.config.ConfigFileTypeHandler/CONFIG]: Config file annoyingvillagers-spawns.toml changed, sending notifies
[138月2026 18:52:23.513] [modloading-worker-0/DEBUG] [mixin/]: Mixing EntityPatchProviderAccessor from invincible.mixins.json into yesman.epicfight.world.capabilities.provider.EntityPatchProvider
[138月2026 18:52:23.514] [modloading-worker-0/DEBUG] [mixin/]: Renaming @Accessor method getCapabilities()Ljava/util/Map; to getCapabilities_$md$bc8035$0 in invincible.mixins.json:EntityPatchProviderAccessor
[138月2026 18:52:23.515] [modloading-worker-0/DEBUG] [mixin/]: Renaming @Accessor method getCustomCapabilities()Ljava/util/Map; to getCustomCapabilities_$md$bc8035$1 in invincible.mixins.json:EntityPatchProviderAccessor
[138月2026 18:52:23.588] [main/DEBUG] [net.minecraftforge.fml.DeferredWorkQueue/LOADING]: Dispatching synchronous work for work queue COMMON_SETUP: 23 jobs
[138月2026 18:52:23.609] [main/DEBUG] [touhou_little_maid/ServerCustomPackLoader]: Touhou little maid mod's model is loading...
[138月2026 18:52:23.622] [main/DEBUG] [touhou_little_maid/ServerCustomPackLoader]: Loaded model info: authors_and_credits:wine_fox_maid
[138月2026 18:52:23.622] [main/DEBUG] [touhou_little_maid/ServerCustomPackLoader]: Loaded model info: authors_and_credits:wine_fox_taisho
[138月2026 18:52:23.622] [main/DEBUG] [touhou_little_maid/ServerCustomPackLoader]: Loaded model info: authors_and_credits:sazuki
[138月2026 18:52:23.622] [main/DEBUG] [touhou_little_maid/ServerCustomPackLoader]: Loaded model info: authors_and_credits:pajinyi
[138月2026 18:52:23.622] [main/DEBUG] [touhou_little_maid/ServerCustomPackLoader]: Loaded model info: authors_and_credits:fledge
[138月2026 18:52:23.622] [main/DEBUG] [touhou_little_maid/ServerCustomPackLoader]: Loaded model info: authors_and_credits:clocklalier
[138月2026 18:52:23.622] [main/DEBUG] [touhou_little_maid/ServerCustomPackLoader]: Loaded model info: authors_and_credits:cyra
[138月2026 18:52:23.622] [main/DEBUG] [touhou_little_maid/ServerCustomPackLoader]: Loaded model info: authors_and_credits:cyra_b2eb6fe570df68d353aa9d07b127b902
[138月2026 18:52:23.622] [main/DEBUG] [touhou_little_maid/ServerCustomPackLoader]: Loaded model info: authors_and_credits:cyra_pow_wow
[138月2026 18:52:23.622] [main/DEBUG] [touhou_little_maid/ServerCustomPackLoader]: Loaded model info: authors_and_credits:mory_chan
[138月2026 18:52:23.622] [main/DEBUG] [touhou_little_maid/ServerCustomPackLoader]: Loaded model info: authors_and_credits:flower_candy
[138月2026 18:52:23.622] [main/DEBUG] [touhou_little_maid/ServerCustomPackLoader]: Touhou little maid mod's model is loaded
[138月2026 18:52:23.622] [main/DEBUG] [touhou_little_maid/ServerCustomPackLoader]: Touhou little maid mod's model is loading...
[138月2026 18:52:23.622] [main/DEBUG] [touhou_little_maid/ServerCustomPackLoader]: Touhou little maid mod's model is loading...
[138月2026 18:52:23.626] [main/DEBUG] [touhou_little_maid/ServerCustomPackLoader]: Loaded model info: geckolib:winefox
[138月2026 18:52:23.626] [main/DEBUG] [touhou_little_maid/ServerCustomPackLoader]: Loaded model info: geckolib:winefox_blue
[138月2026 18:52:23.626] [main/DEBUG] [touhou_little_maid/ServerCustomPackLoader]: Loaded model info: geckolib:winefox_nine_tailed
[138月2026 18:52:23.626] [main/DEBUG] [touhou_little_maid/ServerCustomPackLoader]: Loaded model info: geckolib:winefox_nine_tailed_f609258f13252f11c3f44051b51f93c4
[138月2026 18:52:23.626] [main/DEBUG] [touhou_little_maid/ServerCustomPackLoader]: Loaded model info: geckolib:winefox_hanfu
[138月2026 18:52:23.626] [main/DEBUG] [touhou_little_maid/ServerCustomPackLoader]: Loaded model info: geckolib:winefox_new_year
[138月2026 18:52:23.626] [main/DEBUG] [touhou_little_maid/ServerCustomPackLoader]: Loaded model info: geckolib:winefox_jk
[138月2026 18:52:23.626] [main/DEBUG] [touhou_little_maid/ServerCustomPackLoader]: Loaded model info: geckolib:winefox_astronaut
[138月2026 18:52:23.626] [main/DEBUG] [touhou_little_maid/ServerCustomPackLoader]: Loaded model info: geckolib:winefox_kongfu
[138月2026 18:52:23.626] [main/DEBUG] [touhou_little_maid/ServerCustomPackLoader]: Loaded model info: geckolib:winefox_kongfu_163d46bab6d00d2e2910d32b83c7de53
[138月2026 18:52:23.626] [main/DEBUG] [touhou_little_maid/ServerCustomPackLoader]: Loaded model info: geckolib:winefox_kongfu_9dcb55de5689ffa419d9009d3eb82cac
[138月2026 18:52:23.626] [main/DEBUG] [touhou_little_maid/ServerCustomPackLoader]: Loaded model info: geckolib:winefox_kongfu_a4dbe4e83a24193e1005a40204c415ac
[138月2026 18:52:23.626] [main/DEBUG] [touhou_little_maid/ServerCustomPackLoader]: Loaded model info: geckolib:winefox_kongfu_538780bcc09da2d92795797b65aefe87
[138月2026 18:52:23.626] [main/DEBUG] [touhou_little_maid/ServerCustomPackLoader]: Loaded model info: geckolib:winefox_kongfu_15030e12f688c8163573af95dc4c6728
[138月2026 18:52:23.626] [main/DEBUG] [touhou_little_maid/ServerCustomPackLoader]: Loaded model info: geckolib:winefox_magical
[138月2026 18:52:23.626] [main/DEBUG] [touhou_little_maid/ServerCustomPackLoader]: Loaded model info: geckolib:winefox_magical_a12dc19190c076d8d24aff8714515c8e
[138月2026 18:52:23.626] [main/DEBUG] [touhou_little_maid/ServerCustomPackLoader]: Loaded model info: geckolib:winefox_magical_b073380075f0d30ea8bbcde8566f825e
[138月2026 18:52:23.626] [main/DEBUG] [touhou_little_maid/ServerCustomPackLoader]: Loaded model info: geckolib:winefox_magical_3b7aba412b5ededbab0780e258207bf0
[138月2026 18:52:23.626] [main/DEBUG] [touhou_little_maid/ServerCustomPackLoader]: Loaded model info: geckolib:winefox_magical_38ffa7d8d6f062b86c6bf88ac47a4c73
[138月2026 18:52:23.626] [main/DEBUG] [touhou_little_maid/ServerCustomPackLoader]: Loaded model info: geckolib:winefox_magical_7952f4718991f317b2f11926a90cbd10
[138月2026 18:52:23.626] [main/DEBUG] [touhou_little_maid/ServerCustomPackLoader]: Loaded model info: geckolib:winefox_saint
[138月2026 18:52:23.626] [main/DEBUG] [touhou_little_maid/ServerCustomPackLoader]: Loaded model info: geckolib:winefox_saint_c4f14815c46c13e6eb3d82ba88ed2f96
[138月2026 18:52:23.626] [main/DEBUG] [touhou_little_maid/ServerCustomPackLoader]: Loaded model info: geckolib:winefox_elf
[138月2026 18:52:23.626] [main/DEBUG] [touhou_little_maid/ServerCustomPackLoader]: Loaded model info: geckolib:winefox_salesperson
[138月2026 18:52:23.626] [main/DEBUG] [touhou_little_maid/ServerCustomPackLoader]: Loaded model info: geckolib:winefox_salesperson_84961723c2751ef4c6b9a0f8596f95cc
[138月2026 18:52:23.626] [main/DEBUG] [touhou_little_maid/ServerCustomPackLoader]: Loaded model info: geckolib:winefox_little
[138月2026 18:52:23.626] [main/DEBUG] [touhou_little_maid/ServerCustomPackLoader]: Loaded model info: geckolib:winefox_matured
[138月2026 18:52:23.626] [main/DEBUG] [touhou_little_maid/ServerCustomPackLoader]: Loaded model info: geckolib:winefox_momo
[138月2026 18:52:23.626] [main/DEBUG] [touhou_little_maid/ServerCustomPackLoader]: Loaded model info: geckolib:winefox_momo_897c13175aa632e673b32ed45ffd4961
[138月2026 18:52:23.626] [main/DEBUG] [touhou_little_maid/ServerCustomPackLoader]: Loaded model info: geckolib:winefox_wedding
[138月2026 18:52:23.626] [main/DEBUG] [touhou_little_maid/ServerCustomPackLoader]: Loaded model info: geckolib:winefox_tactics
[138月2026 18:52:23.626] [main/DEBUG] [touhou_little_maid/ServerCustomPackLoader]: Loaded model info: geckolib:winefox_mini
[138月2026 18:52:23.626] [main/DEBUG] [touhou_little_maid/ServerCustomPackLoader]: Loaded model info: geckolib:winefox_survivor
[138月2026 18:52:23.626] [main/DEBUG] [touhou_little_maid/ServerCustomPackLoader]: Loaded model info: geckolib:sta
[138月2026 18:52:23.626] [main/DEBUG] [touhou_little_maid/ServerCustomPackLoader]: Loaded model info: geckolib:zhiban
[138月2026 18:52:23.626] [main/DEBUG] [touhou_little_maid/ServerCustomPackLoader]: Loaded model info: geckolib:zhiban_hanfu
[138月2026 18:52:23.626] [main/DEBUG] [touhou_little_maid/ServerCustomPackLoader]: Loaded model info: geckolib:zhiban_new_year
[138月2026 18:52:23.626] [main/DEBUG] [touhou_little_maid/ServerCustomPackLoader]: Loaded model info: geckolib:hailuo_new_year
[138月2026 18:52:23.626] [main/DEBUG] [touhou_little_maid/ServerCustomPackLoader]: Loaded model info: geckolib:kluonoa
[138月2026 18:52:23.626] [main/DEBUG] [touhou_little_maid/ServerCustomPackLoader]: Loaded model info: geckolib:foxmaid
[138月2026 18:52:23.626] [main/DEBUG] [touhou_little_maid/ServerCustomPackLoader]: Loaded model info: geckolib:rice_cake_fox
[138月2026 18:52:23.626] [main/DEBUG] [touhou_little_maid/ServerCustomPackLoader]: Touhou little maid mod's model is loaded
[138月2026 18:52:23.749] [Forge Version Check/INFO] [net.minecraftforge.fml.VersionChecker/]: [player_mobs] Starting version check at https://raw.githubusercontent.com/GoryMoon/PlayerMobs/update/versions.json
[138月2026 18:52:23.766] [main/DEBUG] [touhou_little_maid/ServerCustomPackLoader]: Touhou little maid mod's model is loading...
[138月2026 18:52:23.769] [main/DEBUG] [touhou_little_maid/ServerCustomPackLoader]: Loaded model info: geckolib:qingluka
[138月2026 18:52:23.770] [main/DEBUG] [touhou_little_maid/ServerCustomPackLoader]: Touhou little maid mod's model is loaded
[138月2026 18:52:23.770] [main/DEBUG] [touhou_little_maid/ServerCustomPackLoader]: Touhou little maid mod's model is loading...
[138月2026 18:52:23.770] [main/DEBUG] [touhou_little_maid/ServerCustomPackLoader]: Touhou little maid mod's model is loading...
[138月2026 18:52:23.770] [main/DEBUG] [touhou_little_maid/ServerCustomPackLoader]: Touhou little maid mod's model is loading...
[138月2026 18:52:23.772] [main/DEBUG] [touhou_little_maid/ServerCustomPackLoader]: Loaded model info: minecraft_15th:alex
[138月2026 18:52:23.772] [main/DEBUG] [touhou_little_maid/ServerCustomPackLoader]: Loaded model info: minecraft_15th:rana
[138月2026 18:52:23.772] [main/DEBUG] [touhou_little_maid/ServerCustomPackLoader]: Loaded model info: minecraft_15th:natalie
[138月2026 18:52:23.772] [main/DEBUG] [touhou_little_maid/ServerCustomPackLoader]: Loaded model info: minecraft_15th:dawn
[138月2026 18:52:23.772] [main/DEBUG] [touhou_little_maid/ServerCustomPackLoader]: Touhou little maid mod's model is loaded
[138月2026 18:52:23.772] [main/DEBUG] [touhou_little_maid/ServerCustomPackLoader]: Touhou little maid mod's model is loading...
[138月2026 18:52:23.772] [main/DEBUG] [touhou_little_maid/ServerCustomPackLoader]: Touhou little maid mod's model is loading...
[138月2026 18:52:23.772] [main/DEBUG] [touhou_little_maid/ServerCustomPackLoader]: Touhou little maid mod's model is loading...
[138月2026 18:52:23.773] [main/DEBUG] [touhou_little_maid/ServerCustomPackLoader]: Loaded model info: next_update_model:stage
[138月2026 18:52:23.773] [main/DEBUG] [touhou_little_maid/ServerCustomPackLoader]: Loaded model info: next_update_model:japanese_lottery_machine
[138月2026 18:52:23.773] [main/DEBUG] [touhou_little_maid/ServerCustomPackLoader]: Loaded model info: next_update_model:fishpond
[138月2026 18:52:23.773] [main/DEBUG] [touhou_little_maid/ServerCustomPackLoader]: Loaded model info: next_update_model:mine
[138月2026 18:52:23.773] [main/DEBUG] [touhou_little_maid/ServerCustomPackLoader]: Loaded model info: next_update_model:logging_hut
[138月2026 18:52:23.773] [main/DEBUG] [touhou_little_maid/ServerCustomPackLoader]: Loaded model info: next_update_model:kitchen
[138月2026 18:52:23.775] [main/DEBUG] [touhou_little_maid/ServerCustomPackLoader]: Loaded model info: next_update_model:dining_table_default
[138月2026 18:52:23.775] [main/DEBUG] [touhou_little_maid/ServerCustomPackLoader]: Loaded model info: next_update_model:dining_table_spring
[138月2026 18:52:23.775] [main/DEBUG] [touhou_little_maid/ServerCustomPackLoader]: Loaded model info: next_update_model:dining_table_summer
[138月2026 18:52:23.775] [main/DEBUG] [touhou_little_maid/ServerCustomPackLoader]: Loaded model info: next_update_model:dining_table_autumn
[138月2026 18:52:23.775] [main/DEBUG] [touhou_little_maid/ServerCustomPackLoader]: Loaded model info: next_update_model:dining_table_winter
[138月2026 18:52:23.775] [main/DEBUG] [touhou_little_maid/ServerCustomPackLoader]: Loaded model info: next_update_model:cumin_lamb_chop
[138月2026 18:52:23.775] [main/DEBUG] [touhou_little_maid/ServerCustomPackLoader]: Loaded model info: next_update_model:hot_spring
[138月2026 18:52:23.775] [main/DEBUG] [touhou_little_maid/ServerCustomPackLoader]: Loaded model info: next_update_model:picnic_cloth
[138月2026 18:52:23.775] [main/DEBUG] [touhou_little_maid/ServerCustomPackLoader]: Loaded model info: next_update_model:elite_slime
[138月2026 18:52:23.775] [main/DEBUG] [touhou_little_maid/ServerCustomPackLoader]: Loaded model info: next_update_model:slime
[138月2026 18:52:23.775] [main/DEBUG] [touhou_little_maid/ServerCustomPackLoader]: Loaded model info: next_update_model:flip_phone
[138月2026 18:52:23.775] [main/DEBUG] [touhou_little_maid/ServerCustomPackLoader]: Loaded model info: next_update_model:fox_demon_statue
[138月2026 18:52:23.775] [main/DEBUG] [touhou_little_maid/ServerCustomPackLoader]: Loaded model info: next_update_model:fox_demon_statue_1
[138月2026 18:52:23.775] [main/DEBUG] [touhou_little_maid/ServerCustomPackLoader]: Loaded model info: next_update_model:bathroom
[138月2026 18:52:23.775] [main/DEBUG] [touhou_little_maid/ServerCustomPackLoader]: Loaded model info: next_update_model:backpack
[138月2026 18:52:23.775] [main/DEBUG] [touhou_little_maid/ServerCustomPackLoader]: Loaded model info: next_update_model:cabinet
[138月2026 18:52:23.775] [main/DEBUG] [touhou_little_maid/ServerCustomPackLoader]: Loaded model info: next_update_model:single_bed
[138月2026 18:52:23.775] [main/DEBUG] [touhou_little_maid/ServerCustomPackLoader]: Loaded model info: next_update_model:double_bed
[138月2026 18:52:23.775] [main/DEBUG] [touhou_little_maid/ServerCustomPackLoader]: Loaded model info: next_update_model:shrine
[138月2026 18:52:23.775] [main/DEBUG] [touhou_little_maid/ServerCustomPackLoader]: Loaded model info: next_update_model:3d_printer
[138月2026 18:52:23.775] [main/DEBUG] [touhou_little_maid/ServerCustomPackLoader]: Loaded model info: next_update_model:doorbell_ground
[138月2026 18:52:23.775] [main/DEBUG] [touhou_little_maid/ServerCustomPackLoader]: Loaded model info: next_update_model:doorbell_wall
[138月2026 18:52:23.775] [main/DEBUG] [touhou_little_maid/ServerCustomPackLoader]: Loaded model info: next_update_model:exchange_machine
[138月2026 18:52:23.775] [main/DEBUG] [touhou_little_maid/ServerCustomPackLoader]: Touhou little maid mod's model is loaded
[138月2026 18:52:23.775] [main/DEBUG] [touhou_little_maid/ServerCustomPackLoader]: Touhou little maid mod's model is loading...
[138月2026 18:52:23.779] [main/DEBUG] [touhou_little_maid/ServerCustomPackLoader]: Loaded model info: touhou_little_maid:hakurei_reimu
[138月2026 18:52:23.779] [main/DEBUG] [touhou_little_maid/ServerCustomPackLoader]: Loaded model info: touhou_little_maid:hakurei_reimu_2
[138月2026 18:52:23.779] [main/DEBUG] [touhou_little_maid/ServerCustomPackLoader]: Loaded model info: touhou_little_maid:hakurei_reimu_type_b
[138月2026 18:52:23.779] [main/DEBUG] [touhou_little_maid/ServerCustomPackLoader]: Loaded model info: touhou_little_maid:hakurei_reimu_type_b_716c27087f2716348835e7775121532f
[138月2026 18:52:23.779] [main/DEBUG] [touhou_little_maid/ServerCustomPackLoader]: Loaded model info: touhou_little_maid:hakurei_reimu_type_b_1720614ea46709023787aae005df1134
[138月2026 18:52:23.779] [main/DEBUG] [touhou_little_maid/ServerCustomPackLoader]: Loaded model info: touhou_little_maid:hakurei_reimu_type_b_9cc0af67a94bdbb6dbae8056ab30c2bc
[138月2026 18:52:23.779] [main/DEBUG] [touhou_little_maid/ServerCustomPackLoader]: Loaded model info: touhou_little_maid:kirisame_marisa
[138月2026 18:52:23.779] [main/DEBUG] [touhou_little_maid/ServerCustomPackLoader]: Loaded model info: touhou_little_maid:kirisame_marisa_2
[138月2026 18:52:23.779] [main/DEBUG] [touhou_little_maid/ServerCustomPackLoader]: Loaded model info: touhou_little_maid:rumia
[138月2026 18:52:23.779] [main/DEBUG] [touhou_little_maid/ServerCustomPackLoader]: Loaded model info: touhou_little_maid:daiyousei
[138月2026 18:52:23.779] [main/DEBUG] [touhou_little_maid/ServerCustomPackLoader]: Loaded model info: touhou_little_maid:cirno
[138月2026 18:52:23.779] [main/DEBUG] [touhou_little_maid/ServerCustomPackLoader]: Loaded model info: touhou_little_maid:cirno_maid
[138月2026 18:52:23.779] [main/DEBUG] [touhou_little_maid/ServerCustomPackLoader]: Loaded model info: touhou_little_maid:cirno_tan
[138月2026 18:52:23.779] [main/DEBUG] [touhou_little_maid/ServerCustomPackLoader]: Loaded model info: touhou_little_maid:cirno_slim
[138月2026 18:52:23.779] [main/DEBUG] [touhou_little_maid/ServerCustomPackLoader]: Loaded model info: touhou_little_maid:cirno_slim_43e8d943f0564065031ec0efc405edbb
[138月2026 18:52:23.779] [main/DEBUG] [touhou_little_maid/ServerCustomPackLoader]: Loaded model info: touhou_little_maid:cirno_slim_af6bc1a4e6e95433d0d72fe108ec09b7
[138月2026 18:52:23.779] [main/DEBUG] [touhou_little_maid/ServerCustomPackLoader]: Loaded model info: touhou_little_maid:hong_meiling
[138月2026 18:52:23.779] [main/DEBUG] [touhou_little_maid/ServerCustomPackLoader]: Loaded model info: touhou_little_maid:koakuma
[138月2026 18:52:23.779] [main/DEBUG] [touhou_little_maid/ServerCustomPackLoader]: Loaded model info: touhou_little_maid:patchouli_knowledge
[138月2026 18:52:23.779] [main/DEBUG] [touhou_little_maid/ServerCustomPackLoader]: Loaded model info: touhou_little_maid:patchouli_knowledge_2
[138月2026 18:52:23.779] [main/DEBUG] [touhou_little_maid/ServerCustomPackLoader]: Loaded model info: touhou_little_maid:izayoi_sakuya
[138月2026 18:52:23.779] [main/DEBUG] [touhou_little_maid/ServerCustomPackLoader]: Loaded model info: touhou_little_maid:remilia_scarlet
[138月2026 18:52:23.779] [main/DEBUG] [touhou_little_maid/ServerCustomPackLoader]: Loaded model info: touhou_little_maid:remilia_scarlet_2
[138月2026 18:52:23.779] [main/DEBUG] [touhou_little_maid/ServerCustomPackLoader]: Loaded model info: touhou_little_maid:flandre_scarlet
[138月2026 18:52:23.779] [main/DEBUG] [touhou_little_maid/ServerCustomPackLoader]: Loaded model info: touhou_little_maid:letty_whiterock
[138月2026 18:52:23.779] [main/DEBUG] [touhou_little_maid/ServerCustomPackLoader]: Loaded model info: touhou_little_maid:chen
[138月2026 18:52:23.779] [main/DEBUG] [touhou_little_maid/ServerCustomPackLoader]: Loaded model info: touhou_little_maid:alice_margatroid
[138月2026 18:52:23.779] [main/DEBUG] [touhou_little_maid/ServerCustomPackLoader]: Loaded model info: touhou_little_maid:shanghai_doll
[138月2026 18:52:23.779] [main/DEBUG] [touhou_little_maid/ServerCustomPackLoader]: Loaded model info: touhou_little_maid:hourai_doll
[138月2026 18:52:23.779] [main/DEBUG] [touhou_little_maid/ServerCustomPackLoader]: Loaded model info: touhou_little_maid:goliath_doll
[138月2026 18:52:23.779] [main/DEBUG] [touhou_little_maid/ServerCustomPackLoader]: Loaded model info: touhou_little_maid:lily_white
[138月2026 18:52:23.779] [main/DEBUG] [touhou_little_maid/ServerCustomPackLoader]: Loaded model info: touhou_little_maid:lily_black
[138月2026 18:52:23.779] [main/DEBUG] [touhou_little_maid/ServerCustomPackLoader]: Loaded model info: touhou_little_maid:lunasa_prismriver
[138月2026 18:52:23.779] [main/DEBUG] [touhou_little_maid/ServerCustomPackLoader]: Loaded model info: touhou_little_maid:merlin_prismriver
[138月2026 18:52:23.779] [main/DEBUG] [touhou_little_maid/ServerCustomPackLoader]: Loaded model info: touhou_little_maid:lyrica_prismriver
[138月2026 18:52:23.779] [main/DEBUG] [touhou_little_maid/ServerCustomPackLoader]: Loaded model info: touhou_little_maid:konpaku_youmu
[138月2026 18:52:23.779] [main/DEBUG] [touhou_little_maid/ServerCustomPackLoader]: Loaded model info: touhou_little_maid:saigyouji_yuyuko
[138月2026 18:52:23.779] [main/DEBUG] [touhou_little_maid/ServerCustomPackLoader]: Loaded model info: touhou_little_maid:yakumo_ran
[138月2026 18:52:23.779] [main/DEBUG] [touhou_little_maid/ServerCustomPackLoader]: Loaded model info: touhou_little_maid:yukari_yakumo
[138月2026 18:52:23.779] [main/DEBUG] [touhou_little_maid/ServerCustomPackLoader]: Loaded model info: touhou_little_maid:ibuki_suika
[138月2026 18:52:23.780] [main/DEBUG] [touhou_little_maid/ServerCustomPackLoader]: Loaded model info: touhou_little_maid:wriggle_nightbug
[138月2026 18:52:23.780] [main/DEBUG] [touhou_little_maid/ServerCustomPackLoader]: Loaded model info: touhou_little_maid:mystia_lorelei
[138月2026 18:52:23.780] [main/DEBUG] [touhou_little_maid/ServerCustomPackLoader]: Loaded model info: touhou_little_maid:keine_kamishirasawa
[138月2026 18:52:23.780] [main/DEBUG] [touhou_little_maid/ServerCustomPackLoader]: Loaded model info: touhou_little_maid:keine_kamishirasawa_2
[138月2026 18:52:23.780] [main/DEBUG] [touhou_little_maid/ServerCustomPackLoader]: Loaded model info: touhou_little_maid:tewi_inaba
[138月2026 18:52:23.780] [main/DEBUG] [touhou_little_maid/ServerCustomPackLoader]: Loaded model info: touhou_little_maid:reisen_udongein_inaba
[138月2026 18:52:23.780] [main/DEBUG] [touhou_little_maid/ServerCustomPackLoader]: Loaded model info: touhou_little_maid:yagokoro_eirin
[138月2026 18:52:23.780] [main/DEBUG] [touhou_little_maid/ServerCustomPackLoader]: Loaded model info: touhou_little_maid:houraisan_kaguya
[138月2026 18:52:23.780] [main/DEBUG] [touhou_little_maid/ServerCustomPackLoader]: Loaded model info: touhou_little_maid:fujiwara_no_mokou
[138月2026 18:52:23.780] [main/DEBUG] [touhou_little_maid/ServerCustomPackLoader]: Loaded model info: touhou_little_maid:syameimaru_aya
[138月2026 18:52:23.780] [main/DEBUG] [touhou_little_maid/ServerCustomPackLoader]: Loaded model info: touhou_little_maid:medicine_melancholy
[138月2026 18:52:23.780] [main/DEBUG] [touhou_little_maid/ServerCustomPackLoader]: Loaded model info: touhou_little_maid:kazami_yuka
[138月2026 18:52:23.780] [main/DEBUG] [touhou_little_maid/ServerCustomPackLoader]: Loaded model info: touhou_little_maid:onozuka_komachi
[138月2026 18:52:23.780] [main/DEBUG] [touhou_little_maid/ServerCustomPackLoader]: Loaded model info: touhou_little_maid:shikieiki_yamaxanadu
[138月2026 18:52:23.780] [main/DEBUG] [touhou_little_maid/ServerCustomPackLoader]: Loaded model info: touhou_little_maid:aki_sizuha
[138月2026 18:52:23.780] [main/DEBUG] [touhou_little_maid/ServerCustomPackLoader]: Loaded model info: touhou_little_maid:minoriko_aki
[138月2026 18:52:23.780] [main/DEBUG] [touhou_little_maid/ServerCustomPackLoader]: Loaded model info: touhou_little_maid:kagiyama_hina
[138月2026 18:52:23.780] [main/DEBUG] [touhou_little_maid/ServerCustomPackLoader]: Loaded model info: touhou_little_maid:kawasiro_nitori
[138月2026 18:52:23.780] [main/DEBUG] [touhou_little_maid/ServerCustomPackLoader]: Loaded model info: touhou_little_maid:inubashiri_momizi
[138月2026 18:52:23.780] [main/DEBUG] [touhou_little_maid/ServerCustomPackLoader]: Loaded model info: touhou_little_maid:kochiya_sanae
[138月2026 18:52:23.780] [main/DEBUG] [touhou_little_maid/ServerCustomPackLoader]: Loaded model info: touhou_little_maid:yasaka_kanako
[138月2026 18:52:23.780] [main/DEBUG] [touhou_little_maid/ServerCustomPackLoader]: Loaded model info: touhou_little_maid:moriya_suwako
[138月2026 18:52:23.780] [main/DEBUG] [touhou_little_maid/ServerCustomPackLoader]: Loaded model info: touhou_little_maid:nagae_iku
[138月2026 18:52:23.780] [main/DEBUG] [touhou_little_maid/ServerCustomPackLoader]: Loaded model info: touhou_little_maid:hinanawi_tenshi
[138月2026 18:52:23.780] [main/DEBUG] [touhou_little_maid/ServerCustomPackLoader]: Loaded model info: touhou_little_maid:kisume
[138月2026 18:52:23.780] [main/DEBUG] [touhou_little_maid/ServerCustomPackLoader]: Loaded model info: touhou_little_maid:kurodani_yamame
[138月2026 18:52:23.780] [main/DEBUG] [touhou_little_maid/ServerCustomPackLoader]: Loaded model info: touhou_little_maid:mizuhashi_parsee
[138月2026 18:52:23.780] [main/DEBUG] [touhou_little_maid/ServerCustomPackLoader]: Loaded model info: touhou_little_maid:hoshiguma_yugi
[138月2026 18:52:23.781] [main/DEBUG] [touhou_little_maid/ServerCustomPackLoader]: Loaded model info: touhou_little_maid:komeiji_satori
[138月2026 18:52:23.781] [main/DEBUG] [touhou_little_maid/ServerCustomPackLoader]: Loaded model info: touhou_little_maid:kaenbyou_rin
[138月2026 18:52:23.781] [main/DEBUG] [touhou_little_maid/ServerCustomPackLoader]: Loaded model info: touhou_little_maid:reiuji_utsuho
[138月2026 18:52:23.781] [main/DEBUG] [touhou_little_maid/ServerCustomPackLoader]: Loaded model info: touhou_little_maid:komeiji_koishi
[138月2026 18:52:23.781] [main/DEBUG] [touhou_little_maid/ServerCustomPackLoader]: Loaded model info: touhou_little_maid:komeiji_koishi_2
[138月2026 18:52:23.781] [main/DEBUG] [touhou_little_maid/ServerCustomPackLoader]: Loaded model info: touhou_little_maid:nazrin
[138月2026 18:52:23.781] [main/DEBUG] [touhou_little_maid/ServerCustomPackLoader]: Loaded model info: touhou_little_maid:tatara_kogasa
[138月2026 18:52:23.781] [main/DEBUG] [touhou_little_maid/ServerCustomPackLoader]: Loaded model info: touhou_little_maid:kumoi_ichirin
[138月2026 18:52:23.781] [main/DEBUG] [touhou_little_maid/ServerCustomPackLoader]: Loaded model info: touhou_little_maid:murasa_minamitsu
[138月2026 18:52:23.781] [main/DEBUG] [touhou_little_maid/ServerCustomPackLoader]: Loaded model info: touhou_little_maid:toramaru_shou
[138月2026 18:52:23.781] [main/DEBUG] [touhou_little_maid/ServerCustomPackLoader]: Loaded model info: touhou_little_maid:hijiri_byakuren
[138月2026 18:52:23.781] [main/DEBUG] [touhou_little_maid/ServerCustomPackLoader]: Loaded model info: touhou_little_maid:houjuu_nue
[138月2026 18:52:23.781] [main/DEBUG] [touhou_little_maid/ServerCustomPackLoader]: Loaded model info: touhou_little_maid:himekaidou_hatate
[138月2026 18:52:23.781] [main/DEBUG] [touhou_little_maid/ServerCustomPackLoader]: Loaded model info: touhou_little_maid:kasodani_kyouko
[138月2026 18:52:23.781] [main/DEBUG] [touhou_little_maid/ServerCustomPackLoader]: Loaded model info: touhou_little_maid:miyako_yoshika
[138月2026 18:52:23.781] [main/DEBUG] [touhou_little_maid/ServerCustomPackLoader]: Loaded model info: touhou_little_maid:kaku_seiga
[138月2026 18:52:23.781] [main/DEBUG] [touhou_little_maid/ServerCustomPackLoader]: Loaded model info: touhou_little_maid:mononobe_no_futo
[138月2026 18:52:23.781] [main/DEBUG] [touhou_little_maid/ServerCustomPackLoader]: Loaded model info: touhou_little_maid:toyosatomimi_no_miko
[138月2026 18:52:23.781] [main/DEBUG] [touhou_little_maid/ServerCustomPackLoader]: Loaded model info: touhou_little_maid:soga_no_toziko
[138月2026 18:52:23.781] [main/DEBUG] [touhou_little_maid/ServerCustomPackLoader]: Loaded model info: touhou_little_maid:hata_no_kokoro
[138月2026 18:52:23.781] [main/DEBUG] [touhou_little_maid/ServerCustomPackLoader]: Loaded model info: touhou_little_maid:hutatsuiwa_mamizou
[138月2026 18:52:23.781] [main/DEBUG] [touhou_little_maid/ServerCustomPackLoader]: Loaded model info: touhou_little_maid:wakasagihime
[138月2026 18:52:23.781] [main/DEBUG] [touhou_little_maid/ServerCustomPackLoader]: Loaded model info: touhou_little_maid:sekibanki
[138月2026 18:52:23.781] [main/DEBUG] [touhou_little_maid/ServerCustomPackLoader]: Loaded model info: touhou_little_maid:imaizumi_kagerou
[138月2026 18:52:23.781] [main/DEBUG] [touhou_little_maid/ServerCustomPackLoader]: Loaded model info: touhou_little_maid:tsukumo_yatsuhashi
[138月2026 18:52:23.781] [main/DEBUG] [touhou_little_maid/ServerCustomPackLoader]: Loaded model info: touhou_little_maid:tsukumo_benben
[138月2026 18:52:23.781] [main/DEBUG] [touhou_little_maid/ServerCustomPackLoader]: Loaded model info: touhou_little_maid:kijin_seija
[138月2026 18:52:23.781] [main/DEBUG] [touhou_little_maid/ServerCustomPackLoader]: Loaded model info: touhou_little_maid:sukuna_shinmyoumaru
[138月2026 18:52:23.781] [main/DEBUG] [touhou_little_maid/ServerCustomPackLoader]: Loaded model info: touhou_little_maid:horikawa_raiko
[138月2026 18:52:23.781] [main/DEBUG] [touhou_little_maid/ServerCustomPackLoader]: Loaded model info: touhou_little_maid:usami_sumireko
[138月2026 18:52:23.781] [main/DEBUG] [touhou_little_maid/ServerCustomPackLoader]: Loaded model info: touhou_little_maid:seiran
[138月2026 18:52:23.781] [main/DEBUG] [touhou_little_maid/ServerCustomPackLoader]: Loaded model info: touhou_little_maid:ringo
[138月2026 18:52:23.781] [main/DEBUG] [touhou_little_maid/ServerCustomPackLoader]: Loaded model info: touhou_little_maid:doremy_sweet
[138月2026 18:52:23.781] [main/DEBUG] [touhou_little_maid/ServerCustomPackLoader]: Loaded model info: touhou_little_maid:kisin_sagume
[138月2026 18:52:23.781] [main/DEBUG] [touhou_little_maid/ServerCustomPackLoader]: Loaded model info: touhou_little_maid:clownpiece
[138月2026 18:52:23.781] [main/DEBUG] [touhou_little_maid/ServerCustomPackLoader]: Loaded model info: touhou_little_maid:junko
[138月2026 18:52:23.781] [main/DEBUG] [touhou_little_maid/ServerCustomPackLoader]: Loaded model info: touhou_little_maid:hecatia_lapislazuli
[138月2026 18:52:23.781] [main/DEBUG] [touhou_little_maid/ServerCustomPackLoader]: Loaded model info: touhou_little_maid:yorigami_jyoon
[138月2026 18:52:23.781] [main/DEBUG] [touhou_little_maid/ServerCustomPackLoader]: Loaded model info: touhou_little_maid:yorigami_shion
[138月2026 18:52:23.781] [main/DEBUG] [touhou_little_maid/ServerCustomPackLoader]: Loaded model info: touhou_little_maid:eternity_larva
[138月2026 18:52:23.781] [main/DEBUG] [touhou_little_maid/ServerCustomPackLoader]: Loaded model info: touhou_little_maid:sakata_nemuno
[138月2026 18:52:23.781] [main/DEBUG] [touhou_little_maid/ServerCustomPackLoader]: Loaded model info: touhou_little_maid:komano_aunn
[138月2026 18:52:23.781] [main/DEBUG] [touhou_little_maid/ServerCustomPackLoader]: Loaded model info: touhou_little_maid:yatadera_narumi
[138月2026 18:52:23.781] [main/DEBUG] [touhou_little_maid/ServerCustomPackLoader]: Loaded model info: touhou_little_maid:nishida_satono
[138月2026 18:52:23.781] [main/DEBUG] [touhou_little_maid/ServerCustomPackLoader]: Loaded model info: touhou_little_maid:teireid_mai
[138月2026 18:52:23.781] [main/DEBUG] [touhou_little_maid/ServerCustomPackLoader]: Loaded model info: touhou_little_maid:matara_okina
[138月2026 18:52:23.781] [main/DEBUG] [touhou_little_maid/ServerCustomPackLoader]: Loaded model info: touhou_little_maid:ebisu_eika
[138月2026 18:52:23.781] [main/DEBUG] [touhou_little_maid/ServerCustomPackLoader]: Loaded model info: touhou_little_maid:ushizaki_urumi
[138月2026 18:52:23.781] [main/DEBUG] [touhou_little_maid/ServerCustomPackLoader]: Loaded model info: touhou_little_maid:niwatari_kutaka
[138月2026 18:52:23.781] [main/DEBUG] [touhou_little_maid/ServerCustomPackLoader]: Loaded model info: touhou_little_maid:kitcho_yachie
[138月2026 18:52:23.781] [main/DEBUG] [touhou_little_maid/ServerCustomPackLoader]: Loaded model info: touhou_little_maid:joutougu_mayumi
[138月2026 18:52:23.781] [main/DEBUG] [touhou_little_maid/ServerCustomPackLoader]: Loaded model info: touhou_little_maid:haniyasushin_keiki
[138月2026 18:52:23.781] [main/DEBUG] [touhou_little_maid/ServerCustomPackLoader]: Loaded model info: touhou_little_maid:kurokoma_saki
[138月2026 18:52:23.781] [main/DEBUG] [touhou_little_maid/ServerCustomPackLoader]: Loaded model info: touhou_little_maid:toutetsu_yuma
[138月2026 18:52:23.781] [main/DEBUG] [touhou_little_maid/ServerCustomPackLoader]: Loaded model info: touhou_little_maid:goutokuzi_mike
[138月2026 18:52:23.781] [main/DEBUG] [touhou_little_maid/ServerCustomPackLoader]: Loaded model info: touhou_little_maid:yamashiro_takane
[138月2026 18:52:23.781] [main/DEBUG] [touhou_little_maid/ServerCustomPackLoader]: Loaded model info: touhou_little_maid:komakusa_sannyo
[138月2026 18:52:23.781] [main/DEBUG] [touhou_little_maid/ServerCustomPackLoader]: Loaded model info: touhou_little_maid:tamatsukuri_misumaru
[138月2026 18:52:23.781] [main/DEBUG] [touhou_little_maid/ServerCustomPackLoader]: Loaded model info: touhou_little_maid:kudamaki_tsukasa
[138月2026 18:52:23.781] [main/DEBUG] [touhou_little_maid/ServerCustomPackLoader]: Loaded model info: touhou_little_maid:iizunamaru_megumu
[138月2026 18:52:23.781] [main/DEBUG] [touhou_little_maid/ServerCustomPackLoader]: Loaded model info: touhou_little_maid:tenkyu_chimata
[138月2026 18:52:23.781] [main/DEBUG] [touhou_little_maid/ServerCustomPackLoader]: Loaded model info: touhou_little_maid:himemushi_momoyo
[138月2026 18:52:23.781] [main/DEBUG] [touhou_little_maid/ServerCustomPackLoader]: Loaded model info: touhou_little_maid:son_biten
[138月2026 18:52:23.781] [main/DEBUG] [touhou_little_maid/ServerCustomPackLoader]: Loaded model info: touhou_little_maid:mitsugashira_enoko
[138月2026 18:52:23.781] [main/DEBUG] [touhou_little_maid/ServerCustomPackLoader]: Loaded model info: touhou_little_maid:tenkajin_chiyari
[138月2026 18:52:23.781] [main/DEBUG] [touhou_little_maid/ServerCustomPackLoader]: Loaded model info: touhou_little_maid:yomotsu_hisami
[138月2026 18:52:23.781] [main/DEBUG] [touhou_little_maid/ServerCustomPackLoader]: Loaded model info: touhou_little_maid:nippaku_zanmu
[138月2026 18:52:23.781] [main/DEBUG] [touhou_little_maid/ServerCustomPackLoader]: Loaded model info: touhou_little_maid:ubame_chirizuka
[138月2026 18:52:23.781] [main/DEBUG] [touhou_little_maid/ServerCustomPackLoader]: Loaded model info: touhou_little_maid:chimi_houjuu
[138月2026 18:52:23.781] [main/DEBUG] [touhou_little_maid/ServerCustomPackLoader]: Loaded model info: touhou_little_maid:nareko_michigami
[138月2026 18:52:23.781] [main/DEBUG] [touhou_little_maid/ServerCustomPackLoader]: Loaded model info: touhou_little_maid:yuiman_asama
[138月2026 18:52:23.781] [main/DEBUG] [touhou_little_maid/ServerCustomPackLoader]: Loaded model info: touhou_little_maid:ariya_iwanaga
[138月2026 18:52:23.781] [main/DEBUG] [touhou_little_maid/ServerCustomPackLoader]: Loaded model info: touhou_little_maid:watari_nina
[138月2026 18:52:23.781] [main/DEBUG] [touhou_little_maid/ServerCustomPackLoader]: Loaded model info: touhou_little_maid:morichika_rinnosuke
[138月2026 18:52:23.781] [main/DEBUG] [touhou_little_maid/ServerCustomPackLoader]: Loaded model info: touhou_little_maid:tokiko
[138月2026 18:52:23.781] [main/DEBUG] [touhou_little_maid/ServerCustomPackLoader]: Loaded model info: touhou_little_maid:sunny_milk
[138月2026 18:52:23.781] [main/DEBUG] [touhou_little_maid/ServerCustomPackLoader]: Loaded model info: touhou_little_maid:luna_child
[138月2026 18:52:23.781] [main/DEBUG] [touhou_little_maid/ServerCustomPackLoader]: Loaded model info: touhou_little_maid:star_sapphire
[138月2026 18:52:23.781] [main/DEBUG] [touhou_little_maid/ServerCustomPackLoader]: Loaded model info: touhou_little_maid:watatsuki_no_toyohime
[138月2026 18:52:23.781] [main/DEBUG] [touhou_little_maid/ServerCustomPackLoader]: Loaded model info: touhou_little_maid:watatsuki_no_yorihime
[138月2026 18:52:23.781] [main/DEBUG] [touhou_little_maid/ServerCustomPackLoader]: Loaded model info: touhou_little_maid:reisen
[138月2026 18:52:23.781] [main/DEBUG] [touhou_little_maid/ServerCustomPackLoader]: Loaded model info: touhou_little_maid:hieda_no_akyuu
[138月2026 18:52:23.781] [main/DEBUG] [touhou_little_maid/ServerCustomPackLoader]: Loaded model info: touhou_little_maid:ibaraki_kasen
[138月2026 18:52:23.781] [main/DEBUG] [touhou_little_maid/ServerCustomPackLoader]: Loaded model info: touhou_little_maid:ibaraki_kasen_2
[138月2026 18:52:23.781] [main/DEBUG] [touhou_little_maid/ServerCustomPackLoader]: Loaded model info: touhou_little_maid:motoori_kosuzu
[138月2026 18:52:23.781] [main/DEBUG] [touhou_little_maid/ServerCustomPackLoader]: Loaded model info: touhou_little_maid:miyadeguchi_mizuchi
[138月2026 18:52:23.781] [main/DEBUG] [touhou_little_maid/ServerCustomPackLoader]: Loaded model info: touhou_little_maid:miyoi_okunoda
[138月2026 18:52:23.781] [main/DEBUG] [touhou_little_maid/ServerCustomPackLoader]: Loaded model info: touhou_little_maid:usami_renko
[138月2026 18:52:23.781] [main/DEBUG] [touhou_little_maid/ServerCustomPackLoader]: Loaded model info: touhou_little_maid:maribel_hearn
[138月2026 18:52:23.781] [main/DEBUG] [touhou_little_maid/ServerCustomPackLoader]: Loaded model info: touhou_little_maid:satsuki_rin
[138月2026 18:52:23.781] [main/DEBUG] [touhou_little_maid/ServerCustomPackLoader]: Touhou little maid mod's model is loaded
[138月2026 18:52:23.783] [main/DEBUG] [touhou_little_maid/ServerCustomPackLoader]: Touhou little maid mod's model is loading...
[138月2026 18:52:23.784] [main/DEBUG] [touhou_little_maid/ServerCustomPackLoader]: Loaded model info: touhou_little_maid:cushion
[138月2026 18:52:23.784] [main/DEBUG] [touhou_little_maid/ServerCustomPackLoader]: Loaded model info: touhou_little_maid:class_desk
[138月2026 18:52:23.784] [main/DEBUG] [touhou_little_maid/ServerCustomPackLoader]: Loaded model info: touhou_little_maid:class_chair
[138月2026 18:52:23.784] [main/DEBUG] [touhou_little_maid/ServerCustomPackLoader]: Loaded model info: touhou_little_maid:kotatsu
[138月2026 18:52:23.784] [main/DEBUG] [touhou_little_maid/ServerCustomPackLoader]: Loaded model info: touhou_little_maid:play_station
[138月2026 18:52:23.784] [main/DEBUG] [touhou_little_maid/ServerCustomPackLoader]: Loaded model info: touhou_little_maid:tall_stool
[138月2026 18:52:23.784] [main/DEBUG] [touhou_little_maid/ServerCustomPackLoader]: Loaded model info: touhou_little_maid:low_stool
[138月2026 18:52:23.784] [main/DEBUG] [touhou_little_maid/ServerCustomPackLoader]: Loaded model info: touhou_little_maid:barbecue_booth
[138月2026 18:52:23.784] [main/DEBUG] [touhou_little_maid/ServerCustomPackLoader]: Loaded model info: touhou_little_maid:barbecue_booth_2
[138月2026 18:52:23.784] [main/DEBUG] [touhou_little_maid/ServerCustomPackLoader]: Loaded model info: touhou_little_maid:long_stool
[138月2026 18:52:23.784] [main/DEBUG] [touhou_little_maid/ServerCustomPackLoader]: Loaded model info: touhou_little_maid:square_table
[138月2026 18:52:23.784] [main/DEBUG] [touhou_little_maid/ServerCustomPackLoader]: Loaded model info: touhou_little_maid:mahjong_table
[138月2026 18:52:23.784] [main/DEBUG] [touhou_little_maid/ServerCustomPackLoader]: Loaded model info: touhou_little_maid:beach_chair
[138月2026 18:52:23.784] [main/DEBUG] [touhou_little_maid/ServerCustomPackLoader]: Loaded model info: touhou_little_maid:parasol
[138月2026 18:52:23.784] [main/DEBUG] [touhou_little_maid/ServerCustomPackLoader]: Loaded model info: touhou_little_maid:water_wheel
[138月2026 18:52:23.784] [main/DEBUG] [touhou_little_maid/ServerCustomPackLoader]: Loaded model info: touhou_little_maid:saisen_bako
[138月2026 18:52:23.784] [main/DEBUG] [touhou_little_maid/ServerCustomPackLoader]: Loaded model info: touhou_little_maid:well
[138月2026 18:52:23.784] [main/DEBUG] [touhou_little_maid/ServerCustomPackLoader]: Loaded model info: touhou_little_maid:torii
[138月2026 18:52:23.784] [main/DEBUG] [touhou_little_maid/ServerCustomPackLoader]: Loaded model info: touhou_little_maid:torii_2
[138月2026 18:52:23.784] [main/DEBUG] [touhou_little_maid/ServerCustomPackLoader]: Loaded model info: touhou_little_maid:torii_3
[138月2026 18:52:23.784] [main/DEBUG] [touhou_little_maid/ServerCustomPackLoader]: Loaded model info: touhou_little_maid:ema
[138月2026 18:52:23.784] [main/DEBUG] [touhou_little_maid/ServerCustomPackLoader]: Loaded model info: touhou_little_maid:anti_collision_bucket
[138月2026 18:52:23.784] [main/DEBUG] [touhou_little_maid/ServerCustomPackLoader]: Loaded model info: touhou_little_maid:park_bench
[138月2026 18:52:23.784] [main/DEBUG] [touhou_little_maid/ServerCustomPackLoader]: Loaded model info: touhou_little_maid:rinnosuke_children_toys
[138月2026 18:52:23.784] [main/DEBUG] [touhou_little_maid/ServerCustomPackLoader]: Loaded model info: touhou_little_maid:moto
[138月2026 18:52:23.784] [main/DEBUG] [touhou_little_maid/ServerCustomPackLoader]: Loaded model info: touhou_little_maid:bowl
[138月2026 18:52:23.784] [main/DEBUG] [touhou_little_maid/ServerCustomPackLoader]: Loaded model info: touhou_little_maid:lucky_cat_2m
[138月2026 18:52:23.784] [main/DEBUG] [touhou_little_maid/ServerCustomPackLoader]: Loaded model info: touhou_little_maid:yumemi_strawberry_milk
[138月2026 18:52:23.784] [main/DEBUG] [touhou_little_maid/ServerCustomPackLoader]: Loaded model info: touhou_little_maid:crystalizedsuns_moms_tombstone
[138月2026 18:52:23.784] [main/DEBUG] [touhou_little_maid/ServerCustomPackLoader]: Loaded model info: touhou_little_maid:legendary_pig_man
[138月2026 18:52:23.784] [main/DEBUG] [touhou_little_maid/ServerCustomPackLoader]: Loaded model info: touhou_little_maid:head_of_academycraft
[138月2026 18:52:23.784] [main/DEBUG] [touhou_little_maid/ServerCustomPackLoader]: Loaded model info: touhou_little_maid:fogg05
[138月2026 18:52:23.785] [main/DEBUG] [touhou_little_maid/ServerCustomPackLoader]: Loaded model info: touhou_little_maid:native_drum
[138月2026 18:52:23.785] [main/DEBUG] [touhou_little_maid/ServerCustomPackLoader]: Touhou little maid mod's model is loaded
[138月2026 18:52:23.785] [main/DEBUG] [touhou_little_maid/ServerCustomPackLoader]: Touhou little maid mod's model is loading...
[138月2026 18:52:23.786] [main/DEBUG] [touhou_little_maid/ServerCustomPackLoader]: Loaded model info: touhou_little_maid_old:reimu_hakurei
[138月2026 18:52:23.786] [main/DEBUG] [touhou_little_maid/ServerCustomPackLoader]: Loaded model info: touhou_little_maid_old:singyoku2
[138月2026 18:52:23.786] [main/DEBUG] [touhou_little_maid/ServerCustomPackLoader]: Loaded model info: touhou_little_maid_old:singyoku3
[138月2026 18:52:23.786] [main/DEBUG] [touhou_little_maid/ServerCustomPackLoader]: Loaded model info: touhou_little_maid_old:mima
[138月2026 18:52:23.786] [main/DEBUG] [touhou_little_maid/ServerCustomPackLoader]: Loaded model info: touhou_little_maid_old:kikuri
[138月2026 18:52:23.786] [main/DEBUG] [touhou_little_maid/ServerCustomPackLoader]: Loaded model info: touhou_little_maid_old:konngara
[138月2026 18:52:23.786] [main/DEBUG] [touhou_little_maid/ServerCustomPackLoader]: Loaded model info: touhou_little_maid_old:yuugen_magan
[138月2026 18:52:23.786] [main/DEBUG] [touhou_little_maid/ServerCustomPackLoader]: Loaded model info: touhou_little_maid_old:elis
[138月2026 18:52:23.786] [main/DEBUG] [touhou_little_maid/ServerCustomPackLoader]: Loaded model info: touhou_little_maid_old:sariel
[138月2026 18:52:23.786] [main/DEBUG] [touhou_little_maid/ServerCustomPackLoader]: Loaded model info: touhou_little_maid_old:genjii
[138月2026 18:52:23.786] [main/DEBUG] [touhou_little_maid/ServerCustomPackLoader]: Loaded model info: touhou_little_maid_old:rika
[138月2026 18:52:23.786] [main/DEBUG] [touhou_little_maid/ServerCustomPackLoader]: Loaded model info: touhou_little_maid_old:meira
[138月2026 18:52:23.786] [main/DEBUG] [touhou_little_maid/ServerCustomPackLoader]: Loaded model info: touhou_little_maid_old:kirisame_marisa
[138月2026 18:52:23.786] [main/DEBUG] [touhou_little_maid/ServerCustomPackLoader]: Loaded model info: touhou_little_maid_old:ellen
[138月2026 18:52:23.786] [main/DEBUG] [touhou_little_maid/ServerCustomPackLoader]: Loaded model info: touhou_little_maid_old:kotohime
[138月2026 18:52:23.786] [main/DEBUG] [touhou_little_maid/ServerCustomPackLoader]: Loaded model info: touhou_little_maid_old:kana_anaberal
[138月2026 18:52:23.788] [main/DEBUG] [touhou_little_maid/ServerCustomPackLoader]: Loaded model info: touhou_little_maid_old:rikako_asakura
[138月2026 18:52:23.788] [main/DEBUG] [touhou_little_maid/ServerCustomPackLoader]: Loaded model info: touhou_little_maid_old:chiyuri_kitashirakawa
[138月2026 18:52:23.788] [main/DEBUG] [touhou_little_maid/ServerCustomPackLoader]: Loaded model info: touhou_little_maid_old:yumemi_okazaki
[138月2026 18:52:23.788] [main/DEBUG] [touhou_little_maid/ServerCustomPackLoader]: Loaded model info: touhou_little_maid_old:orange
[138月2026 18:52:23.788] [main/DEBUG] [touhou_little_maid/ServerCustomPackLoader]: Loaded model info: touhou_little_maid_old:kurumi
[138月2026 18:52:23.788] [main/DEBUG] [touhou_little_maid/ServerCustomPackLoader]: Loaded model info: touhou_little_maid_old:elly
[138月2026 18:52:23.788] [main/DEBUG] [touhou_little_maid/ServerCustomPackLoader]: Loaded model info: touhou_little_maid_old:yuuka_old
[138月2026 18:52:23.788] [main/DEBUG] [touhou_little_maid/ServerCustomPackLoader]: Loaded model info: touhou_little_maid_old:mugetsu
[138月2026 18:52:23.788] [main/DEBUG] [touhou_little_maid/ServerCustomPackLoader]: Loaded model info: touhou_little_maid_old:gengetsu
[138月2026 18:52:23.788] [main/DEBUG] [touhou_little_maid/ServerCustomPackLoader]: Loaded model info: touhou_little_maid_old:sara
[138月2026 18:52:23.788] [main/DEBUG] [touhou_little_maid/ServerCustomPackLoader]: Loaded model info: touhou_little_maid_old:louise
[138月2026 18:52:23.788] [main/DEBUG] [touhou_little_maid/ServerCustomPackLoader]: Loaded model info: touhou_little_maid_old:alice
[138月2026 18:52:23.788] [main/DEBUG] [touhou_little_maid/ServerCustomPackLoader]: Loaded model info: touhou_little_maid_old:yuki
[138月2026 18:52:23.788] [main/DEBUG] [touhou_little_maid/ServerCustomPackLoader]: Loaded model info: touhou_little_maid_old:mai
[138月2026 18:52:23.788] [main/DEBUG] [touhou_little_maid/ServerCustomPackLoader]: Loaded model info: touhou_little_maid_old:yumeko
[138月2026 18:52:23.788] [main/DEBUG] [touhou_little_maid/ServerCustomPackLoader]: Loaded model info: touhou_little_maid_old:shinki
[138月2026 18:52:23.788] [main/DEBUG] [touhou_little_maid/ServerCustomPackLoader]: Loaded model info: touhou_little_maid_old:ruukoto
[138月2026 18:52:23.788] [main/DEBUG] [touhou_little_maid/ServerCustomPackLoader]: Loaded model info: touhou_little_maid_old:trump_king
[138月2026 18:52:23.788] [main/DEBUG] [touhou_little_maid/ServerCustomPackLoader]: Touhou little maid mod's model is loaded
[138月2026 18:52:23.788] [main/DEBUG] [touhou_little_maid/ServerCustomPackLoader]: Touhou little maid mod's model is loading...
[138月2026 18:52:23.788] [main/DEBUG] [touhou_little_maid/ServerCustomPackLoader]: Touhou little maid mod's model is loading...
[138月2026 18:52:23.789] [main/DEBUG] [touhou_little_maid/ServerCustomPackLoader]: Loaded model info: touhou_little_maid_seihou:vivit
[138月2026 18:52:23.789] [main/DEBUG] [touhou_little_maid/ServerCustomPackLoader]: Loaded model info: touhou_little_maid_seihou:vivit_2
[138月2026 18:52:23.789] [main/DEBUG] [touhou_little_maid/ServerCustomPackLoader]: Loaded model info: touhou_little_maid_seihou:milia
[138月2026 18:52:23.789] [main/DEBUG] [touhou_little_maid/ServerCustomPackLoader]: Loaded model info: touhou_little_maid_seihou:mei
[138月2026 18:52:23.789] [main/DEBUG] [touhou_little_maid/ServerCustomPackLoader]: Loaded model info: touhou_little_maid_seihou:mai
[138月2026 18:52:23.789] [main/DEBUG] [touhou_little_maid/ServerCustomPackLoader]: Touhou little maid mod's model is loaded
[138月2026 18:52:23.789] [main/DEBUG] [touhou_little_maid/ServerCustomPackLoader]: Touhou little maid mod's model is loading...
[138月2026 18:52:23.826] [main/INFO] [eftlm_stylish/]: [DIAG] MaidSkillBuildEvent registered: stylish_combat (tab=ef_tlm:skills)
[138月2026 18:52:23.999] [Forge Version Check/WARN] [net.minecraftforge.fml.VersionChecker/]: Failed to process update information
javax.net.ssl.SSLHandshakeException: PKIX path building failed: sun.security.provider.certpath.SunCertPathBuilderException: unable to find valid certification path to requested target
	at jdk.internal.net.http.HttpClientImpl.send(HttpClientImpl.java:578) ~[java.net.http:?]
	at jdk.internal.net.http.HttpClientFacade.send(HttpClientFacade.java:123) ~[java.net.http:?]
	at net.minecraftforge.fml.VersionChecker$1.openUrlString(VersionChecker.java:142) ~[fmlcore-1.20.1-47.4.13.jar%23130!/:?]
	at net.minecraftforge.fml.VersionChecker$1.process(VersionChecker.java:180) ~[fmlcore-1.20.1-47.4.13.jar%23130!/:?]
	at java.lang.Iterable.forEach(Iterable.java:75) ~[?:?]
	at net.minecraftforge.fml.VersionChecker$1.run(VersionChecker.java:117) ~[fmlcore-1.20.1-47.4.13.jar%23130!/:?]
Caused by: javax.net.ssl.SSLHandshakeException: PKIX path building failed: sun.security.provider.certpath.SunCertPathBuilderException: unable to find valid certification path to requested target
	at sun.security.ssl.Alert.createSSLException(Alert.java:131) ~[?:?]
	at sun.security.ssl.TransportContext.fatal(TransportContext.java:378) ~[?:?]
	at sun.security.ssl.TransportContext.fatal(TransportContext.java:321) ~[?:?]
	at sun.security.ssl.TransportContext.fatal(TransportContext.java:316) ~[?:?]
	at sun.security.ssl.CertificateMessage$T13CertificateConsumer.checkServerCerts(CertificateMessage.java:1351) ~[?:?]
	at sun.security.ssl.CertificateMessage$T13CertificateConsumer.onConsumeCertificate(CertificateMessage.java:1226) ~[?:?]
	at sun.security.ssl.CertificateMessage$T13CertificateConsumer.consume(CertificateMessage.java:1169) ~[?:?]
	at sun.security.ssl.SSLHandshake.consume(SSLHandshake.java:396) ~[?:?]
	at sun.security.ssl.HandshakeContext.dispatch(HandshakeContext.java:480) ~[?:?]
	at sun.security.ssl.SSLEngineImpl$DelegatedTask$DelegatedAction.run(SSLEngineImpl.java:1277) ~[?:?]
	at sun.security.ssl.SSLEngineImpl$DelegatedTask$DelegatedAction.run(SSLEngineImpl.java:1264) ~[?:?]
	at java.security.AccessController.doPrivileged(AccessController.java:712) ~[?:?]
	at sun.security.ssl.SSLEngineImpl$DelegatedTask.run(SSLEngineImpl.java:1209) ~[?:?]
	at java.util.ArrayList.forEach(ArrayList.java:1511) ~[?:?]
	at jdk.internal.net.http.common.SSLFlowDelegate.lambda$executeTasks$3(SSLFlowDelegate.java:1118) ~[java.net.http:?]
	at jdk.internal.net.http.HttpClientImpl$DelegatingExecutor.execute(HttpClientImpl.java:157) ~[java.net.http:?]
	at jdk.internal.net.http.common.SSLFlowDelegate.executeTasks(SSLFlowDelegate.java:1113) ~[java.net.http:?]
	at jdk.internal.net.http.common.SSLFlowDelegate.doHandshake(SSLFlowDelegate.java:1079) ~[java.net.http:?]
	at jdk.internal.net.http.common.SSLFlowDelegate$Reader.processData(SSLFlowDelegate.java:484) ~[java.net.http:?]
	at jdk.internal.net.http.common.SSLFlowDelegate$Reader$ReaderDownstreamPusher.run(SSLFlowDelegate.java:268) ~[java.net.http:?]
	at jdk.internal.net.http.common.SequentialScheduler$LockingRestartableTask.run(SequentialScheduler.java:205) ~[java.net.http:?]
	at jdk.internal.net.http.common.SequentialScheduler$CompleteRestartableTask.run(SequentialScheduler.java:149) ~[java.net.http:?]
	at jdk.internal.net.http.common.SequentialScheduler$TryEndDeferredCompleter.complete(SequentialScheduler.java:347) ~[java.net.http:?]
	at jdk.internal.net.http.common.SequentialScheduler$CompleteRestartableTask.run(SequentialScheduler.java:151) ~[java.net.http:?]
	at jdk.internal.net.http.common.SequentialScheduler$SchedulableTask.run(SequentialScheduler.java:230) ~[java.net.http:?]
	at java.util.concurrent.ThreadPoolExecutor.runWorker(ThreadPoolExecutor.java:1136) ~[?:?]
	at java.util.concurrent.ThreadPoolExecutor$Worker.run(ThreadPoolExecutor.java:635) ~[?:?]
	at java.lang.Thread.run(Thread.java:842) ~[?:?]
Caused by: sun.security.validator.ValidatorException: PKIX path building failed: sun.security.provider.certpath.SunCertPathBuilderException: unable to find valid certification path to requested target
	at sun.security.validator.PKIXValidator.doBuild(PKIXValidator.java:439) ~[?:?]
	at sun.security.validator.PKIXValidator.engineValidate(PKIXValidator.java:306) ~[?:?]
	at sun.security.validator.Validator.validate(Validator.java:264) ~[?:?]
	at sun.security.ssl.X509TrustManagerImpl.checkTrusted(X509TrustManagerImpl.java:285) ~[?:?]
	at sun.security.ssl.X509TrustManagerImpl.checkServerTrusted(X509TrustManagerImpl.java:144) ~[?:?]
	at sun.security.ssl.CertificateMessage$T13CertificateConsumer.checkServerCerts(CertificateMessage.java:1329) ~[?:?]
	at sun.security.ssl.CertificateMessage$T13CertificateConsumer.onConsumeCertificate(CertificateMessage.java:1226) ~[?:?]
	at sun.security.ssl.CertificateMessage$T13CertificateConsumer.consume(CertificateMessage.java:1169) ~[?:?]
	at sun.security.ssl.SSLHandshake.consume(SSLHandshake.java:396) ~[?:?]
	at sun.security.ssl.HandshakeContext.dispatch(HandshakeContext.java:480) ~[?:?]
	at sun.security.ssl.SSLEngineImpl$DelegatedTask$DelegatedAction.run(SSLEngineImpl.java:1277) ~[?:?]
	at sun.security.ssl.SSLEngineImpl$DelegatedTask$DelegatedAction.run(SSLEngineImpl.java:1264) ~[?:?]
	at java.security.AccessController.doPrivileged(AccessController.java:712) ~[?:?]
	at sun.security.ssl.SSLEngineImpl$DelegatedTask.run(SSLEngineImpl.java:1209) ~[?:?]
	at java.util.ArrayList.forEach(ArrayList.java:1511) ~[?:?]
	at jdk.internal.net.http.common.SSLFlowDelegate.lambda$executeTasks$3(SSLFlowDelegate.java:1118) ~[java.net.http:?]
	at jdk.internal.net.http.HttpClientImpl$DelegatingExecutor.execute(HttpClientImpl.java:157) ~[java.net.http:?]
	at jdk.internal.net.http.common.SSLFlowDelegate.executeTasks(SSLFlowDelegate.java:1113) ~[java.net.http:?]
	at jdk.internal.net.http.common.SSLFlowDelegate.doHandshake(SSLFlowDelegate.java:1079) ~[java.net.http:?]
	at jdk.internal.net.http.common.SSLFlowDelegate$Reader.processData(SSLFlowDelegate.java:484) ~[java.net.http:?]
	at jdk.internal.net.http.common.SSLFlowDelegate$Reader$ReaderDownstreamPusher.run(SSLFlowDelegate.java:268) ~[java.net.http:?]
	at jdk.internal.net.http.common.SequentialScheduler$LockingRestartableTask.run(SequentialScheduler.java:205) ~[java.net.http:?]
	at jdk.internal.net.http.common.SequentialScheduler$CompleteRestartableTask.run(SequentialScheduler.java:149) ~[java.net.http:?]
	at jdk.internal.net.http.common.SequentialScheduler$TryEndDeferredCompleter.complete(SequentialScheduler.java:347) ~[java.net.http:?]
	at jdk.internal.net.http.common.SequentialScheduler$CompleteRestartableTask.run(SequentialScheduler.java:151) ~[java.net.http:?]
	at jdk.internal.net.http.common.SequentialScheduler$SchedulableTask.run(SequentialScheduler.java:230) ~[java.net.http:?]
	at java.util.concurrent.ThreadPoolExecutor.runWorker(ThreadPoolExecutor.java:1136) ~[?:?]
	at java.util.concurrent.ThreadPoolExecutor$Worker.run(ThreadPoolExecutor.java:635) ~[?:?]
	at java.lang.Thread.run(Thread.java:842) ~[?:?]
Caused by: sun.security.provider.certpath.SunCertPathBuilderException: unable to find valid certification path to requested target
	at sun.security.provider.certpath.SunCertPathBuilder.build(SunCertPathBuilder.java:148) ~[?:?]
	at sun.security.provider.certpath.SunCertPathBuilder.engineBuild(SunCertPathBuilder.java:129) ~[?:?]
	at java.security.cert.CertPathBuilder.build(CertPathBuilder.java:297) ~[?:?]
	at sun.security.validator.PKIXValidator.doBuild(PKIXValidator.java:434) ~[?:?]
	at sun.security.validator.PKIXValidator.engineValidate(PKIXValidator.java:306) ~[?:?]
	at sun.security.validator.Validator.validate(Validator.java:264) ~[?:?]
	at sun.security.ssl.X509TrustManagerImpl.checkTrusted(X509TrustManagerImpl.java:285) ~[?:?]
	at sun.security.ssl.X509TrustManagerImpl.checkServerTrusted(X509TrustManagerImpl.java:144) ~[?:?]
	at sun.security.ssl.CertificateMessage$T13CertificateConsumer.checkServerCerts(CertificateMessage.java:1329) ~[?:?]
	at sun.security.ssl.CertificateMessage$T13CertificateConsumer.onConsumeCertificate(CertificateMessage.java:1226) ~[?:?]
	at sun.security.ssl.CertificateMessage$T13CertificateConsumer.consume(CertificateMessage.java:1169) ~[?:?]
	at sun.security.ssl.SSLHandshake.consume(SSLHandshake.java:396) ~[?:?]
	at sun.security.ssl.HandshakeContext.dispatch(HandshakeContext.java:480) ~[?:?]
	at sun.security.ssl.SSLEngineImpl$DelegatedTask$DelegatedAction.run(SSLEngineImpl.java:1277) ~[?:?]
	at sun.security.ssl.SSLEngineImpl$DelegatedTask$DelegatedAction.run(SSLEngineImpl.java:1264) ~[?:?]
	at java.security.AccessController.doPrivileged(AccessController.java:712) ~[?:?]
	at sun.security.ssl.SSLEngineImpl$DelegatedTask.run(SSLEngineImpl.java:1209) ~[?:?]
	at java.util.ArrayList.forEach(ArrayList.java:1511) ~[?:?]
	at jdk.internal.net.http.common.SSLFlowDelegate.lambda$executeTasks$3(SSLFlowDelegate.java:1118) ~[java.net.http:?]
	at jdk.internal.net.http.HttpClientImpl$DelegatingExecutor.execute(HttpClientImpl.java:157) ~[java.net.http:?]
	at jdk.internal.net.http.common.SSLFlowDelegate.executeTasks(SSLFlowDelegate.java:1113) ~[java.net.http:?]
	at jdk.internal.net.http.common.SSLFlowDelegate.doHandshake(SSLFlowDelegate.java:1079) ~[java.net.http:?]
	at jdk.internal.net.http.common.SSLFlowDelegate$Reader.processData(SSLFlowDelegate.java:484) ~[java.net.http:?]
	at jdk.internal.net.http.common.SSLFlowDelegate$Reader$ReaderDownstreamPusher.run(SSLFlowDelegate.java:268) ~[java.net.http:?]
	at jdk.internal.net.http.common.SequentialScheduler$LockingRestartableTask.run(SequentialScheduler.java:205) ~[java.net.http:?]
	at jdk.internal.net.http.common.SequentialScheduler$CompleteRestartableTask.run(SequentialScheduler.java:149) ~[java.net.http:?]
	at jdk.internal.net.http.common.SequentialScheduler$TryEndDeferredCompleter.complete(SequentialScheduler.java:347) ~[java.net.http:?]
	at jdk.internal.net.http.common.SequentialScheduler$CompleteRestartableTask.run(SequentialScheduler.java:151) ~[java.net.http:?]
	at jdk.internal.net.http.common.SequentialScheduler$SchedulableTask.run(SequentialScheduler.java:230) ~[java.net.http:?]
	at java.util.concurrent.ThreadPoolExecutor.runWorker(ThreadPoolExecutor.java:1136) ~[?:?]
	at java.util.concurrent.ThreadPoolExecutor$Worker.run(ThreadPoolExecutor.java:635) ~[?:?]
	at java.lang.Thread.run(Thread.java:842) ~[?:?]
[138月2026 18:52:24.003] [Forge Version Check/INFO] [net.minecraftforge.fml.VersionChecker/]: [forge] Starting version check at https://files.minecraftforge.net/net/minecraftforge/forge/promotions_slim.json
[138月2026 18:52:24.263] [main/DEBUG] [com.merlin204.avalon.main.AvalonMOD/]: Avalon自动注册 EntityPatch: epic_fight_avalon:animation_texture_vfx -> VFXEntityPatch
[138月2026 18:52:24.263] [main/DEBUG] [com.merlin204.avalon.main.AvalonMOD/]: Avalon自动注册 EntityPatch: epic_fight_avalon:shake_wave -> VFXEntityPatch
[138月2026 18:52:24.263] [main/DEBUG] [com.merlin204.avalon.main.AvalonMOD/]: Avalon自动注册 EntityPatch: epic_fight_avalon:vfx -> VFXEntityPatch
[138月2026 18:52:24.270] [main/DEBUG] [net.minecraftforge.fml.DeferredWorkQueue/LOADING]: Synchronous work queue completed in 681.4 ms
[138月2026 18:52:24.274] [main/DEBUG] [net.minecraftforge.fml.DeferredWorkQueue/LOADING]: Dispatching synchronous work for work queue ENQUEUE_IMC: 9 jobs
[138月2026 18:52:24.282] [main/DEBUG] [net.minecraftforge.fml.DeferredWorkQueue/LOADING]: Synchronous work queue completed in 8.029 ms
[138月2026 18:52:24.284] [main/DEBUG] [net.minecraftforge.fml.DeferredWorkQueue/LOADING]: Dispatching synchronous work for work queue COMPLETE: 1 jobs
[138月2026 18:52:24.286] [main/DEBUG] [net.minecraftforge.fml.DeferredWorkQueue/LOADING]: Synchronous work queue completed in 2.467 ms
[138月2026 18:52:24.943] [Forge Version Check/DEBUG] [net.minecraftforge.fml.VersionChecker/]: [forge] Received version check data:
{
  "homepage": "https://files.minecraftforge.net/net/minecraftforge/forge/",
  "promos": {
    "1.1-latest": "1.3.4.29",
    "1.2.3-latest": "1.4.1.64",
    "1.2.4-latest": "2.0.0.68",
    "1.2.5-latest": "3.4.9.171",
    "1.3.2-latest": "4.3.5.318",
    "1.4.0-latest": "5.0.0.326",
    "1.4.1-latest": "6.0.0.329",
    "1.4.2-latest": "6.0.1.355",
    "1.4.3-latest": "6.2.1.358",
    "1.4.4-latest": "6.3.0.378",
    "1.4.5-latest": "6.4.2.448",
    "1.4.6-latest": "6.5.0.489",
    "1.4.7-latest": "6.6.2.534",
    "1.5-latest": "7.7.0.598",
    "1.5.1-latest": "7.7.2.682",
    "1.5.2-latest": "7.8.1.738",
    "1.5.2-recommended": "7.8.1.738",
    "1.6.1-latest": "8.9.0.775",
    "1.6.2-latest": "9.10.1.871",
    "1.6.2-recommended": "9.10.1.871",
    "1.6.3-latest": "9.11.0.878",
    "1.6.4-latest": "9.11.1.1345",
    "1.6.4-recommended": "9.11.1.1345",
    "1.7.2-latest": "10.12.2.1161",
    "1.7.2-recommended": "10.12.2.1161",
    "1.7.10-latest": "10.13.4.1614",
    "1.7.10-recommended": "10.13.4.1614",
    "1.8-latest": "11.14.4.1577",
    "1.8-recommended": "11.14.4.1563",
    "1.8.8-latest": "11.15.0.1655",
    "1.8.9-latest": "11.15.1.2318",
    "1.8.9-recommended": "11.15.1.2318",
    "1.9-latest": "12.16.1.1938",
    "1.9-recommended": "12.16.1.1887",
    "1.9.4-latest": "12.17.0.2317",
    "1.9.4-recommended": "12.17.0.2317",
    "1.10-latest": "12.18.0.2000",
    "1.10.2-latest": "12.18.3.2511",
    "1.10.2-recommended": "12.18.3.2511",
    "1.11-latest": "13.19.1.2199",
    "1.11-recommended": "13.19.1.2189",
    "1.11.2-latest": "13.20.1.2588",
    "1.11.2-recommended": "13.20.1.2588",
    "1.12-latest": "14.21.1.2443",
    "1.12-recommended": "14.21.1.2387",
    "1.12.1-latest": "14.22.1.2485",
    "1.12.1-recommended": "14.22.1.2478",
    "1.12.2-latest": "14.23.5.2864",
    "1.12.2-recommended": "14.23.5.2859",
    "1.13.2-latest": "25.0.223",
    "1.14.2-latest": "26.0.63",
    "1.14.3-latest": "27.0.60",
    "1.14.4-latest": "28.2.30",
    "1.14.4-recommended": "28.2.26",
    "1.15-latest": "29.0.4",
    "1.15.1-latest": "30.0.51",
    "1.15.2-latest": "31.2.62",
    "1.15.2-recommended": "31.2.57",
    "1.16.1-latest": "32.0.108",
    "1.16.2-latest": "33.0.61",
    "1.16.3-latest": "34.1.42",
    "1.16.3-recommended": "34.1.0",
    "1.16.4-latest": "35.1.37",
    "1.16.4-recommended": "35.1.4",
    "1.16.5-latest": "36.2.42",
    "1.16.5-recommended": "36.2.34",
    "1.17.1-latest": "37.1.1",
    "1.17.1-recommended": "37.1.1",
    "1.18-latest": "38.0.17",
    "1.18.1-latest": "39.1.2",
    "1.18.1-recommended": "39.1.0",
    "1.18.2-recommended": "40.3.0",
    "1.18.2-latest": "40.3.12",
    "1.19-latest": "41.1.0",
    "1.19-recommended": "41.1.0",
    "1.19.1-latest": "42.0.9",
    "1.19.2-recommended": "43.5.0",
    "1.19.2-latest": "43.5.2",
    "1.19.3-latest": "44.1.23",
    "1.19.3-recommended": "44.1.0",
    "1.19.4-recommended": "45.4.0",
    "1.19.4-latest": "45.4.3",
    "1.20-latest": "46.0.14",
    "1.20.1-recommended": "47.4.10",
    "1.20.1-latest": "47.4.22",
    "1.20.2-latest": "48.1.0",
    "1.20.2-recommended": "48.1.0",
    "1.20.3-latest": "49.0.2",
    "1.20.4-latest": "49.2.8",
    "1.20.4-recommended": "49.2.0",
    "1.20.6-latest": "50.2.10",
    "1.20.6-recommended": "50.2.0",
    "1.21-latest": "51.0.33",
    "1.21.1-latest": "52.1.16",
    "1.21.1-recommended": "52.1.0",
    "1.21.3-latest": "53.1.12",
    "1.21.3-recommended": "53.1.0",
    "1.21.4-latest": "54.1.18",
    "1.21.4-recommended": "54.1.14",
    "1.21.5-latest": "55.1.12",
    "1.21.5-recommended": "55.1.0",
    "1.21.6-latest": "56.0.9",
    "1.21.7-latest": "57.0.3",
    "1.21.8-latest": "58.1.21",
    "1.21.8-recommended": "58.1.0",
    "1.21.9-latest": "59.0.5",
    "1.21.10-latest": "60.1.13",
    "1.21.10-recommended": "60.1.0",
    "1.21.11-latest": "61.2.0",
    "1.21.11-recommended": "61.2.0",
    "26.1-latest": "62.0.9",
    "26.1.1-latest": "63.0.2",
    "26.1.2-latest": "64.1.0",
    "26.1.2-recommended": "64.1.0",
    "26.2-latest": "65.1.1",
    "26.2-recommended": "65.1.0"
  }
}
[138月2026 18:52:24.945] [Forge Version Check/INFO] [net.minecraftforge.fml.VersionChecker/]: [forge] Found status: OUTDATED Current: 47.4.13 Target: 47.4.22
[138月2026 18:52:25.501] [main/INFO] [epicfight/]: Data keys [invincible:down, invincible:parry_timer, invincible:up, invincible:dodge_success_timer, invincible:left, invincible:right, invincible:cooldown] for invincible:combo_demo
[138月2026 18:52:25.502] [main/INFO] [epicfight/]: Data keys [epicfight:combo_counter, epicfight:basic_attack_active] for epicfight:basic_attack
[138月2026 18:52:25.502] [main/INFO] [epicfight/]: Data keys [epicfight:penalty_restore_counter, epicfight:penalty] for epicfight:guard
[138月2026 18:52:25.502] [main/INFO] [epicfight/]: Data keys [epicfight:parry_motion_counter, epicfight:last_active, epicfight:penalty_restore_counter, epicfight:penalty] for epicfight:parrying
[138月2026 18:52:25.503] [main/INFO] [epicfight/]: Data keys [epicfight:penalty_restore_counter, epicfight:penalty] for epicfight:impact_guard
[138月2026 18:52:25.504] [main/INFO] [epicfight/]: Data keys [epicfight:stacks, epicfight:tick_record, epicfight:resisting_damage_type] for epicfight:adaptive_skin
[138月2026 18:52:25.504] [main/INFO] [epicfight/]: Data keys [epicfight:tick_record] for epicfight:adrenaline_fiend
[138月2026 18:52:25.504] [main/INFO] [epicfight/]: Data keys [epicfight:entity_id, epicfight:stacks] for epicfight:bonebreaker
[138月2026 18:52:25.504] [main/INFO] [epicfight/]: Data keys [epicfight:entity_id, epicfight:tick_record] for epicfight:vengeance
[138月2026 18:52:25.504] [main/INFO] [epicfight/]: Data keys [epicfight:fall_distance, epicfight:slam_protect_next_fall] for epicfight:meteor_slam
[138月2026 18:52:25.504] [main/INFO] [epicfight/]: Data keys [epicfight:stacks] for epicfight:revelation
[138月2026 18:52:25.504] [main/INFO] [epicfight/]: Data keys [epicfight:slam_protect_next_fall] for epicfight:demolition_leap
[138月2026 18:52:25.504] [main/INFO] [epicfight/]: Data keys [epicfight:jump_count, epicfight:slam_protect_next_fall, epicfight:jump_key_pressed_last_tick] for epicfight:phantom_ascent
[138月2026 18:52:25.504] [main/INFO] [epicfight/]: Data keys [epicfight:last_hit_count] for epicfight:grasping_spire
[138月2026 18:52:25.505] [main/INFO] [epicfight/]: Data keys [epicfight:sheath] for epicfight:battojutsu_passive
[138月2026 18:52:25.505] [main/INFO] [epicfight/]: Data keys [epicfight:sheath] for epicfight:battojutsu
[138月2026 18:52:25.505] [main/INFO] [epicfight/]: Data keys [epicfight:combo_counter] for epicfight:blade_rush
[138月2026 18:52:25.505] [main/INFO] [epicfight/]: Data keys [epicfight:thrown_trident_entity_id] for epicfight:everlasting_allegiance
[138月2026 18:52:25.505] [main/INFO] [epicfight/]: Data keys [wom:target_id] for wom:ender_obscuris
[138月2026 18:52:25.505] [main/INFO] [epicfight/]: Data keys [wom:timer, wom:dodge, wom:timer_refresh] for wom:dodge_master
[138月2026 18:52:25.505] [main/INFO] [epicfight/]: Data keys [wom:timer, wom:registered_health, wom:cooldown, wom:registered_position, wom:active, wom:dodge, wom:timer_refresh] for wom:time_travel
[138月2026 18:52:25.505] [main/INFO] [epicfight/]: Data keys [wom:cooldown] for wom:punishment_kick
[138月2026 18:52:25.506] [main/INFO] [epicfight/]: Data keys [wom:last_active, epicfight:penalty_restore_counter, wom:parrying, epicfight:penalty, wom:consumprion_value, wom:holding_rmb] for wom:counter_attack
[138月2026 18:52:25.506] [main/INFO] [epicfight/]: Data keys [wom:timer, wom:cooldown, epicfight:penalty_restore_counter, epicfight:penalty, wom:consumprion_value, wom:charge, wom:holding_stance, wom:timer_refresh, wom:vengence_duration] for wom:vengeful_parry
[138月2026 18:52:25.506] [main/INFO] [epicfight/]: Data keys [wom:cooldown, epicfight:penalty_restore_counter, wom:parrying, epicfight:penalty, wom:charge, wom:holding_rmb] for wom:perfect_bulwark
[138月2026 18:52:25.506] [main/INFO] [epicfight/]: Data keys [wom:cycle, wom:charge] for wom:soul_protection
[138月2026 18:52:25.506] [main/INFO] [epicfight/]: Data keys [wom:cycle, wom:charge] for wom:shulker_cloak
[138月2026 18:52:25.506] [main/INFO] [epicfight/]: Data keys [wom:timer, epicfight:penalty_restore_counter, wom:active, epicfight:penalty, wom:holding_rmb] for wom:buster_parade
[138月2026 18:52:25.506] [main/INFO] [epicfight/]: Data keys [wom:timer, wom:active, wom:duree, wom:timer_refresh] for wom:pain_anticipation
[138月2026 18:52:25.506] [main/INFO] [epicfight/]: Data keys [wom:timer, wom:active, wom:duree, wom:timer_refresh] for wom:latent_retribution
[138月2026 18:52:25.506] [main/INFO] [epicfight/]: Data keys [wom:power, wom:rate] for wom:critical_knowledge
[138月2026 18:52:25.506] [main/INFO] [epicfight/]: Data keys [wom:cooldown, wom:recovery_rate, wom:max_shield] for wom:heart_shield
[138月2026 18:52:25.506] [main/INFO] [epicfight/]: Data keys [wom:saved_elapsed_time, wom:melody_index, wom:step] for wom:dancing_blade
[138月2026 18:52:25.506] [main/INFO] [epicfight/]: Data keys [wom:timer, wom:active, wom:duree, wom:cycle, wom:stage, wom:timer_refresh] for wom:meditation
[138月2026 18:52:25.508] [main/INFO] [epicfight/]: Data keys [wom:cooldown] for wom:dopamine
[138月2026 18:52:25.508] [main/INFO] [epicfight/]: Data keys [wom:last_active] for wom:manipulator
[138月2026 18:52:25.509] [main/INFO] [epicfight/]: Data keys [wom:timer, wom:stack, wom:power, wom:rate] for wom:lethal_focus
[138月2026 18:52:25.514] [main/INFO] [epicfight/]: Data keys [wom:timer, wom:jump_key_up, wom:angle, wom:wall_glide, wom:wall_running, wom:timer_refresh] for wom:spider_techniques
[138月2026 18:52:25.514] [main/INFO] [epicfight/]: Data keys [wom:crawling, wom:jump_key_up, wom:cooldown, wom:diving, wom:mermaid_movement, wom:water_dashing, wom:consumprion_value] for wom:aqua_maneuvre
[138月2026 18:52:25.515] [main/INFO] [epicfight/]: Data keys [wom:timer, wom:verso, wom:wall_glide, wom:active, wom:wall_running, wom:consumprion_value, wom:stage, wom:buffing] for wom:natural_sprinter
[138月2026 18:52:25.515] [main/INFO] [epicfight/]: Data keys [wom:timer] for wom:lunatic_vivacity
[138月2026 18:52:25.517] [main/INFO] [epicfight/]: Data keys [wom:timer, wom:registered_health, wom:consumprion_value] for wom:voodoo_magic
[138月2026 18:52:25.517] [main/INFO] [epicfight/]: Data keys [wom:target_id, wom:target_distance] for wom:back_and_forth
[138月2026 18:52:25.518] [main/INFO] [epicfight/]: Data keys [wom:cooldown, wom:combo] for wom:shooting_style
[138月2026 18:52:25.518] [main/INFO] [epicfight/]: Data keys [wom:timer, wom:active] for wom:proximity_exploiter
[138月2026 18:52:25.518] [main/INFO] [epicfight/]: Data keys [wom:timer, wom:stack] for wom:all_eyes_on_you
[138月2026 18:52:25.518] [main/INFO] [epicfight/]: Data keys [wom:timer, wom:stack] for wom:all_eyes_on_me
[138月2026 18:52:25.518] [main/INFO] [epicfight/]: Data keys [wom:timer, wom:cooldown] for wom:avatar_of_might
[138月2026 18:52:25.518] [main/INFO] [epicfight/]: Data keys [wom:attacks, wom:active, wom:stack] for wom:agony_plunge
[138月2026 18:52:25.518] [main/INFO] [epicfight/]: Data keys [wom:timer, wom:movespeed, wom:saved_charge, wom:active, wom:charging_time, wom:charging, wom:charged, wom:charged_attack, wom:holding_rmb, wom:timer_refresh] for wom:torment_passive
[138月2026 18:52:25.518] [main/INFO] [epicfight/]: Data keys [wom:timer, wom:active, wom:timer_refresh] for wom:true_berserk
[138月2026 18:52:25.518] [main/INFO] [epicfight/]: Data keys [wom:stack] for wom:herrscher_passive
[138月2026 18:52:25.518] [main/INFO] [epicfight/]: Data keys [wom:timer, wom:redemptioon, wom:verso, wom:buffed, wom:buffing, wom:strenght, wom:timer_refresh, wom:expiation] for wom:plunder_perdition
[138月2026 18:52:25.518] [main/INFO] [epicfight/]: Data keys [wom:sheath] for wom:satsujin_passive
[138月2026 18:52:25.518] [main/INFO] [epicfight/]: Data keys [wom:timer, wom:cooldown, wom:attacks, wom:active, wom:stack, wom:charging, wom:charge, wom:holding_rmb, wom:frequency, wom:timer_refresh, wom:damage, wom:saved_charge, wom:timedslash, wom:holding_stance, wom:second_draw] for wom:sakura_state
[138月2026 18:52:25.520] [main/INFO] [epicfight/]: Data keys [wom:cooldown, wom:combo, wom:zoom_cooldown, wom:nofalldamage, wom:shoot, wom:reload_cooldown, wom:using_item, wom:zoom, wom:holding_rmb] for wom:ender_blast
[138月2026 18:52:25.520] [main/INFO] [epicfight/]: Data keys [wom:cooldown, wom:combo, wom:zoom_cooldown, wom:nofalldamage, wom:shoot, wom:reload_cooldown, wom:side, wom:using_item, wom:zoom, wom:holding_rmb] for wom:ender_fusion
[138月2026 18:52:25.520] [main/INFO] [epicfight/]: Data keys [wom:cooldown, wom:combo, wom:gesetz_sprengkopf, wom:parrying, wom:charging_time, wom:guard_point_result, wom:guard_point, wom:charged, wom:holding_stance, wom:holding_rmb] for wom:regierung
[138月2026 18:52:25.520] [main/INFO] [epicfight/]: Data keys [wom:timer, wom:echo, wom:lunar_eclipse_stack, wom:timer_refresh, wom:crescent] for wom:lunar_eclipse
[138月2026 18:52:25.520] [main/INFO] [epicfight/]: Data keys [wom:verso, wom:idle] for wom:lunar_echo_passive
[138月2026 18:52:25.521] [main/INFO] [epicfight/]: Data keys [wom:witheraftereffect, wom:zoom_cooldown, wom:darkness_target_reaped, wom:darkness_target, wom:darkness_target_vec, wom:zoom, wom:blackhole_vec, wom:blackhole_active, wom:ascending, wom:shoot_cooldown, wom:shoot, wom:timer, wom:witherccatharsis, wom:active, wom:serius_focus_cooldown, wom:serius_focus, wom:darkness_portal_angle, wom:holding_rmb, wom:timer_refresh, wom:blackhole, wom:darkness_portal_vec, wom:blackhole_timer, wom:darkness_target_hited, wom:darkness_activate_portal, wom:darkness_portal_timer] for wom:demonic_ascension
[138月2026 18:52:25.521] [main/INFO] [epicfight/]: Data keys [wom:catharsis, wom:blink, wom:basic_attack, wom:particle, wom:lapse, wom:idle, wom:withercurse] for wom:demon_mark_passive
[138月2026 18:52:25.522] [main/INFO] [epicfight/]: Data keys [wom:timer, wom:heat_level, wom:particle, wom:charging, wom:timed_attack, wom:cycle, wom:charge, wom:holding_rmb, wom:timer_refresh, wom:stored_heat_level, wom:solar_obscuridad, wom:solar_infernio, wom:heating_speed, wom:solar_crematorio, wom:solar_obscuridad_ta_timer] for wom:solar_arcano
[138月2026 18:52:25.522] [main/INFO] [epicfight/]: Data keys [wom:timer, wom:heat_level, wom:particle, wom:charging, wom:timed_attack, wom:cycle, wom:charge, wom:timer_refresh, wom:stored_heat_level, wom:solar_obscuridad, wom:solar_infernio, wom:heating_speed, wom:solar_crematorio, wom:solar_obscuridad_ta_timer] for wom:solar_passive
[138月2026 18:52:25.522] [main/INFO] [epicfight/]: Data keys [wom:serius_focus_cooldown, wom:serius_focus] for wom:rechargement
[138月2026 18:52:25.522] [main/INFO] [epicfight/]: Data keys [wom:shell_delay, wom:active, wom:bullet_overloaded, wom:cycle, wom:super_reload, wom:charged, wom:bullet_loaded_old, wom:charge, wom:bullet_loaded, wom:shell_anim, wom:shell_number] for wom:napoleon_passive
[138月2026 18:52:25.522] [main/INFO] [epicfight/]: Data keys [efn:scythe_sheath, efn:scythe_blood_power] for efn:scythe_skill
[138月2026 18:52:25.522] [main/INFO] [epicfight/]: Data keys [efn:thornwheel_loop, efn:thornwheel_loop_available, efn:press_innate] for efn:thornwheel
[138月2026 18:52:25.523] [main/INFO] [epicfight/]: Data keys [efn:jump_key_pressed_last_tick, efn:jump_count, efn:murasama_forward_dodge] for efn:murasama_dodge
[138月2026 18:52:25.523] [main/INFO] [epicfight/]: Data keys [efn:puncture_increment, efn:max_puncture_chance, efn:current_puncture_chance, efn:base_puncture_chance] for efn:parry_master
[138月2026 18:52:25.524] [main/INFO] [epicfight/]: Data keys [efn:defense_start_tick, efn:buff_active, efn:buff_end_tick] for efn:precise_parry
[138月2026 18:52:25.524] [main/INFO] [epicfight/]: Data keys [efn:cooldown_1, efn:cooldown, efn:cooldown_2] for efn:judgementcutend
[138月2026 18:52:25.524] [main/INFO] [epicfight/]: Data keys [efn:cooldown_1, efn:cooldown, efn:cooldown_2] for efn:stomp
[138月2026 18:52:25.524] [main/INFO] [epicfight/]: Data keys [efn:murasama_pair_flag, efn:arts_key, efn:murasama_zandatsu_end_time, efn:murasama_zansetsu_active, efn:murasama_zansetsu_timer, efn:murasama_zansetsu_end_time, efn:murasama_zandatsu_available, efn:murasama_key_right_down, efn:murasama_zansetsu_input_mode, efn:murasama_input_mode_switch_pressed, efn:murasama_last_triggered_sector, efn:murasama_left_mouse_pressed, efn:murasama_zansetsu_sector, efn:murasama_zandatsu_start_time, efn:arts_key_pressed, efn:murasama_zansetsu_slash_release, efn:murasama_key_left_down, efn:murasama_opposite_triggered, efn:murasama_zansetsu_attack_counter, efn:murasama_zansetsu_start_time] for efn:zansetsu
[138月2026 18:52:25.525] [main/INFO] [epicfight/]: Data keys [efn:cooldown_1, efn:cooldown, efn:cooldown_2] for efn:execution
[138月2026 18:52:25.525] [main/INFO] [epicfight/]: Data keys [efn:efn_first_shake, efn:efn_parry_motion_counter, efn:efn_shake_detected, efn:efn_last_active, epicfight:penalty_restore_counter, efn:efn_last_parry_time, efn:efn_delay_protection_end, efn:efn_last_guard_start_tick, efn:efn_last_successful_defense_tick, efn:efn_starting_parry, efn:efn_shake_penalty_count, epicfight:penalty] for efn:efn_parry
[138月2026 18:52:25.525] [main/INFO] [epicfight/]: Data keys [efn:efn_first_shake, efn:efn_parry_motion_counter, efn:efn_shake_detected, efn:efn_last_active, epicfight:penalty_restore_counter, efn:efn_last_parry_time, efn:efn_delay_protection_end, efn:efn_last_guard_start_tick, efn:efn_last_successful_defense_tick, efn:efn_starting_parry, efn:efn_shake_penalty_count, epicfight:penalty] for efn:murasama_parry
[138月2026 18:52:25.525] [main/INFO] [epicfight/]: Data keys [efn:arts_key, efn:arts_input_buffer, efn:sekiro_art_index, efn:arts_key_pressed, efn:cooldown_1, efn:cooldown, efn:cooldown_2] for efn:mortal_blade
[138月2026 18:52:25.526] [main/INFO] [epicfight/]: Data keys [efn:have_doppelganger, invincible:up, efn:pressing_key1, invincible:left, efn:angel_key, invincible:right, efn:charge_stage, efn:press_innate, efn:is_pressing, efn:charge_ticks, efn:arts_key_pressed, efn:charge_message, efn:pressing_key3, efn:doppelganger_style, efn:key2_press_timer, efn:pressing_key2, efn:cooldown, efn:was_long_pressed, efn:sneak_key, efn:press_key4, efn:key3_press_timer, efn:doppelganger_delay, efn:sprint_key, efn:up_key, invincible:down, efn:cooldown_2, efn:pressing_innate, efn:press_key1, efn:guard_key, efn:is_charging, efn:energy_check, efn:down_key, efn:doppelganger_tick, efn:full_charge_message, efn:charge_power, efn:cooldown_1, efn:combo_counter, efn:press_key2, efn:innate_press_timer, efn:pressing_key4, efn:key1_press_timer, invincible:cooldown, efn:arts_key, efn:press_doppelganger, efn:press_key3, efn:jump_key, efn:press_summon_sword, efn:demon_key, efn:key4_press_timer, efn:force_release, invincible:parry_timer, invincible:dodge_success_timer] for efn:yamato
[138月2026 18:52:25.526] [main/INFO] [epicfight/]: Data keys [efn:doppelganger_delay, efn:doppelganger_style, efn:have_doppelganger, efn:parry_cooldown, efn:stun_cooldown, efn:doppelganger_tick] for efn:yamato_passive
[138月2026 18:52:25.527] [main/INFO] [epicfight/]: Data keys [invincible:up, efn:pressing_key1, invincible:left, efn:angel_key, invincible:right, efn:is_replay_damage, efn:charge_stage, efn:press_innate, efn:is_pressing, efn:charge_ticks, efn:arts_key_pressed, efn:replay_enhanced, efn:charge_message, efn:pressing_key3, efn:key2_press_timer, efn:pressing_key2, efn:cooldown, efn:was_long_pressed, efn:sneak_key, efn:press_key4, efn:key3_press_timer, efn:sprint_key, efn:up_key, invincible:down, efn:cooldown_2, efn:pressing_innate, efn:press_key1, efn:guard_key, efn:is_charging, efn:energy_check, efn:down_key, efn:full_charge_message, efn:damage_history, efn:charge_power, efn:cooldown_1, efn:combo_counter, efn:press_key2, efn:innate_press_timer, efn:pressing_key4, efn:key1_press_timer, invincible:cooldown, efn:arts_key, efn:press_key3, efn:jump_key, efn:press_summon_sword, efn:demon_key, efn:key4_press_timer, efn:force_release, invincible:parry_timer, invincible:dodge_success_timer] for efn:shortsword
[138月2026 18:52:25.529] [main/INFO] [epicfight/]: Data keys [efn:press_key1, efn:guard_key, invincible:up, efn:pressing_key1, efn:is_charging, efn:energy_check, invincible:left, efn:angel_key, invincible:right, efn:down_key, efn:charge_stage, efn:press_innate, efn:full_charge_message, efn:is_pressing, efn:charge_ticks, efn:arts_key_pressed, efn:charge_power, efn:cooldown_1, efn:combo_counter, efn:press_key2, efn:innate_press_timer, efn:charge_message, efn:pressing_key3, efn:pressing_key4, efn:key1_press_timer, invincible:cooldown, efn:arts_key, efn:press_key3, efn:key2_press_timer, efn:pressing_key2, efn:cooldown, efn:was_long_pressed, efn:jump_key, efn:sneak_key, efn:press_key4, efn:press_summon_sword, efn:demon_key, efn:key3_press_timer, efn:key4_press_timer, efn:sprint_key, efn:up_key, efn:force_release, invincible:down, invincible:parry_timer, invincible:dodge_success_timer, efn:cooldown_2, efn:pressing_innate] for efn:ruinsgreatsword
[138月2026 18:52:25.529] [main/INFO] [epicfight/]: Data keys [efn:press_key1, efn:guard_key, invincible:up, efn:pressing_key1, efn:is_charging, efn:energy_check, invincible:left, efn:angel_key, invincible:right, efn:down_key, efn:charge_stage, efn:press_innate, efn:full_charge_message, efn:is_pressing, efn:charge_ticks, efn:arts_key_pressed, efn:charge_power, efn:cooldown_1, efn:combo_counter, efn:press_key2, efn:innate_press_timer, efn:charge_message, efn:pressing_key3, efn:pressing_key4, efn:key1_press_timer, invincible:cooldown, efn:arts_key, efn:press_key3, efn:key2_press_timer, efn:pressing_key2, efn:cooldown, efn:was_long_pressed, efn:jump_key, efn:sneak_key, efn:press_key4, efn:press_summon_sword, efn:demon_key, efn:key3_press_timer, efn:key4_press_timer, efn:sprint_key, efn:up_key, efn:force_release, invincible:down, invincible:parry_timer, invincible:dodge_success_timer, efn:cooldown_2, efn:pressing_innate] for efn:pioneer
[138月2026 18:52:25.530] [main/INFO] [epicfight/]: Data keys [invincible:up, efn:manual_unsheath, efn:pressing_key1, invincible:left, efn:murasama_zansetsu_active, efn:angel_key, invincible:right, efn:murasama_zansetsu_input_mode, efn:charge_stage, efn:press_innate, efn:is_pressing, efn:charge_ticks, efn:arts_key_pressed, efn:murasama_key_left_down, efn:charge_message, efn:pressing_key3, efn:murasama_zansetsu_attack_counter, efn:murasama_zandatsu_end_time, efn:key2_press_timer, efn:murasama_zansetsu_timer, efn:pressing_key2, efn:murasama_zandatsu_available, efn:cooldown, efn:murasama_air_borne, efn:was_long_pressed, efn:sneak_key, efn:press_key4, efn:key3_press_timer, efn:murasama_left_mouse_pressed, efn:murasama_zansetsu_sector, efn:sprint_key, efn:up_key, invincible:down, efn:cooldown_2, efn:pressing_innate, efn:murasama_forward_dodge, efn:murasama_pair_flag, efn:press_key1, efn:guard_key, efn:is_charging, efn:energy_check, efn:down_key, efn:murasama_key_right_down, efn:full_charge_message, efn:murasama_zandatsu_start_time, efn:murasama_sheath_timer, efn:murasama_zansetsu_slash_release, efn:charge_power, efn:cooldown_1, efn:combo_counter, efn:press_key2, efn:innate_press_timer, efn:pressing_key4, efn:key1_press_timer, invincible:cooldown, efn:arts_key, efn:press_key3, efn:murasama_sheath, efn:murasama_zansetsu_end_time, efn:jump_key, efn:murasama_input_mode_switch_pressed, efn:press_summon_sword, efn:murasama_last_triggered_sector, efn:demon_key, efn:key4_press_timer, efn:force_release, invincible:parry_timer, invincible:dodge_success_timer, efn:sprint_sheath_timer, efn:murasama_opposite_triggered, efn:murasama_zansetsu_start_time] for efn:murasama
[138月2026 18:52:25.532] [main/INFO] [epicfight/]: Data keys [efn:murasama_pair_flag, efn:forward_backward_success, efn:forward_backward_timer, efn:manual_unsheath, efn:jump_key_pressed_last_tick, efn:murasama_zansetsu_active, efn:forward_pressed_last_tick, efn:is_double_tap_sprint, efn:murasama_key_right_down, efn:murasama_zansetsu_input_mode, efn:murasama_zandatsu_start_time, efn:up_key_pressed_last_tick, efn:forward_backward_end_tick, efn:murasama_sheath_timer, efn:murasama_zansetsu_slash_release, efn:murasama_key_left_down, efn:murasama_zansetsu_attack_counter, efn:jump_count, efn:was_double_tap_sprint, efn:backward_pressed_last_tick, efn:forward_backward_remaining_ticks, efn:murasama_zandatsu_end_time, efn:murasama_sheath, efn:forward_backward_window_active, efn:murasama_zansetsu_timer, efn:murasama_zansetsu_end_time, efn:murasama_zandatsu_available, efn:murasama_input_mode_switch_pressed, efn:murasama_last_triggered_sector, efn:murasama_left_mouse_pressed, efn:murasama_zansetsu_sector, efn:double_tap_timer, efn:sprint_sheath_timer, efn:murasama_opposite_triggered, efn:murasama_zansetsu_start_time, efn:murasama_forward_dodge] for efn:murasama_passive
[138月2026 18:52:25.533] [main/INFO] [epicfight/]: Data keys [efn:press_key1, efn:guard_key, invincible:up, efn:pressing_key1, efn:is_charging, efn:energy_check, invincible:left, efn:angel_key, invincible:right, efn:down_key, efn:charge_stage, efn:press_innate, efn:full_charge_message, efn:is_pressing, efn:charge_ticks, efn:arts_key_pressed, efn:charge_power, efn:cooldown_1, efn:combo_counter, efn:press_key2, efn:innate_press_timer, efn:charge_message, efn:pressing_key3, efn:pressing_key4, efn:key1_press_timer, invincible:cooldown, efn:arts_key, efn:press_key3, efn:key2_press_timer, efn:pressing_key2, efn:cooldown, efn:was_long_pressed, efn:jump_key, efn:sneak_key, efn:press_key4, efn:press_summon_sword, efn:demon_key, efn:key3_press_timer, efn:key4_press_timer, efn:sprint_key, efn:up_key, efn:force_release, invincible:down, invincible:parry_timer, invincible:dodge_success_timer, efn:cooldown_2, efn:pressing_innate] for efn:meenlance
[138月2026 18:52:25.544] [main/INFO] [epicfight/]: Data keys [efn:press_key1, efn:guard_key, invincible:up, efn:pressing_key1, efn:is_charging, efn:energy_check, invincible:left, efn:angel_key, invincible:right, efn:down_key, efn:charge_stage, efn:press_innate, efn:full_charge_message, efn:is_pressing, efn:charge_ticks, efn:arts_key_pressed, efn:charge_power, efn:cooldown_1, efn:combo_counter, efn:press_key2, efn:innate_press_timer, efn:charge_message, efn:pressing_key3, efn:pressing_key4, efn:key1_press_timer, invincible:cooldown, efn:arts_key, efn:press_key3, efn:key2_press_timer, efn:pressing_key2, efn:cooldown, efn:was_long_pressed, efn:jump_key, efn:sneak_key, efn:press_key4, efn:press_summon_sword, efn:demon_key, efn:key3_press_timer, efn:key4_press_timer, efn:sprint_key, efn:up_key, efn:force_release, invincible:down, invincible:parry_timer, invincible:dodge_success_timer, efn:cooldown_2, efn:pressing_innate] for efn:kusabimaru
[138月2026 18:52:25.545] [main/INFO] [epicfight/]: Data keys [invincible:up, efn:manual_unsheath, efn:pressing_key1, invincible:left, efn:murasama_zansetsu_active, efn:angel_key, invincible:right, efn:murasama_zansetsu_input_mode, efn:charge_stage, efn:press_innate, efn:is_pressing, efn:charge_ticks, efn:arts_key_pressed, efn:murasama_key_left_down, efn:charge_message, efn:pressing_key3, efn:murasama_zansetsu_attack_counter, efn:murasama_zandatsu_end_time, efn:key2_press_timer, efn:murasama_zansetsu_timer, efn:pressing_key2, efn:murasama_zandatsu_available, efn:cooldown, efn:murasama_air_borne, efn:was_long_pressed, efn:sneak_key, efn:press_key4, efn:key3_press_timer, efn:murasama_left_mouse_pressed, efn:murasama_zansetsu_sector, efn:sprint_key, efn:up_key, invincible:down, efn:cooldown_2, efn:pressing_innate, efn:murasama_forward_dodge, efn:murasama_pair_flag, efn:press_key1, efn:guard_key, efn:is_charging, efn:energy_check, efn:down_key, efn:murasama_key_right_down, efn:full_charge_message, efn:murasama_zandatsu_start_time, efn:murasama_sheath_timer, efn:murasama_zansetsu_slash_release, efn:charge_power, efn:cooldown_1, efn:combo_counter, efn:press_key2, efn:innate_press_timer, efn:pressing_key4, efn:key1_press_timer, invincible:cooldown, efn:arts_key, efn:press_key3, efn:murasama_sheath, efn:murasama_zansetsu_end_time, efn:jump_key, efn:murasama_input_mode_switch_pressed, efn:press_summon_sword, efn:murasama_last_triggered_sector, efn:demon_key, efn:key4_press_timer, efn:force_release, invincible:parry_timer, invincible:dodge_success_timer, efn:sprint_sheath_timer, efn:murasama_opposite_triggered, efn:murasama_zansetsu_start_time] for efn:hf_blade
[138月2026 18:52:25.546] [main/INFO] [epicfight/]: Data keys [efn:murasama_pair_flag, efn:forward_backward_success, efn:forward_backward_timer, efn:manual_unsheath, efn:jump_key_pressed_last_tick, efn:murasama_zansetsu_active, efn:forward_pressed_last_tick, efn:is_double_tap_sprint, efn:murasama_key_right_down, efn:murasama_zansetsu_input_mode, efn:murasama_zandatsu_start_time, efn:up_key_pressed_last_tick, efn:forward_backward_end_tick, efn:murasama_sheath_timer, efn:murasama_zansetsu_slash_release, efn:murasama_key_left_down, efn:murasama_zansetsu_attack_counter, efn:jump_count, efn:was_double_tap_sprint, efn:backward_pressed_last_tick, efn:forward_backward_remaining_ticks, efn:murasama_zandatsu_end_time, efn:murasama_sheath, efn:forward_backward_window_active, efn:murasama_zansetsu_timer, efn:murasama_zansetsu_end_time, efn:murasama_zandatsu_available, efn:murasama_input_mode_switch_pressed, efn:murasama_last_triggered_sector, efn:murasama_left_mouse_pressed, efn:murasama_zansetsu_sector, efn:double_tap_timer, efn:sprint_sheath_timer, efn:murasama_opposite_triggered, efn:murasama_zansetsu_start_time, efn:murasama_forward_dodge] for efn:hf_blade_passive
[138月2026 18:52:25.546] [main/INFO] [epicfight/]: Data keys [efn:press_key1, efn:guard_key, invincible:up, efn:pressing_key1, efn:is_charging, efn:energy_check, invincible:left, efn:angel_key, invincible:right, efn:down_key, efn:charge_stage, efn:press_innate, efn:full_charge_message, efn:is_pressing, efn:charge_ticks, efn:arts_key_pressed, efn:charge_power, efn:cooldown_1, efn:combo_counter, efn:press_key2, efn:innate_press_timer, efn:charge_message, efn:pressing_key3, efn:pressing_key4, efn:key1_press_timer, invincible:cooldown, efn:arts_key, efn:press_key3, efn:key2_press_timer, efn:pressing_key2, efn:cooldown, efn:was_long_pressed, efn:jump_key, efn:sneak_key, efn:press_key4, efn:press_summon_sword, efn:demon_key, efn:key3_press_timer, efn:key4_press_timer, efn:sprint_key, efn:up_key, efn:force_release, invincible:down, invincible:parry_timer, invincible:dodge_success_timer, efn:cooldown_2, efn:pressing_innate] for efn:exsiliumgladius
[138月2026 18:52:25.547] [main/INFO] [epicfight/]: Data keys [invincible:down, invincible:parry_timer, invincible:up, invincible:dodge_success_timer, invincible:left, invincible:right, invincible:cooldown] for efn:examplecombo
[138月2026 18:52:25.547] [main/INFO] [epicfight/]: Data keys [efn:press_key1, efn:guard_key, invincible:up, efn:pressing_key1, efn:is_charging, efn:energy_check, invincible:left, efn:angel_key, invincible:right, efn:down_key, efn:charge_stage, efn:press_innate, efn:full_charge_message, efn:is_pressing, efn:charge_ticks, efn:arts_key_pressed, efn:charge_power, efn:cooldown_1, efn:combo_counter, efn:press_key2, efn:innate_press_timer, efn:charge_message, efn:pressing_key3, efn:pressing_key4, efn:key1_press_timer, invincible:cooldown, efn:arts_key, efn:press_key3, efn:key2_press_timer, efn:pressing_key2, efn:cooldown, efn:was_long_pressed, efn:jump_key, efn:sneak_key, efn:press_key4, efn:press_summon_sword, efn:demon_key, efn:key3_press_timer, efn:key4_press_timer, efn:sprint_key, efn:up_key, efn:force_release, invincible:down, invincible:parry_timer, invincible:dodge_success_timer, efn:cooldown_2, efn:pressing_innate] for efn:crescentmoon
[138月2026 18:52:25.547] [main/INFO] [epicfight/]: Data keys [efn:press_key1, efn:guard_key, invincible:up, efn:pressing_key1, efn:is_charging, efn:energy_check, invincible:left, efn:angel_key, invincible:right, efn:down_key, efn:charge_stage, efn:press_innate, efn:full_charge_message, efn:is_pressing, efn:charge_ticks, efn:arts_key_pressed, efn:charge_power, efn:cooldown_1, efn:combo_counter, efn:press_key2, efn:innate_press_timer, efn:charge_message, efn:pressing_key3, efn:pressing_key4, efn:key1_press_timer, invincible:cooldown, efn:arts_key, efn:press_key3, efn:key2_press_timer, efn:pressing_key2, efn:cooldown, efn:was_long_pressed, efn:jump_key, efn:sneak_key, efn:press_key4, efn:press_summon_sword, efn:demon_key, efn:key3_press_timer, efn:key4_press_timer, efn:sprint_key, efn:up_key, efn:force_release, invincible:down, invincible:parry_timer, invincible:dodge_success_timer, efn:cooldown_2, efn:pressing_innate] for efn:broadblade
[138月2026 18:52:25.547] [main/INFO] [epicfight/]: Data keys [efn:press_key1, efn:guard_key, invincible:up, efn:pressing_key1, efn:is_charging, efn:energy_check, invincible:left, efn:angel_key, invincible:right, efn:down_key, efn:charge_stage, efn:press_innate, efn:full_charge_message, efn:is_pressing, efn:charge_ticks, efn:arts_key_pressed, efn:charge_power, efn:cooldown_1, efn:combo_counter, efn:press_key2, efn:innate_press_timer, efn:charge_message, efn:pressing_key3, efn:pressing_key4, efn:key1_press_timer, invincible:cooldown, efn:arts_key, efn:press_key3, efn:key2_press_timer, efn:pressing_key2, efn:cooldown, efn:was_long_pressed, efn:jump_key, efn:sneak_key, efn:press_key4, efn:press_summon_sword, efn:demon_key, efn:key3_press_timer, efn:key4_press_timer, efn:sprint_key, efn:up_key, efn:force_release, invincible:down, invincible:parry_timer, invincible:dodge_success_timer, efn:cooldown_2, efn:pressing_innate] for efn:bloodlust
[138月2026 18:52:25.548] [main/INFO] [epicfight/]: Data keys [efn:press_key1, efn:guard_key, invincible:up, efn:pressing_key1, efn:is_charging, efn:energy_check, invincible:left, efn:angel_key, invincible:right, efn:down_key, efn:charge_stage, efn:press_innate, efn:full_charge_message, efn:is_pressing, efn:charge_ticks, efn:arts_key_pressed, efn:charge_power, efn:cooldown_1, efn:combo_counter, efn:press_key2, efn:innate_press_timer, efn:charge_message, efn:pressing_key3, efn:pressing_key4, efn:key1_press_timer, invincible:cooldown, efn:arts_key, efn:press_key3, efn:key2_press_timer, efn:pressing_key2, efn:cooldown, efn:was_long_pressed, efn:jump_key, efn:sneak_key, efn:press_key4, efn:press_summon_sword, efn:demon_key, efn:key3_press_timer, efn:key4_press_timer, efn:sprint_key, efn:up_key, efn:force_release, invincible:down, invincible:parry_timer, invincible:dodge_success_timer, efn:cooldown_2, efn:pressing_innate] for efn:beastclaw
[138月2026 18:52:25.551] [main/INFO] [epicfight/]: Data keys [efn:press_key1, efn:guard_key, invincible:up, efn:pressing_key1, efn:is_charging, efn:energy_check, invincible:left, efn:angel_key, invincible:right, efn:down_key, efn:charge_stage, efn:press_innate, efn:full_charge_message, efn:is_pressing, efn:charge_ticks, efn:arts_key_pressed, efn:charge_power, efn:cooldown_1, efn:combo_counter, efn:press_key2, efn:innate_press_timer, efn:charge_message, efn:pressing_key3, efn:pressing_key4, efn:key1_press_timer, invincible:cooldown, efn:arts_key, efn:press_key3, efn:key2_press_timer, efn:pressing_key2, efn:cooldown, efn:was_long_pressed, efn:jump_key, efn:sneak_key, efn:press_key4, efn:press_summon_sword, efn:demon_key, efn:key3_press_timer, efn:key4_press_timer, efn:sprint_key, efn:up_key, efn:force_release, invincible:down, invincible:parry_timer, invincible:dodge_success_timer, efn:cooldown_2, efn:pressing_innate] for efn:aetherialdusk
[138月2026 18:52:25.554] [main/INFO] [epicfight/]: Data keys [annoyingvillagers:is_trident_ranged_mode, annoyingvillagers:trident_amount] for annoyingvillagers:trident_festival
[138月2026 18:52:25.639] [main/INFO] [com.mojang.authlib.yggdrasil.YggdrasilAuthenticationService/]: Environment: authHost='https://authserver.mojang.com', accountsHost='https://api.mojang.com', sessionHost='https://sessionserver.mojang.com', servicesHost='https://api.minecraftservices.com', name='PROD'
[138月2026 18:52:26.635] [main/INFO] [epicfight/]: Data keys [invincible:down, invincible:parry_timer, invincible:up, invincible:dodge_success_timer, invincible:left, invincible:right, invincible:cooldown] for invincible:combo_demo
[138月2026 18:52:26.635] [main/INFO] [epicfight/]: Data keys [epicfight:combo_counter, epicfight:basic_attack_active] for epicfight:basic_attack
[138月2026 18:52:26.636] [main/INFO] [epicfight/]: Data keys [epicfight:penalty_restore_counter, epicfight:penalty] for epicfight:guard
[138月2026 18:52:26.636] [main/INFO] [epicfight/]: Data keys [epicfight:parry_motion_counter, epicfight:last_active, epicfight:penalty_restore_counter, epicfight:penalty] for epicfight:parrying
[138月2026 18:52:26.636] [main/INFO] [epicfight/]: Data keys [epicfight:penalty_restore_counter, epicfight:penalty] for epicfight:impact_guard
[138月2026 18:52:26.636] [main/INFO] [epicfight/]: Data keys [epicfight:stacks, epicfight:tick_record, epicfight:resisting_damage_type] for epicfight:adaptive_skin
[138月2026 18:52:26.636] [main/INFO] [epicfight/]: Data keys [epicfight:tick_record] for epicfight:adrenaline_fiend
[138月2026 18:52:26.636] [main/INFO] [epicfight/]: Data keys [epicfight:entity_id, epicfight:stacks] for epicfight:bonebreaker
[138月2026 18:52:26.636] [main/INFO] [epicfight/]: Data keys [epicfight:entity_id, epicfight:tick_record] for epicfight:vengeance
[138月2026 18:52:26.636] [main/INFO] [epicfight/]: Data keys [epicfight:fall_distance, epicfight:slam_protect_next_fall] for epicfight:meteor_slam
[138月2026 18:52:26.636] [main/INFO] [epicfight/]: Data keys [epicfight:stacks] for epicfight:revelation
[138月2026 18:52:26.636] [main/INFO] [epicfight/]: Data keys [epicfight:slam_protect_next_fall] for epicfight:demolition_leap
[138月2026 18:52:26.636] [main/INFO] [epicfight/]: Data keys [epicfight:jump_count, epicfight:slam_protect_next_fall, epicfight:jump_key_pressed_last_tick] for epicfight:phantom_ascent
[138月2026 18:52:26.636] [main/INFO] [epicfight/]: Data keys [epicfight:last_hit_count] for epicfight:grasping_spire
[138月2026 18:52:26.636] [main/INFO] [epicfight/]: Data keys [epicfight:sheath] for epicfight:battojutsu_passive
[138月2026 18:52:26.636] [main/INFO] [epicfight/]: Data keys [epicfight:sheath] for epicfight:battojutsu
[138月2026 18:52:26.636] [main/INFO] [epicfight/]: Data keys [epicfight:combo_counter] for epicfight:blade_rush
[138月2026 18:52:26.637] [main/INFO] [epicfight/]: Data keys [epicfight:thrown_trident_entity_id] for epicfight:everlasting_allegiance
[138月2026 18:52:26.637] [main/INFO] [epicfight/]: Data keys [wom:target_id] for wom:ender_obscuris
[138月2026 18:52:26.637] [main/INFO] [epicfight/]: Data keys [wom:timer, wom:dodge, wom:timer_refresh] for wom:dodge_master
[138月2026 18:52:26.637] [main/INFO] [epicfight/]: Data keys [wom:timer, wom:registered_health, wom:cooldown, wom:registered_position, wom:active, wom:dodge, wom:timer_refresh] for wom:time_travel
[138月2026 18:52:26.637] [main/INFO] [epicfight/]: Data keys [wom:cooldown] for wom:punishment_kick
[138月2026 18:52:26.637] [main/INFO] [epicfight/]: Data keys [wom:last_active, epicfight:penalty_restore_counter, wom:parrying, epicfight:penalty, wom:consumprion_value, wom:holding_rmb] for wom:counter_attack
[138月2026 18:52:26.638] [main/INFO] [epicfight/]: Data keys [wom:timer, wom:cooldown, epicfight:penalty_restore_counter, epicfight:penalty, wom:consumprion_value, wom:charge, wom:holding_stance, wom:timer_refresh, wom:vengence_duration] for wom:vengeful_parry
[138月2026 18:52:26.638] [main/INFO] [epicfight/]: Data keys [wom:cooldown, epicfight:penalty_restore_counter, wom:parrying, epicfight:penalty, wom:charge, wom:holding_rmb] for wom:perfect_bulwark
[138月2026 18:52:26.638] [main/INFO] [epicfight/]: Data keys [wom:cycle, wom:charge] for wom:soul_protection
[138月2026 18:52:26.638] [main/INFO] [epicfight/]: Data keys [wom:cycle, wom:charge] for wom:shulker_cloak
[138月2026 18:52:26.638] [main/INFO] [epicfight/]: Data keys [wom:timer, epicfight:penalty_restore_counter, wom:active, epicfight:penalty, wom:holding_rmb] for wom:buster_parade
[138月2026 18:52:26.638] [main/INFO] [epicfight/]: Data keys [wom:timer, wom:active, wom:duree, wom:timer_refresh] for wom:pain_anticipation
[138月2026 18:52:26.638] [main/INFO] [epicfight/]: Data keys [wom:timer, wom:active, wom:duree, wom:timer_refresh] for wom:latent_retribution
[138月2026 18:52:26.638] [main/INFO] [epicfight/]: Data keys [wom:power, wom:rate] for wom:critical_knowledge
[138月2026 18:52:26.638] [main/INFO] [epicfight/]: Data keys [wom:cooldown, wom:recovery_rate, wom:max_shield] for wom:heart_shield
[138月2026 18:52:26.638] [main/INFO] [epicfight/]: Data keys [wom:saved_elapsed_time, wom:melody_index, wom:step] for wom:dancing_blade
[138月2026 18:52:26.638] [main/INFO] [epicfight/]: Data keys [wom:timer, wom:active, wom:duree, wom:cycle, wom:stage, wom:timer_refresh] for wom:meditation
[138月2026 18:52:26.638] [main/INFO] [epicfight/]: Data keys [wom:cooldown] for wom:dopamine
[138月2026 18:52:26.638] [main/INFO] [epicfight/]: Data keys [wom:last_active] for wom:manipulator
[138月2026 18:52:26.638] [main/INFO] [epicfight/]: Data keys [wom:timer, wom:stack, wom:power, wom:rate] for wom:lethal_focus
[138月2026 18:52:26.638] [main/INFO] [epicfight/]: Data keys [wom:timer, wom:jump_key_up, wom:angle, wom:wall_glide, wom:wall_running, wom:timer_refresh] for wom:spider_techniques
[138月2026 18:52:26.639] [main/INFO] [epicfight/]: Data keys [wom:crawling, wom:jump_key_up, wom:cooldown, wom:diving, wom:mermaid_movement, wom:water_dashing, wom:consumprion_value] for wom:aqua_maneuvre
[138月2026 18:52:26.639] [main/INFO] [epicfight/]: Data keys [wom:timer, wom:verso, wom:wall_glide, wom:active, wom:wall_running, wom:consumprion_value, wom:stage, wom:buffing] for wom:natural_sprinter
[138月2026 18:52:26.639] [main/INFO] [epicfight/]: Data keys [wom:timer] for wom:lunatic_vivacity
[138月2026 18:52:26.639] [main/INFO] [epicfight/]: Data keys [wom:timer, wom:registered_health, wom:consumprion_value] for wom:voodoo_magic
[138月2026 18:52:26.639] [main/INFO] [epicfight/]: Data keys [wom:target_id, wom:target_distance] for wom:back_and_forth
[138月2026 18:52:26.639] [main/INFO] [epicfight/]: Data keys [wom:cooldown, wom:combo] for wom:shooting_style
[138月2026 18:52:26.639] [main/INFO] [epicfight/]: Data keys [wom:timer, wom:active] for wom:proximity_exploiter
[138月2026 18:52:26.639] [main/INFO] [epicfight/]: Data keys [wom:timer, wom:stack] for wom:all_eyes_on_you
[138月2026 18:52:26.639] [main/INFO] [epicfight/]: Data keys [wom:timer, wom:stack] for wom:all_eyes_on_me
[138月2026 18:52:26.639] [main/INFO] [epicfight/]: Data keys [wom:timer, wom:cooldown] for wom:avatar_of_might
[138月2026 18:52:26.639] [main/INFO] [epicfight/]: Data keys [wom:attacks, wom:active, wom:stack] for wom:agony_plunge
[138月2026 18:52:26.640] [main/INFO] [epicfight/]: Data keys [wom:timer, wom:movespeed, wom:saved_charge, wom:active, wom:charging_time, wom:charging, wom:charged, wom:charged_attack, wom:holding_rmb, wom:timer_refresh] for wom:torment_passive
[138月2026 18:52:26.640] [main/INFO] [epicfight/]: Data keys [wom:timer, wom:active, wom:timer_refresh] for wom:true_berserk
[138月2026 18:52:26.640] [main/INFO] [epicfight/]: Data keys [wom:stack] for wom:herrscher_passive
[138月2026 18:52:26.640] [main/INFO] [epicfight/]: Data keys [wom:timer, wom:redemptioon, wom:verso, wom:buffed, wom:buffing, wom:strenght, wom:timer_refresh, wom:expiation] for wom:plunder_perdition
[138月2026 18:52:26.640] [main/INFO] [epicfight/]: Data keys [wom:sheath] for wom:satsujin_passive
[138月2026 18:52:26.640] [main/INFO] [epicfight/]: Data keys [wom:timer, wom:cooldown, wom:attacks, wom:active, wom:stack, wom:charging, wom:charge, wom:holding_rmb, wom:frequency, wom:timer_refresh, wom:damage, wom:saved_charge, wom:timedslash, wom:holding_stance, wom:second_draw] for wom:sakura_state
[138月2026 18:52:26.640] [main/INFO] [epicfight/]: Data keys [wom:cooldown, wom:combo, wom:zoom_cooldown, wom:nofalldamage, wom:shoot, wom:reload_cooldown, wom:using_item, wom:zoom, wom:holding_rmb] for wom:ender_blast
[138月2026 18:52:26.640] [main/INFO] [epicfight/]: Data keys [wom:cooldown, wom:combo, wom:zoom_cooldown, wom:nofalldamage, wom:shoot, wom:reload_cooldown, wom:side, wom:using_item, wom:zoom, wom:holding_rmb] for wom:ender_fusion
[138月2026 18:52:26.640] [main/INFO] [epicfight/]: Data keys [wom:cooldown, wom:combo, wom:gesetz_sprengkopf, wom:parrying, wom:charging_time, wom:guard_point_result, wom:guard_point, wom:charged, wom:holding_stance, wom:holding_rmb] for wom:regierung
[138月2026 18:52:26.640] [main/INFO] [epicfight/]: Data keys [wom:timer, wom:echo, wom:lunar_eclipse_stack, wom:timer_refresh, wom:crescent] for wom:lunar_eclipse
[138月2026 18:52:26.640] [main/INFO] [epicfight/]: Data keys [wom:verso, wom:idle] for wom:lunar_echo_passive
[138月2026 18:52:26.641] [main/INFO] [epicfight/]: Data keys [wom:witheraftereffect, wom:zoom_cooldown, wom:darkness_target_reaped, wom:darkness_target, wom:darkness_target_vec, wom:zoom, wom:blackhole_vec, wom:blackhole_active, wom:ascending, wom:shoot_cooldown, wom:shoot, wom:timer, wom:witherccatharsis, wom:active, wom:serius_focus_cooldown, wom:serius_focus, wom:darkness_portal_angle, wom:holding_rmb, wom:timer_refresh, wom:blackhole, wom:darkness_portal_vec, wom:blackhole_timer, wom:darkness_target_hited, wom:darkness_activate_portal, wom:darkness_portal_timer] for wom:demonic_ascension
[138月2026 18:52:26.641] [main/INFO] [epicfight/]: Data keys [wom:catharsis, wom:blink, wom:basic_attack, wom:particle, wom:lapse, wom:idle, wom:withercurse] for wom:demon_mark_passive
[138月2026 18:52:26.642] [main/INFO] [epicfight/]: Data keys [wom:timer, wom:heat_level, wom:particle, wom:charging, wom:timed_attack, wom:cycle, wom:charge, wom:holding_rmb, wom:timer_refresh, wom:stored_heat_level, wom:solar_obscuridad, wom:solar_infernio, wom:heating_speed, wom:solar_crematorio, wom:solar_obscuridad_ta_timer] for wom:solar_arcano
[138月2026 18:52:26.642] [main/INFO] [epicfight/]: Data keys [wom:timer, wom:heat_level, wom:particle, wom:charging, wom:timed_attack, wom:cycle, wom:charge, wom:timer_refresh, wom:stored_heat_level, wom:solar_obscuridad, wom:solar_infernio, wom:heating_speed, wom:solar_crematorio, wom:solar_obscuridad_ta_timer] for wom:solar_passive
[138月2026 18:52:26.642] [main/INFO] [epicfight/]: Data keys [wom:serius_focus_cooldown, wom:serius_focus] for wom:rechargement
[138月2026 18:52:26.642] [main/INFO] [epicfight/]: Data keys [wom:shell_delay, wom:active, wom:bullet_overloaded, wom:cycle, wom:super_reload, wom:charged, wom:bullet_loaded_old, wom:charge, wom:bullet_loaded, wom:shell_anim, wom:shell_number] for wom:napoleon_passive
[138月2026 18:52:26.642] [main/INFO] [epicfight/]: Data keys [efn:scythe_sheath, efn:scythe_blood_power] for efn:scythe_skill
[138月2026 18:52:26.642] [main/INFO] [epicfight/]: Data keys [efn:thornwheel_loop, efn:thornwheel_loop_available, efn:press_innate] for efn:thornwheel
[138月2026 18:52:26.642] [main/INFO] [epicfight/]: Data keys [efn:jump_key_pressed_last_tick, efn:jump_count, efn:murasama_forward_dodge] for efn:murasama_dodge
[138月2026 18:52:26.642] [main/INFO] [epicfight/]: Data keys [efn:puncture_increment, efn:max_puncture_chance, efn:current_puncture_chance, efn:base_puncture_chance] for efn:parry_master
[138月2026 18:52:26.643] [main/INFO] [epicfight/]: Data keys [efn:defense_start_tick, efn:buff_active, efn:buff_end_tick] for efn:precise_parry
[138月2026 18:52:26.643] [main/INFO] [epicfight/]: Data keys [efn:cooldown_1, efn:cooldown, efn:cooldown_2] for efn:judgementcutend
[138月2026 18:52:26.643] [main/INFO] [epicfight/]: Data keys [efn:cooldown_1, efn:cooldown, efn:cooldown_2] for efn:stomp
[138月2026 18:52:26.643] [main/INFO] [epicfight/]: Data keys [efn:murasama_pair_flag, efn:arts_key, efn:murasama_zandatsu_end_time, efn:murasama_zansetsu_active, efn:murasama_zansetsu_timer, efn:murasama_zansetsu_end_time, efn:murasama_zandatsu_available, efn:murasama_key_right_down, efn:murasama_zansetsu_input_mode, efn:murasama_input_mode_switch_pressed, efn:murasama_last_triggered_sector, efn:murasama_left_mouse_pressed, efn:murasama_zansetsu_sector, efn:murasama_zandatsu_start_time, efn:arts_key_pressed, efn:murasama_zansetsu_slash_release, efn:murasama_key_left_down, efn:murasama_opposite_triggered, efn:murasama_zansetsu_attack_counter, efn:murasama_zansetsu_start_time] for efn:zansetsu
[138月2026 18:52:26.643] [main/INFO] [epicfight/]: Data keys [efn:cooldown_1, efn:cooldown, efn:cooldown_2] for efn:execution
[138月2026 18:52:26.644] [main/INFO] [epicfight/]: Data keys [efn:efn_first_shake, efn:efn_parry_motion_counter, efn:efn_shake_detected, efn:efn_last_active, epicfight:penalty_restore_counter, efn:efn_last_parry_time, efn:efn_delay_protection_end, efn:efn_last_guard_start_tick, efn:efn_last_successful_defense_tick, efn:efn_starting_parry, efn:efn_shake_penalty_count, epicfight:penalty] for efn:efn_parry
[138月2026 18:52:26.644] [main/INFO] [epicfight/]: Data keys [efn:efn_first_shake, efn:efn_parry_motion_counter, efn:efn_shake_detected, efn:efn_last_active, epicfight:penalty_restore_counter, efn:efn_last_parry_time, efn:efn_delay_protection_end, efn:efn_last_guard_start_tick, efn:efn_last_successful_defense_tick, efn:efn_starting_parry, efn:efn_shake_penalty_count, epicfight:penalty] for efn:murasama_parry
[138月2026 18:52:26.644] [main/INFO] [epicfight/]: Data keys [efn:arts_key, efn:arts_input_buffer, efn:sekiro_art_index, efn:arts_key_pressed, efn:cooldown_1, efn:cooldown, efn:cooldown_2] for efn:mortal_blade
[138月2026 18:52:26.644] [main/INFO] [epicfight/]: Data keys [efn:have_doppelganger, invincible:up, efn:pressing_key1, invincible:left, efn:angel_key, invincible:right, efn:charge_stage, efn:press_innate, efn:is_pressing, efn:charge_ticks, efn:arts_key_pressed, efn:charge_message, efn:pressing_key3, efn:doppelganger_style, efn:key2_press_timer, efn:pressing_key2, efn:cooldown, efn:was_long_pressed, efn:sneak_key, efn:press_key4, efn:key3_press_timer, efn:doppelganger_delay, efn:sprint_key, efn:up_key, invincible:down, efn:cooldown_2, efn:pressing_innate, efn:press_key1, efn:guard_key, efn:is_charging, efn:energy_check, efn:down_key, efn:doppelganger_tick, efn:full_charge_message, efn:charge_power, efn:cooldown_1, efn:combo_counter, efn:press_key2, efn:innate_press_timer, efn:pressing_key4, efn:key1_press_timer, invincible:cooldown, efn:arts_key, efn:press_doppelganger, efn:press_key3, efn:jump_key, efn:press_summon_sword, efn:demon_key, efn:key4_press_timer, efn:force_release, invincible:parry_timer, invincible:dodge_success_timer] for efn:yamato
[138月2026 18:52:26.644] [main/INFO] [epicfight/]: Data keys [efn:doppelganger_delay, efn:doppelganger_style, efn:have_doppelganger, efn:parry_cooldown, efn:stun_cooldown, efn:doppelganger_tick] for efn:yamato_passive
[138月2026 18:52:26.644] [main/INFO] [epicfight/]: Data keys [invincible:up, efn:pressing_key1, invincible:left, efn:angel_key, invincible:right, efn:is_replay_damage, efn:charge_stage, efn:press_innate, efn:is_pressing, efn:charge_ticks, efn:arts_key_pressed, efn:replay_enhanced, efn:charge_message, efn:pressing_key3, efn:key2_press_timer, efn:pressing_key2, efn:cooldown, efn:was_long_pressed, efn:sneak_key, efn:press_key4, efn:key3_press_timer, efn:sprint_key, efn:up_key, invincible:down, efn:cooldown_2, efn:pressing_innate, efn:press_key1, efn:guard_key, efn:is_charging, efn:energy_check, efn:down_key, efn:full_charge_message, efn:damage_history, efn:charge_power, efn:cooldown_1, efn:combo_counter, efn:press_key2, efn:innate_press_timer, efn:pressing_key4, efn:key1_press_timer, invincible:cooldown, efn:arts_key, efn:press_key3, efn:jump_key, efn:press_summon_sword, efn:demon_key, efn:key4_press_timer, efn:force_release, invincible:parry_timer, invincible:dodge_success_timer] for efn:shortsword
[138月2026 18:52:26.644] [main/INFO] [epicfight/]: Data keys [efn:press_key1, efn:guard_key, invincible:up, efn:pressing_key1, efn:is_charging, efn:energy_check, invincible:left, efn:angel_key, invincible:right, efn:down_key, efn:charge_stage, efn:press_innate, efn:full_charge_message, efn:is_pressing, efn:charge_ticks, efn:arts_key_pressed, efn:charge_power, efn:cooldown_1, efn:combo_counter, efn:press_key2, efn:innate_press_timer, efn:charge_message, efn:pressing_key3, efn:pressing_key4, efn:key1_press_timer, invincible:cooldown, efn:arts_key, efn:press_key3, efn:key2_press_timer, efn:pressing_key2, efn:cooldown, efn:was_long_pressed, efn:jump_key, efn:sneak_key, efn:press_key4, efn:press_summon_sword, efn:demon_key, efn:key3_press_timer, efn:key4_press_timer, efn:sprint_key, efn:up_key, efn:force_release, invincible:down, invincible:parry_timer, invincible:dodge_success_timer, efn:cooldown_2, efn:pressing_innate] for efn:ruinsgreatsword
[138月2026 18:52:26.644] [main/INFO] [epicfight/]: Data keys [efn:press_key1, efn:guard_key, invincible:up, efn:pressing_key1, efn:is_charging, efn:energy_check, invincible:left, efn:angel_key, invincible:right, efn:down_key, efn:charge_stage, efn:press_innate, efn:full_charge_message, efn:is_pressing, efn:charge_ticks, efn:arts_key_pressed, efn:charge_power, efn:cooldown_1, efn:combo_counter, efn:press_key2, efn:innate_press_timer, efn:charge_message, efn:pressing_key3, efn:pressing_key4, efn:key1_press_timer, invincible:cooldown, efn:arts_key, efn:press_key3, efn:key2_press_timer, efn:pressing_key2, efn:cooldown, efn:was_long_pressed, efn:jump_key, efn:sneak_key, efn:press_key4, efn:press_summon_sword, efn:demon_key, efn:key3_press_timer, efn:key4_press_timer, efn:sprint_key, efn:up_key, efn:force_release, invincible:down, invincible:parry_timer, invincible:dodge_success_timer, efn:cooldown_2, efn:pressing_innate] for efn:pioneer
[138月2026 18:52:26.645] [main/INFO] [epicfight/]: Data keys [invincible:up, efn:manual_unsheath, efn:pressing_key1, invincible:left, efn:murasama_zansetsu_active, efn:angel_key, invincible:right, efn:murasama_zansetsu_input_mode, efn:charge_stage, efn:press_innate, efn:is_pressing, efn:charge_ticks, efn:arts_key_pressed, efn:murasama_key_left_down, efn:charge_message, efn:pressing_key3, efn:murasama_zansetsu_attack_counter, efn:murasama_zandatsu_end_time, efn:key2_press_timer, efn:murasama_zansetsu_timer, efn:pressing_key2, efn:murasama_zandatsu_available, efn:cooldown, efn:murasama_air_borne, efn:was_long_pressed, efn:sneak_key, efn:press_key4, efn:key3_press_timer, efn:murasama_left_mouse_pressed, efn:murasama_zansetsu_sector, efn:sprint_key, efn:up_key, invincible:down, efn:cooldown_2, efn:pressing_innate, efn:murasama_forward_dodge, efn:murasama_pair_flag, efn:press_key1, efn:guard_key, efn:is_charging, efn:energy_check, efn:down_key, efn:murasama_key_right_down, efn:full_charge_message, efn:murasama_zandatsu_start_time, efn:murasama_sheath_timer, efn:murasama_zansetsu_slash_release, efn:charge_power, efn:cooldown_1, efn:combo_counter, efn:press_key2, efn:innate_press_timer, efn:pressing_key4, efn:key1_press_timer, invincible:cooldown, efn:arts_key, efn:press_key3, efn:murasama_sheath, efn:murasama_zansetsu_end_time, efn:jump_key, efn:murasama_input_mode_switch_pressed, efn:press_summon_sword, efn:murasama_last_triggered_sector, efn:demon_key, efn:key4_press_timer, efn:force_release, invincible:parry_timer, invincible:dodge_success_timer, efn:sprint_sheath_timer, efn:murasama_opposite_triggered, efn:murasama_zansetsu_start_time] for efn:murasama
[138月2026 18:52:26.645] [main/INFO] [epicfight/]: Data keys [efn:murasama_pair_flag, efn:forward_backward_success, efn:forward_backward_timer, efn:manual_unsheath, efn:jump_key_pressed_last_tick, efn:murasama_zansetsu_active, efn:forward_pressed_last_tick, efn:is_double_tap_sprint, efn:murasama_key_right_down, efn:murasama_zansetsu_input_mode, efn:murasama_zandatsu_start_time, efn:up_key_pressed_last_tick, efn:forward_backward_end_tick, efn:murasama_sheath_timer, efn:murasama_zansetsu_slash_release, efn:murasama_key_left_down, efn:murasama_zansetsu_attack_counter, efn:jump_count, efn:was_double_tap_sprint, efn:backward_pressed_last_tick, efn:forward_backward_remaining_ticks, efn:murasama_zandatsu_end_time, efn:murasama_sheath, efn:forward_backward_window_active, efn:murasama_zansetsu_timer, efn:murasama_zansetsu_end_time, efn:murasama_zandatsu_available, efn:murasama_input_mode_switch_pressed, efn:murasama_last_triggered_sector, efn:murasama_left_mouse_pressed, efn:murasama_zansetsu_sector, efn:double_tap_timer, efn:sprint_sheath_timer, efn:murasama_opposite_triggered, efn:murasama_zansetsu_start_time, efn:murasama_forward_dodge] for efn:murasama_passive
[138月2026 18:52:26.645] [main/INFO] [epicfight/]: Data keys [efn:press_key1, efn:guard_key, invincible:up, efn:pressing_key1, efn:is_charging, efn:energy_check, invincible:left, efn:angel_key, invincible:right, efn:down_key, efn:charge_stage, efn:press_innate, efn:full_charge_message, efn:is_pressing, efn:charge_ticks, efn:arts_key_pressed, efn:charge_power, efn:cooldown_1, efn:combo_counter, efn:press_key2, efn:innate_press_timer, efn:charge_message, efn:pressing_key3, efn:pressing_key4, efn:key1_press_timer, invincible:cooldown, efn:arts_key, efn:press_key3, efn:key2_press_timer, efn:pressing_key2, efn:cooldown, efn:was_long_pressed, efn:jump_key, efn:sneak_key, efn:press_key4, efn:press_summon_sword, efn:demon_key, efn:key3_press_timer, efn:key4_press_timer, efn:sprint_key, efn:up_key, efn:force_release, invincible:down, invincible:parry_timer, invincible:dodge_success_timer, efn:cooldown_2, efn:pressing_innate] for efn:meenlance
[138月2026 18:52:26.645] [main/INFO] [epicfight/]: Data keys [efn:press_key1, efn:guard_key, invincible:up, efn:pressing_key1, efn:is_charging, efn:energy_check, invincible:left, efn:angel_key, invincible:right, efn:down_key, efn:charge_stage, efn:press_innate, efn:full_charge_message, efn:is_pressing, efn:charge_ticks, efn:arts_key_pressed, efn:charge_power, efn:cooldown_1, efn:combo_counter, efn:press_key2, efn:innate_press_timer, efn:charge_message, efn:pressing_key3, efn:pressing_key4, efn:key1_press_timer, invincible:cooldown, efn:arts_key, efn:press_key3, efn:key2_press_timer, efn:pressing_key2, efn:cooldown, efn:was_long_pressed, efn:jump_key, efn:sneak_key, efn:press_key4, efn:press_summon_sword, efn:demon_key, efn:key3_press_timer, efn:key4_press_timer, efn:sprint_key, efn:up_key, efn:force_release, invincible:down, invincible:parry_timer, invincible:dodge_success_timer, efn:cooldown_2, efn:pressing_innate] for efn:kusabimaru
[138月2026 18:52:26.645] [main/INFO] [epicfight/]: Data keys [invincible:up, efn:manual_unsheath, efn:pressing_key1, invincible:left, efn:murasama_zansetsu_active, efn:angel_key, invincible:right, efn:murasama_zansetsu_input_mode, efn:charge_stage, efn:press_innate, efn:is_pressing, efn:charge_ticks, efn:arts_key_pressed, efn:murasama_key_left_down, efn:charge_message, efn:pressing_key3, efn:murasama_zansetsu_attack_counter, efn:murasama_zandatsu_end_time, efn:key2_press_timer, efn:murasama_zansetsu_timer, efn:pressing_key2, efn:murasama_zandatsu_available, efn:cooldown, efn:murasama_air_borne, efn:was_long_pressed, efn:sneak_key, efn:press_key4, efn:key3_press_timer, efn:murasama_left_mouse_pressed, efn:murasama_zansetsu_sector, efn:sprint_key, efn:up_key, invincible:down, efn:cooldown_2, efn:pressing_innate, efn:murasama_forward_dodge, efn:murasama_pair_flag, efn:press_key1, efn:guard_key, efn:is_charging, efn:energy_check, efn:down_key, efn:murasama_key_right_down, efn:full_charge_message, efn:murasama_zandatsu_start_time, efn:murasama_sheath_timer, efn:murasama_zansetsu_slash_release, efn:charge_power, efn:cooldown_1, efn:combo_counter, efn:press_key2, efn:innate_press_timer, efn:pressing_key4, efn:key1_press_timer, invincible:cooldown, efn:arts_key, efn:press_key3, efn:murasama_sheath, efn:murasama_zansetsu_end_time, efn:jump_key, efn:murasama_input_mode_switch_pressed, efn:press_summon_sword, efn:murasama_last_triggered_sector, efn:demon_key, efn:key4_press_timer, efn:force_release, invincible:parry_timer, invincible:dodge_success_timer, efn:sprint_sheath_timer, efn:murasama_opposite_triggered, efn:murasama_zansetsu_start_time] for efn:hf_blade
[138月2026 18:52:26.645] [main/INFO] [epicfight/]: Data keys [efn:murasama_pair_flag, efn:forward_backward_success, efn:forward_backward_timer, efn:manual_unsheath, efn:jump_key_pressed_last_tick, efn:murasama_zansetsu_active, efn:forward_pressed_last_tick, efn:is_double_tap_sprint, efn:murasama_key_right_down, efn:murasama_zansetsu_input_mode, efn:murasama_zandatsu_start_time, efn:up_key_pressed_last_tick, efn:forward_backward_end_tick, efn:murasama_sheath_timer, efn:murasama_zansetsu_slash_release, efn:murasama_key_left_down, efn:murasama_zansetsu_attack_counter, efn:jump_count, efn:was_double_tap_sprint, efn:backward_pressed_last_tick, efn:forward_backward_remaining_ticks, efn:murasama_zandatsu_end_time, efn:murasama_sheath, efn:forward_backward_window_active, efn:murasama_zansetsu_timer, efn:murasama_zansetsu_end_time, efn:murasama_zandatsu_available, efn:murasama_input_mode_switch_pressed, efn:murasama_last_triggered_sector, efn:murasama_left_mouse_pressed, efn:murasama_zansetsu_sector, efn:double_tap_timer, efn:sprint_sheath_timer, efn:murasama_opposite_triggered, efn:murasama_zansetsu_start_time, efn:murasama_forward_dodge] for efn:hf_blade_passive
[138月2026 18:52:26.645] [main/INFO] [epicfight/]: Data keys [efn:press_key1, efn:guard_key, invincible:up, efn:pressing_key1, efn:is_charging, efn:energy_check, invincible:left, efn:angel_key, invincible:right, efn:down_key, efn:charge_stage, efn:press_innate, efn:full_charge_message, efn:is_pressing, efn:charge_ticks, efn:arts_key_pressed, efn:charge_power, efn:cooldown_1, efn:combo_counter, efn:press_key2, efn:innate_press_timer, efn:charge_message, efn:pressing_key3, efn:pressing_key4, efn:key1_press_timer, invincible:cooldown, efn:arts_key, efn:press_key3, efn:key2_press_timer, efn:pressing_key2, efn:cooldown, efn:was_long_pressed, efn:jump_key, efn:sneak_key, efn:press_key4, efn:press_summon_sword, efn:demon_key, efn:key3_press_timer, efn:key4_press_timer, efn:sprint_key, efn:up_key, efn:force_release, invincible:down, invincible:parry_timer, invincible:dodge_success_timer, efn:cooldown_2, efn:pressing_innate] for efn:exsiliumgladius
[138月2026 18:52:26.645] [main/INFO] [epicfight/]: Data keys [invincible:down, invincible:parry_timer, invincible:up, invincible:dodge_success_timer, invincible:left, invincible:right, invincible:cooldown] for efn:examplecombo
[138月2026 18:52:26.646] [main/INFO] [epicfight/]: Data keys [efn:press_key1, efn:guard_key, invincible:up, efn:pressing_key1, efn:is_charging, efn:energy_check, invincible:left, efn:angel_key, invincible:right, efn:down_key, efn:charge_stage, efn:press_innate, efn:full_charge_message, efn:is_pressing, efn:charge_ticks, efn:arts_key_pressed, efn:charge_power, efn:cooldown_1, efn:combo_counter, efn:press_key2, efn:innate_press_timer, efn:charge_message, efn:pressing_key3, efn:pressing_key4, efn:key1_press_timer, invincible:cooldown, efn:arts_key, efn:press_key3, efn:key2_press_timer, efn:pressing_key2, efn:cooldown, efn:was_long_pressed, efn:jump_key, efn:sneak_key, efn:press_key4, efn:press_summon_sword, efn:demon_key, efn:key3_press_timer, efn:key4_press_timer, efn:sprint_key, efn:up_key, efn:force_release, invincible:down, invincible:parry_timer, invincible:dodge_success_timer, efn:cooldown_2, efn:pressing_innate] for efn:crescentmoon
[138月2026 18:52:26.646] [main/INFO] [epicfight/]: Data keys [efn:press_key1, efn:guard_key, invincible:up, efn:pressing_key1, efn:is_charging, efn:energy_check, invincible:left, efn:angel_key, invincible:right, efn:down_key, efn:charge_stage, efn:press_innate, efn:full_charge_message, efn:is_pressing, efn:charge_ticks, efn:arts_key_pressed, efn:charge_power, efn:cooldown_1, efn:combo_counter, efn:press_key2, efn:innate_press_timer, efn:charge_message, efn:pressing_key3, efn:pressing_key4, efn:key1_press_timer, invincible:cooldown, efn:arts_key, efn:press_key3, efn:key2_press_timer, efn:pressing_key2, efn:cooldown, efn:was_long_pressed, efn:jump_key, efn:sneak_key, efn:press_key4, efn:press_summon_sword, efn:demon_key, efn:key3_press_timer, efn:key4_press_timer, efn:sprint_key, efn:up_key, efn:force_release, invincible:down, invincible:parry_timer, invincible:dodge_success_timer, efn:cooldown_2, efn:pressing_innate] for efn:broadblade
[138月2026 18:52:26.646] [main/INFO] [epicfight/]: Data keys [efn:press_key1, efn:guard_key, invincible:up, efn:pressing_key1, efn:is_charging, efn:energy_check, invincible:left, efn:angel_key, invincible:right, efn:down_key, efn:charge_stage, efn:press_innate, efn:full_charge_message, efn:is_pressing, efn:charge_ticks, efn:arts_key_pressed, efn:charge_power, efn:cooldown_1, efn:combo_counter, efn:press_key2, efn:innate_press_timer, efn:charge_message, efn:pressing_key3, efn:pressing_key4, efn:key1_press_timer, invincible:cooldown, efn:arts_key, efn:press_key3, efn:key2_press_timer, efn:pressing_key2, efn:cooldown, efn:was_long_pressed, efn:jump_key, efn:sneak_key, efn:press_key4, efn:press_summon_sword, efn:demon_key, efn:key3_press_timer, efn:key4_press_timer, efn:sprint_key, efn:up_key, efn:force_release, invincible:down, invincible:parry_timer, invincible:dodge_success_timer, efn:cooldown_2, efn:pressing_innate] for efn:bloodlust
[138月2026 18:52:26.646] [main/INFO] [epicfight/]: Data keys [efn:press_key1, efn:guard_key, invincible:up, efn:pressing_key1, efn:is_charging, efn:energy_check, invincible:left, efn:angel_key, invincible:right, efn:down_key, efn:charge_stage, efn:press_innate, efn:full_charge_message, efn:is_pressing, efn:charge_ticks, efn:arts_key_pressed, efn:charge_power, efn:cooldown_1, efn:combo_counter, efn:press_key2, efn:innate_press_timer, efn:charge_message, efn:pressing_key3, efn:pressing_key4, efn:key1_press_timer, invincible:cooldown, efn:arts_key, efn:press_key3, efn:key2_press_timer, efn:pressing_key2, efn:cooldown, efn:was_long_pressed, efn:jump_key, efn:sneak_key, efn:press_key4, efn:press_summon_sword, efn:demon_key, efn:key3_press_timer, efn:key4_press_timer, efn:sprint_key, efn:up_key, efn:force_release, invincible:down, invincible:parry_timer, invincible:dodge_success_timer, efn:cooldown_2, efn:pressing_innate] for efn:beastclaw
[138月2026 18:52:26.646] [main/INFO] [epicfight/]: Data keys [efn:press_key1, efn:guard_key, invincible:up, efn:pressing_key1, efn:is_charging, efn:energy_check, invincible:left, efn:angel_key, invincible:right, efn:down_key, efn:charge_stage, efn:press_innate, efn:full_charge_message, efn:is_pressing, efn:charge_ticks, efn:arts_key_pressed, efn:charge_power, efn:cooldown_1, efn:combo_counter, efn:press_key2, efn:innate_press_timer, efn:charge_message, efn:pressing_key3, efn:pressing_key4, efn:key1_press_timer, invincible:cooldown, efn:arts_key, efn:press_key3, efn:key2_press_timer, efn:pressing_key2, efn:cooldown, efn:was_long_pressed, efn:jump_key, efn:sneak_key, efn:press_key4, efn:press_summon_sword, efn:demon_key, efn:key3_press_timer, efn:key4_press_timer, efn:sprint_key, efn:up_key, efn:force_release, invincible:down, invincible:parry_timer, invincible:dodge_success_timer, efn:cooldown_2, efn:pressing_innate] for efn:aetherialdusk
[138月2026 18:52:26.646] [main/INFO] [epicfight/]: Data keys [annoyingvillagers:is_trident_ranged_mode, annoyingvillagers:trident_amount] for annoyingvillagers:trident_festival
[138月2026 18:52:26.721] [main/WARN] [net.minecraft.server.packs.VanillaPackResourcesBuilder/]: Assets URL 'union:/E:/program/JAVA/touhou%20little%20maid%20-%20unknow%20sky%20area/prod_server/libraries/net/minecraft/server/1.20.1-20230612.114412/server-1.20.1-20230612.114412-srg.jar%23129!/assets/.mcassetsroot' uses unexpected schema
[138月2026 18:52:26.721] [main/WARN] [net.minecraft.server.packs.VanillaPackResourcesBuilder/]: Assets URL 'union:/E:/program/JAVA/touhou%20little%20maid%20-%20unknow%20sky%20area/prod_server/libraries/net/minecraft/server/1.20.1-20230612.114412/server-1.20.1-20230612.114412-srg.jar%23129!/data/.mcassetsroot' uses unexpected schema
[138月2026 18:52:26.854] [main/DEBUG] [net.minecraftforge.server.ServerLifecycleHooks/CORE]: Generating PackInfo named mod:invincible for mod file E:\program\JAVA\touhou little maid - unknow sky area\prod_server\mods\[无坚不摧] epic-fight-invincible-lib-20.14.8.2-mc1.20.1-forge.jar
[138月2026 18:52:26.855] [main/DEBUG] [net.minecraftforge.server.ServerLifecycleHooks/CORE]: Generating PackInfo named mod:mixinsquared for mod file 
[138月2026 18:52:26.855] [main/DEBUG] [net.minecraftforge.server.ServerLifecycleHooks/CORE]: Generating PackInfo named mod:geckolib for mod file 
[138月2026 18:52:26.855] [main/DEBUG] [net.minecraftforge.server.ServerLifecycleHooks/CORE]: Generating PackInfo named mod:combat_evolution for mod file E:\program\JAVA\touhou little maid - unknow sky area\prod_server\mods\CombatEvolution-2.1.10.jar
[138月2026 18:52:26.857] [main/DEBUG] [net.minecraftforge.server.ServerLifecycleHooks/CORE]: Generating PackInfo named mod:touhou_little_maid for mod file E:\program\JAVA\touhou little maid - unknow sky area\prod_server\mods\[车万女仆] touhoulittlemaid-1.5.3-forge+mc1.20.1.jar
[138月2026 18:52:26.857] [main/DEBUG] [net.minecraftforge.server.ServerLifecycleHooks/CORE]: Generating PackInfo named mod:simplebedrockmodel for mod file 
[138月2026 18:52:26.857] [main/DEBUG] [net.minecraftforge.server.ServerLifecycleHooks/CORE]: Generating PackInfo named mod:epicfight for mod file E:\program\JAVA\touhou little maid - unknow sky area\prod_server\mods\[史诗战斗] epic-fight-20.14.17-mc1.20.1-forge.jar
[138月2026 18:52:26.857] [main/DEBUG] [net.minecraftforge.server.ServerLifecycleHooks/CORE]: Generating PackInfo named mod:wom for mod file E:\program\JAVA\touhou little maid - unknow sky area\prod_server\mods\[奇迹武器] WeaponsOfMiracles-2.0.164-mc1.20.1-forge.jar
[138月2026 18:52:26.858] [main/DEBUG] [net.minecraftforge.server.ServerLifecycleHooks/CORE]: Generating PackInfo named mod:epic_fight_avalon for mod file E:\program\JAVA\touhou little maid - unknow sky area\prod_server\mods\epic_fight_avalon-20.12.6.4.jar
[138月2026 18:52:26.858] [main/DEBUG] [net.minecraftforge.server.ServerLifecycleHooks/CORE]: Generating PackInfo named mod:player_mobs for mod file E:\program\JAVA\touhou little maid - unknow sky area\prod_server\mods\PlayerMobs-1.20.1-4.1.0.37.jar
[138月2026 18:52:26.858] [main/DEBUG] [net.minecraftforge.server.ServerLifecycleHooks/CORE]: Generating PackInfo named mod:mixinextras for mod file 
[138月2026 18:52:26.858] [main/DEBUG] [net.minecraftforge.server.ServerLifecycleHooks/CORE]: Generating PackInfo named mod:vix for mod file 
[138月2026 18:52:26.859] [main/DEBUG] [net.minecraftforge.server.ServerLifecycleHooks/CORE]: Generating PackInfo named mod:architectury for mod file E:\program\JAVA\touhou little maid - unknow sky area\prod_server\mods\architectury-9.2.14-forge.jar
[138月2026 18:52:26.859] [main/DEBUG] [net.minecraftforge.server.ServerLifecycleHooks/CORE]: Generating PackInfo named mod:efn for mod file E:\program\JAVA\touhou little maid - unknow sky area\prod_server\mods\[史诗战斗：夜幕] EpicFight Nightfall-3.4.0.jar
[138月2026 18:52:26.859] [main/DEBUG] [net.minecraftforge.server.ServerLifecycleHooks/CORE]: Generating PackInfo named mod:annoyingvillagers for mod file E:\program\JAVA\touhou little maid - unknow sky area\prod_server\mods\[烦人的村民] AnnoyingVillagers-1.20.1-1.4.7.jar
[138月2026 18:52:26.859] [main/DEBUG] [net.minecraftforge.server.ServerLifecycleHooks/CORE]: Generating PackInfo named mod:efclash_blade for mod file E:\program\JAVA\touhou little maid - unknow sky area\prod_server\mods\[史诗战斗：冲击之刃] Epicfight-ClashBlade-1.20.1-2.1.jar
[138月2026 18:52:26.859] [main/DEBUG] [net.minecraftforge.server.ServerLifecycleHooks/CORE]: Generating PackInfo named mod:ywzj_vehicle for mod file E:\program\JAVA\touhou little maid - unknow sky area\prod_server\mods\ywzj_vehicle-1.20.1-0.5.8.jar
[138月2026 18:52:26.861] [main/DEBUG] [net.minecraftforge.server.ServerLifecycleHooks/CORE]: Generating PackInfo named mod:ef_tlm for mod file E:\program\JAVA\touhou little maid - unknow sky area\prod_server\mods\[史诗战斗：车万女仆] [史诗战斗：车万女仆]EpicFight_TouhouLittleMaid-1.20.1-1.3.2-all.jar
[138月2026 18:52:26.861] [main/DEBUG] [net.minecraftforge.server.ServerLifecycleHooks/CORE]: Generating PackInfo named mod:ysm_geo_compat for mod file 
[138月2026 18:52:26.861] [main/DEBUG] [net.minecraftforge.server.ServerLifecycleHooks/CORE]: Generating PackInfo named mod:forge for mod file E:\program\JAVA\touhou little maid - unknow sky area\prod_server\libraries\net\minecraftforge\forge\1.20.1-47.4.13\forge-1.20.1-47.4.13-universal.jar
[138月2026 18:52:26.861] [main/DEBUG] [net.minecraftforge.server.ServerLifecycleHooks/CORE]: Generating PackInfo named mod:eftlm_stylish for mod file E:\program\JAVA\touhou little maid - unknow sky area\prod_server\mods\eftlm_stylish-1.0.0.jar
[138月2026 18:52:27.694] [main/DEBUG] [mixin/]: Mixing MixinLootDataManager from architectury.mixins.json into net.minecraft.world.level.storage.loot.LootDataManager
[138月2026 18:52:27.900] [main/DEBUG] [net.minecraftforge.coremod.transformer.CoreModBaseTransformer/COREMOD]: Transforming net/minecraft/server/commands/SummonCommand
[138月2026 18:52:28.305] [Worker-Main-12/ERROR] [simplebedrockmodel/]: Not found model file: ywzj_vehicle:models/bedrock/entity/grenade_40mm.json
[138月2026 18:52:28.306] [Worker-Main-12/ERROR] [simplebedrockmodel/]: Not found model file: ywzj_vehicle:models/bedrock/entity/aerial_bomb.json
[138月2026 18:52:28.307] [Worker-Main-12/ERROR] [simplebedrockmodel/]: Not found model file: ywzj_vehicle:models/bedrock/block/machine_max_block.json
[138月2026 18:52:28.309] [Worker-Main-12/ERROR] [simplebedrockmodel/]: Not found model file: ywzj_vehicle:models/bedrock/entity/missile_akd10.json
[138月2026 18:52:28.309] [Worker-Main-12/ERROR] [simplebedrockmodel/]: Not found model file: ywzj_vehicle:models/bedrock/entity/basic_bullet.json
[138月2026 18:52:28.310] [Worker-Main-12/ERROR] [simplebedrockmodel/]: Not found model file: ywzj_vehicle:models/bedrock/entity/rocket_57mm.json
[138月2026 18:52:28.605] [Worker-Main-1/DEBUG] [net.minecraftforge.coremod.transformer.CoreModBaseTransformer/COREMOD]: Transforming net/minecraft/world/entity/raid/Raid
[138月2026 18:52:28.663] [Worker-Main-1/DEBUG] [mixin/]: Mixing FishingHookPredicateMixin from touhou_little_maid.mixins.json into net.minecraft.advancements.critereon.FishingHookPredicate
[138月2026 18:52:29.185] [Worker-Main-1/ERROR] [net.minecraftforge.common.ForgeHooks/]: Couldn't parse element loot_tables:touhou_little_maid:grant_book_on_first_join
com.google.gson.JsonSyntaxException: Expected name to be an item, was unknown string 'patchouli:guide_book'
	at net.minecraft.util.GsonHelper.m_13866_(GsonHelper.java:145) ~[server-1.20.1-20230612.114412-srg.jar%23129!/:?]
	at java.util.Optional.orElseThrow(Optional.java:403) ~[?:?]
	at net.minecraft.util.GsonHelper.m_13874_(GsonHelper.java:145) ~[server-1.20.1-20230612.114412-srg.jar%23129!/:?]
	at net.minecraft.util.GsonHelper.m_13909_(GsonHelper.java:153) ~[server-1.20.1-20230612.114412-srg.jar%23129!/:?]
	at net.minecraft.world.level.storage.loot.entries.LootItem$Serializer.m_7267_(LootItem.java:55) ~[server-1.20.1-20230612.114412-srg.jar%23129!/:?]
	at net.minecraft.world.level.storage.loot.entries.LootItem$Serializer.m_7267_(LootItem.java:40) ~[server-1.20.1-20230612.114412-srg.jar%23129!/:?]
	at net.minecraft.world.level.storage.loot.entries.LootPoolSingletonContainer$Serializer.m_5921_(LootPoolSingletonContainer.java:151) ~[server-1.20.1-20230612.114412-srg.jar%23129!/:?]
	at net.minecraft.world.level.storage.loot.entries.LootPoolSingletonContainer$Serializer.m_5921_(LootPoolSingletonContainer.java:129) ~[server-1.20.1-20230612.114412-srg.jar%23129!/:?]
	at net.minecraft.world.level.storage.loot.entries.LootPoolEntryContainer$Serializer.m_7561_(LootPoolEntryContainer.java:86) ~[server-1.20.1-20230612.114412-srg.jar%23129!/:?]
	at net.minecraft.world.level.storage.loot.entries.LootPoolEntryContainer$Serializer.m_7561_(LootPoolEntryContainer.java:74) ~[server-1.20.1-20230612.114412-srg.jar%23129!/:?]
	at net.minecraft.world.level.storage.loot.GsonAdapterFactory$JsonAdapter.deserialize(GsonAdapterFactory.java:102) ~[server-1.20.1-20230612.114412-srg.jar%23129!/:?]
	at com.google.gson.internal.bind.TreeTypeAdapter.read(TreeTypeAdapter.java:76) ~[gson-2.10.jar%2372!/:?]
	at com.google.gson.internal.bind.TypeAdapterRuntimeTypeWrapper.read(TypeAdapterRuntimeTypeWrapper.java:40) ~[gson-2.10.jar%2372!/:?]
	at com.google.gson.internal.bind.ArrayTypeAdapter.read(ArrayTypeAdapter.java:72) ~[gson-2.10.jar%2372!/:?]
	at com.google.gson.Gson.fromJson(Gson.java:1214) ~[gson-2.10.jar%2372!/:?]
	at com.google.gson.Gson.fromJson(Gson.java:1319) ~[gson-2.10.jar%2372!/:?]
	at com.google.gson.Gson.fromJson(Gson.java:1290) ~[gson-2.10.jar%2372!/:?]
	at com.google.gson.internal.bind.TreeTypeAdapter$GsonContextImpl.deserialize(TreeTypeAdapter.java:179) ~[gson-2.10.jar%2372!/:?]
	at net.minecraft.util.GsonHelper.m_13808_(GsonHelper.java:463) ~[server-1.20.1-20230612.114412-srg.jar%23129!/:?]
	at net.minecraft.util.GsonHelper.m_13836_(GsonHelper.java:471) ~[server-1.20.1-20230612.114412-srg.jar%23129!/:?]
	at net.minecraft.world.level.storage.loot.LootPool$Serializer.deserialize(LootPool.java:192) ~[server-1.20.1-20230612.114412-srg.jar%23129!/:?]
	at net.minecraft.world.level.storage.loot.LootPool$Serializer.deserialize(LootPool.java:189) ~[server-1.20.1-20230612.114412-srg.jar%23129!/:?]
	at com.google.gson.internal.bind.TreeTypeAdapter.read(TreeTypeAdapter.java:76) ~[gson-2.10.jar%2372!/:?]
	at com.google.gson.internal.bind.TypeAdapterRuntimeTypeWrapper.read(TypeAdapterRuntimeTypeWrapper.java:40) ~[gson-2.10.jar%2372!/:?]
	at com.google.gson.internal.bind.ArrayTypeAdapter.read(ArrayTypeAdapter.java:72) ~[gson-2.10.jar%2372!/:?]
	at com.google.gson.Gson.fromJson(Gson.java:1214) ~[gson-2.10.jar%2372!/:?]
	at com.google.gson.Gson.fromJson(Gson.java:1319) ~[gson-2.10.jar%2372!/:?]
	at com.google.gson.Gson.fromJson(Gson.java:1290) ~[gson-2.10.jar%2372!/:?]
	at com.google.gson.internal.bind.TreeTypeAdapter$GsonContextImpl.deserialize(TreeTypeAdapter.java:179) ~[gson-2.10.jar%2372!/:?]
	at net.minecraft.util.GsonHelper.m_13808_(GsonHelper.java:463) ~[server-1.20.1-20230612.114412-srg.jar%23129!/:?]
	at net.minecraft.util.GsonHelper.m_13845_(GsonHelper.java:481) ~[server-1.20.1-20230612.114412-srg.jar%23129!/:?]
	at net.minecraft.world.level.storage.loot.LootTable$Serializer.deserialize(LootTable.java:294) ~[server-1.20.1-20230612.114412-srg.jar%23129!/:?]
	at net.minecraft.world.level.storage.loot.LootTable$Serializer.deserialize(LootTable.java:291) ~[server-1.20.1-20230612.114412-srg.jar%23129!/:?]
	at com.google.gson.internal.bind.TreeTypeAdapter.read(TreeTypeAdapter.java:76) ~[gson-2.10.jar%2372!/:?]
	at com.google.gson.Gson.fromJson(Gson.java:1214) ~[gson-2.10.jar%2372!/:?]
	at com.google.gson.Gson.fromJson(Gson.java:1319) ~[gson-2.10.jar%2372!/:?]
	at com.google.gson.Gson.fromJson(Gson.java:1261) ~[gson-2.10.jar%2372!/:?]
	at net.minecraftforge.common.ForgeHooks.loadLootTable(ForgeHooks.java:872) ~[forge-1.20.1-47.4.13-universal.jar%23134!/:?]
	at net.minecraftforge.common.ForgeHooks.lambda$getLootTableDeserializer$3(ForgeHooks.java:849) ~[forge-1.20.1-47.4.13-universal.jar%23134!/:?]
	at net.minecraft.world.level.storage.loot.LootDataType.deserialize(LootDataType.java:45) ~[server-1.20.1-20230612.114412-srg.jar%23129!/:?]
	at net.minecraft.world.level.storage.loot.LootDataManager.lambda$scheduleElementParse$4(LootDataManager.java:56) ~[server-1.20.1-20230612.114412-srg.jar%23129!/:?]
	at java.util.HashMap.forEach(HashMap.java:1421) ~[?:?]
	at net.minecraft.world.level.storage.loot.LootDataManager.m_278660_(LootDataManager.java:55) ~[server-1.20.1-20230612.114412-srg.jar%23129!/:?]
	at java.util.concurrent.CompletableFuture$AsyncRun.run(CompletableFuture.java:1804) ~[?:?]
	at java.util.concurrent.CompletableFuture$AsyncRun.exec(CompletableFuture.java:1796) ~[?:?]
	at java.util.concurrent.ForkJoinTask.doExec(ForkJoinTask.java:373) ~[?:?]
	at java.util.concurrent.ForkJoinPool$WorkQueue.topLevelExec(ForkJoinPool.java:1182) ~[?:?]
	at java.util.concurrent.ForkJoinPool.scan(ForkJoinPool.java:1655) ~[?:?]
	at java.util.concurrent.ForkJoinPool.runWorker(ForkJoinPool.java:1622) ~[?:?]
	at java.util.concurrent.ForkJoinWorkerThread.run(ForkJoinWorkerThread.java:165) ~[?:?]
[138月2026 18:52:29.495] [main/INFO] [net.minecraft.world.item.crafting.RecipeManager/]: Skipping loading recipe touhou_little_maid:memorizable_gensokyo as it's serializer returned null
[138月2026 18:52:29.525] [main/INFO] [net.minecraft.world.item.crafting.RecipeManager/]: Loaded 9 recipes
[138月2026 18:52:29.657] [main/INFO] [net.minecraft.advancements.AdvancementList/]: Loaded 1353 advancements
[138月2026 18:52:44.448] [main/WARN] [epicfight/]: Skill efn:example doesn't exist in the registry.
[138月2026 18:52:44.533] [main/WARN] [epicfight/]: Item Capability Exception: No item named annoyingvillagers:air
[138月2026 18:52:44.604] [main/WARN] [epicfight/]: Can't find a particle type epicfight:entity.hit.blunt in invincible:custom_combo_demo
[138月2026 18:52:44.619] [main/WARN] [epicfight/]: Item Capability Exception: No item named efn:scythe
[138月2026 18:52:44.637] [main/WARN] [epicfight/]: Item Capability Exception: No item named annoyingvillagers:diamond_durandal
[138月2026 18:52:45.895] [main/DEBUG] [net.minecraftforge.common.ForgeHooks/WP]: Gathering id map for writing to world save maid_pilot_world
[138月2026 18:52:45.963] [main/DEBUG] [net.minecraftforge.common.ForgeHooks/WP]: ID Map collection complete maid_pilot_world
[138月2026 18:52:46.076] [Server thread/INFO] [net.minecraft.server.dedicated.DedicatedServer/]: Starting minecraft server version 1.20.1
[138月2026 18:52:46.077] [Server thread/INFO] [net.minecraft.server.dedicated.DedicatedServer/]: Loading properties
[138月2026 18:52:46.077] [Server thread/INFO] [net.minecraft.server.dedicated.DedicatedServer/]: Default game type: SURVIVAL
[138月2026 18:52:46.077] [Server thread/INFO] [net.minecraft.server.MinecraftServer/]: Generating keypair
[138月2026 18:52:46.174] [Server thread/INFO] [net.minecraft.server.dedicated.DedicatedServer/]: Starting Minecraft server on *:25565
[138月2026 18:52:46.177] [Server thread/DEBUG] [net.minecraftforge.network.DualStackUtils/]: Detected IPv6 address: "0:0:0:0:0:0:0:0"
[138月2026 18:52:46.210] [Server thread/INFO] [net.minecraft.server.network.ServerConnectionListener/]: Using default channel type
[138月2026 18:52:46.235] [Server thread/DEBUG] [io.netty.channel.MultithreadEventLoopGroup/]: -Dio.netty.eventLoopThreads: 32
[138月2026 18:52:46.261] [Server thread/DEBUG] [io.netty.util.internal.InternalThreadLocalMap/]: -Dio.netty.threadLocalMap.stringBuilder.initialSize: 1024
[138月2026 18:52:46.262] [Server thread/DEBUG] [io.netty.util.internal.InternalThreadLocalMap/]: -Dio.netty.threadLocalMap.stringBuilder.maxSize: 4096
[138月2026 18:52:46.273] [Server thread/DEBUG] [io.netty.channel.nio.NioEventLoop/]: -Dio.netty.noKeySetOptimization: false
[138月2026 18:52:46.273] [Server thread/DEBUG] [io.netty.channel.nio.NioEventLoop/]: -Dio.netty.selectorAutoRebuildThreshold: 512
[138月2026 18:52:46.287] [Server thread/DEBUG] [io.netty.util.internal.PlatformDependent/]: org.jctools-core.MpscChunkedArrayQueue: available
[138月2026 18:52:46.553] [Server thread/DEBUG] [io.netty.channel.DefaultChannelId/]: -Dio.netty.processId: 31940 (auto-detected)
[138月2026 18:52:46.556] [Server thread/DEBUG] [io.netty.util.NetUtil/]: -Djava.net.preferIPv4Stack: false
[138月2026 18:52:46.556] [Server thread/DEBUG] [io.netty.util.NetUtil/]: -Djava.net.preferIPv6Addresses: true
[138月2026 18:52:46.584] [Server thread/DEBUG] [io.netty.util.NetUtilInitializations/]: Loopback interface: lo (Software Loopback Interface 1, 127.0.0.1)
[138月2026 18:52:46.585] [Server thread/DEBUG] [io.netty.util.NetUtil/]: Failed to get SOMAXCONN from sysctl and file \proc\sys\net\core\somaxconn. Default: 200
[138月2026 18:52:46.706] [Server thread/DEBUG] [io.netty.channel.DefaultChannelId/]: -Dio.netty.machineId: 00:00:00:00:00:00:00:e0 (auto-detected)
[138月2026 18:52:46.767] [Server thread/DEBUG] [io.netty.buffer.PooledByteBufAllocator/]: -Dio.netty.allocator.numHeapArenas: 32
[138月2026 18:52:46.767] [Server thread/DEBUG] [io.netty.buffer.PooledByteBufAllocator/]: -Dio.netty.allocator.numDirectArenas: 32
[138月2026 18:52:46.767] [Server thread/DEBUG] [io.netty.buffer.PooledByteBufAllocator/]: -Dio.netty.allocator.pageSize: 8192
[138月2026 18:52:46.767] [Server thread/DEBUG] [io.netty.buffer.PooledByteBufAllocator/]: -Dio.netty.allocator.maxOrder: 9
[138月2026 18:52:46.767] [Server thread/DEBUG] [io.netty.buffer.PooledByteBufAllocator/]: -Dio.netty.allocator.chunkSize: 4194304
[138月2026 18:52:46.767] [Server thread/DEBUG] [io.netty.buffer.PooledByteBufAllocator/]: -Dio.netty.allocator.smallCacheSize: 256
[138月2026 18:52:46.767] [Server thread/DEBUG] [io.netty.buffer.PooledByteBufAllocator/]: -Dio.netty.allocator.normalCacheSize: 64
[138月2026 18:52:46.767] [Server thread/DEBUG] [io.netty.buffer.PooledByteBufAllocator/]: -Dio.netty.allocator.maxCachedBufferCapacity: 32768
[138月2026 18:52:46.767] [Server thread/DEBUG] [io.netty.buffer.PooledByteBufAllocator/]: -Dio.netty.allocator.cacheTrimInterval: 8192
[138月2026 18:52:46.767] [Server thread/DEBUG] [io.netty.buffer.PooledByteBufAllocator/]: -Dio.netty.allocator.cacheTrimIntervalMillis: 0
[138月2026 18:52:46.767] [Server thread/DEBUG] [io.netty.buffer.PooledByteBufAllocator/]: -Dio.netty.allocator.useCacheForAllThreads: false
[138月2026 18:52:46.767] [Server thread/DEBUG] [io.netty.buffer.PooledByteBufAllocator/]: -Dio.netty.allocator.maxCachedByteBuffersPerChunk: 1023
[138月2026 18:52:46.789] [Server thread/DEBUG] [io.netty.buffer.ByteBufUtil/]: -Dio.netty.allocator.type: pooled
[138月2026 18:52:46.789] [Server thread/DEBUG] [io.netty.buffer.ByteBufUtil/]: -Dio.netty.threadLocalDirectBufferSize: 0
[138月2026 18:52:46.791] [Server thread/DEBUG] [io.netty.buffer.ByteBufUtil/]: -Dio.netty.maxThreadLocalCharBufferSize: 16384
[138月2026 18:52:46.850] [Server thread/DEBUG] [net.minecraftforge.fml.config.ConfigTracker/CONFIG]: Loading configs type SERVER
[138月2026 18:52:46.850] [Server thread/DEBUG] [net.minecraftforge.fml.config.ConfigFileTypeHandler/CONFIG]: Built TOML config for .\maid_pilot_world\serverconfig\epicfight-server.toml
[138月2026 18:52:46.851] [Server thread/DEBUG] [net.minecraftforge.fml.config.ConfigFileTypeHandler/CONFIG]: Loaded TOML config file .\maid_pilot_world\serverconfig\epicfight-server.toml
[138月2026 18:52:46.855] [Server thread/DEBUG] [net.minecraftforge.fml.config.ConfigFileTypeHandler/CONFIG]: Watching TOML config file .\maid_pilot_world\serverconfig\epicfight-server.toml for changes
[138月2026 18:52:46.857] [Server thread/DEBUG] [net.minecraftforge.fml.config.ConfigFileTypeHandler/CONFIG]: Built TOML config for .\maid_pilot_world\serverconfig\ywzj_vehicle-server.toml
[138月2026 18:52:46.858] [Server thread/DEBUG] [net.minecraftforge.fml.config.ConfigFileTypeHandler/CONFIG]: Loaded TOML config file .\maid_pilot_world\serverconfig\ywzj_vehicle-server.toml
[138月2026 18:52:46.859] [Server thread/DEBUG] [net.minecraftforge.fml.config.ConfigFileTypeHandler/CONFIG]: Watching TOML config file .\maid_pilot_world\serverconfig\ywzj_vehicle-server.toml for changes
[138月2026 18:52:46.862] [Server thread/DEBUG] [net.minecraftforge.fml.config.ConfigFileTypeHandler/CONFIG]: Built TOML config for .\maid_pilot_world\serverconfig\forge-server.toml
[138月2026 18:52:46.863] [Server thread/DEBUG] [net.minecraftforge.fml.config.ConfigFileTypeHandler/CONFIG]: Loaded TOML config file .\maid_pilot_world\serverconfig\forge-server.toml
[138月2026 18:52:46.864] [Server thread/DEBUG] [net.minecraftforge.fml.config.ConfigFileTypeHandler/CONFIG]: Watching TOML config file .\maid_pilot_world\serverconfig\forge-server.toml for changes
[138月2026 18:52:46.865] [Server thread/DEBUG] [net.minecraftforge.common.ForgeConfig/FORGEMOD]: Loaded forge config file forge-server.toml
[138月2026 18:52:46.868] [Server thread/DEBUG] [net.minecraftforge.fml.config.ConfigFileTypeHandler/CONFIG]: Built TOML config for .\maid_pilot_world\serverconfig\touhou_little_maid-server.toml
[138月2026 18:52:46.869] [Server thread/DEBUG] [net.minecraftforge.fml.config.ConfigFileTypeHandler/CONFIG]: Loaded TOML config file .\maid_pilot_world\serverconfig\touhou_little_maid-server.toml
[138月2026 18:52:46.869] [Server thread/DEBUG] [net.minecraftforge.fml.config.ConfigFileTypeHandler/CONFIG]: Watching TOML config file .\maid_pilot_world\serverconfig\touhou_little_maid-server.toml for changes
[138月2026 18:52:46.967] [Server thread/INFO] [net.minecraft.server.dedicated.DedicatedServer/]: Preparing level "maid_pilot_world"
[138月2026 18:52:46.979] [Server thread/DEBUG] [net.minecraftforge.coremod.transformer.CoreModBaseTransformer/COREMOD]: Transforming net/minecraft/world/level/levelgen/PhantomSpawner
[138月2026 18:52:46.988] [Server thread/DEBUG] [net.minecraftforge.coremod.transformer.CoreModBaseTransformer/COREMOD]: Transforming net/minecraft/world/level/levelgen/PatrolSpawner
[138月2026 18:52:46.994] [Server thread/DEBUG] [net.minecraftforge.coremod.transformer.CoreModBaseTransformer/COREMOD]: Transforming net/minecraft/world/entity/npc/CatSpawner
[138月2026 18:52:47.000] [Server thread/DEBUG] [net.minecraftforge.coremod.transformer.CoreModBaseTransformer/COREMOD]: Transforming net/minecraft/world/entity/ai/village/VillageSiege
[138月2026 18:52:47.093] [Server thread/DEBUG] [mixin/]: Mixing PersistentEntitySectionManagerMixin from touhou_little_maid.mixins.json into net.minecraft.world.level.entity.PersistentEntitySectionManager
[138月2026 18:52:47.094] [Server thread/DEBUG] [mixin/]: Renaming synthetic method lambda$companionTick$0(J)V to mdbc8035$lambda$companionTick$0$0 in touhou_little_maid.mixins.json:PersistentEntitySectionManagerMixin
[138月2026 18:52:47.404] [Server thread/INFO] [net.minecraft.server.MinecraftServer/]: Preparing start region for dimension minecraft:overworld
[138月2026 18:52:48.521] [Server thread/DEBUG] [mixin/]: Mixing MixinChunkSerializer from architectury.mixins.json into net.minecraft.world.level.chunk.storage.ChunkSerializer
[138月2026 18:52:50.335] [Worker-Main-7/INFO] [net.minecraft.server.level.progress.LoggerChunkProgressListener/]: Preparing spawn area: 0%
[138月2026 18:52:50.336] [Worker-Main-7/INFO] [net.minecraft.server.level.progress.LoggerChunkProgressListener/]: Preparing spawn area: 0%
[138月2026 18:52:50.337] [Worker-Main-8/INFO] [net.minecraft.server.level.progress.LoggerChunkProgressListener/]: Preparing spawn area: 0%
[138月2026 18:52:50.338] [Worker-Main-7/INFO] [net.minecraft.server.level.progress.LoggerChunkProgressListener/]: Preparing spawn area: 0%
[138月2026 18:52:50.338] [Worker-Main-7/INFO] [net.minecraft.server.level.progress.LoggerChunkProgressListener/]: Preparing spawn area: 0%
[138月2026 18:52:50.339] [Worker-Main-7/INFO] [net.minecraft.server.level.progress.LoggerChunkProgressListener/]: Preparing spawn area: 0%
[138月2026 18:52:50.405] [Worker-Main-12/INFO] [net.minecraft.server.level.progress.LoggerChunkProgressListener/]: Preparing spawn area: 0%
[138月2026 18:52:50.863] [Server thread/INFO] [eftlm_stylish/]: [DIAG] WOM behaviors registered: 19 items, 2 style-mapped items
[138月2026 18:52:50.900] [Server thread/INFO] [eftlm_stylish/]: [DIAG] EFN behaviors registered: 51 items
[138月2026 18:52:50.900] [Server thread/INFO] [eftlm_stylish/]: [DIAG] CombatBehaviorsEvent registered: 8 weapon categories + WOM behaviors (wom=true)
[138月2026 18:52:50.905] [Worker-Main-11/INFO] [net.minecraft.server.level.progress.LoggerChunkProgressListener/]: Preparing spawn area: 4%
[138月2026 18:52:50.912] [Server thread/DEBUG] [mixin/]: Mixing AnimationPlayerMixin from invincible.mixins.json into yesman.epicfight.api.animation.AnimationPlayer
[138月2026 18:52:50.913] [Server thread/DEBUG] [mixin/]: Renaming synthetic method lambda$invincible$injectTick$0(Lyesman/epicfight/world/capabilities/entitypatch/LivingEntityPatch;Lyesman/epicfight/world/capabilities/entitypatch/player/PlayerPatch;Lcom/p1nero/invincible/capability/InvinciblePlayer;)V to mdbc8035$lambda$invincible$injectTick$0$0 in invincible.mixins.json:AnimationPlayerMixin
[138月2026 18:52:50.919] [Server thread/DEBUG] [mixin/]: Mixing AnimationPlayerMixin from combat_evolution.mixins.json into yesman.epicfight.api.animation.AnimationPlayer
[138月2026 18:52:50.921] [Server thread/DEBUG] [mixin/]: Mixing AnimationPlayerMixin from efn.mixins.json into yesman.epicfight.api.animation.AnimationPlayer
[138月2026 18:52:51.109] [Server thread/DEBUG] [mixin/]: Mixing NodeEvaluatorBurningCacher from touhou_little_maid.mixins.json into net.minecraft.world.level.pathfinder.WalkNodeEvaluator
[138月2026 18:52:51.186] [Server thread/DEBUG] [mixin/]: Mixing ItemCooldownsMixin from annoyingvillagers.mixins.json into net.minecraft.world.item.ItemCooldowns
[138月2026 18:52:51.217] [Server thread/DEBUG] [io.netty.buffer.AbstractByteBuf/]: -Dio.netty.buffer.checkAccessible: true
[138月2026 18:52:51.218] [Server thread/DEBUG] [io.netty.buffer.AbstractByteBuf/]: -Dio.netty.buffer.checkBounds: true
[138月2026 18:52:51.220] [Server thread/DEBUG] [io.netty.util.ResourceLeakDetectorFactory/]: Loaded default ResourceLeakDetector: io.netty.util.ResourceLeakDetector@46a74762
[138月2026 18:52:51.337] [Server thread/INFO] [eftlm_stylish/]: [DIAG] WOM behaviors registered: 19 items, 2 style-mapped items
[138月2026 18:52:51.338] [Server thread/INFO] [eftlm_stylish/]: [DIAG] EFN behaviors registered: 51 items
[138月2026 18:52:51.338] [Server thread/INFO] [eftlm_stylish/]: [DIAG] CombatBehaviorsEvent registered: 8 weapon categories + WOM behaviors (wom=true)
[138月2026 18:52:51.404] [Worker-Main-5/INFO] [net.minecraft.server.level.progress.LoggerChunkProgressListener/]: Preparing spawn area: 64%
[138月2026 18:52:51.791] [Server thread/INFO] [net.minecraft.server.level.progress.LoggerChunkProgressListener/]: Time elapsed: 4388 ms
[138月2026 18:52:51.791] [Server thread/INFO] [net.minecraft.server.dedicated.DedicatedServer/]: Done (4.942s)! For help, type "help"
[138月2026 18:52:51.792] [Server thread/INFO] [net.minecraft.server.dedicated.DedicatedServer/]: Starting remote control listener
[138月2026 18:52:51.797] [Server thread/INFO] [net.minecraft.server.rcon.thread.GenericThread/]: Thread RCON Listener started
[138月2026 18:52:51.798] [Server thread/INFO] [net.minecraft.server.rcon.thread.RconThread/]: RCON running on 0.0.0.0:25575
[138月2026 18:52:51.814] [Server thread/DEBUG] [net.minecraftforge.network.DualStackUtils/]: Detected IPv6 address: "0:0:0:0:0:0:0:0"
[138月2026 18:52:51.843] [Server thread/DEBUG] [net.minecraftforge.common.ForgeI18n/CORE]: Loading I18N data entries: 3977
[138月2026 18:52:51.852] [Server thread/INFO] [net.minecraftforge.server.permission.PermissionAPI/]: Successfully initialized permission handler forge:default_handler
[138月2026 18:52:51.856] [Server thread/INFO] [eftlm_stylish/]: [SKILL] test mode OFF
[138月2026 18:52:51.860] [Server thread/INFO] [eftlm_stylish/]: [Arena] cleared 0 leftover maids, 0 leftover mobs
[138月2026 18:52:51.887] [Server thread/INFO] [eftlm_stylish/]: [Arena] platform built: 21x21 stone at y=-60, world border 21x21 (25ms)
[138月2026 18:52:51.887] [Server thread/INFO] [eftlm_stylish/]: [Arena] enabled: center=(8,-59,8) entities=annoyingvillagers:herobrine_warden,annoyingvillagers:armored_herobrine,annoyingvillagers:glaive_herobrine,annoyingvillagers:herobrine_7,annoyingvillagers:swordsman_herobrine,annoyingvillagers:sledgehammer_herobrine,annoyingvillagers:null count=1 interval=400
[138月2026 18:52:51.973] [Server thread/DEBUG] [net.minecraftforge.coremod.transformer.CoreModBaseTransformer/COREMOD]: Transforming net/minecraft/world/level/NaturalSpawner
[138月2026 18:52:52.045] [Server thread/INFO] [eftlm_stylish/]: [DIAG] Maid join world: name=model.touhou_little_maid.hakurei_reimu.name patch=MaidPatch
[138月2026 18:52:52.053] [Server thread/INFO] [eftlm_stylish/]: [DIAG] Maid join world: name=model.touhou_little_maid.hakurei_reimu.name patch=MaidPatch
[138月2026 18:52:52.118] [Server thread/INFO] [eftlm_stylish/]: [RL] config loaded: enable_all_maids=true epsilon=0.08 arbitration=hybrid model_file=rl_model.bin
[138月2026 18:52:52.126] [Server thread/INFO] [eftlm_stylish/]: [RL] model loaded: sizes=[18, 64, 64, 27] dims=18->27
[138月2026 18:52:52.149] [Server thread/ERROR] [net.minecraftforge.eventbus.EventBus/EVENTBUS]: Exception caught during firing event: Operand stack overflow
Exception Details:
  Location:
    com/hm/efn/util/EffekUnits.VFXENABLE()Z @0: iconst_0
  Reason:
    Exceeded max stack size.
  Current Frame:
    bci: @0
    flags: { }
    locals: { }
    stack: { }
  Bytecode:
    0000000: 03ac                                   

	Index: 14
	Listeners:
		0: HIGHEST
		1: ASM: class com.hm.efn.mobeffects.BattleContinuationEffect onEffectExpired(Lnet/minecraftforge/event/entity/living/MobEffectEvent$Expired;)V
		2: ASM: class com.hm.efn.mobeffects.InvincibilityEffect onPotionEffect(Lnet/minecraftforge/event/entity/living/LivingEvent;)V
		3: NORMAL
		4: ASM: class yesman.epicfight.events.EntityEvents effectExpiryEvent(Lnet/minecraftforge/event/entity/living/MobEffectEvent$Expired;)V
		5: ASM: class com.hm.efn.mobeffects.Yamato onEffectExpired(Lnet/minecraftforge/event/entity/living/MobEffectEvent$Expired;)V
		6: ASM: class com.hm.efn.mobeffects.VulnerabilityEffect onEffectExpired(Lnet/minecraftforge/event/entity/living/MobEffectEvent$Expired;)V
		7: ASM: class com.hm.efn.mobeffects.StaminaEnhance onEffectExpired(Lnet/minecraftforge/event/entity/living/MobEffectEvent$Expired;)V
		8: ASM: class com.hm.efn.mobeffects.MeenLance onEffectExpired(Lnet/minecraftforge/event/entity/living/MobEffectEvent$Expired;)V
		9: ASM: class com.hm.efn.mobeffects.KnockBackResistanceEffect onEffectExpired(Lnet/minecraftforge/event/entity/living/MobEffectEvent$Expired;)V
		10: ASM: class com.hm.efn.mobeffects.InvincibilityEffect onEffectExpired(Lnet/minecraftforge/event/entity/living/MobEffectEvent$Expired;)V
		11: ASM: class com.hm.efn.mobeffects.GradualHeal$EffectEvents onEffectExpired(Lnet/minecraftforge/event/entity/living/MobEffectEvent$Expired;)V
		12: ASM: class com.hm.efn.mobeffects.ClawEnhance onEffectExpired(Lnet/minecraftforge/event/entity/living/MobEffectEvent$Expired;)V
		13: ASM: class com.hm.efn.mobeffects.BloodlustEnhance onEffectExpired(Lnet/minecraftforge/event/entity/living/MobEffectEvent$Expired;)V
		14: ASM: class com.hm.efn.client.events.AddTriggerEvent onEffectExpired(Lnet/minecraftforge/event/entity/living/MobEffectEvent$Expired;)V
java.lang.VerifyError: Operand stack overflow
Exception Details:
  Location:
    com/hm/efn/util/EffekUnits.VFXENABLE()Z @0: iconst_0
  Reason:
    Exceeded max stack size.
  Current Frame:
    bci: @0
    flags: { }
    locals: { }
    stack: { }
  Bytecode:
    0000000: 03ac                                   

	at TRANSFORMER/efn@3.4.0/com.hm.efn.client.events.AddTriggerEvent.onEffectExpired(AddTriggerEvent.java:88)
	at TRANSFORMER/efn@3.4.0/com.hm.efn.client.events.__AddTriggerEvent_onEffectExpired_Expired.invoke(.dynamic)
	at MC-BOOTSTRAP/net.minecraftforge.eventbus/net.minecraftforge.eventbus.ASMEventHandler.invoke(ASMEventHandler.java:73)
	at MC-BOOTSTRAP/net.minecraftforge.eventbus/net.minecraftforge.eventbus.EventBus.post(EventBus.java:315)
	at MC-BOOTSTRAP/net.minecraftforge.eventbus/net.minecraftforge.eventbus.EventBus.post(EventBus.java:296)
	at TRANSFORMER/minecraft@1.20.1/net.minecraft.world.entity.LivingEntity.m_21217_(LivingEntity.java:761)
	at TRANSFORMER/minecraft@1.20.1/net.minecraft.world.entity.LivingEntity.m_6075_(LivingEntity.java:432)
	at TRANSFORMER/minecraft@1.20.1/net.minecraft.world.entity.Mob.m_6075_(Mob.java:271)
	at TRANSFORMER/touhou_little_maid@1.5.3-forge+mc1.20.1/com.github.tartaricacid.touhoulittlemaid.entity.passive.EntityMaid.m_6075_(EntityMaid.java:564)
	at TRANSFORMER/minecraft@1.20.1/net.minecraft.world.entity.Entity.m_8119_(Entity.java:422)
	at TRANSFORMER/minecraft@1.20.1/net.minecraft.world.entity.LivingEntity.m_8119_(LivingEntity.java:2259)
	at TRANSFORMER/minecraft@1.20.1/net.minecraft.world.entity.Mob.m_8119_(Mob.java:337)
	at TRANSFORMER/touhou_little_maid@1.5.3-forge+mc1.20.1/com.github.tartaricacid.touhoulittlemaid.entity.passive.EntityMaid.m_8119_(EntityMaid.java:533)
	at TRANSFORMER/minecraft@1.20.1/net.minecraft.server.level.ServerLevel.m_8647_(ServerLevel.java:694)
	at TRANSFORMER/minecraft@1.20.1/net.minecraft.world.level.Level.m_46653_(Level.java:479)
	at TRANSFORMER/minecraft@1.20.1/net.minecraft.server.level.ServerLevel.m_184063_(ServerLevel.java:343)
	at TRANSFORMER/minecraft@1.20.1/net.minecraft.world.level.entity.EntityTickList.m_156910_(EntityTickList.java:54)
	at TRANSFORMER/minecraft@1.20.1/net.minecraft.server.level.ServerLevel.m_8793_(ServerLevel.java:323)
	at TRANSFORMER/minecraft@1.20.1/net.minecraft.server.MinecraftServer.m_5703_(MinecraftServer.java:893)
	at TRANSFORMER/minecraft@1.20.1/net.minecraft.server.dedicated.DedicatedServer.m_5703_(DedicatedServer.java:283)
	at TRANSFORMER/minecraft@1.20.1/net.minecraft.server.MinecraftServer.m_5705_(MinecraftServer.java:814)
	at TRANSFORMER/minecraft@1.20.1/net.minecraft.server.MinecraftServer.m_130011_(MinecraftServer.java:661)
	at TRANSFORMER/minecraft@1.20.1/net.minecraft.server.MinecraftServer.m_206580_(MinecraftServer.java:251)
	at java.base/java.lang.Thread.run(Thread.java:842)

[138月2026 18:52:52.271] [Server thread/DEBUG] [oshi.util.FileUtil/]: No oshi.architecture.properties file found from ClassLoader cpw.mods.modlauncher.TransformingClassLoader@64920dc2
[138月2026 18:52:52.272] [Server thread/DEBUG] [oshi.util.FileUtil/]: No oshi.architecture.properties file found from ClassLoader jdk.internal.loader.ClassLoaders$AppClassLoader@7291c18f
[138月2026 18:52:52.452] [Server thread/ERROR] [net.minecraft.server.MinecraftServer/]: Encountered an unexpected exception
net.minecraft.ReportedException: Ticking entity
	at net.minecraft.server.MinecraftServer.m_5703_(MinecraftServer.java:897) ~[server-1.20.1-20230612.114412-srg.jar%23129!/:?]
	at net.minecraft.server.dedicated.DedicatedServer.m_5703_(DedicatedServer.java:283) ~[server-1.20.1-20230612.114412-srg.jar%23129!/:?]
	at net.minecraft.server.MinecraftServer.m_5705_(MinecraftServer.java:814) ~[server-1.20.1-20230612.114412-srg.jar%23129!/:?]
	at net.minecraft.server.MinecraftServer.m_130011_(MinecraftServer.java:661) ~[server-1.20.1-20230612.114412-srg.jar%23129!/:?]
	at net.minecraft.server.MinecraftServer.m_206580_(MinecraftServer.java:251) ~[server-1.20.1-20230612.114412-srg.jar%23129!/:?]
	at java.lang.Thread.run(Thread.java:842) ~[?:?]
Caused by: java.lang.VerifyError: Operand stack overflow
Exception Details:
  Location:
    com/hm/efn/util/EffekUnits.VFXENABLE()Z @0: iconst_0
  Reason:
    Exceeded max stack size.
  Current Frame:
    bci: @0
    flags: { }
    locals: { }
    stack: { }
  Bytecode:
    0000000: 03ac                                   

	at com.hm.efn.client.events.AddTriggerEvent.onEffectExpired(AddTriggerEvent.java:88) ~[%5B史诗战斗：夜幕%5D%20EpicFight%20Nightfall-3.4.0.jar%23116!/:3.4.0]
	at com.hm.efn.client.events.__AddTriggerEvent_onEffectExpired_Expired.invoke(.dynamic) ~[%5B史诗战斗：夜幕%5D%20EpicFight%20Nightfall-3.4.0.jar%23116!/:3.4.0]
	at net.minecraftforge.eventbus.ASMEventHandler.invoke(ASMEventHandler.java:73) ~[eventbus-6.0.5.jar%2352!/:?]
	at net.minecraftforge.eventbus.EventBus.post(EventBus.java:315) ~[eventbus-6.0.5.jar%2352!/:?]
	at net.minecraftforge.eventbus.EventBus.post(EventBus.java:296) ~[eventbus-6.0.5.jar%2352!/:?]
	at net.minecraft.world.entity.LivingEntity.m_21217_(LivingEntity.java:761) ~[server-1.20.1-20230612.114412-srg.jar%23129!/:?]
	at net.minecraft.world.entity.LivingEntity.m_6075_(LivingEntity.java:432) ~[server-1.20.1-20230612.114412-srg.jar%23129!/:?]
	at net.minecraft.world.entity.Mob.m_6075_(Mob.java:271) ~[server-1.20.1-20230612.114412-srg.jar%23129!/:?]
	at com.github.tartaricacid.touhoulittlemaid.entity.passive.EntityMaid.m_6075_(EntityMaid.java:564) ~[%5B车万女仆%5D%20touhoulittlemaid-1.5.3-forge+mc1.20.1.jar%23121!/:1.5.3-forge+mc1.20.1]
	at net.minecraft.world.entity.Entity.m_8119_(Entity.java:422) ~[server-1.20.1-20230612.114412-srg.jar%23129!/:?]
	at net.minecraft.world.entity.LivingEntity.m_8119_(LivingEntity.java:2259) ~[server-1.20.1-20230612.114412-srg.jar%23129!/:?]
	at net.minecraft.world.entity.Mob.m_8119_(Mob.java:337) ~[server-1.20.1-20230612.114412-srg.jar%23129!/:?]
	at com.github.tartaricacid.touhoulittlemaid.entity.passive.EntityMaid.m_8119_(EntityMaid.java:533) ~[%5B车万女仆%5D%20touhoulittlemaid-1.5.3-forge+mc1.20.1.jar%23121!/:1.5.3-forge+mc1.20.1]
	at net.minecraft.server.level.ServerLevel.m_8647_(ServerLevel.java:694) ~[server-1.20.1-20230612.114412-srg.jar%23129!/:?]
	at net.minecraft.world.level.Level.m_46653_(Level.java:479) ~[server-1.20.1-20230612.114412-srg.jar%23129!/:?]
	at net.minecraft.server.level.ServerLevel.m_184063_(ServerLevel.java:343) ~[server-1.20.1-20230612.114412-srg.jar%23129!/:?]
	at net.minecraft.world.level.entity.EntityTickList.m_156910_(EntityTickList.java:54) ~[server-1.20.1-20230612.114412-srg.jar%23129!/:?]
	at net.minecraft.server.level.ServerLevel.m_8793_(ServerLevel.java:323) ~[server-1.20.1-20230612.114412-srg.jar%23129!/:?]
	at net.minecraft.server.MinecraftServer.m_5703_(MinecraftServer.java:893) ~[server-1.20.1-20230612.114412-srg.jar%23129!/:?]
	... 5 more
[138月2026 18:52:52.502] [Server thread/FATAL] [net.minecraftforge.common.ForgeMod/]: Preparing crash report with UUID 299cadb4-78db-4f29-a164-9321e45eaa03
[138月2026 18:52:52.503] [Server thread/ERROR] [net.minecraft.server.MinecraftServer/]: This crash report has been saved to: E:\program\JAVA\touhou little maid - unknow sky area\prod_server\.\crash-reports\crash-2026-08-13_18.52.52-server.txt
[138月2026 18:52:52.504] [Server thread/INFO] [net.minecraft.server.MinecraftServer/]: Stopping server
[138月2026 18:52:52.506] [Server thread/INFO] [net.minecraft.server.MinecraftServer/]: Saving players
[138月2026 18:52:52.506] [Server thread/INFO] [net.minecraft.server.MinecraftServer/]: Saving worlds
[138月2026 18:52:54.290] [Server thread/INFO] [net.minecraft.server.MinecraftServer/]: Saving chunks for level 'ServerLevel[maid_pilot_world]'/minecraft:overworld
